   3.0000e-01    3.0000e+00    0.0000e+00    2.5981e+00    1.5000e+00    1.7913e-03    9.0077e-04    1.8620e-03    4.7992e-04
   3.0000e-01    3.0000e+00    0.0000e+00    2.5160e+00    1.6339e+00    1.6940e-03   -8.9140e-04    1.7828e-03   -1.2773e-03
   3.0000e-01    3.0000e+00    0.0000e+00    2.4271e+00    1.7634e+00    2.5666e-04   -1.8170e-03    3.5376e-04   -2.2654e-03
   3.0000e-01    3.0000e+00    0.0000e+00    2.3314e+00    1.8880e+00   -1.2613e-03   -1.2357e-03   -1.1466e-03   -1.6318e-03
   3.0000e-01    3.0000e+00    0.0000e+00    2.2294e+00    2.0074e+00   -1.6858e-03    2.5140e-04   -1.5878e-03   -1.1619e-04
   3.0000e-01    3.0000e+00    0.0000e+00    2.1213e+00    2.1213e+00   -7.9867e-04    1.4433e-03   -6.9024e-04    1.1287e-03
   3.0000e-01    3.0000e+00    0.0000e+00    2.0074e+00    2.2294e+00    6.3001e-04    1.4707e-03    7.4145e-04    1.1425e-03
   3.0000e-01    3.0000e+00    0.0000e+00    1.8880e+00    2.3314e+00    1.4992e-03    4.1292e-04    1.5509e-03    7.0995e-05
   3.0000e-01    3.0000e+00    0.0000e+00    1.7634e+00    2.4271e+00    1.2379e-03   -8.7250e-04    1.3081e-03   -1.1134e-03
   3.0000e-01    3.0000e+00    0.0000e+00    1.6339e+00    2.5160e+00    1.2244e-04   -1.4723e-03    1.7029e-04   -1.7329e-03
   3.0000e-01    3.0000e+00    0.0000e+00    1.5000e+00    2.5981e+00   -1.0149e-03   -1.0260e-03   -9.6905e-04   -1.3035e-03
   3.0000e-01    3.0000e+00    0.0000e+00    1.3620e+00    2.6730e+00   -1.4096e-03    7.8720e-05   -1.4088e-03   -1.0805e-04
   3.0000e-01    3.0000e+00    0.0000e+00    1.2202e+00    2.7406e+00   -8.6808e-04    1.0765e-03   -8.4461e-04    8.9323e-04
   3.0000e-01    3.0000e+00    0.0000e+00    1.0751e+00    2.8007e+00    1.9048e-04    1.3427e-03    1.8259e-04    1.2019e-03
   3.0000e-01    3.0000e+00    0.0000e+00    9.2705e-01    2.8532e+00    1.0825e-03    7.7461e-04    1.0743e-03    6.1497e-04
   3.0000e-01    3.0000e+00    0.0000e+00    7.7646e-01    2.8978e+00    1.2893e-03   -2.2034e-04    1.2622e-03   -3.6899e-04
   3.0000e-01    3.0000e+00    0.0000e+00    6.2374e-01    2.9344e+00    7.5756e-04   -1.0399e-03    6.1732e-04   -1.1370e-03
   3.0000e-01    3.0000e+00    0.0000e+00    4.6930e-01    2.9631e+00   -1.6658e-04   -1.2554e-03   -2.5871e-04   -1.2839e-03
   3.0000e-01    3.0000e+00    0.0000e+00    3.1359e-01    2.9836e+00   -9.5654e-04   -8.0100e-04   -1.0025e-03   -8.7992e-04
   3.0000e-01    3.0000e+00    0.0000e+00    1.5701e-01    2.9959e+00   -1.2297e-03    3.3121e-05   -1.2733e-03    -2.2874e-05
   3.0000e-01    3.0000e+00    0.0000e+00    0.0000e+00    3.0000e+00   -8.9633e-04    8.1823e-04   -9.7248e-04    7.9943e-04
   3.0000e-01    3.0000e+00    0.0000e+00   -1.5701e-01    2.9959e+00   -1.7874e-04    1.1850e-03   -2.4924e-04    1.2137e-03
   3.0000e-01    3.0000e+00    0.0000e+00   -3.1359e-01    2.9836e+00    5.8602e-04    1.0288e-03    5.3241e-04    1.0520e-03
   3.0000e-01    3.0000e+00    0.0000e+00   -4.6930e-01    2.9631e+00    1.0790e-03    4.5350e-04    1.0260e-03    4.8978e-04
   3.0000e-01    3.0000e+00    0.0000e+00   -6.2374e-01    2.9344e+00    1.1258e-03   -2.6989e-04    1.0315e-03   -2.6491e-04
   3.0000e-01    3.0000e+00    0.0000e+00   -7.7646e-01    2.8978e+00    7.5908e-04   -8.5828e-04    6.6974e-04   -8.0631e-04
   3.0000e-01    3.0000e+00    0.0000e+00   -9.2705e-01    2.8532e+00    1.5644e-04   -1.1239e-03    7.3376e-05   -1.0051e-03
   3.0000e-01    3.0000e+00    0.0000e+00   -1.0751e+00    2.8007e+00   -4.7323e-04   -1.0199e-03   -5.7632e-04   -1.0048e-03
   3.0000e-01    3.0000e+00    0.0000e+00   -1.2202e+00    2.7406e+00   -9.2712e-04   -6.1857e-04   -9.8077e-04   -5.1216e-04
   3.0000e-01    3.0000e+00    0.0000e+00   -1.3620e+00    2.6730e+00   -1.1034e-03   -6.3558e-05   -1.1685e-03    3.5093e-05
   3.0000e-01    3.0000e+00    0.0000e+00   -1.5000e+00    2.5981e+00   -9.9048e-04    4.7103e-04   -1.0294e-03    5.5262e-04
   3.0000e-01    3.0000e+00    0.0000e+00   -1.6339e+00    2.5160e+00   -6.5633e-04    8.6867e-04   -7.9239e-04    9.5195e-04
   3.0000e-01    3.0000e+00    0.0000e+00   -1.7634e+00    2.4271e+00   -1.9768e-04    1.0630e-03   -2.5992e-04    1.1362e-03
   3.0000e-01    3.0000e+00    0.0000e+00   -1.8880e+00    2.3314e+00    2.7247e-04    1.0390e-03    1.7761e-04    1.1907e-03
   3.0000e-01    3.0000e+00    0.0000e+00   -2.0074e+00    2.2294e+00    6.5832e-04    8.4073e-04    5.4901e-04    1.0335e-03
   3.0000e-01    3.0000e+00    0.0000e+00   -2.1213e+00    2.1213e+00    9.2174e-04    5.2726e-04    8.4016e-04    8.0152e-04
   3.0000e-01    3.0000e+00    0.0000e+00   -2.2294e+00    2.0074e+00    1.0445e-03    1.5764e-04    9.6637e-04    3.6998e-04
   3.0000e-01    3.0000e+00    0.0000e+00   -2.3314e+00    1.8880e+00    1.0309e-03   -2.0482e-04    9.1981e-04    3.6901e-05
   3.0000e-01    3.0000e+00    0.0000e+00   -2.4271e+00    1.7634e+00    9.1390e-04   -5.0977e-04    8.5804e-04   -2.2089e-04
   3.0000e-01    3.0000e+00    0.0000e+00   -2.5160e+00    1.6339e+00    7.2687e-04   -7.4705e-04    6.4718e-04   -3.7422e-04
   3.0000e-01    3.0000e+00    0.0000e+00   -2.5981e+00    1.5000e+00    4.9869e-04   -9.1080e-04    4.1290e-04   -5.2894e-04
   3.0000e-01    3.0000e+00    0.0000e+00   -2.6730e+00    1.3620e+00    2.6298e-04   -1.0010e-03    1.5929e-04   -6.0110e-04
   3.0000e-01    3.0000e+00    0.0000e+00   -2.7406e+00    1.2202e+00    4.2211e-05   -1.0311e-03    8.4729e-08   -5.3826e-04
   3.0000e-01    3.0000e+00    0.0000e+00   -2.8007e+00    1.0751e+00   -1.5492e-04   -1.0176e-03   -1.1553e-04   -4.9529e-04
   3.0000e-01    3.0000e+00    0.0000e+00   -2.8532e+00    9.2705e-01   -3.2103e-04   -9.7542e-04   -2.8545e-04   -4.0444e-04
   3.0000e-01    3.0000e+00    0.0000e+00   -2.8978e+00    7.7646e-01   -4.5735e-04   -9.1719e-04   -3.6399e-04   -2.8233e-04
   3.0000e-01    3.0000e+00    0.0000e+00   -2.9344e+00    6.2374e-01   -5.5748e-04   -8.5822e-04   -4.6183e-04   -2.4715e-04
   3.0000e-01    3.0000e+00    0.0000e+00   -2.9631e+00    4.6930e-01   -6.3216e-04   -8.0316e-04   -4.8548e-04   -1.1163e-04
   3.0000e-01    3.0000e+00    0.0000e+00   -2.9836e+00    3.1359e-01   -6.7957e-04   -7.6235e-04   -4.9520e-04   -5.2106e-05
   3.0000e-01    3.0000e+00    0.0000e+00   -2.9959e+00    1.5701e-01   -7.0919e-04   -7.3424e-04   -4.7273e-04    -7.4357e-06
   3.0000e-01    3.0000e+00    0.0000e+00   -3.0000e+00    0.0000e+00   -7.2250e-04   -7.2081e-04   -4.6903e-04    4.3453e-05
   3.0000e-01    3.0000e+00    0.0000e+00   -2.9959e+00   -1.5701e-01   -7.0919e-04   -7.3424e-04   -5.0856e-04    9.2263e-06
   3.0000e-01    3.0000e+00    0.0000e+00   -2.9836e+00   -3.1359e-01   -6.7957e-04   -7.6235e-04   -4.5315e-04    7.8364e-05
   3.0000e-01    3.0000e+00    0.0000e+00   -2.9631e+00   -4.6930e-01   -6.3216e-04   -8.0316e-04   -3.6257e-04    2.1802e-05
   3.0000e-01    3.0000e+00    0.0000e+00   -2.9344e+00   -6.2374e-01   -5.5748e-04   -8.5822e-04   -3.8998e-04   -2.8285e-05
   3.0000e-01    3.0000e+00    0.0000e+00   -2.8978e+00   -7.7646e-01   -4.5735e-04   -9.1719e-04   -1.9804e-04   -1.2956e-04
   3.0000e-01    3.0000e+00    0.0000e+00   -2.8532e+00   -9.2705e-01   -3.2103e-04   -9.7542e-04   -1.1637e-04   -1.7427e-04
   3.0000e-01    3.0000e+00    0.0000e+00   -2.8007e+00   -1.0751e+00   -1.5492e-04   -1.0176e-03    1.0575e-04   -2.6062e-04
   3.0000e-01    3.0000e+00    0.0000e+00   -2.7406e+00   -1.2202e+00    4.2211e-05   -1.0311e-03    2.0391e-04   -2.0947e-04
   3.0000e-01    3.0000e+00    0.0000e+00   -2.6730e+00   -1.3620e+00    2.6298e-04   -1.0010e-03    3.8941e-04   -2.5413e-04
   3.0000e-01    3.0000e+00    0.0000e+00   -2.5981e+00   -1.5000e+00    4.9869e-04   -9.1080e-04    5.9822e-04   -2.1393e-04
   3.0000e-01    3.0000e+00    0.0000e+00   -2.5160e+00   -1.6339e+00    7.2687e-04   -7.4705e-04    7.7905e-04   -7.4195e-05
   3.0000e-01    3.0000e+00    0.0000e+00   -2.4271e+00   -1.7634e+00    9.1390e-04   -5.0977e-04    9.3579e-04    1.7389e-04
   3.0000e-01    3.0000e+00    0.0000e+00   -2.3314e+00   -1.8880e+00    1.0309e-03   -2.0482e-04    1.0438e-03    4.5684e-04
   3.0000e-01    3.0000e+00    0.0000e+00   -2.2294e+00   -2.0074e+00    1.0445e-03    1.5764e-04    9.6446e-04    7.3365e-04
   3.0000e-01    3.0000e+00    0.0000e+00   -2.1213e+00   -2.1213e+00    9.2174e-04    5.2726e-04    7.3060e-04    1.1194e-03
   3.0000e-01    3.0000e+00    0.0000e+00   -2.0074e+00   -2.2294e+00    6.5832e-04    8.4073e-04    4.7060e-04    1.3301e-03
   3.0000e-01    3.0000e+00    0.0000e+00   -1.8880e+00   -2.3314e+00    2.7247e-04    1.0390e-03    5.7676e-06    1.5645e-03
   3.0000e-01    3.0000e+00    0.0000e+00   -1.7634e+00   -2.4271e+00   -1.9768e-04    1.0630e-03   -5.0239e-04    1.5503e-03
   3.0000e-01    3.0000e+00    0.0000e+00   -1.6339e+00   -2.5160e+00   -6.5633e-04    8.6867e-04   -1.0590e-03    1.2730e-03
   3.0000e-01    3.0000e+00    0.0000e+00   -1.5000e+00   -2.5981e+00   -9.9048e-04    4.7103e-04   -1.4763e-03    8.5761e-04
   3.0000e-01    3.0000e+00    0.0000e+00   -1.3620e+00   -2.6730e+00   -1.1034e-03   -6.3558e-05   -1.5887e-03    3.4103e-04
   3.0000e-01    3.0000e+00    0.0000e+00   -1.2202e+00   -2.7406e+00   -9.2712e-04   -6.1857e-04   -1.4540e-03   -3.1313e-04
   3.0000e-01    3.0000e+00    0.0000e+00   -1.0751e+00   -2.8007e+00   -4.7323e-04   -1.0199e-03   -1.0498e-03   -7.7991e-04
   3.0000e-01    3.0000e+00    0.0000e+00   -9.2705e-01   -2.8532e+00    1.5644e-04   -1.1239e-03   -3.7040e-04   -8.8631e-04
   3.0000e-01    3.0000e+00    0.0000e+00   -7.7646e-01   -2.8978e+00    7.5908e-04   -8.5828e-04    2.7046e-04   -6.8751e-04
   3.0000e-01    3.0000e+00    0.0000e+00   -6.2374e-01   -2.9344e+00    1.1258e-03   -2.6989e-04    5.6020e-04   -1.2332e-04
   3.0000e-01    3.0000e+00    0.0000e+00   -4.6930e-01   -2.9631e+00    1.0790e-03    4.5350e-04    5.8136e-04    5.6287e-04
   3.0000e-01    3.0000e+00    0.0000e+00   -3.1359e-01   -2.9836e+00    5.8602e-04    1.0288e-03    7.0033e-05    1.1205e-03
   3.0000e-01    3.0000e+00    0.0000e+00   -1.5701e-01   -2.9959e+00   -1.7874e-04    1.1850e-03   -6.4176e-04    1.2282e-03
   3.0000e-01    3.0000e+00    0.0000e+00    0.0000e+00   -3.0000e+00   -8.9633e-04    8.1823e-04   -1.2890e-03    8.2755e-04
   3.0000e-01    3.0000e+00    0.0000e+00    1.5701e-01   -2.9959e+00   -1.2297e-03    3.3121e-05   -1.6195e-03    5.8437e-05
   3.0000e-01    3.0000e+00    0.0000e+00    3.1359e-01   -2.9836e+00   -9.5654e-04   -8.0100e-04   -1.3110e-03   -8.8580e-04
   3.0000e-01    3.0000e+00    0.0000e+00    4.6930e-01   -2.9631e+00   -1.6658e-04   -1.2554e-03   -4.8835e-04   -1.3091e-03
   3.0000e-01    3.0000e+00    0.0000e+00    6.2374e-01   -2.9344e+00    7.5756e-04   -1.0399e-03    4.7199e-04   -1.1513e-03
   3.0000e-01    3.0000e+00    0.0000e+00    7.7646e-01   -2.8978e+00    1.2893e-03   -2.2034e-04    1.0718e-03   -3.8876e-04
   3.0000e-01    3.0000e+00    0.0000e+00    9.2705e-01   -2.8532e+00    1.0825e-03    7.7461e-04    7.9979e-04    6.0977e-04
   3.0000e-01    3.0000e+00    0.0000e+00    1.0751e+00   -2.8007e+00    1.9048e-04    1.3427e-03   -3.7819e-06    1.1285e-03
   3.0000e-01    3.0000e+00    0.0000e+00    1.2202e+00   -2.7406e+00   -8.6808e-04    1.0765e-03   -1.0225e-03    8.8409e-04
   3.0000e-01    3.0000e+00    0.0000e+00    1.3620e+00   -2.6730e+00   -1.4096e-03    7.8720e-05   -1.6128e-03   -1.3187e-04
   3.0000e-01    3.0000e+00    0.0000e+00    1.5000e+00   -2.5981e+00   -1.0149e-03   -1.0260e-03   -1.1859e-03   -1.3157e-03
   3.0000e-01    3.0000e+00    0.0000e+00    1.6339e+00   -2.5160e+00    1.2244e-04   -1.4723e-03   -2.7704e-05   -1.7273e-03
   3.0000e-01    3.0000e+00    0.0000e+00    1.7634e+00   -2.4271e+00    1.2379e-03   -8.7250e-04    1.0402e-03   -1.1181e-03
   3.0000e-01    3.0000e+00    0.0000e+00    1.8880e+00   -2.3314e+00    1.4992e-03    4.1292e-04    1.3267e-03    1.2475e-04
   3.0000e-01    3.0000e+00    0.0000e+00    2.0074e+00   -2.2294e+00    6.3001e-04    1.4707e-03    4.3670e-04    1.2274e-03
   3.0000e-01    3.0000e+00    0.0000e+00    2.1213e+00   -2.1213e+00   -7.9867e-04    1.4433e-03   -1.0510e-03    1.1739e-03
   3.0000e-01    3.0000e+00    0.0000e+00    2.2294e+00   -2.0074e+00   -1.6858e-03    2.5140e-04   -1.9428e-03    4.1215e-05
   3.0000e-01    3.0000e+00    0.0000e+00    2.3314e+00   -1.8880e+00   -1.2613e-03   -1.2357e-03   -1.6093e-03   -1.4976e-03
   3.0000e-01    3.0000e+00    0.0000e+00    2.4271e+00   -1.7634e+00    2.5666e-04   -1.8170e-03   -6.8713e-05   -2.1077e-03
   3.0000e-01    3.0000e+00    0.0000e+00    2.5160e+00   -1.6339e+00    1.6940e-03   -8.9140e-04    1.4130e-03   -1.1812e-03
   3.0000e-01    3.0000e+00    0.0000e+00    2.5981e+00   -1.5000e+00    1.7913e-03    9.0077e-04    1.4948e-03    5.9690e-04
   3.0000e-01    2.6000e+00    1.5000e+00    3.0000e+00    0.0000e+00    1.7929e-03    8.9701e-04    1.8738e-03    4.6487e-04
   3.0000e-01    2.6000e+00    1.5000e+00    1.5000e+00    2.5981e+00    1.7992e-03    8.8287e-04    2.0195e-03    7.8983e-04
   3.0000e-01    2.6000e+00    1.5000e+00    1.3620e+00    2.6730e+00    1.6862e-03   -9.0466e-04    1.8897e-03   -1.0115e-03
   3.0000e-01    2.6000e+00    1.5000e+00    1.2202e+00    2.7406e+00    2.4186e-04   -1.8186e-03    3.6007e-04   -1.8859e-03
   3.0000e-01    2.6000e+00    1.5000e+00    1.0751e+00    2.8007e+00   -1.2689e-03   -1.2275e-03   -1.1092e-03   -1.3234e-03
   3.0000e-01    2.6000e+00    1.5000e+00    9.2705e-01    2.8532e+00   -1.6815e-03    2.7364e-04   -1.5663e-03    1.0980e-04
   3.0000e-01    2.6000e+00    1.5000e+00    7.7646e-01    2.8978e+00   -7.8153e-04    1.4519e-03   -5.4386e-04    1.2294e-03
   3.0000e-01    2.6000e+00    1.5000e+00    6.2374e-01    2.9344e+00    6.3846e-04    1.4667e-03    7.1599e-04    1.2357e-03
   3.0000e-01    2.6000e+00    1.5000e+00    4.6930e-01    2.9631e+00    1.5023e-03    4.0018e-04    1.6385e-03    1.9143e-04
   3.0000e-01    2.6000e+00    1.5000e+00    3.1359e-01    2.9836e+00    1.2268e-03   -8.8720e-04    1.3874e-03   -1.1428e-03
   3.0000e-01    2.6000e+00    1.5000e+00    1.5701e-01    2.9959e+00    1.0645e-04   -1.4730e-03    1.7094e-04   -1.7484e-03
   3.0000e-01    2.6000e+00    1.5000e+00    0.0000e+00    3.0000e+00   -1.0295e-03   -1.0107e-03   -8.7532e-04   -1.2685e-03
   3.0000e-01    2.6000e+00    1.5000e+00   -1.5701e-01    2.9959e+00   -1.4085e-03    9.1961e-05   -1.3595e-03   -1.8989e-04
   3.0000e-01    2.6000e+00    1.5000e+00   -3.1359e-01    2.9836e+00   -8.6198e-04    1.0810e-03   -7.0807e-04    8.6453e-04
   3.0000e-01    2.6000e+00    1.5000e+00   -4.6930e-01    2.9631e+00    2.0512e-04    1.3401e-03    3.2233e-04    1.0623e-03
   3.0000e-01    2.6000e+00    1.5000e+00   -6.2374e-01    2.9344e+00    1.0907e-03    7.6233e-04    1.1361e-03    4.4854e-04
   3.0000e-01    2.6000e+00    1.5000e+00   -7.7646e-01    2.8978e+00    1.2864e-03   -2.3480e-04    1.3544e-03   -4.9979e-04
   3.0000e-01    2.6000e+00    1.5000e+00   -9.2705e-01    2.8532e+00    7.4694e-04   -1.0471e-03    8.0855e-04   -1.3354e-03
   3.0000e-01    2.6000e+00    1.5000e+00   -1.0751e+00    2.8007e+00   -1.8057e-04   -1.2532e-03   -2.0727e-04   -1.5393e-03
   3.0000e-01    2.6000e+00    1.5000e+00   -1.2202e+00    2.7406e+00   -9.6513e-04   -7.9030e-04   -1.0302e-03   -1.0150e-03
   3.0000e-01    2.6000e+00    1.5000e+00   -1.3620e+00    2.6730e+00   -1.2285e-03    5.3084e-05   -1.3765e-03   -1.8488e-04
   3.0000e-01    2.6000e+00    1.5000e+00   -1.5000e+00    2.5981e+00   -8.9054e-04    8.2425e-04   -9.9824e-04    6.6766e-04
   3.0000e-01    2.6000e+00    1.5000e+00   -1.6339e+00    2.5160e+00   -1.6376e-04    1.1868e-03   -3.3823e-04    1.0364e-03
   3.0000e-01    2.6000e+00    1.5000e+00   -1.7634e+00    2.4271e+00    6.0493e-04    1.0173e-03    3.5614e-04    8.3665e-04
   3.0000e-01    2.6000e+00    1.5000e+00   -1.8880e+00    2.3314e+00    1.0863e-03    4.3454e-04    7.6793e-04    3.5715e-04
   3.0000e-01    2.6000e+00    1.5000e+00   -2.0074e+00    2.2294e+00    1.1227e-03   -2.8146e-04    7.9933e-04   -3.6502e-04
   3.0000e-01    2.6000e+00    1.5000e+00   -2.1213e+00    2.1213e+00    7.5188e-04   -8.6435e-04    4.4685e-04   -9.3590e-04
   3.0000e-01    2.6000e+00    1.5000e+00   -2.2294e+00    2.0074e+00    1.3736e-04   -1.1261e-03   -3.0994e-04   -1.1538e-03
   3.0000e-01    2.6000e+00    1.5000e+00   -2.3314e+00    1.8880e+00   -4.9042e-04   -1.0112e-03   -1.0123e-03   -9.3935e-04
   3.0000e-01    2.6000e+00    1.5000e+00   -2.4271e+00    1.7634e+00   -9.3491e-04   -6.0601e-04   -1.4394e-03   -6.2601e-04
   3.0000e-01    2.6000e+00    1.5000e+00   -2.5160e+00    1.6339e+00   -1.1037e-03   -5.5297e-05   -1.6991e-03    1.3929e-05
   3.0000e-01    2.6000e+00    1.5000e+00   -2.5981e+00    1.5000e+00   -9.8379e-04    4.8397e-04   -1.5572e-03    5.2801e-04
   3.0000e-01    2.6000e+00    1.5000e+00   -2.6730e+00    1.3620e+00   -6.4232e-04    8.7864e-04   -1.3180e-03    9.3605e-04
   3.0000e-01    2.6000e+00    1.5000e+00   -2.7406e+00    1.2202e+00   -1.8553e-04    1.0650e-03   -7.7991e-04    1.2096e-03
   3.0000e-01    2.6000e+00    1.5000e+00   -2.8007e+00    1.0751e+00    2.7941e-04    1.0371e-03   -2.7656e-04    1.1895e-03
   3.0000e-01    2.6000e+00    1.5000e+00   -2.8532e+00    9.2705e-01    6.6882e-04    8.3204e-04    1.0100e-04    9.7269e-04
   3.0000e-01    2.6000e+00    1.5000e+00   -2.8978e+00    7.7646e-01    9.3042e-04    5.1102e-04    4.6690e-04    7.6059e-04
   3.0000e-01    2.6000e+00    1.5000e+00   -2.9344e+00    6.2374e-01    1.0458e-03    1.4689e-04    6.6883e-04    4.3866e-04
   3.0000e-01    2.6000e+00    1.5000e+00   -2.9631e+00    4.6930e-01    1.0293e-03   -2.1214e-04    6.9071e-04    1.2806e-04
   3.0000e-01    2.6000e+00    1.5000e+00   -2.9836e+00    3.1359e-01    9.0911e-04   -5.1803e-04    6.5702e-04   -2.1314e-04
   3.0000e-01    2.6000e+00    1.5000e+00   -2.9959e+00    1.5701e-01    7.1774e-04   -7.5562e-04    5.4559e-04   -4.1588e-04
   3.0000e-01    2.6000e+00    1.5000e+00   -3.0000e+00    0.0000e+00    4.8474e-04   -9.1813e-04    3.5765e-04   -5.2060e-04
   3.0000e-01    2.6000e+00    1.5000e+00   -2.9959e+00   -1.5701e-01    2.5568e-04   -1.0028e-03    3.0182e-04   -5.8804e-04
   3.0000e-01    2.6000e+00    1.5000e+00   -2.9836e+00   -3.1359e-01    3.4806e-05   -1.0312e-03    1.4411e-04   -5.5668e-04
   3.0000e-01    2.6000e+00    1.5000e+00   -2.9631e+00   -4.6930e-01   -1.6660e-04   -1.0155e-03    1.1449e-04   -5.1562e-04
   3.0000e-01    2.6000e+00    1.5000e+00   -2.9344e+00   -6.2374e-01   -3.3277e-04   -9.7141e-04   -4.0587e-05   -4.5450e-04
   3.0000e-01    2.6000e+00    1.5000e+00   -2.8978e+00   -7.7646e-01   -4.6719e-04   -9.1211e-04   -8.6286e-05   -3.8046e-04
   3.0000e-01    2.6000e+00    1.5000e+00   -2.8532e+00   -9.2705e-01   -5.6536e-04   -8.5288e-04   -1.2716e-04   -2.3929e-04
   3.0000e-01    2.6000e+00    1.5000e+00   -2.8007e+00   -1.0751e+00   -6.4018e-04   -7.9672e-04   -8.9486e-05   -1.1812e-04
   3.0000e-01    2.6000e+00    1.5000e+00   -2.7406e+00   -1.2202e+00   -6.8973e-04   -7.5306e-04   -1.3279e-04   -9.3824e-05
   3.0000e-01    2.6000e+00    1.5000e+00   -2.6730e+00   -1.3620e+00   -7.1986e-04   -7.2346e-04   -1.5620e-04   -4.7221e-05
   3.0000e-01    2.6000e+00    1.5000e+00   -2.5981e+00   -1.5000e+00   -7.2759e-04   -7.1560e-04   -1.7611e-04    4.1407e-05
   3.0000e-01    2.6000e+00    1.5000e+00   -2.5160e+00   -1.6339e+00   -7.1621e-04   -7.2733e-04   -2.1685e-04    1.0778e-04
   3.0000e-01    2.6000e+00    1.5000e+00   -2.4271e+00   -1.7634e+00   -6.8991e-04   -7.5288e-04   -1.7440e-04    -2.6272e-05
   3.0000e-01    2.6000e+00    1.5000e+00   -2.3314e+00   -1.8880e+00   -6.4391e-04   -7.9355e-04   -1.6818e-04    -5.4855e-06
   3.0000e-01    2.6000e+00    1.5000e+00   -2.2294e+00   -2.0074e+00   -5.6603e-04   -8.5245e-04   -1.6690e-04   -2.4385e-05
   3.0000e-01    2.6000e+00    1.5000e+00   -2.1213e+00   -2.1213e+00   -4.6059e-04   -9.1562e-04   -1.1619e-04   -1.6490e-04
   3.0000e-01    2.6000e+00    1.5000e+00   -2.0074e+00   -2.2294e+00   -3.3049e-04   -9.7226e-04   -1.0538e-04   -1.3462e-04
   3.0000e-01    2.6000e+00    1.5000e+00   -1.8880e+00   -2.3314e+00   -1.6975e-04   -1.0150e-03    6.3079e-05   -1.5128e-04
   3.0000e-01    2.6000e+00    1.5000e+00   -1.7634e+00   -2.4271e+00    3.2403e-05   -1.0313e-03    1.9883e-04   -3.1120e-04
   3.0000e-01    2.6000e+00    1.5000e+00   -1.6339e+00   -2.5160e+00    2.5896e-04   -1.0020e-03    3.0993e-04   -2.9859e-04
   3.0000e-01    2.6000e+00    1.5000e+00   -1.5000e+00   -2.5981e+00    4.9173e-04   -9.1455e-04    4.9531e-04   -1.6721e-04
   3.0000e-01    2.6000e+00    1.5000e+00   -1.3620e+00   -2.6730e+00    7.1703e-04   -7.5625e-04    5.5952e-04    1.7326e-05
   3.0000e-01    2.6000e+00    1.5000e+00   -1.2202e+00   -2.7406e+00    9.1049e-04   -5.1596e-04    7.4215e-04    9.4922e-05
   3.0000e-01    2.6000e+00    1.5000e+00   -1.0751e+00   -2.8007e+00    1.0306e-03   -2.0695e-04    7.9131e-04    4.0321e-04
   3.0000e-01    2.6000e+00    1.5000e+00   -9.2705e-01   -2.8532e+00    1.0450e-03    1.5364e-04    7.4822e-04    7.3099e-04
   3.0000e-01    2.6000e+00    1.5000e+00   -7.7646e-01   -2.8978e+00    9.2785e-04    5.1601e-04    6.3284e-04    1.0206e-03
   3.0000e-01    2.6000e+00    1.5000e+00   -6.2374e-01   -2.9344e+00    6.6498e-04    8.3541e-04    3.0240e-04    1.4010e-03
   3.0000e-01    2.6000e+00    1.5000e+00   -4.6930e-01   -2.9631e+00    2.7365e-04    1.0388e-03   -1.4867e-04    1.5077e-03
   3.0000e-01    2.6000e+00    1.5000e+00   -3.1359e-01   -2.9836e+00   -1.9724e-04    1.0630e-03   -6.0087e-04    1.4567e-03
   3.0000e-01    2.6000e+00    1.5000e+00   -1.5701e-01   -2.9959e+00   -6.5106e-04    8.7255e-04   -1.0445e-03    1.2485e-03
   3.0000e-01    2.6000e+00    1.5000e+00    0.0000e+00   -3.0000e+00   -9.8520e-04    4.8154e-04   -1.4260e-03    8.7065e-04
   3.0000e-01    2.6000e+00    1.5000e+00    1.5701e-01   -2.9959e+00   -1.1035e-03   -6.2410e-05   -1.4811e-03    2.1881e-04
   3.0000e-01    2.6000e+00    1.5000e+00    3.1359e-01   -2.9836e+00   -9.3007e-04   -6.1379e-04   -1.3412e-03   -3.9500e-04
   3.0000e-01    2.6000e+00    1.5000e+00    4.6930e-01   -2.9631e+00   -4.7914e-04   -1.0169e-03   -8.1193e-04   -8.1719e-04
   3.0000e-01    2.6000e+00    1.5000e+00    6.2374e-01   -2.9344e+00    1.4886e-04   -1.1248e-03   -1.9064e-04   -9.6695e-04
   3.0000e-01    2.6000e+00    1.5000e+00    7.7646e-01   -2.8978e+00    7.5473e-04   -8.6193e-04    4.3939e-04   -7.4086e-04
   3.0000e-01    2.6000e+00    1.5000e+00    9.2705e-01   -2.8532e+00    1.1245e-03   -2.7469e-04    8.3128e-04   -1.9636e-04
   3.0000e-01    2.6000e+00    1.5000e+00    1.0751e+00   -2.8007e+00    1.0809e-03    4.4881e-04    8.0563e-04    5.1579e-04
   3.0000e-01    2.6000e+00    1.5000e+00    1.2202e+00   -2.7406e+00    5.9562e-04    1.0231e-03    3.0219e-04    1.0009e-03
   3.0000e-01    2.6000e+00    1.5000e+00    1.3620e+00   -2.6730e+00   -1.7128e-04    1.1858e-03   -4.8270e-04    1.1288e-03
   3.0000e-01    2.6000e+00    1.5000e+00    1.5000e+00   -2.5981e+00   -8.9682e-04    8.1751e-04   -1.2050e-03    7.7275e-04
   3.0000e-01    2.6000e+00    1.5000e+00    1.6339e+00   -2.5160e+00   -1.2295e-03    3.6530e-05   -1.5062e-03   -2.5843e-05
   3.0000e-01    2.6000e+00    1.5000e+00    1.7634e+00   -2.4271e+00   -9.5842e-04   -7.9852e-04   -1.1631e-03   -9.5017e-04
   3.0000e-01    2.6000e+00    1.5000e+00    1.8880e+00   -2.3314e+00   -1.7340e-04   -1.2542e-03   -5.1052e-04   -1.4571e-03
   3.0000e-01    2.6000e+00    1.5000e+00    2.0074e+00   -2.2294e+00    7.5145e-04   -1.0441e-03    4.5385e-04   -1.3235e-03
   3.0000e-01    2.6000e+00    1.5000e+00    2.1213e+00   -2.1213e+00    1.2896e-03   -2.1856e-04    9.7627e-04   -4.7950e-04
   3.0000e-01    2.6000e+00    1.5000e+00    2.2294e+00   -2.0074e+00    1.0814e-03    7.7600e-04    7.4909e-04    4.4506e-04
   3.0000e-01    2.6000e+00    1.5000e+00    2.3314e+00   -1.8880e+00    1.9757e-04    1.3413e-03   -1.5624e-04    1.0606e-03
   3.0000e-01    2.6000e+00    1.5000e+00    2.4271e+00   -1.7634e+00   -8.6586e-04    1.0780e-03   -1.2062e-03    6.7805e-04
   3.0000e-01    2.6000e+00    1.5000e+00    2.5160e+00   -1.6339e+00   -1.4095e-03    7.8570e-05   -1.7592e-03   -2.9375e-04
   3.0000e-01    2.6000e+00    1.5000e+00    2.5981e+00   -1.5000e+00   -1.0140e-03   -1.0270e-03   -1.3734e-03   -1.4395e-03
   3.0000e-01    2.6000e+00    1.5000e+00    2.6730e+00   -1.3620e+00    1.1651e-04   -1.4724e-03   -1.8964e-04   -1.8973e-03
   3.0000e-01    2.6000e+00    1.5000e+00    2.7406e+00   -1.2202e+00    1.2384e-03   -8.7194e-04    9.7073e-04   -1.3573e-03
   3.0000e-01    2.6000e+00    1.5000e+00    2.8007e+00   -1.0751e+00    1.4983e-03    4.1698e-04    1.2453e-03   -8.8501e-05
   3.0000e-01    2.6000e+00    1.5000e+00    2.8532e+00   -9.2705e-01    6.2070e-04    1.4748e-03    3.4989e-04    1.0270e-03
   3.0000e-01    2.6000e+00    1.5000e+00    2.8978e+00   -7.7646e-01   -7.9776e-04    1.4436e-03   -9.9121e-04    9.5638e-04
   3.0000e-01    2.6000e+00    1.5000e+00    2.9344e+00   -6.2374e-01   -1.6852e-03    2.5429e-04   -1.8962e-03   -2.1112e-04
   3.0000e-01    2.6000e+00    1.5000e+00    2.9631e+00   -4.6930e-01   -1.2553e-03   -1.2422e-03   -1.3940e-03   -1.7464e-03
   3.0000e-01    2.6000e+00    1.5000e+00    2.9836e+00   -3.1359e-01    2.7172e-04   -1.8154e-03    1.9366e-04   -2.2669e-03
   3.0000e-01    2.6000e+00    1.5000e+00    2.9959e+00   -1.5701e-01    1.6972e-03   -8.8578e-04    1.6340e-03   -1.3137e-03
   3.0000e-01    1.5000e+00    2.6000e+00    3.0000e+00    0.0000e+00   -1.0295e-03   -1.0107e-03   -9.9853e-04   -1.2599e-03
   3.0000e-01    1.5000e+00    2.6000e+00    2.9959e+00    1.5701e-01    1.0645e-04   -1.4730e-03    2.0153e-04   -1.6707e-03
   3.0000e-01    1.5000e+00    2.6000e+00    2.9836e+00    3.1359e-01    1.2268e-03   -8.8720e-04    1.3013e-03   -1.1117e-03
   3.0000e-01    1.5000e+00    2.6000e+00    2.9631e+00    4.6930e-01    1.5023e-03    4.0018e-04    1.6492e-03    1.6404e-04
   3.0000e-01    1.5000e+00    2.6000e+00    2.9344e+00    6.2374e-01    6.3846e-04    1.4667e-03    7.7952e-04    1.2763e-03
   3.0000e-01    1.5000e+00    2.6000e+00    2.8978e+00    7.7646e-01   -7.8153e-04    1.4519e-03   -6.0357e-04    1.3052e-03
   3.0000e-01    1.5000e+00    2.6000e+00    2.8532e+00    9.2705e-01   -1.6815e-03    2.7364e-04   -1.4836e-03    1.7346e-04
   3.0000e-01    1.5000e+00    2.6000e+00    2.8007e+00    1.0751e+00   -1.2689e-03   -1.2275e-03   -1.0479e-03   -1.3607e-03
   3.0000e-01    1.5000e+00    2.6000e+00    2.7406e+00    1.2202e+00    2.4186e-04   -1.8186e-03    4.2916e-04   -1.9061e-03
   3.0000e-01    1.5000e+00    2.6000e+00    2.6730e+00    1.3620e+00    1.6862e-03   -9.0466e-04    1.9395e-03   -9.5944e-04
   3.0000e-01    1.5000e+00    2.6000e+00    2.5981e+00    1.5000e+00    1.7992e-03    8.8287e-04    2.0176e-03    7.8855e-04
   3.0000e-01    1.5000e+00    2.6000e+00    0.0000e+00    3.0000e+00    1.7929e-03    8.9701e-04    2.0864e-03    4.8243e-04
   3.0000e-01    1.5000e+00    2.6000e+00   -1.5701e-01    2.9959e+00    1.6972e-03   -8.8578e-04    1.9996e-03   -1.3663e-03
   3.0000e-01    1.5000e+00    2.6000e+00   -3.1359e-01    2.9836e+00    2.7172e-04   -1.8154e-03    6.0325e-04   -2.2308e-03
   3.0000e-01    1.5000e+00    2.6000e+00   -4.6930e-01    2.9631e+00   -1.2553e-03   -1.2422e-03   -9.1617e-04   -1.6170e-03
   3.0000e-01    1.5000e+00    2.6000e+00   -6.2374e-01    2.9344e+00   -1.6852e-03    2.5429e-04   -1.3973e-03   -2.0286e-04
   3.0000e-01    1.5000e+00    2.6000e+00   -7.7646e-01    2.8978e+00   -7.9776e-04    1.4436e-03   -5.0770e-04    1.0450e-03
   3.0000e-01    1.5000e+00    2.6000e+00   -9.2705e-01    2.8532e+00    6.2070e-04    1.4748e-03    8.4449e-04    1.0271e-03
   3.0000e-01    1.5000e+00    2.6000e+00   -1.0751e+00    2.8007e+00    1.4983e-03    4.1698e-04    1.7150e-03   -1.3056e-04
   3.0000e-01    1.5000e+00    2.6000e+00   -1.2202e+00    2.7406e+00    1.2384e-03   -8.7194e-04    1.4182e-03   -1.3771e-03
   3.0000e-01    1.5000e+00    2.6000e+00   -1.3620e+00    2.6730e+00    1.1651e-04   -1.4724e-03    3.7295e-04   -1.9549e-03
   3.0000e-01    1.5000e+00    2.6000e+00   -1.5000e+00    2.5981e+00   -1.0140e-03   -1.0270e-03   -8.2493e-04   -1.5091e-03
   3.0000e-01    1.5000e+00    2.6000e+00   -1.6339e+00    2.5160e+00   -1.4095e-03    7.8570e-05   -1.2210e-03   -3.8830e-04
   3.0000e-01    1.5000e+00    2.6000e+00   -1.7634e+00    2.4271e+00   -8.6586e-04    1.0780e-03   -6.8728e-04    6.3004e-04
   3.0000e-01    1.5000e+00    2.6000e+00   -1.8880e+00    2.3314e+00    1.9757e-04    1.3413e-03    2.7295e-04    9.4807e-04
   3.0000e-01    1.5000e+00    2.6000e+00   -2.0074e+00    2.2294e+00    1.0814e-03    7.7600e-04    1.1498e-03    4.4709e-04
   3.0000e-01    1.5000e+00    2.6000e+00   -2.1213e+00    2.1213e+00    1.2896e-03   -2.1856e-04    1.3271e-03   -6.0917e-04
   3.0000e-01    1.5000e+00    2.6000e+00   -2.2294e+00    2.0074e+00    7.5145e-04   -1.0441e-03    7.3057e-04   -1.3880e-03
   3.0000e-01    1.5000e+00    2.6000e+00   -2.3314e+00    1.8880e+00   -1.7340e-04   -1.2542e-03   -1.8757e-04   -1.5388e-03
   3.0000e-01    1.5000e+00    2.6000e+00   -2.4271e+00    1.7634e+00   -9.5842e-04   -7.9852e-04   -1.0303e-03   -1.0382e-03
   3.0000e-01    1.5000e+00    2.6000e+00   -2.5160e+00    1.6339e+00   -1.2295e-03    3.6530e-05   -1.3428e-03   -2.0570e-04
   3.0000e-01    1.5000e+00    2.6000e+00   -2.5981e+00    1.5000e+00   -8.9682e-04    8.1751e-04   -1.0128e-03    6.6088e-04
   3.0000e-01    1.5000e+00    2.6000e+00   -2.6730e+00    1.3620e+00   -1.7128e-04    1.1858e-03   -3.1749e-04    9.9957e-04
   3.0000e-01    1.5000e+00    2.6000e+00   -2.7406e+00    1.2202e+00    5.9562e-04    1.0231e-03    4.0297e-04    9.0157e-04
   3.0000e-01    1.5000e+00    2.6000e+00   -2.8007e+00    1.0751e+00    1.0809e-03    4.4881e-04    8.9256e-04    3.4710e-04
   3.0000e-01    1.5000e+00    2.6000e+00   -2.8532e+00    9.2705e-01    1.1245e-03   -2.7469e-04    8.8850e-04   -3.2317e-04
   3.0000e-01    1.5000e+00    2.6000e+00   -2.8978e+00    7.7646e-01    7.5473e-04   -8.6193e-04    5.3800e-04   -9.3940e-04
   3.0000e-01    1.5000e+00    2.6000e+00   -2.9344e+00    6.2374e-01    1.4886e-04   -1.1248e-03    1.6878e-05   -1.1919e-03
   3.0000e-01    1.5000e+00    2.6000e+00   -2.9631e+00    4.6930e-01   -4.7914e-04   -1.0169e-03   -6.3556e-04   -1.0097e-03
   3.0000e-01    1.5000e+00    2.6000e+00   -2.9836e+00    3.1359e-01   -9.3007e-04   -6.1379e-04   -1.0983e-03   -5.3816e-04
   3.0000e-01    1.5000e+00    2.6000e+00   -2.9959e+00    1.5701e-01   -1.1035e-03   -6.2410e-05   -1.1672e-03   -6.7755e-05
   3.0000e-01    1.5000e+00    2.6000e+00   -3.0000e+00    0.0000e+00   -9.8520e-04    4.8154e-04   -1.1165e-03    5.9364e-04
   3.0000e-01    1.5000e+00    2.6000e+00   -2.9959e+00   -1.5701e-01   -6.5106e-04    8.7255e-04   -7.4637e-04    9.7106e-04
   3.0000e-01    1.5000e+00    2.6000e+00   -2.9836e+00   -3.1359e-01   -1.9724e-04    1.0630e-03   -2.1095e-04    1.2224e-03
   3.0000e-01    1.5000e+00    2.6000e+00   -2.9631e+00   -4.6930e-01    2.7365e-04    1.0388e-03    2.8685e-04    1.2045e-03
   3.0000e-01    1.5000e+00    2.6000e+00   -2.9344e+00   -6.2374e-01    6.6498e-04    8.3541e-04    6.9984e-04    1.0659e-03
   3.0000e-01    1.5000e+00    2.6000e+00   -2.8978e+00   -7.7646e-01    9.2785e-04    5.1601e-04    1.0128e-03    7.4101e-04
   3.0000e-01    1.5000e+00    2.6000e+00   -2.8532e+00   -9.2705e-01    1.0450e-03    1.5364e-04    1.1690e-03    3.9743e-04
   3.0000e-01    1.5000e+00    2.6000e+00   -2.8007e+00   -1.0751e+00    1.0306e-03   -2.0695e-04    1.2061e-03    5.4335e-05
   3.0000e-01    1.5000e+00    2.6000e+00   -2.7406e+00   -1.2202e+00    9.1049e-04   -5.1596e-04    1.0969e-03   -1.9714e-04
   3.0000e-01    1.5000e+00    2.6000e+00   -2.6730e+00   -1.3620e+00    7.1703e-04   -7.5625e-04    1.0197e-03   -4.2963e-04
   3.0000e-01    1.5000e+00    2.6000e+00   -2.5981e+00   -1.5000e+00    4.9173e-04   -9.1455e-04    8.0491e-04   -5.4181e-04
   3.0000e-01    1.5000e+00    2.6000e+00   -2.5160e+00   -1.6339e+00    2.5896e-04   -1.0020e-03    6.0752e-04   -6.1971e-04
   3.0000e-01    1.5000e+00    2.6000e+00   -2.4271e+00   -1.7634e+00    3.2403e-05   -1.0313e-03    3.8504e-04   -6.0620e-04
   3.0000e-01    1.5000e+00    2.6000e+00   -2.3314e+00   -1.8880e+00   -1.6975e-04   -1.0150e-03    2.0215e-04   -6.2673e-04
   3.0000e-01    1.5000e+00    2.6000e+00   -2.2294e+00   -2.0074e+00   -3.3049e-04   -9.7226e-04    5.5415e-05   -5.8795e-04
   3.0000e-01    1.5000e+00    2.6000e+00   -2.1213e+00   -2.1213e+00   -4.6059e-04   -9.1562e-04   -6.4297e-05   -4.3210e-04
   3.0000e-01    1.5000e+00    2.6000e+00   -2.0074e+00   -2.2294e+00   -5.6603e-04   -8.5245e-04   -1.1918e-04   -3.5769e-04
   3.0000e-01    1.5000e+00    2.6000e+00   -1.8880e+00   -2.3314e+00   -6.4391e-04   -7.9355e-04   -2.0075e-04   -2.8635e-04
   3.0000e-01    1.5000e+00    2.6000e+00   -1.7634e+00   -2.4271e+00   -6.8991e-04   -7.5288e-04   -3.1332e-04   -2.7183e-04
   3.0000e-01    1.5000e+00    2.6000e+00   -1.6339e+00   -2.5160e+00   -7.1621e-04   -7.2733e-04   -3.4455e-04   -2.2753e-04
   3.0000e-01    1.5000e+00    2.6000e+00   -1.5000e+00   -2.5981e+00   -7.2759e-04   -7.1560e-04   -3.1128e-04   -1.6535e-04
   3.0000e-01    1.5000e+00    2.6000e+00   -1.3620e+00   -2.6730e+00   -7.1986e-04   -7.2346e-04   -3.1748e-04   -1.5307e-04
   3.0000e-01    1.5000e+00    2.6000e+00   -1.2202e+00   -2.7406e+00   -6.8973e-04   -7.5306e-04   -2.8985e-04   -1.3979e-04
   3.0000e-01    1.5000e+00    2.6000e+00   -1.0751e+00   -2.8007e+00   -6.4018e-04   -7.9672e-04   -3.1505e-04   -2.1950e-04
   3.0000e-01    1.5000e+00    2.6000e+00   -9.2705e-01   -2.8532e+00   -5.6536e-04   -8.5288e-04   -2.5958e-04   -3.1422e-04
   3.0000e-01    1.5000e+00    2.6000e+00   -7.7646e-01   -2.8978e+00   -4.6719e-04   -9.1211e-04   -1.4468e-04   -2.8038e-04
   3.0000e-01    1.5000e+00    2.6000e+00   -6.2374e-01   -2.9344e+00   -3.3277e-04   -9.7141e-04   -6.0556e-05   -3.9345e-04
   3.0000e-01    1.5000e+00    2.6000e+00   -4.6930e-01   -2.9631e+00   -1.6660e-04   -1.0155e-03    1.1271e-04   -5.0009e-04
   3.0000e-01    1.5000e+00    2.6000e+00   -3.1359e-01   -2.9836e+00    3.4806e-05   -1.0312e-03    2.5223e-04   -4.3865e-04
   3.0000e-01    1.5000e+00    2.6000e+00   -1.5701e-01   -2.9959e+00    2.5568e-04   -1.0028e-03    4.1844e-04   -3.7721e-04
   3.0000e-01    1.5000e+00    2.6000e+00    0.0000e+00   -3.0000e+00    4.8474e-04   -9.1813e-04    6.6901e-04   -3.5732e-04
   3.0000e-01    1.5000e+00    2.6000e+00    1.5701e-01   -2.9959e+00    7.1774e-04   -7.5562e-04    8.3164e-04   -2.1090e-04
   3.0000e-01    1.5000e+00    2.6000e+00    3.1359e-01   -2.9836e+00    9.0911e-04   -5.1803e-04    9.7544e-04    -1.8907e-05
   3.0000e-01    1.5000e+00    2.6000e+00    4.6930e-01   -2.9631e+00    1.0293e-03   -2.1214e-04    1.1259e-03    3.4401e-04
   3.0000e-01    1.5000e+00    2.6000e+00    6.2374e-01   -2.9344e+00    1.0458e-03    1.4689e-04    1.0902e-03    6.1208e-04
   3.0000e-01    1.5000e+00    2.6000e+00    7.7646e-01   -2.8978e+00    9.3042e-04    5.1102e-04    9.8491e-04    1.0515e-03
   3.0000e-01    1.5000e+00    2.6000e+00    9.2705e-01   -2.8532e+00    6.6882e-04    8.3204e-04    6.2794e-04    1.2505e-03
   3.0000e-01    1.5000e+00    2.6000e+00    1.0751e+00   -2.8007e+00    2.7941e-04    1.0371e-03    1.7310e-04    1.4674e-03
   3.0000e-01    1.5000e+00    2.6000e+00    1.2202e+00   -2.7406e+00   -1.8553e-04    1.0650e-03   -3.2341e-04    1.4465e-03
   3.0000e-01    1.5000e+00    2.6000e+00    1.3620e+00   -2.6730e+00   -6.4232e-04    8.7864e-04   -7.4296e-04    1.1754e-03
   3.0000e-01    1.5000e+00    2.6000e+00    1.5000e+00   -2.5981e+00   -9.8379e-04    4.8397e-04   -1.0823e-03    8.4128e-04
   3.0000e-01    1.5000e+00    2.6000e+00    1.6339e+00   -2.5160e+00   -1.1037e-03   -5.5297e-05   -1.3335e-03    1.6264e-04
   3.0000e-01    1.5000e+00    2.6000e+00    1.7634e+00   -2.4271e+00   -9.3491e-04   -6.0601e-04   -1.1553e-03   -4.1872e-04
   3.0000e-01    1.5000e+00    2.6000e+00    1.8880e+00   -2.3314e+00   -4.9042e-04   -1.0112e-03   -7.2903e-04   -9.1822e-04
   3.0000e-01    1.5000e+00    2.6000e+00    2.0074e+00   -2.2294e+00    1.3736e-04   -1.1261e-03   -1.1741e-04   -9.3703e-04
   3.0000e-01    1.5000e+00    2.6000e+00    2.1213e+00   -2.1213e+00    7.5188e-04   -8.6435e-04    4.5508e-04   -7.8975e-04
   3.0000e-01    1.5000e+00    2.6000e+00    2.2294e+00   -2.0074e+00    1.1227e-03   -2.8146e-04    8.0525e-04   -2.2153e-04
   3.0000e-01    1.5000e+00    2.6000e+00    2.3314e+00   -1.8880e+00    1.0863e-03    4.3454e-04    8.0560e-04    4.9440e-04
   3.0000e-01    1.5000e+00    2.6000e+00    2.4271e+00   -1.7634e+00    6.0493e-04    1.0173e-03    3.3824e-04    9.5854e-04
   3.0000e-01    1.5000e+00    2.6000e+00    2.5160e+00   -1.6339e+00   -1.6376e-04    1.1868e-03   -4.1444e-04    1.0834e-03
   3.0000e-01    1.5000e+00    2.6000e+00    2.5981e+00   -1.5000e+00   -8.9054e-04    8.2425e-04   -1.1937e-03    7.1187e-04
   3.0000e-01    1.5000e+00    2.6000e+00    2.6730e+00   -1.3620e+00   -1.2285e-03    5.3084e-05   -1.4801e-03   -9.5382e-05
   3.0000e-01    1.5000e+00    2.6000e+00    2.7406e+00   -1.2202e+00   -9.6513e-04   -7.9030e-04   -1.1799e-03   -9.8944e-04
   3.0000e-01    1.5000e+00    2.6000e+00    2.8007e+00   -1.0751e+00   -1.8057e-04   -1.2532e-03   -3.7114e-04   -1.4023e-03
   3.0000e-01    1.5000e+00    2.6000e+00    2.8532e+00   -9.2705e-01    7.4694e-04   -1.0471e-03    5.3334e-04   -1.2144e-03
   3.0000e-01    1.5000e+00    2.6000e+00    2.8978e+00   -7.7646e-01    1.2864e-03   -2.3480e-04    1.1298e-03   -4.9602e-04
   3.0000e-01    1.5000e+00    2.6000e+00    2.9344e+00   -6.2374e-01    1.0907e-03    7.6233e-04    1.0540e-03    5.2296e-04
   3.0000e-01    1.5000e+00    2.6000e+00    2.9631e+00   -4.6930e-01    2.0512e-04    1.3401e-03    1.6846e-04    1.1194e-03
   3.0000e-01    1.5000e+00    2.6000e+00    2.9836e+00   -3.1359e-01   -8.6198e-04    1.0810e-03   -9.6146e-04    8.3918e-04
   3.0000e-01    1.5000e+00    2.6000e+00    2.9959e+00   -1.5701e-01   -1.4085e-03    9.1961e-05   -1.4346e-03   -1.9144e-04
   3.0000e-01    0.0000e+00    3.0000e+00    3.0000e+00    0.0000e+00   -8.9633e-04    8.1823e-04   -1.0274e-03    8.1236e-04
   3.0000e-01    0.0000e+00    3.0000e+00    2.9959e+00    1.5701e-01   -1.2297e-03    3.3121e-05   -1.2676e-03    1.4406e-05
   3.0000e-01    0.0000e+00    3.0000e+00    2.9836e+00    3.1359e-01   -9.5654e-04   -8.0100e-04   -1.0059e-03   -8.8175e-04
   3.0000e-01    0.0000e+00    3.0000e+00    2.9631e+00    4.6930e-01   -1.6658e-04   -1.2554e-03   -2.1960e-04   -1.3530e-03
   3.0000e-01    0.0000e+00    3.0000e+00    2.9344e+00    6.2374e-01    7.5756e-04   -1.0399e-03    7.2248e-04   -1.1522e-03
   3.0000e-01    0.0000e+00    3.0000e+00    2.8978e+00    7.7646e-01    1.2893e-03   -2.2034e-04    1.3066e-03   -3.8241e-04
   3.0000e-01    0.0000e+00    3.0000e+00    2.8532e+00    9.2705e-01    1.0825e-03    7.7461e-04    1.1133e-03    5.8916e-04
   3.0000e-01    0.0000e+00    3.0000e+00    2.8007e+00    1.0751e+00    1.9048e-04    1.3427e-03    2.4879e-04    1.1700e-03
   3.0000e-01    0.0000e+00    3.0000e+00    2.7406e+00    1.2202e+00   -8.6808e-04    1.0765e-03   -7.8396e-04    8.7452e-04
   3.0000e-01    0.0000e+00    3.0000e+00    2.6730e+00    1.3620e+00   -1.4096e-03    7.8720e-05   -1.3659e-03   -1.7894e-04
   3.0000e-01    0.0000e+00    3.0000e+00    2.5981e+00    1.5000e+00   -1.0149e-03   -1.0260e-03   -8.8839e-04   -1.2768e-03
   3.0000e-01    0.0000e+00    3.0000e+00    2.5160e+00    1.6339e+00    1.2244e-04   -1.4723e-03    2.0810e-04   -1.7635e-03
   3.0000e-01    0.0000e+00    3.0000e+00    2.4271e+00    1.7634e+00    1.2379e-03   -8.7250e-04    1.4332e-03   -1.1983e-03
   3.0000e-01    0.0000e+00    3.0000e+00    2.3314e+00    1.8880e+00    1.4992e-03    4.1292e-04    1.6695e-03    8.5994e-05
   3.0000e-01    0.0000e+00    3.0000e+00    2.2294e+00    2.0074e+00    6.3001e-04    1.4707e-03    8.3200e-04    1.1337e-03
   3.0000e-01    0.0000e+00    3.0000e+00    2.1213e+00    2.1213e+00   -7.9867e-04    1.4433e-03   -5.8230e-04    1.0747e-03
   3.0000e-01    0.0000e+00    3.0000e+00    2.0074e+00    2.2294e+00   -1.6858e-03    2.5140e-04   -1.4802e-03   -1.4085e-04
   3.0000e-01    0.0000e+00    3.0000e+00    1.8880e+00    2.3314e+00   -1.2613e-03   -1.2357e-03   -9.7338e-04   -1.6396e-03
   3.0000e-01    0.0000e+00    3.0000e+00    1.7634e+00    2.4271e+00    2.5666e-04   -1.8170e-03    5.1785e-04   -2.2357e-03
   3.0000e-01    0.0000e+00    3.0000e+00    1.6339e+00    2.5160e+00    1.6940e-03   -8.9140e-04    2.0049e-03   -1.3249e-03
   3.0000e-01    0.0000e+00    3.0000e+00    1.5000e+00    2.5981e+00    1.7913e-03    9.0077e-04    2.1219e-03    4.6239e-04
   3.0000e-01    0.0000e+00    3.0000e+00   -1.5000e+00    2.5981e+00    1.7913e-03    9.0077e-04    2.0577e-03    4.9962e-04
   3.0000e-01    0.0000e+00    3.0000e+00   -1.6339e+00    2.5160e+00    1.6940e-03   -8.9140e-04    1.9835e-03   -1.2874e-03
   3.0000e-01    0.0000e+00    3.0000e+00   -1.7634e+00    2.4271e+00    2.5666e-04   -1.8170e-03    5.5795e-04   -2.2331e-03
   3.0000e-01    0.0000e+00    3.0000e+00   -1.8880e+00    2.3314e+00   -1.2613e-03   -1.2357e-03   -9.9977e-04   -1.6625e-03
   3.0000e-01    0.0000e+00    3.0000e+00   -2.0074e+00    2.2294e+00   -1.6858e-03    2.5140e-04   -1.4137e-03   -1.1470e-04
   3.0000e-01    0.0000e+00    3.0000e+00   -2.1213e+00    2.1213e+00   -7.9867e-04    1.4433e-03   -5.6718e-04    1.0758e-03
   3.0000e-01    0.0000e+00    3.0000e+00   -2.2294e+00    2.0074e+00    6.3001e-04    1.4707e-03    7.9836e-04    1.1010e-03
   3.0000e-01    0.0000e+00    3.0000e+00   -2.3314e+00    1.8880e+00    1.4992e-03    4.1292e-04    1.6889e-03    7.0694e-05
   3.0000e-01    0.0000e+00    3.0000e+00   -2.4271e+00    1.7634e+00    1.2379e-03   -8.7250e-04    1.3979e-03   -1.2368e-03
   3.0000e-01    0.0000e+00    3.0000e+00   -2.5160e+00    1.6339e+00    1.2244e-04   -1.4723e-03    2.6606e-04   -1.7912e-03
   3.0000e-01    0.0000e+00    3.0000e+00   -2.5981e+00    1.5000e+00   -1.0149e-03   -1.0260e-03   -9.3270e-04   -1.3027e-03
   3.0000e-01    0.0000e+00    3.0000e+00   -2.6730e+00    1.3620e+00   -1.4096e-03    7.8720e-05   -1.3726e-03   -1.4384e-04
   3.0000e-01    0.0000e+00    3.0000e+00   -2.7406e+00    1.2202e+00   -8.6808e-04    1.0765e-03   -7.6200e-04    8.5740e-04
   3.0000e-01    0.0000e+00    3.0000e+00   -2.8007e+00    1.0751e+00    1.9048e-04    1.3427e-03    2.1657e-04    1.1227e-03
   3.0000e-01    0.0000e+00    3.0000e+00   -2.8532e+00    9.2705e-01    1.0825e-03    7.7461e-04    1.1160e-03    5.3497e-04
   3.0000e-01    0.0000e+00    3.0000e+00   -2.8978e+00    7.7646e-01    1.2893e-03   -2.2034e-04    1.3132e-03   -3.3157e-04
   3.0000e-01    0.0000e+00    3.0000e+00   -2.9344e+00    6.2374e-01    7.5756e-04   -1.0399e-03    7.4597e-04   -1.1617e-03
   3.0000e-01    0.0000e+00    3.0000e+00   -2.9631e+00    4.6930e-01   -1.6658e-04   -1.2554e-03   -1.8152e-04   -1.3235e-03
   3.0000e-01    0.0000e+00    3.0000e+00   -2.9836e+00    3.1359e-01   -9.5654e-04   -8.0100e-04   -9.6029e-04   -8.5514e-04
   3.0000e-01    0.0000e+00    3.0000e+00   -2.9959e+00    1.5701e-01   -1.2297e-03    3.3121e-05   -1.3093e-03    -1.3348e-05
   3.0000e-01    0.0000e+00    3.0000e+00   -3.0000e+00    0.0000e+00   -8.9633e-04    8.1823e-04   -9.6379e-04    8.5973e-04
   3.0000e-01    0.0000e+00    3.0000e+00   -2.9959e+00   -1.5701e-01   -1.7874e-04    1.1850e-03   -2.7682e-04    1.1613e-03
   3.0000e-01    0.0000e+00    3.0000e+00   -2.9836e+00   -3.1359e-01    5.8602e-04    1.0288e-03    4.5792e-04    9.8981e-04
   3.0000e-01    0.0000e+00    3.0000e+00   -2.9631e+00   -4.6930e-01    1.0790e-03    4.5350e-04    9.8071e-04    4.5662e-04
   3.0000e-01    0.0000e+00    3.0000e+00   -2.9344e+00   -6.2374e-01    1.1258e-03   -2.6989e-04    9.7042e-04   -2.6982e-04
   3.0000e-01    0.0000e+00    3.0000e+00   -2.8978e+00   -7.7646e-01    7.5908e-04   -8.5828e-04    6.0488e-04   -7.5872e-04
   3.0000e-01    0.0000e+00    3.0000e+00   -2.8532e+00   -9.2705e-01    1.5644e-04   -1.1239e-03    -3.2683e-06   -1.0841e-03
   3.0000e-01    0.0000e+00    3.0000e+00   -2.8007e+00   -1.0751e+00   -4.7323e-04   -1.0199e-03   -5.7911e-04   -9.1755e-04
   3.0000e-01    0.0000e+00    3.0000e+00   -2.7406e+00   -1.2202e+00   -9.2712e-04   -6.1857e-04   -1.0152e-03   -4.6393e-04
   3.0000e-01    0.0000e+00    3.0000e+00   -2.6730e+00   -1.3620e+00   -1.1034e-03   -6.3558e-05   -1.1916e-03    4.2953e-05
   3.0000e-01    0.0000e+00    3.0000e+00   -2.5981e+00   -1.5000e+00   -9.9048e-04    4.7103e-04   -1.0647e-03    6.5514e-04
   3.0000e-01    0.0000e+00    3.0000e+00   -2.5160e+00   -1.6339e+00   -6.5633e-04    8.6867e-04   -7.2379e-04    1.0103e-03
   3.0000e-01    0.0000e+00    3.0000e+00   -2.4271e+00   -1.7634e+00   -1.9768e-04    1.0630e-03   -1.8343e-04    1.2604e-03
   3.0000e-01    0.0000e+00    3.0000e+00   -2.3314e+00   -1.8880e+00    2.7247e-04    1.0390e-03    2.6823e-04    1.2744e-03
   3.0000e-01    0.0000e+00    3.0000e+00   -2.2294e+00   -2.0074e+00    6.5832e-04    8.4073e-04    7.3249e-04    1.1100e-03
   3.0000e-01    0.0000e+00    3.0000e+00   -2.1213e+00   -2.1213e+00    9.2174e-04    5.2726e-04    9.8582e-04    8.3785e-04
   3.0000e-01    0.0000e+00    3.0000e+00   -2.0074e+00   -2.2294e+00    1.0445e-03    1.5764e-04    1.2278e-03    5.1962e-04
   3.0000e-01    0.0000e+00    3.0000e+00   -1.8880e+00   -2.3314e+00    1.0309e-03   -2.0482e-04    1.2065e-03    1.0420e-04
   3.0000e-01    0.0000e+00    3.0000e+00   -1.7634e+00   -2.4271e+00    9.1390e-04   -5.0977e-04    1.2275e-03   -1.7214e-04
   3.0000e-01    0.0000e+00    3.0000e+00   -1.6339e+00   -2.5160e+00    7.2687e-04   -7.4705e-04    9.4426e-04   -3.6173e-04
   3.0000e-01    0.0000e+00    3.0000e+00   -1.5000e+00   -2.5981e+00    4.9869e-04   -9.1080e-04    8.2087e-04   -4.5931e-04
   3.0000e-01    0.0000e+00    3.0000e+00   -1.3620e+00   -2.6730e+00    2.6298e-04   -1.0010e-03    5.2349e-04   -5.2550e-04
   3.0000e-01    0.0000e+00    3.0000e+00   -1.2202e+00   -2.7406e+00    4.2211e-05   -1.0311e-03    4.0095e-04   -5.4539e-04
   3.0000e-01    0.0000e+00    3.0000e+00   -1.0751e+00   -2.8007e+00   -1.5492e-04   -1.0176e-03    1.7840e-04   -5.1846e-04
   3.0000e-01    0.0000e+00    3.0000e+00   -9.2705e-01   -2.8532e+00   -3.2103e-04   -9.7542e-04    6.6568e-05   -4.2731e-04
   3.0000e-01    0.0000e+00    3.0000e+00   -7.7646e-01   -2.8978e+00   -4.5735e-04   -9.1719e-04   -4.5110e-05   -3.2609e-04
   3.0000e-01    0.0000e+00    3.0000e+00   -6.2374e-01   -2.9344e+00   -5.5748e-04   -8.5822e-04   -1.3909e-04   -3.2835e-04
   3.0000e-01    0.0000e+00    3.0000e+00   -4.6930e-01   -2.9631e+00   -6.3216e-04   -8.0316e-04   -1.8978e-04   -1.5847e-04
   3.0000e-01    0.0000e+00    3.0000e+00   -3.1359e-01   -2.9836e+00   -6.7957e-04   -7.6235e-04   -2.2145e-04   -7.3063e-05
   3.0000e-01    0.0000e+00    3.0000e+00   -1.5701e-01   -2.9959e+00   -7.0919e-04   -7.3424e-04   -2.0807e-04   -1.5335e-04
   3.0000e-01    0.0000e+00    3.0000e+00    0.0000e+00   -3.0000e+00   -7.2250e-04   -7.2081e-04   -2.5865e-04   -9.4732e-05
   3.0000e-01    0.0000e+00    3.0000e+00    1.5701e-01   -2.9959e+00   -7.0919e-04   -7.3424e-04   -2.6244e-04   -3.8063e-05
   3.0000e-01    0.0000e+00    3.0000e+00    3.1359e-01   -2.9836e+00   -6.7957e-04   -7.6235e-04   -2.3506e-04   -1.2714e-04
   3.0000e-01    0.0000e+00    3.0000e+00    4.6930e-01   -2.9631e+00   -6.3216e-04   -8.0316e-04   -1.1812e-04   -2.0597e-04
   3.0000e-01    0.0000e+00    3.0000e+00    6.2374e-01   -2.9344e+00   -5.5748e-04   -8.5822e-04   -1.4058e-04   -2.8085e-04
   3.0000e-01    0.0000e+00    3.0000e+00    7.7646e-01   -2.8978e+00   -4.5735e-04   -9.1719e-04   -1.6373e-05   -3.2151e-04
   3.0000e-01    0.0000e+00    3.0000e+00    9.2705e-01   -2.8532e+00   -3.2103e-04   -9.7542e-04    8.2647e-05   -4.7367e-04
   3.0000e-01    0.0000e+00    3.0000e+00    1.0751e+00   -2.8007e+00   -1.5492e-04   -1.0176e-03    2.1953e-04   -5.1678e-04
   3.0000e-01    0.0000e+00    3.0000e+00    1.2202e+00   -2.7406e+00    4.2211e-05   -1.0311e-03    3.1201e-04   -5.5773e-04
   3.0000e-01    0.0000e+00    3.0000e+00    1.3620e+00   -2.6730e+00    2.6298e-04   -1.0010e-03    5.2331e-04   -5.1510e-04
   3.0000e-01    0.0000e+00    3.0000e+00    1.5000e+00   -2.5981e+00    4.9869e-04   -9.1080e-04    8.3121e-04   -4.1245e-04
   3.0000e-01    0.0000e+00    3.0000e+00    1.6339e+00   -2.5160e+00    7.2687e-04   -7.4705e-04    9.3770e-04   -3.5416e-04
   3.0000e-01    0.0000e+00    3.0000e+00    1.7634e+00   -2.4271e+00    9.1390e-04   -5.0977e-04    1.1277e-03   -9.8516e-05
   3.0000e-01    0.0000e+00    3.0000e+00    1.8880e+00   -2.3314e+00    1.0309e-03   -2.0482e-04    1.1710e-03    1.3611e-04
   3.0000e-01    0.0000e+00    3.0000e+00    2.0074e+00   -2.2294e+00    1.0445e-03    1.5764e-04    1.2298e-03    4.7091e-04
   3.0000e-01    0.0000e+00    3.0000e+00    2.1213e+00   -2.1213e+00    9.2174e-04    5.2726e-04    9.8087e-04    8.1954e-04
   3.0000e-01    0.0000e+00    3.0000e+00    2.2294e+00   -2.0074e+00    6.5832e-04    8.4073e-04    7.1781e-04    1.0681e-03
   3.0000e-01    0.0000e+00    3.0000e+00    2.3314e+00   -1.8880e+00    2.7247e-04    1.0390e-03    2.7347e-04    1.2359e-03
   3.0000e-01    0.0000e+00    3.0000e+00    2.4271e+00   -1.7634e+00   -1.9768e-04    1.0630e-03   -2.2842e-04    1.3350e-03
   3.0000e-01    0.0000e+00    3.0000e+00    2.5160e+00   -1.6339e+00   -6.5633e-04    8.6867e-04   -6.8064e-04    1.0541e-03
   3.0000e-01    0.0000e+00    3.0000e+00    2.5981e+00   -1.5000e+00   -9.9048e-04    4.7103e-04   -1.0911e-03    6.2870e-04
   3.0000e-01    0.0000e+00    3.0000e+00    2.6730e+00   -1.3620e+00   -1.1034e-03   -6.3558e-05   -1.1571e-03    6.6932e-05
   3.0000e-01    0.0000e+00    3.0000e+00    2.7406e+00   -1.2202e+00   -9.2712e-04   -6.1857e-04   -9.8205e-04   -5.3281e-04
   3.0000e-01    0.0000e+00    3.0000e+00    2.8007e+00   -1.0751e+00   -4.7323e-04   -1.0199e-03   -5.9437e-04   -8.4967e-04
   3.0000e-01    0.0000e+00    3.0000e+00    2.8532e+00   -9.2705e-01    1.5644e-04   -1.1239e-03    -2.5958e-05   -9.8838e-04
   3.0000e-01    0.0000e+00    3.0000e+00    2.8978e+00   -7.7646e-01    7.5908e-04   -8.5828e-04    5.8099e-04   -7.8017e-04
   3.0000e-01    0.0000e+00    3.0000e+00    2.9344e+00   -6.2374e-01    1.1258e-03   -2.6989e-04    1.0050e-03   -1.7860e-04
   3.0000e-01    0.0000e+00    3.0000e+00    2.9631e+00   -4.6930e-01    1.0790e-03    4.5350e-04    8.6720e-04    4.3849e-04
   3.0000e-01    0.0000e+00    3.0000e+00    2.9836e+00   -3.1359e-01    5.8602e-04    1.0288e-03    4.6783e-04    1.0593e-03
   3.0000e-01    0.0000e+00    3.0000e+00    2.9959e+00   -1.5701e-01   -1.7874e-04    1.1850e-03   -2.9549e-04    1.1884e-03
   3.0000e-01   -1.5000e+00    2.6000e+00    3.0000e+00    0.0000e+00   -9.8520e-04    4.8154e-04   -1.1079e-03    5.5424e-04
   3.0000e-01   -1.5000e+00    2.6000e+00    2.9959e+00    1.5701e-01   -1.1035e-03   -6.2410e-05   -1.2436e-03    4.4246e-06
   3.0000e-01   -1.5000e+00    2.6000e+00    2.9836e+00    3.1359e-01   -9.3007e-04   -6.1379e-04   -1.0469e-03   -5.3523e-04
   3.0000e-01   -1.5000e+00    2.6000e+00    2.9631e+00    4.6930e-01   -4.7914e-04   -1.0169e-03   -6.5435e-04   -1.0225e-03
   3.0000e-01   -1.5000e+00    2.6000e+00    2.9344e+00    6.2374e-01    1.4886e-04   -1.1248e-03   -1.6053e-05   -1.1580e-03
   3.0000e-01   -1.5000e+00    2.6000e+00    2.8978e+00    7.7646e-01    7.5473e-04   -8.6193e-04    5.7970e-04   -9.6497e-04
   3.0000e-01   -1.5000e+00    2.6000e+00    2.8532e+00    9.2705e-01    1.1245e-03   -2.7469e-04    9.6256e-04   -3.8696e-04
   3.0000e-01   -1.5000e+00    2.6000e+00    2.8007e+00    1.0751e+00    1.0809e-03    4.4881e-04    8.8052e-04    2.8416e-04
   3.0000e-01   -1.5000e+00    2.6000e+00    2.7406e+00    1.2202e+00    5.9562e-04    1.0231e-03    4.7486e-04    8.7464e-04
   3.0000e-01   -1.5000e+00    2.6000e+00    2.6730e+00    1.3620e+00   -1.7128e-04    1.1858e-03   -2.7683e-04    1.0199e-03
   3.0000e-01   -1.5000e+00    2.6000e+00    2.5981e+00    1.5000e+00   -8.9682e-04    8.1751e-04   -1.0742e-03    5.7580e-04
   3.0000e-01   -1.5000e+00    2.6000e+00    2.5160e+00    1.6339e+00   -1.2295e-03    3.6530e-05   -1.3009e-03   -2.2620e-04
   3.0000e-01   -1.5000e+00    2.6000e+00    2.4271e+00    1.7634e+00   -9.5842e-04   -7.9852e-04   -1.0619e-03   -1.0723e-03
   3.0000e-01   -1.5000e+00    2.6000e+00    2.3314e+00    1.8880e+00   -1.7340e-04   -1.2542e-03   -2.1696e-04   -1.5843e-03
   3.0000e-01   -1.5000e+00    2.6000e+00    2.2294e+00    2.0074e+00    7.5145e-04   -1.0441e-03    7.3820e-04   -1.3849e-03
   3.0000e-01   -1.5000e+00    2.6000e+00    2.1213e+00    2.1213e+00    1.2896e-03   -2.1856e-04    1.2388e-03   -5.5344e-04
   3.0000e-01   -1.5000e+00    2.6000e+00    2.0074e+00    2.2294e+00    1.0814e-03    7.7600e-04    1.1226e-03    4.4318e-04
   3.0000e-01   -1.5000e+00    2.6000e+00    1.8880e+00    2.3314e+00    1.9757e-04    1.3413e-03    2.6040e-04    8.9261e-04
   3.0000e-01   -1.5000e+00    2.6000e+00    1.7634e+00    2.4271e+00   -8.6586e-04    1.0780e-03   -6.9152e-04    6.1075e-04
   3.0000e-01   -1.5000e+00    2.6000e+00    1.6339e+00    2.5160e+00   -1.4095e-03    7.8570e-05   -1.2616e-03   -3.3294e-04
   3.0000e-01   -1.5000e+00    2.6000e+00    1.5000e+00    2.5981e+00   -1.0140e-03   -1.0270e-03   -8.2826e-04   -1.5251e-03
   3.0000e-01   -1.5000e+00    2.6000e+00    1.3620e+00    2.6730e+00    1.1651e-04   -1.4724e-03    3.4425e-04   -1.9329e-03
   3.0000e-01   -1.5000e+00    2.6000e+00    1.2202e+00    2.7406e+00    1.2384e-03   -8.7194e-04    1.5258e-03   -1.3129e-03
   3.0000e-01   -1.5000e+00    2.6000e+00    1.0751e+00    2.8007e+00    1.4983e-03    4.1698e-04    1.8618e-03   -1.0008e-04
   3.0000e-01   -1.5000e+00    2.6000e+00    9.2705e-01    2.8532e+00    6.2070e-04    1.4748e-03    9.0018e-04    9.7655e-04
   3.0000e-01   -1.5000e+00    2.6000e+00    7.7646e-01    2.8978e+00   -7.9776e-04    1.4436e-03   -4.7040e-04    1.0085e-03
   3.0000e-01   -1.5000e+00    2.6000e+00    6.2374e-01    2.9344e+00   -1.6852e-03    2.5429e-04   -1.3623e-03   -2.2700e-04
   3.0000e-01   -1.5000e+00    2.6000e+00    4.6930e-01    2.9631e+00   -1.2553e-03   -1.2422e-03   -9.7727e-04   -1.7564e-03
   3.0000e-01   -1.5000e+00    2.6000e+00    3.1359e-01    2.9836e+00    2.7172e-04   -1.8154e-03    6.3206e-04   -2.2355e-03
   3.0000e-01   -1.5000e+00    2.6000e+00    1.5701e-01    2.9959e+00    1.6972e-03   -8.8578e-04    1.9908e-03   -1.2800e-03
   3.0000e-01   -1.5000e+00    2.6000e+00    0.0000e+00    3.0000e+00    1.7867e-03    9.1095e-04    2.1066e-03    5.3112e-04
   3.0000e-01   -1.5000e+00    2.6000e+00   -2.5981e+00    1.5000e+00    1.7992e-03    8.8287e-04    1.9890e-03    7.6444e-04
   3.0000e-01   -1.5000e+00    2.6000e+00   -2.6730e+00    1.3620e+00    1.6862e-03   -9.0466e-04    1.9287e-03   -9.9512e-04
   3.0000e-01   -1.5000e+00    2.6000e+00   -2.7406e+00    1.2202e+00    2.4186e-04   -1.8186e-03    4.9979e-04   -1.9625e-03
   3.0000e-01   -1.5000e+00    2.6000e+00   -2.8007e+00    1.0751e+00   -1.2689e-03   -1.2275e-03   -1.0512e-03   -1.2786e-03
   3.0000e-01   -1.5000e+00    2.6000e+00   -2.8532e+00    9.2705e-01   -1.6815e-03    2.7364e-04   -1.4623e-03    1.6485e-04
   3.0000e-01   -1.5000e+00    2.6000e+00   -2.8978e+00    7.7646e-01   -7.8153e-04    1.4519e-03   -6.0648e-04    1.3233e-03
   3.0000e-01   -1.5000e+00    2.6000e+00   -2.9344e+00    6.2374e-01    6.3846e-04    1.4667e-03    8.4913e-04    1.3004e-03
   3.0000e-01   -1.5000e+00    2.6000e+00   -2.9631e+00    4.6930e-01    1.5023e-03    4.0018e-04    1.6665e-03    1.8492e-04
   3.0000e-01   -1.5000e+00    2.6000e+00   -2.9836e+00    3.1359e-01    1.2268e-03   -8.8720e-04    1.3403e-03   -1.0604e-03
   3.0000e-01   -1.5000e+00    2.6000e+00   -2.9959e+00    1.5701e-01    1.0645e-04   -1.4730e-03    1.4325e-04   -1.6548e-03
   3.0000e-01   -1.5000e+00    2.6000e+00   -3.0000e+00    0.0000e+00   -1.0295e-03   -1.0107e-03   -1.0262e-03   -1.2671e-03
   3.0000e-01   -1.5000e+00    2.6000e+00   -2.9959e+00   -1.5701e-01   -1.4085e-03    9.1961e-05   -1.4175e-03   -8.4791e-05
   3.0000e-01   -1.5000e+00    2.6000e+00   -2.9836e+00   -3.1359e-01   -8.6198e-04    1.0810e-03   -8.9664e-04    8.6573e-04
   3.0000e-01   -1.5000e+00    2.6000e+00   -2.9631e+00   -4.6930e-01    2.0512e-04    1.3401e-03    9.9980e-05    1.0953e-03
   3.0000e-01   -1.5000e+00    2.6000e+00   -2.9344e+00   -6.2374e-01    1.0907e-03    7.6233e-04    9.3662e-04    4.9930e-04
   3.0000e-01   -1.5000e+00    2.6000e+00   -2.8978e+00   -7.7646e-01    1.2864e-03   -2.3480e-04    1.1649e-03   -4.7230e-04
   3.0000e-01   -1.5000e+00    2.6000e+00   -2.8532e+00   -9.2705e-01    7.4694e-04   -1.0471e-03    6.1671e-04   -1.2776e-03
   3.0000e-01   -1.5000e+00    2.6000e+00   -2.8007e+00   -1.0751e+00   -1.8057e-04   -1.2532e-03   -3.9132e-04   -1.4173e-03
   3.0000e-01   -1.5000e+00    2.6000e+00   -2.7406e+00   -1.2202e+00   -9.6513e-04   -7.9030e-04   -1.2132e-03   -1.0223e-03
   3.0000e-01   -1.5000e+00    2.6000e+00   -2.6730e+00   -1.3620e+00   -1.2285e-03    5.3084e-05   -1.4320e-03   -8.7307e-05
   3.0000e-01   -1.5000e+00    2.6000e+00   -2.5981e+00   -1.5000e+00   -8.9054e-04    8.2425e-04   -1.2206e-03    7.0348e-04
   3.0000e-01   -1.5000e+00    2.6000e+00   -2.5160e+00   -1.6339e+00   -1.6376e-04    1.1868e-03   -4.4552e-04    1.1567e-03
   3.0000e-01   -1.5000e+00    2.6000e+00   -2.4271e+00   -1.7634e+00    6.0493e-04    1.0173e-03    3.0775e-04    9.5174e-04
   3.0000e-01   -1.5000e+00    2.6000e+00   -2.3314e+00   -1.8880e+00    1.0863e-03    4.3454e-04    7.8328e-04    3.9684e-04
   3.0000e-01   -1.5000e+00    2.6000e+00   -2.2294e+00   -2.0074e+00    1.1227e-03   -2.8146e-04    8.3096e-04   -2.8910e-04
   3.0000e-01   -1.5000e+00    2.6000e+00   -2.1213e+00   -2.1213e+00    7.5188e-04   -8.6435e-04    4.5787e-04   -8.3319e-04
   3.0000e-01   -1.5000e+00    2.6000e+00   -2.0074e+00   -2.2294e+00    1.3736e-04   -1.1261e-03   -1.5874e-04   -1.0466e-03
   3.0000e-01   -1.5000e+00    2.6000e+00   -1.8880e+00   -2.3314e+00   -4.9042e-04   -1.0112e-03   -7.3742e-04   -8.5640e-04
   3.0000e-01   -1.5000e+00    2.6000e+00   -1.7634e+00   -2.4271e+00   -9.3491e-04   -6.0601e-04   -1.1861e-03   -3.6955e-04
   3.0000e-01   -1.5000e+00    2.6000e+00   -1.6339e+00   -2.5160e+00   -1.1037e-03   -5.5297e-05   -1.2948e-03    1.9462e-04
   3.0000e-01   -1.5000e+00    2.6000e+00   -1.5000e+00   -2.5981e+00   -9.8379e-04    4.8397e-04   -1.1627e-03    8.4213e-04
   3.0000e-01   -1.5000e+00    2.6000e+00   -1.3620e+00   -2.6730e+00   -6.4232e-04    8.7864e-04   -7.7062e-04    1.2400e-03
   3.0000e-01   -1.5000e+00    2.6000e+00   -1.2202e+00   -2.7406e+00   -1.8553e-04    1.0650e-03   -3.7792e-04    1.4263e-03
   3.0000e-01   -1.5000e+00    2.6000e+00   -1.0751e+00   -2.8007e+00    2.7941e-04    1.0371e-03    1.3060e-04    1.4399e-03
   3.0000e-01   -1.5000e+00    2.6000e+00   -9.2705e-01   -2.8532e+00    6.6882e-04    8.3204e-04    6.3397e-04    1.2580e-03
   3.0000e-01   -1.5000e+00    2.6000e+00   -7.7646e-01   -2.8978e+00    9.3042e-04    5.1102e-04    9.3401e-04    9.5366e-04
   3.0000e-01   -1.5000e+00    2.6000e+00   -6.2374e-01   -2.9344e+00    1.0458e-03    1.4689e-04    1.0830e-03    5.9712e-04
   3.0000e-01   -1.5000e+00    2.6000e+00   -4.6930e-01   -2.9631e+00    1.0293e-03   -2.1214e-04    1.0724e-03    3.2420e-04
   3.0000e-01   -1.5000e+00    2.6000e+00   -3.1359e-01   -2.9836e+00    9.0911e-04   -5.1803e-04    1.0096e-03    1.9565e-05
   3.0000e-01   -1.5000e+00    2.6000e+00   -1.5701e-01   -2.9959e+00    7.1774e-04   -7.5562e-04    8.9765e-04   -2.1176e-04
   3.0000e-01   -1.5000e+00    2.6000e+00    0.0000e+00   -3.0000e+00    4.8662e-04   -9.1717e-04    6.2432e-04   -4.3784e-04
   3.0000e-01   -1.5000e+00    2.6000e+00    1.5701e-01   -2.9959e+00    2.5568e-04   -1.0028e-03    4.9467e-04   -4.3456e-04
   3.0000e-01   -1.5000e+00    2.6000e+00    3.1359e-01   -2.9836e+00    3.4806e-05   -1.0312e-03    2.0814e-04   -4.0029e-04
   3.0000e-01   -1.5000e+00    2.6000e+00    4.6930e-01   -2.9631e+00   -1.6660e-04   -1.0155e-03    1.1742e-04   -4.2017e-04
   3.0000e-01   -1.5000e+00    2.6000e+00    6.2374e-01   -2.9344e+00   -3.3277e-04   -9.7141e-04   -1.0709e-04   -3.6373e-04
   3.0000e-01   -1.5000e+00    2.6000e+00    7.7646e-01   -2.8978e+00   -4.6719e-04   -9.1211e-04   -1.8692e-04   -3.5725e-04
   3.0000e-01   -1.5000e+00    2.6000e+00    9.2705e-01   -2.8532e+00   -5.6536e-04   -8.5288e-04   -2.0823e-04   -3.3087e-04
   3.0000e-01   -1.5000e+00    2.6000e+00    1.0751e+00   -2.8007e+00   -6.4018e-04   -7.9672e-04   -2.7555e-04   -1.9560e-04
   3.0000e-01   -1.5000e+00    2.6000e+00    1.2202e+00   -2.7406e+00   -6.8973e-04   -7.5306e-04   -2.5704e-04   -1.6374e-04
   3.0000e-01   -1.5000e+00    2.6000e+00    1.3620e+00   -2.6730e+00   -7.1986e-04   -7.2346e-04   -4.0312e-04   -1.8270e-04
   3.0000e-01   -1.5000e+00    2.6000e+00    1.5000e+00   -2.5981e+00   -7.2759e-04   -7.1560e-04   -3.2981e-04   -1.4701e-04
   3.0000e-01   -1.5000e+00    2.6000e+00    1.6339e+00   -2.5160e+00   -7.1621e-04   -7.2733e-04   -2.8101e-04   -2.4686e-04
   3.0000e-01   -1.5000e+00    2.6000e+00    1.7634e+00   -2.4271e+00   -6.8991e-04   -7.5288e-04   -2.9073e-04   -1.9425e-04
   3.0000e-01   -1.5000e+00    2.6000e+00    1.8880e+00   -2.3314e+00   -6.4391e-04   -7.9355e-04   -1.8069e-04   -2.2570e-04
   3.0000e-01   -1.5000e+00    2.6000e+00    2.0074e+00   -2.2294e+00   -5.6603e-04   -8.5245e-04   -1.7215e-04   -3.2686e-04
   3.0000e-01   -1.5000e+00    2.6000e+00    2.1213e+00   -2.1213e+00   -4.6059e-04   -9.1562e-04   -8.3422e-06   -4.0654e-04
   3.0000e-01   -1.5000e+00    2.6000e+00    2.2294e+00   -2.0074e+00   -3.3049e-04   -9.7226e-04    7.8214e-05   -4.9946e-04
   3.0000e-01   -1.5000e+00    2.6000e+00    2.3314e+00   -1.8880e+00   -1.6975e-04   -1.0150e-03    1.7418e-04   -6.4215e-04
   3.0000e-01   -1.5000e+00    2.6000e+00    2.4271e+00   -1.7634e+00    3.2403e-05   -1.0313e-03    4.1015e-04   -6.4566e-04
   3.0000e-01   -1.5000e+00    2.6000e+00    2.5160e+00   -1.6339e+00    2.5896e-04   -1.0020e-03    5.7637e-04   -6.4844e-04
   3.0000e-01   -1.5000e+00    2.6000e+00    2.5981e+00   -1.5000e+00    4.9173e-04   -9.1455e-04    7.6825e-04   -5.6153e-04
   3.0000e-01   -1.5000e+00    2.6000e+00    2.6730e+00   -1.3620e+00    7.1703e-04   -7.5625e-04    9.4032e-04   -4.3532e-04
   3.0000e-01   -1.5000e+00    2.6000e+00    2.7406e+00   -1.2202e+00    9.1049e-04   -5.1596e-04    1.1379e-03   -2.2560e-04
   3.0000e-01   -1.5000e+00    2.6000e+00    2.8007e+00   -1.0751e+00    1.0306e-03   -2.0695e-04    1.1874e-03    8.5254e-05
   3.0000e-01   -1.5000e+00    2.6000e+00    2.8532e+00   -9.2705e-01    1.0450e-03    1.5364e-04    1.2467e-03    3.7438e-04
   3.0000e-01   -1.5000e+00    2.6000e+00    2.8978e+00   -7.7646e-01    9.2785e-04    5.1601e-04    1.0691e-03    7.5891e-04
   3.0000e-01   -1.5000e+00    2.6000e+00    2.9344e+00   -6.2374e-01    6.6498e-04    8.3541e-04    6.3870e-04    9.9900e-04
   3.0000e-01   -1.5000e+00    2.6000e+00    2.9631e+00   -4.6930e-01    2.7365e-04    1.0388e-03    2.7341e-04    1.2269e-03
   3.0000e-01   -1.5000e+00    2.6000e+00    2.9836e+00   -3.1359e-01   -1.9724e-04    1.0630e-03   -2.0903e-04    1.2154e-03
   3.0000e-01   -1.5000e+00    2.6000e+00    2.9959e+00   -1.5701e-01   -6.5106e-04    8.7255e-04   -6.8319e-04    9.5444e-04
   3.0000e-01   -2.6000e+00    1.5000e+00    3.0000e+00    0.0000e+00    4.8474e-04   -9.1813e-04    4.0388e-04   -5.6553e-04
   3.0000e-01   -2.6000e+00    1.5000e+00    2.9959e+00    1.5701e-01    7.1774e-04   -7.5562e-04    5.5700e-04   -4.0071e-04
   3.0000e-01   -2.6000e+00    1.5000e+00    2.9836e+00    3.1359e-01    9.0911e-04   -5.1803e-04    6.6704e-04   -2.1530e-04
   3.0000e-01   -2.6000e+00    1.5000e+00    2.9631e+00    4.6930e-01    1.0293e-03   -2.1214e-04    7.2645e-04    1.1398e-04
   3.0000e-01   -2.6000e+00    1.5000e+00    2.9344e+00    6.2374e-01    1.0458e-03    1.4689e-04    6.8686e-04    4.3607e-04
   3.0000e-01   -2.6000e+00    1.5000e+00    2.8978e+00    7.7646e-01    9.3042e-04    5.1102e-04    4.6222e-04    7.7044e-04
   3.0000e-01   -2.6000e+00    1.5000e+00    2.8532e+00    9.2705e-01    6.6882e-04    8.3204e-04    1.6074e-04    1.0174e-03
   3.0000e-01   -2.6000e+00    1.5000e+00    2.8007e+00    1.0751e+00    2.7941e-04    1.0371e-03   -2.4581e-04    1.2706e-03
   3.0000e-01   -2.6000e+00    1.5000e+00    2.7406e+00    1.2202e+00   -1.8553e-04    1.0650e-03   -7.1319e-04    1.2141e-03
   3.0000e-01   -2.6000e+00    1.5000e+00    2.6730e+00    1.3620e+00   -6.4232e-04    8.7864e-04   -1.2339e-03    1.0117e-03
   3.0000e-01   -2.6000e+00    1.5000e+00    2.5981e+00    1.5000e+00   -9.8379e-04    4.8397e-04   -1.5828e-03    5.9211e-04
   3.0000e-01   -2.6000e+00    1.5000e+00    2.5160e+00    1.6339e+00   -1.1037e-03   -5.5297e-05   -1.6900e-03   -6.3377e-06
   3.0000e-01   -2.6000e+00    1.5000e+00    2.4271e+00    1.7634e+00   -9.3491e-04   -6.0601e-04   -1.4312e-03   -5.7505e-04
   3.0000e-01   -2.6000e+00    1.5000e+00    2.3314e+00    1.8880e+00   -4.9042e-04   -1.0112e-03   -1.0029e-03   -9.8607e-04
   3.0000e-01   -2.6000e+00    1.5000e+00    2.2294e+00    2.0074e+00    1.3736e-04   -1.1261e-03   -3.2525e-04   -1.1543e-03
   3.0000e-01   -2.6000e+00    1.5000e+00    2.1213e+00    2.1213e+00    7.5188e-04   -8.6435e-04    3.3629e-04   -9.7461e-04
   3.0000e-01   -2.6000e+00    1.5000e+00    2.0074e+00    2.2294e+00    1.1227e-03   -2.8146e-04    7.6593e-04   -4.1794e-04
   3.0000e-01   -2.6000e+00    1.5000e+00    1.8880e+00    2.3314e+00    1.0863e-03    4.3454e-04    7.9675e-04    2.6890e-04
   3.0000e-01   -2.6000e+00    1.5000e+00    1.7634e+00    2.4271e+00    6.0493e-04    1.0173e-03    3.9900e-04    8.8531e-04
   3.0000e-01   -2.6000e+00    1.5000e+00    1.6339e+00    2.5160e+00   -1.6376e-04    1.1868e-03   -3.3141e-04    1.0005e-03
   3.0000e-01   -2.6000e+00    1.5000e+00    1.5000e+00    2.5981e+00   -8.9054e-04    8.2425e-04   -9.9934e-04    5.5407e-04
   3.0000e-01   -2.6000e+00    1.5000e+00    1.3620e+00    2.6730e+00   -1.2285e-03    5.3084e-05   -1.3369e-03   -1.7887e-04
   3.0000e-01   -2.6000e+00    1.5000e+00    1.2202e+00    2.7406e+00   -9.6513e-04   -7.9030e-04   -9.8126e-04   -1.0386e-03
   3.0000e-01   -2.6000e+00    1.5000e+00    1.0751e+00    2.8007e+00   -1.8057e-04   -1.2532e-03   -2.0247e-04   -1.5097e-03
   3.0000e-01   -2.6000e+00    1.5000e+00    9.2705e-01    2.8532e+00    7.4694e-04   -1.0471e-03    7.7487e-04   -1.3546e-03
   3.0000e-01   -2.6000e+00    1.5000e+00    7.7646e-01    2.8978e+00    1.2864e-03   -2.3480e-04    1.3636e-03   -5.2302e-04
   3.0000e-01   -2.6000e+00    1.5000e+00    6.2374e-01    2.9344e+00    1.0907e-03    7.6233e-04    1.2155e-03    4.9769e-04
   3.0000e-01   -2.6000e+00    1.5000e+00    4.6930e-01    2.9631e+00    2.0512e-04    1.3401e-03    3.2796e-04    1.0627e-03
   3.0000e-01   -2.6000e+00    1.5000e+00    3.1359e-01    2.9836e+00   -8.6198e-04    1.0810e-03   -7.8115e-04    7.6477e-04
   3.0000e-01   -2.6000e+00    1.5000e+00    1.5701e-01    2.9959e+00   -1.4085e-03    9.1961e-05   -1.3436e-03   -9.4960e-05
   3.0000e-01   -2.6000e+00    1.5000e+00    0.0000e+00    3.0000e+00   -1.0227e-03   -1.0178e-03   -9.4416e-04   -1.2976e-03
   3.0000e-01   -2.6000e+00    1.5000e+00   -1.5701e-01    2.9959e+00    1.0645e-04   -1.4730e-03    2.1140e-04   -1.7434e-03
   3.0000e-01   -2.6000e+00    1.5000e+00   -3.1359e-01    2.9836e+00    1.2268e-03   -8.8720e-04    1.3264e-03   -1.1953e-03
   3.0000e-01   -2.6000e+00    1.5000e+00   -4.6930e-01    2.9631e+00    1.5023e-03    4.0018e-04    1.5906e-03    1.2354e-04
   3.0000e-01   -2.6000e+00    1.5000e+00   -6.2374e-01    2.9344e+00    6.3846e-04    1.4667e-03    7.6057e-04    1.2312e-03
   3.0000e-01   -2.6000e+00    1.5000e+00   -7.7646e-01    2.8978e+00   -7.8153e-04    1.4519e-03   -6.6936e-04    1.2647e-03
   3.0000e-01   -2.6000e+00    1.5000e+00   -9.2705e-01    2.8532e+00   -1.6815e-03    2.7364e-04   -1.5525e-03    1.3064e-04
   3.0000e-01   -2.6000e+00    1.5000e+00   -1.0751e+00    2.8007e+00   -1.2689e-03   -1.2275e-03   -1.1164e-03   -1.3729e-03
   3.0000e-01   -2.6000e+00    1.5000e+00   -1.2202e+00    2.7406e+00    2.4186e-04   -1.8186e-03    3.8548e-04   -1.9297e-03
   3.0000e-01   -2.6000e+00    1.5000e+00   -1.3620e+00    2.6730e+00    1.6862e-03   -9.0466e-04    1.8857e-03   -1.0048e-03
   3.0000e-01   -2.6000e+00    1.5000e+00   -1.5000e+00    2.5981e+00    1.7992e-03    8.8287e-04    2.0528e-03    7.8214e-04
   3.0000e-01   -2.6000e+00    1.5000e+00   -3.0000e+00    0.0000e+00    1.7929e-03    8.9701e-04    1.8695e-03    4.6831e-04
   3.0000e-01   -2.6000e+00    1.5000e+00   -2.9959e+00   -1.5701e-01    1.6972e-03   -8.8578e-04    1.7470e-03   -1.2951e-03
   3.0000e-01   -2.6000e+00    1.5000e+00   -2.9836e+00   -3.1359e-01    2.7172e-04   -1.8154e-03    2.3049e-04   -2.3133e-03
   3.0000e-01   -2.6000e+00    1.5000e+00   -2.9631e+00   -4.6930e-01   -1.2553e-03   -1.2422e-03   -1.4093e-03   -1.7379e-03
   3.0000e-01   -2.6000e+00    1.5000e+00   -2.9344e+00   -6.2374e-01   -1.6852e-03    2.5429e-04   -1.8654e-03   -2.1482e-04
   3.0000e-01   -2.6000e+00    1.5000e+00   -2.8978e+00   -7.7646e-01   -7.9776e-04    1.4436e-03   -1.0472e-03    9.9466e-04
   3.0000e-01   -2.6000e+00    1.5000e+00   -2.8532e+00   -9.2705e-01    6.2070e-04    1.4748e-03    3.6293e-04    9.2250e-04
   3.0000e-01   -2.6000e+00    1.5000e+00   -2.8007e+00   -1.0751e+00    1.4983e-03    4.1698e-04    1.1929e-03   -1.4689e-04
   3.0000e-01   -2.6000e+00    1.5000e+00   -2.7406e+00   -1.2202e+00    1.2384e-03   -8.7194e-04    9.0064e-04   -1.3573e-03
   3.0000e-01   -2.6000e+00    1.5000e+00   -2.6730e+00   -1.3620e+00    1.1651e-04   -1.4724e-03   -2.3324e-04   -1.9323e-03
   3.0000e-01   -2.6000e+00    1.5000e+00   -2.5981e+00   -1.5000e+00   -1.0140e-03   -1.0270e-03   -1.3639e-03   -1.4745e-03
   3.0000e-01   -2.6000e+00    1.5000e+00   -2.5160e+00   -1.6339e+00   -1.4095e-03    7.8570e-05   -1.6982e-03   -2.8526e-04
   3.0000e-01   -2.6000e+00    1.5000e+00   -2.4271e+00   -1.7634e+00   -8.6586e-04    1.0780e-03   -1.2382e-03    7.4594e-04
   3.0000e-01   -2.6000e+00    1.5000e+00   -2.3314e+00   -1.8880e+00    1.9757e-04    1.3413e-03   -1.8434e-04    9.7586e-04
   3.0000e-01   -2.6000e+00    1.5000e+00   -2.2294e+00   -2.0074e+00    1.0814e-03    7.7600e-04    8.1375e-04    3.9713e-04
   3.0000e-01   -2.6000e+00    1.5000e+00   -2.1213e+00   -2.1213e+00    1.2896e-03   -2.1856e-04    1.0032e-03   -5.2969e-04
   3.0000e-01   -2.6000e+00    1.5000e+00   -2.0074e+00   -2.2294e+00    7.5145e-04   -1.0441e-03    4.5161e-04   -1.2809e-03
   3.0000e-01   -2.6000e+00    1.5000e+00   -1.8880e+00   -2.3314e+00   -1.7340e-04   -1.2542e-03   -4.0480e-04   -1.4711e-03
   3.0000e-01   -2.6000e+00    1.5000e+00   -1.7634e+00   -2.4271e+00   -9.5842e-04   -7.9852e-04   -1.2396e-03   -9.3053e-04
   3.0000e-01   -2.6000e+00    1.5000e+00   -1.6339e+00   -2.5160e+00   -1.2295e-03    3.6530e-05   -1.5129e-03   -1.0377e-04
   3.0000e-01   -2.6000e+00    1.5000e+00   -1.5000e+00   -2.5981e+00   -8.9682e-04    8.1751e-04   -1.1748e-03    7.4759e-04
   3.0000e-01   -2.6000e+00    1.5000e+00   -1.3620e+00   -2.6730e+00   -1.7128e-04    1.1858e-03   -4.2327e-04    1.1222e-03
   3.0000e-01   -2.6000e+00    1.5000e+00   -1.2202e+00   -2.7406e+00    5.9562e-04    1.0231e-03    2.9136e-04    1.0394e-03
   3.0000e-01   -2.6000e+00    1.5000e+00   -1.0751e+00   -2.8007e+00    1.0809e-03    4.4881e-04    7.7315e-04    4.8785e-04
   3.0000e-01   -2.6000e+00    1.5000e+00   -9.2705e-01   -2.8532e+00    1.1245e-03   -2.7469e-04    8.0585e-04   -2.1306e-04
   3.0000e-01   -2.6000e+00    1.5000e+00   -7.7646e-01   -2.8978e+00    7.5473e-04   -8.6193e-04    3.9326e-04   -7.2272e-04
   3.0000e-01   -2.6000e+00    1.5000e+00   -6.2374e-01   -2.9344e+00    1.4886e-04   -1.1248e-03   -2.4129e-04   -9.2298e-04
   3.0000e-01   -2.6000e+00    1.5000e+00   -4.6930e-01   -2.9631e+00   -4.7914e-04   -1.0169e-03   -8.4495e-04   -8.5401e-04
   3.0000e-01   -2.6000e+00    1.5000e+00   -3.1359e-01   -2.9836e+00   -9.3007e-04   -6.1379e-04   -1.3113e-03   -3.6400e-04
   3.0000e-01   -2.6000e+00    1.5000e+00   -1.5701e-01   -2.9959e+00   -1.1035e-03   -6.2410e-05   -1.4821e-03    2.6200e-04
   3.0000e-01   -2.6000e+00    1.5000e+00    0.0000e+00   -3.0000e+00   -9.8714e-04    4.7770e-04   -1.4091e-03    7.8601e-04
   3.0000e-01   -2.6000e+00    1.5000e+00    1.5701e-01   -2.9959e+00   -6.5106e-04    8.7255e-04   -1.0853e-03    1.2133e-03
   3.0000e-01   -2.6000e+00    1.5000e+00    3.1359e-01   -2.9836e+00   -1.9724e-04    1.0630e-03   -6.3177e-04    1.4885e-03
   3.0000e-01   -2.6000e+00    1.5000e+00    4.6930e-01   -2.9631e+00    2.7365e-04    1.0388e-03   -1.2123e-04    1.4848e-03
   3.0000e-01   -2.6000e+00    1.5000e+00    6.2374e-01   -2.9344e+00    6.6498e-04    8.3541e-04    2.6801e-04    1.3532e-03
   3.0000e-01   -2.6000e+00    1.5000e+00    7.7646e-01   -2.8978e+00    9.2785e-04    5.1601e-04    5.7176e-04    1.0331e-03
   3.0000e-01   -2.6000e+00    1.5000e+00    9.2705e-01   -2.8532e+00    1.0450e-03    1.5364e-04    7.3965e-04    7.3752e-04
   3.0000e-01   -2.6000e+00    1.5000e+00    1.0751e+00   -2.8007e+00    1.0306e-03   -2.0695e-04    7.4689e-04    4.5398e-04
   3.0000e-01   -2.6000e+00    1.5000e+00    1.2202e+00   -2.7406e+00    9.1049e-04   -5.1596e-04    7.4873e-04    1.5786e-04
   3.0000e-01   -2.6000e+00    1.5000e+00    1.3620e+00   -2.6730e+00    7.1703e-04   -7.5625e-04    6.0097e-04   -3.0973e-05
   3.0000e-01   -2.6000e+00    1.5000e+00    1.5000e+00   -2.5981e+00    4.9173e-04   -9.1455e-04    4.4173e-04   -1.4642e-04
   3.0000e-01   -2.6000e+00    1.5000e+00    1.6339e+00   -2.5160e+00    2.5896e-04   -1.0020e-03    3.3881e-04   -2.3354e-04
   3.0000e-01   -2.6000e+00    1.5000e+00    1.7634e+00   -2.4271e+00    3.2403e-05   -1.0313e-03    1.5443e-04   -2.1579e-04
   3.0000e-01   -2.6000e+00    1.5000e+00    1.8880e+00   -2.3314e+00   -1.6975e-04   -1.0150e-03    9.6765e-06   -2.5004e-04
   3.0000e-01   -2.6000e+00    1.5000e+00    2.0074e+00   -2.2294e+00   -3.3049e-04   -9.7226e-04   -3.8127e-05   -2.1090e-04
   3.0000e-01   -2.6000e+00    1.5000e+00    2.1213e+00   -2.1213e+00   -4.6059e-04   -9.1562e-04   -7.0635e-05   -7.0117e-05
   3.0000e-01   -2.6000e+00    1.5000e+00    2.2294e+00   -2.0074e+00   -5.6603e-04   -8.5245e-04   -1.6083e-04   -3.7893e-05
   3.0000e-01   -2.6000e+00    1.5000e+00    2.3314e+00   -1.8880e+00   -6.4391e-04   -7.9355e-04   -1.2914e-04    -2.3039e-05
   3.0000e-01   -2.6000e+00    1.5000e+00    2.4271e+00   -1.7634e+00   -6.8991e-04   -7.5288e-04   -2.3068e-04    1.6228e-05
   3.0000e-01   -2.6000e+00    1.5000e+00    2.5160e+00   -1.6339e+00   -7.1621e-04   -7.2733e-04   -2.0041e-04    9.8540e-06
   3.0000e-01   -2.6000e+00    1.5000e+00    2.5981e+00   -1.5000e+00   -7.2759e-04   -7.1560e-04   -1.8126e-04    3.2195e-05
   3.0000e-01   -2.6000e+00    1.5000e+00    2.6730e+00   -1.3620e+00   -7.1986e-04   -7.2346e-04   -2.0453e-04    4.2120e-05
   3.0000e-01   -2.6000e+00    1.5000e+00    2.7406e+00   -1.2202e+00   -6.8973e-04   -7.5306e-04   -2.1183e-04   -1.1219e-04
   3.0000e-01   -2.6000e+00    1.5000e+00    2.8007e+00   -1.0751e+00   -6.4018e-04   -7.9672e-04   -1.3733e-04   -1.5562e-04
   3.0000e-01   -2.6000e+00    1.5000e+00    2.8532e+00   -9.2705e-01   -5.6536e-04   -8.5288e-04   -1.0947e-04   -2.6144e-04
   3.0000e-01   -2.6000e+00    1.5000e+00    2.8978e+00   -7.7646e-01   -4.6719e-04   -9.1211e-04   -1.1768e-04   -3.6029e-04
   3.0000e-01   -2.6000e+00    1.5000e+00    2.9344e+00   -6.2374e-01   -3.3277e-04   -9.7141e-04   -4.6320e-05   -4.1813e-04
   3.0000e-01   -2.6000e+00    1.5000e+00    2.9631e+00   -4.6930e-01   -1.6660e-04   -1.0155e-03    4.2924e-05   -4.9206e-04
   3.0000e-01   -2.6000e+00    1.5000e+00    2.9836e+00   -3.1359e-01    3.4806e-05   -1.0312e-03    1.8652e-04   -5.3489e-04
   3.0000e-01   -2.6000e+00    1.5000e+00    2.9959e+00   -1.5701e-01    2.5568e-04   -1.0028e-03    3.2302e-04   -5.5069e-04
   3.0000e-01   -3.0000e+00    0.0000e+00    3.0000e+00    0.0000e+00   -7.2250e-04   -7.2081e-04   -4.9585e-04    2.2871e-05
   3.0000e-01   -3.0000e+00    0.0000e+00    2.9959e+00    1.5701e-01   -7.0919e-04   -7.3424e-04   -5.4489e-04    -5.5365e-05
   3.0000e-01   -3.0000e+00    0.0000e+00    2.9836e+00    3.1359e-01   -6.7957e-04   -7.6235e-04   -5.2567e-04   -7.3081e-05
   3.0000e-01   -3.0000e+00    0.0000e+00    2.9631e+00    4.6930e-01   -6.3216e-04   -8.0316e-04   -5.0183e-04   -1.0686e-04
   3.0000e-01   -3.0000e+00    0.0000e+00    2.9344e+00    6.2374e-01   -5.5748e-04   -8.5822e-04   -5.1480e-04   -2.4725e-04
   3.0000e-01   -3.0000e+00    0.0000e+00    2.8978e+00    7.7646e-01   -4.5735e-04   -9.1719e-04   -4.1071e-04   -3.2829e-04
   3.0000e-01   -3.0000e+00    0.0000e+00    2.8532e+00    9.2705e-01   -3.2103e-04   -9.7542e-04   -2.8852e-04   -4.4755e-04
   3.0000e-01   -3.0000e+00    0.0000e+00    2.8007e+00    1.0751e+00   -1.5492e-04   -1.0176e-03   -1.5287e-04   -5.4970e-04
   3.0000e-01   -3.0000e+00    0.0000e+00    2.7406e+00    1.2202e+00    4.2211e-05   -1.0311e-03    -5.1627e-05   -5.2845e-04
   3.0000e-01   -3.0000e+00    0.0000e+00    2.6730e+00    1.3620e+00    2.6298e-04   -1.0010e-03    1.7675e-04   -5.8408e-04
   3.0000e-01   -3.0000e+00    0.0000e+00    2.5981e+00    1.5000e+00    4.9869e-04   -9.1080e-04    3.9030e-04   -5.6527e-04
   3.0000e-01   -3.0000e+00    0.0000e+00    2.5160e+00    1.6339e+00    7.2687e-04   -7.4705e-04    6.3648e-04   -4.1199e-04
   3.0000e-01   -3.0000e+00    0.0000e+00    2.4271e+00    1.7634e+00    9.1390e-04   -5.0977e-04    8.5903e-04   -1.8778e-04
   3.0000e-01   -3.0000e+00    0.0000e+00    2.3314e+00    1.8880e+00    1.0309e-03   -2.0482e-04    9.2960e-04    8.8675e-05
   3.0000e-01   -3.0000e+00    0.0000e+00    2.2294e+00    2.0074e+00    1.0445e-03    1.5764e-04    9.8254e-04    4.0323e-04
   3.0000e-01   -3.0000e+00    0.0000e+00    2.1213e+00    2.1213e+00    9.2174e-04    5.2726e-04    8.0800e-04    7.5907e-04
   3.0000e-01   -3.0000e+00    0.0000e+00    2.0074e+00    2.2294e+00    6.5832e-04    8.4073e-04    6.1690e-04    1.0314e-03
   3.0000e-01   -3.0000e+00    0.0000e+00    1.8880e+00    2.3314e+00    2.7247e-04    1.0390e-03    2.3420e-04    1.2127e-03
   3.0000e-01   -3.0000e+00    0.0000e+00    1.7634e+00    2.4271e+00   -1.9768e-04    1.0630e-03   -2.6331e-04    1.1477e-03
   3.0000e-01   -3.0000e+00    0.0000e+00    1.6339e+00    2.5160e+00   -6.5633e-04    8.6867e-04   -7.8231e-04    9.6767e-04
   3.0000e-01   -3.0000e+00    0.0000e+00    1.5000e+00    2.5981e+00   -9.9048e-04    4.7103e-04   -1.1303e-03    5.3636e-04
   3.0000e-01   -3.0000e+00    0.0000e+00    1.3620e+00    2.6730e+00   -1.1034e-03   -6.3558e-05   -1.1567e-03    -1.3805e-05
   3.0000e-01   -3.0000e+00    0.0000e+00    1.2202e+00    2.7406e+00   -9.2712e-04   -6.1857e-04   -9.8843e-04   -6.0250e-04
   3.0000e-01   -3.0000e+00    0.0000e+00    1.0751e+00    2.8007e+00   -4.7323e-04   -1.0199e-03   -5.6571e-04   -9.3571e-04
   3.0000e-01   -3.0000e+00    0.0000e+00    9.2705e-01    2.8532e+00    1.5644e-04   -1.1239e-03    8.8317e-05   -1.0717e-03
   3.0000e-01   -3.0000e+00    0.0000e+00    7.7646e-01    2.8978e+00    7.5908e-04   -8.5828e-04    7.4059e-04   -7.8033e-04
   3.0000e-01   -3.0000e+00    0.0000e+00    6.2374e-01    2.9344e+00    1.1258e-03   -2.6989e-04    1.0233e-03   -1.9861e-04
   3.0000e-01   -3.0000e+00    0.0000e+00    4.6930e-01    2.9631e+00    1.0790e-03    4.5350e-04    9.8476e-04    4.7362e-04
   3.0000e-01   -3.0000e+00    0.0000e+00    3.1359e-01    2.9836e+00    5.8602e-04    1.0288e-03    5.1211e-04    1.0756e-03
   3.0000e-01   -3.0000e+00    0.0000e+00    1.5701e-01    2.9959e+00   -1.7874e-04    1.1850e-03   -2.8976e-04    1.2017e-03
   3.0000e-01   -3.0000e+00    0.0000e+00    0.0000e+00    3.0000e+00   -9.0095e-04    8.1333e-04   -9.5721e-04    8.3044e-04
   3.0000e-01   -3.0000e+00    0.0000e+00   -1.5701e-01    2.9959e+00   -1.2297e-03    3.3121e-05   -1.3078e-03    4.2463e-05
   3.0000e-01   -3.0000e+00    0.0000e+00   -3.1359e-01    2.9836e+00   -9.5654e-04   -8.0100e-04   -1.0473e-03   -8.0284e-04
   3.0000e-01   -3.0000e+00    0.0000e+00   -4.6930e-01    2.9631e+00   -1.6658e-04   -1.2554e-03   -2.1740e-04   -1.3580e-03
   3.0000e-01   -3.0000e+00    0.0000e+00   -6.2374e-01    2.9344e+00    7.5756e-04   -1.0399e-03    7.1596e-04   -1.1114e-03
   3.0000e-01   -3.0000e+00    0.0000e+00   -7.7646e-01    2.8978e+00    1.2893e-03   -2.2034e-04    1.2321e-03   -3.4364e-04
   3.0000e-01   -3.0000e+00    0.0000e+00   -9.2705e-01    2.8532e+00    1.0825e-03    7.7461e-04    1.0410e-03    6.0426e-04
   3.0000e-01   -3.0000e+00    0.0000e+00   -1.0751e+00    2.8007e+00    1.9048e-04    1.3427e-03    2.2540e-04    1.1570e-03
   3.0000e-01   -3.0000e+00    0.0000e+00   -1.2202e+00    2.7406e+00   -8.6808e-04    1.0765e-03   -8.9460e-04    9.3837e-04
   3.0000e-01   -3.0000e+00    0.0000e+00   -1.3620e+00    2.6730e+00   -1.4096e-03    7.8720e-05   -1.3795e-03   -1.0056e-04
   3.0000e-01   -3.0000e+00    0.0000e+00   -1.5000e+00    2.5981e+00   -1.0149e-03   -1.0260e-03   -9.3696e-04   -1.2663e-03
   3.0000e-01   -3.0000e+00    0.0000e+00   -1.6339e+00    2.5160e+00    1.2244e-04   -1.4723e-03    1.3484e-04   -1.7019e-03
   3.0000e-01   -3.0000e+00    0.0000e+00   -1.7634e+00    2.4271e+00    1.2379e-03   -8.7250e-04    1.3260e-03   -1.1667e-03
   3.0000e-01   -3.0000e+00    0.0000e+00   -1.8880e+00    2.3314e+00    1.4992e-03    4.1292e-04    1.5338e-03    1.4442e-04
   3.0000e-01   -3.0000e+00    0.0000e+00   -2.0074e+00    2.2294e+00    6.3001e-04    1.4707e-03    7.3882e-04    1.0942e-03
   3.0000e-01   -3.0000e+00    0.0000e+00   -2.1213e+00    2.1213e+00   -7.9867e-04    1.4433e-03   -6.7240e-04    1.0439e-03
   3.0000e-01   -3.0000e+00    0.0000e+00   -2.2294e+00    2.0074e+00   -1.6858e-03    2.5140e-04   -1.5964e-03   -1.5656e-04
   3.0000e-01   -3.0000e+00    0.0000e+00   -2.3314e+00    1.8880e+00   -1.2613e-03   -1.2357e-03   -1.1782e-03   -1.6502e-03
   3.0000e-01   -3.0000e+00    0.0000e+00   -2.4271e+00    1.7634e+00    2.5666e-04   -1.8170e-03    3.3794e-04   -2.1930e-03
   3.0000e-01   -3.0000e+00    0.0000e+00   -2.5160e+00    1.6339e+00    1.6940e-03   -8.9140e-04    1.7960e-03   -1.2797e-03
   3.0000e-01   -3.0000e+00    0.0000e+00   -2.5981e+00    1.5000e+00    1.7913e-03    9.0077e-04    1.9023e-03    4.7341e-04
   3.0000e-01   -3.0000e+00    0.0000e+00   -2.5981e+00   -1.5000e+00    1.7913e-03    9.0077e-04    1.4244e-03    6.2883e-04
   3.0000e-01   -3.0000e+00    0.0000e+00   -2.5160e+00   -1.6339e+00    1.6940e-03   -8.9140e-04    1.4067e-03   -1.1516e-03
   3.0000e-01   -3.0000e+00    0.0000e+00   -2.4271e+00   -1.7634e+00    2.5666e-04   -1.8170e-03   -1.3729e-05   -2.0712e-03
   3.0000e-01   -3.0000e+00    0.0000e+00   -2.3314e+00   -1.8880e+00   -1.2613e-03   -1.2357e-03   -1.5142e-03   -1.5784e-03
   3.0000e-01   -3.0000e+00    0.0000e+00   -2.2294e+00   -2.0074e+00   -1.6858e-03    2.5140e-04   -1.9142e-03   -2.5669e-05
   3.0000e-01   -3.0000e+00    0.0000e+00   -2.1213e+00   -2.1213e+00   -7.9867e-04    1.4433e-03   -1.0260e-03    1.1443e-03
   3.0000e-01   -3.0000e+00    0.0000e+00   -2.0074e+00   -2.2294e+00    6.3001e-04    1.4707e-03    4.0981e-04    1.2079e-03
   3.0000e-01   -3.0000e+00    0.0000e+00   -1.8880e+00   -2.3314e+00    1.4992e-03    4.1292e-04    1.3382e-03    9.4766e-05
   3.0000e-01   -3.0000e+00    0.0000e+00   -1.7634e+00   -2.4271e+00    1.2379e-03   -8.7250e-04    1.0716e-03   -1.1534e-03
   3.0000e-01   -3.0000e+00    0.0000e+00   -1.6339e+00   -2.5160e+00    1.2244e-04   -1.4723e-03   -7.3435e-05   -1.7130e-03
   3.0000e-01   -3.0000e+00    0.0000e+00   -1.5000e+00   -2.5981e+00   -1.0149e-03   -1.0260e-03   -1.1902e-03   -1.2889e-03
   3.0000e-01   -3.0000e+00    0.0000e+00   -1.3620e+00   -2.6730e+00   -1.4096e-03    7.8720e-05   -1.6055e-03   -1.3959e-04
   3.0000e-01   -3.0000e+00    0.0000e+00   -1.2202e+00   -2.7406e+00   -8.6808e-04    1.0765e-03   -1.0512e-03    8.2874e-04
   3.0000e-01   -3.0000e+00    0.0000e+00   -1.0751e+00   -2.8007e+00    1.9048e-04    1.3427e-03   -3.8663e-05    1.1424e-03
   3.0000e-01   -3.0000e+00    0.0000e+00   -9.2705e-01   -2.8532e+00    1.0825e-03    7.7461e-04    8.6924e-04    5.6582e-04
   3.0000e-01   -3.0000e+00    0.0000e+00   -7.7646e-01   -2.8978e+00    1.2893e-03   -2.2034e-04    1.0487e-03   -3.9889e-04
   3.0000e-01   -3.0000e+00    0.0000e+00   -6.2374e-01   -2.9344e+00    7.5756e-04   -1.0399e-03    5.5698e-04   -1.1989e-03
   3.0000e-01   -3.0000e+00    0.0000e+00   -4.6930e-01   -2.9631e+00   -1.6658e-04   -1.2554e-03   -5.1774e-04   -1.3511e-03
   3.0000e-01   -3.0000e+00    0.0000e+00   -3.1359e-01   -2.9836e+00   -9.5654e-04   -8.0100e-04   -1.3483e-03   -8.4920e-04
   3.0000e-01   -3.0000e+00    0.0000e+00   -1.5701e-01   -2.9959e+00   -1.2297e-03    3.3121e-05   -1.5701e-03   -2.4323e-05
   3.0000e-01   -3.0000e+00    0.0000e+00    0.0000e+00   -3.0000e+00   -9.0095e-04    8.1333e-04   -1.3293e-03    7.8566e-04
   3.0000e-01   -3.0000e+00    0.0000e+00    1.5701e-01   -2.9959e+00   -1.7874e-04    1.1850e-03   -6.4462e-04    1.2520e-03
   3.0000e-01   -3.0000e+00    0.0000e+00    3.1359e-01   -2.9836e+00    5.8602e-04    1.0288e-03    1.2198e-04    1.0541e-03
   3.0000e-01   -3.0000e+00    0.0000e+00    4.6930e-01   -2.9631e+00    1.0790e-03    4.5350e-04    6.1488e-04    5.8471e-04
   3.0000e-01   -3.0000e+00    0.0000e+00    6.2374e-01   -2.9344e+00    1.1258e-03   -2.6989e-04    6.1244e-04   -1.5972e-04
   3.0000e-01   -3.0000e+00    0.0000e+00    7.7646e-01   -2.8978e+00    7.5908e-04   -8.5828e-04    2.2542e-04   -7.1198e-04
   3.0000e-01   -3.0000e+00    0.0000e+00    9.2705e-01   -2.8532e+00    1.5644e-04   -1.1239e-03   -3.6368e-04   -9.2346e-04
   3.0000e-01   -3.0000e+00    0.0000e+00    1.0751e+00   -2.8007e+00   -4.7323e-04   -1.0199e-03   -1.0715e-03   -7.3686e-04
   3.0000e-01   -3.0000e+00    0.0000e+00    1.2202e+00   -2.7406e+00   -9.2712e-04   -6.1857e-04   -1.4279e-03   -2.8844e-04
   3.0000e-01   -3.0000e+00    0.0000e+00    1.3620e+00   -2.6730e+00   -1.1034e-03   -6.3558e-05   -1.5869e-03    2.8136e-04
   3.0000e-01   -3.0000e+00    0.0000e+00    1.5000e+00   -2.5981e+00   -9.9048e-04    4.7103e-04   -1.3993e-03    8.6387e-04
   3.0000e-01   -3.0000e+00    0.0000e+00    1.6339e+00   -2.5160e+00   -6.5633e-04    8.6867e-04   -1.0513e-03    1.3947e-03
   3.0000e-01   -3.0000e+00    0.0000e+00    1.7634e+00   -2.4271e+00   -1.9768e-04    1.0630e-03   -5.5786e-04    1.5326e-03
   3.0000e-01   -3.0000e+00    0.0000e+00    1.8880e+00   -2.3314e+00    2.7247e-04    1.0390e-03    2.9986e-05    1.5190e-03
   3.0000e-01   -3.0000e+00    0.0000e+00    2.0074e+00   -2.2294e+00    6.5832e-04    8.4073e-04    3.7982e-04    1.3382e-03
   3.0000e-01   -3.0000e+00    0.0000e+00    2.1213e+00   -2.1213e+00    9.2174e-04    5.2726e-04    7.5197e-04    1.1293e-03
   3.0000e-01   -3.0000e+00    0.0000e+00    2.2294e+00   -2.0074e+00    1.0445e-03    1.5764e-04    9.4413e-04    7.3201e-04
   3.0000e-01   -3.0000e+00    0.0000e+00    2.3314e+00   -1.8880e+00    1.0309e-03   -2.0482e-04    1.0022e-03    4.8669e-04
   3.0000e-01   -3.0000e+00    0.0000e+00    2.4271e+00   -1.7634e+00    9.1390e-04   -5.0977e-04    9.0378e-04    1.7485e-04
   3.0000e-01   -3.0000e+00    0.0000e+00    2.5160e+00   -1.6339e+00    7.2687e-04   -7.4705e-04    7.9389e-04   -2.2828e-05
   3.0000e-01   -3.0000e+00    0.0000e+00    2.5981e+00   -1.5000e+00    4.9869e-04   -9.1080e-04    6.1594e-04   -2.0887e-04
   3.0000e-01   -3.0000e+00    0.0000e+00    2.6730e+00   -1.3620e+00    2.6298e-04   -1.0010e-03    3.9825e-04   -2.8176e-04
   3.0000e-01   -3.0000e+00    0.0000e+00    2.7406e+00   -1.2202e+00    4.2211e-05   -1.0311e-03    2.3842e-04   -2.3656e-04
   3.0000e-01   -3.0000e+00    0.0000e+00    2.8007e+00   -1.0751e+00   -1.5492e-04   -1.0176e-03    4.6337e-05   -2.1658e-04
   3.0000e-01   -3.0000e+00    0.0000e+00    2.8532e+00   -9.2705e-01   -3.2103e-04   -9.7542e-04   -1.4663e-04   -1.4624e-04
   3.0000e-01   -3.0000e+00    0.0000e+00    2.8978e+00   -7.7646e-01   -4.5735e-04   -9.1719e-04   -2.3137e-04   -1.0744e-04
   3.0000e-01   -3.0000e+00    0.0000e+00    2.9344e+00   -6.2374e-01   -5.5748e-04   -8.5822e-04   -2.7624e-04   -7.6091e-05
   3.0000e-01   -3.0000e+00    0.0000e+00    2.9631e+00   -4.6930e-01   -6.3216e-04   -8.0316e-04   -3.5017e-04    3.4021e-06
   3.0000e-01   -3.0000e+00    0.0000e+00    2.9836e+00   -3.1359e-01   -6.7957e-04   -7.6235e-04   -4.4731e-04    5.0110e-05
   3.0000e-01   -3.0000e+00    0.0000e+00    2.9959e+00   -1.5701e-01   -7.0919e-04   -7.3424e-04   -5.3236e-04    6.5342e-05
   3.0000e-01   -2.6000e+00   -1.5000e+00    3.0000e+00    0.0000e+00    4.8662e-04   -9.1717e-04    5.9460e-04   -1.4767e-04
   3.0000e-01   -2.6000e+00   -1.5000e+00    2.9959e+00    1.5701e-01    2.5568e-04   -1.0028e-03    4.2092e-04   -2.4110e-04
   3.0000e-01   -2.6000e+00   -1.5000e+00    2.9836e+00    3.1359e-01    3.4806e-05   -1.0312e-03    2.8509e-04   -2.3001e-04
   3.0000e-01   -2.6000e+00   -1.5000e+00    2.9631e+00    4.6930e-01   -1.6660e-04   -1.0155e-03    9.9145e-05   -1.9852e-04
   3.0000e-01   -2.6000e+00   -1.5000e+00    2.9344e+00    6.2374e-01   -3.3277e-04   -9.7141e-04    6.9802e-05   -1.3853e-04
   3.0000e-01   -2.6000e+00   -1.5000e+00    2.8978e+00    7.7646e-01   -4.6719e-04   -9.1211e-04   -8.2145e-05   -5.0004e-05
   3.0000e-01   -2.6000e+00   -1.5000e+00    2.8532e+00    9.2705e-01   -5.6536e-04   -8.5288e-04   -1.7256e-04   -8.6094e-05
   3.0000e-01   -2.6000e+00   -1.5000e+00    2.8007e+00    1.0751e+00   -6.4018e-04   -7.9672e-04   -1.5159e-04    3.2028e-05
   3.0000e-01   -2.6000e+00   -1.5000e+00    2.7406e+00    1.2202e+00   -6.8973e-04   -7.5306e-04   -1.6761e-04    2.0530e-05
   3.0000e-01   -2.6000e+00   -1.5000e+00    2.6730e+00    1.3620e+00   -7.1986e-04   -7.2346e-04   -1.9053e-04    5.3042e-06
   3.0000e-01   -2.6000e+00   -1.5000e+00    2.5981e+00    1.5000e+00   -7.2759e-04   -7.1560e-04   -1.7905e-04    -2.5155e-05
   3.0000e-01   -2.6000e+00   -1.5000e+00    2.5160e+00    1.6339e+00   -7.1621e-04   -7.2733e-04   -1.8140e-04   -1.1159e-05
   3.0000e-01   -2.6000e+00   -1.5000e+00    2.4271e+00    1.7634e+00   -6.8991e-04   -7.5288e-04   -2.1289e-04   -1.0459e-04
   3.0000e-01   -2.6000e+00   -1.5000e+00    2.3314e+00    1.8880e+00   -6.4391e-04   -7.9355e-04   -9.5824e-05   -1.2301e-04
   3.0000e-01   -2.6000e+00   -1.5000e+00    2.2294e+00    2.0074e+00   -5.6603e-04   -8.5245e-04   -1.1666e-04   -2.6236e-04
   3.0000e-01   -2.6000e+00   -1.5000e+00    2.1213e+00    2.1213e+00   -4.6059e-04   -9.1562e-04    -3.0902e-05   -4.2264e-04
   3.0000e-01   -2.6000e+00   -1.5000e+00    2.0074e+00    2.2294e+00   -3.3049e-04   -9.7226e-04    1.6237e-04   -4.5848e-04
   3.0000e-01   -2.6000e+00   -1.5000e+00    1.8880e+00    2.3314e+00   -1.6975e-04   -1.0150e-03    2.1261e-04   -5.5903e-04
   3.0000e-01   -2.6000e+00   -1.5000e+00    1.7634e+00    2.4271e+00    3.2403e-05   -1.0313e-03    4.2249e-04   -6.1298e-04
   3.0000e-01   -2.6000e+00   -1.5000e+00    1.6339e+00    2.5160e+00    2.5896e-04   -1.0020e-03    6.6085e-04   -6.0408e-04
   3.0000e-01   -2.6000e+00   -1.5000e+00    1.5000e+00    2.5981e+00    4.9173e-04   -9.1455e-04    6.8358e-04   -5.7853e-04
   3.0000e-01   -2.6000e+00   -1.5000e+00    1.3620e+00    2.6730e+00    7.1703e-04   -7.5625e-04    9.4226e-04   -4.4595e-04
   3.0000e-01   -2.6000e+00   -1.5000e+00    1.2202e+00    2.7406e+00    9.1049e-04   -5.1596e-04    1.1185e-03   -2.4419e-04
   3.0000e-01   -2.6000e+00   -1.5000e+00    1.0751e+00    2.8007e+00    1.0306e-03   -2.0695e-04    1.1630e-03    1.0926e-04
   3.0000e-01   -2.6000e+00   -1.5000e+00    9.2705e-01    2.8532e+00    1.0450e-03    1.5364e-04    1.1929e-03    3.8525e-04
   3.0000e-01   -2.6000e+00   -1.5000e+00    7.7646e-01    2.8978e+00    9.2785e-04    5.1601e-04    1.0420e-03    7.7512e-04
   3.0000e-01   -2.6000e+00   -1.5000e+00    6.2374e-01    2.9344e+00    6.6498e-04    8.3541e-04    7.6207e-04    1.0241e-03
   3.0000e-01   -2.6000e+00   -1.5000e+00    4.6930e-01    2.9631e+00    2.7365e-04    1.0388e-03    3.2080e-04    1.2287e-03
   3.0000e-01   -2.6000e+00   -1.5000e+00    3.1359e-01    2.9836e+00   -1.9724e-04    1.0630e-03   -1.7069e-04    1.2534e-03
   3.0000e-01   -2.6000e+00   -1.5000e+00    1.5701e-01    2.9959e+00   -6.5106e-04    8.7255e-04   -7.6591e-04    1.0568e-03
   3.0000e-01   -2.6000e+00   -1.5000e+00    0.0000e+00    3.0000e+00   -9.8714e-04    4.7770e-04   -1.1134e-03    6.3911e-04
   3.0000e-01   -2.6000e+00   -1.5000e+00   -1.5701e-01    2.9959e+00   -1.1035e-03   -6.2410e-05   -1.2006e-03    7.6029e-05
   3.0000e-01   -2.6000e+00   -1.5000e+00   -3.1359e-01    2.9836e+00   -9.3007e-04   -6.1379e-04   -1.0983e-03   -5.1783e-04
   3.0000e-01   -2.6000e+00   -1.5000e+00   -4.6930e-01    2.9631e+00   -4.7914e-04   -1.0169e-03   -6.4881e-04   -9.1413e-04
   3.0000e-01   -2.6000e+00   -1.5000e+00   -6.2374e-01    2.9344e+00    1.4886e-04   -1.1248e-03    2.7514e-05   -1.0159e-03
   3.0000e-01   -2.6000e+00   -1.5000e+00   -7.7646e-01    2.8978e+00    7.5473e-04   -8.6193e-04    5.5673e-04   -7.6218e-04
   3.0000e-01   -2.6000e+00   -1.5000e+00   -9.2705e-01    2.8532e+00    1.1245e-03   -2.7469e-04    8.7918e-04   -2.2586e-04
   3.0000e-01   -2.6000e+00   -1.5000e+00   -1.0751e+00    2.8007e+00    1.0809e-03    4.4881e-04    8.5777e-04    4.4898e-04
   3.0000e-01   -2.6000e+00   -1.5000e+00   -1.2202e+00    2.7406e+00    5.9562e-04    1.0231e-03    3.8380e-04    9.5685e-04
   3.0000e-01   -2.6000e+00   -1.5000e+00   -1.3620e+00    2.6730e+00   -1.7128e-04    1.1858e-03   -3.9204e-04    1.1033e-03
   3.0000e-01   -2.6000e+00   -1.5000e+00   -1.5000e+00    2.5981e+00   -8.9682e-04    8.1751e-04   -1.0777e-03    6.8495e-04
   3.0000e-01   -2.6000e+00   -1.5000e+00   -1.6339e+00    2.5160e+00   -1.2295e-03    3.6530e-05   -1.4589e-03   -1.0664e-04
   3.0000e-01   -2.6000e+00   -1.5000e+00   -1.7634e+00    2.4271e+00   -9.5842e-04   -7.9852e-04   -1.2785e-03   -9.5837e-04
   3.0000e-01   -2.6000e+00   -1.5000e+00   -1.8880e+00    2.3314e+00   -1.7340e-04   -1.2542e-03   -5.0048e-04   -1.5694e-03
   3.0000e-01   -2.6000e+00   -1.5000e+00   -2.0074e+00    2.2294e+00    7.5145e-04   -1.0441e-03    4.7929e-04   -1.2911e-03
   3.0000e-01   -2.6000e+00   -1.5000e+00   -2.1213e+00    2.1213e+00    1.2896e-03   -2.1856e-04    9.8465e-04   -5.4534e-04
   3.0000e-01   -2.6000e+00   -1.5000e+00   -2.2294e+00    2.0074e+00    1.0814e-03    7.7600e-04    8.1821e-04    4.5029e-04
   3.0000e-01   -2.6000e+00   -1.5000e+00   -2.3314e+00    1.8880e+00    1.9757e-04    1.3413e-03   -1.4674e-04    9.9045e-04
   3.0000e-01   -2.6000e+00   -1.5000e+00   -2.4271e+00    1.7634e+00   -8.6586e-04    1.0780e-03   -1.2334e-03    6.6081e-04
   3.0000e-01   -2.6000e+00   -1.5000e+00   -2.5160e+00    1.6339e+00   -1.4095e-03    7.8570e-05   -1.7747e-03   -4.1061e-04
   3.0000e-01   -2.6000e+00   -1.5000e+00   -2.5981e+00    1.5000e+00   -1.0140e-03   -1.0270e-03   -1.3894e-03   -1.4155e-03
   3.0000e-01   -2.6000e+00   -1.5000e+00   -2.6730e+00    1.3620e+00    1.1651e-04   -1.4724e-03   -2.6156e-04   -1.9241e-03
   3.0000e-01   -2.6000e+00   -1.5000e+00   -2.7406e+00    1.2202e+00    1.2384e-03   -8.7194e-04    8.5511e-04   -1.2788e-03
   3.0000e-01   -2.6000e+00   -1.5000e+00   -2.8007e+00    1.0751e+00    1.4983e-03    4.1698e-04    1.1489e-03    3.0271e-06
   3.0000e-01   -2.6000e+00   -1.5000e+00   -2.8532e+00    9.2705e-01    6.2070e-04    1.4748e-03    2.6422e-04    1.0169e-03
   3.0000e-01   -2.6000e+00   -1.5000e+00   -2.8978e+00    7.7646e-01   -7.9776e-04    1.4436e-03   -1.1877e-03    1.0675e-03
   3.0000e-01   -2.6000e+00   -1.5000e+00   -2.9344e+00    6.2374e-01   -1.6852e-03    2.5429e-04   -2.0482e-03   -1.0572e-04
   3.0000e-01   -2.6000e+00   -1.5000e+00   -2.9631e+00    4.6930e-01   -1.2553e-03   -1.2422e-03   -1.7228e-03   -1.5689e-03
   3.0000e-01   -2.6000e+00   -1.5000e+00   -2.9836e+00    3.1359e-01    2.7172e-04   -1.8154e-03   -1.1086e-04   -2.0841e-03
   3.0000e-01   -2.6000e+00   -1.5000e+00   -2.9959e+00    1.5701e-01    1.6972e-03   -8.8578e-04    1.3109e-03   -1.1979e-03
   3.0000e-01   -2.6000e+00   -1.5000e+00   -3.0000e+00    0.0000e+00    1.7867e-03    9.1095e-04    1.4349e-03    5.9803e-04
   3.0000e-01   -2.6000e+00   -1.5000e+00   -1.5000e+00   -2.5981e+00    1.7992e-03    8.8287e-04    1.6792e-03    6.5222e-04
   3.0000e-01   -2.6000e+00   -1.5000e+00   -1.3620e+00   -2.6730e+00    1.6862e-03   -9.0466e-04    1.5958e-03   -1.0879e-03
   3.0000e-01   -2.6000e+00   -1.5000e+00   -1.2202e+00   -2.7406e+00    2.4186e-04   -1.8186e-03    1.4098e-04   -2.0493e-03
   3.0000e-01   -2.6000e+00   -1.5000e+00   -1.0751e+00   -2.8007e+00   -1.2689e-03   -1.2275e-03   -1.3801e-03   -1.4206e-03
   3.0000e-01   -2.6000e+00   -1.5000e+00   -9.2705e-01   -2.8532e+00   -1.6815e-03    2.7364e-04   -1.8413e-03    5.8487e-05
   3.0000e-01   -2.6000e+00   -1.5000e+00   -7.7646e-01   -2.8978e+00   -7.8153e-04    1.4519e-03   -8.3742e-04    1.2207e-03
   3.0000e-01   -2.6000e+00   -1.5000e+00   -6.2374e-01   -2.9344e+00    6.3846e-04    1.4667e-03    5.9905e-04    1.2640e-03
   3.0000e-01   -2.6000e+00   -1.5000e+00   -4.6930e-01   -2.9631e+00    1.5023e-03    4.0018e-04    1.4336e-03    1.8896e-04
   3.0000e-01   -2.6000e+00   -1.5000e+00   -3.1359e-01   -2.9836e+00    1.2268e-03   -8.8720e-04    1.1624e-03   -1.0379e-03
   3.0000e-01   -2.6000e+00   -1.5000e+00   -1.5701e-01   -2.9959e+00    1.0645e-04   -1.4730e-03    5.8228e-05   -1.5867e-03
   3.0000e-01   -2.6000e+00   -1.5000e+00    0.0000e+00   -3.0000e+00   -1.0227e-03   -1.0178e-03   -1.0764e-03   -1.1609e-03
   3.0000e-01   -2.6000e+00   -1.5000e+00    1.5701e-01   -2.9959e+00   -1.4085e-03    9.1961e-05   -1.5539e-03   -9.0284e-06
   3.0000e-01   -2.6000e+00   -1.5000e+00    3.1359e-01   -2.9836e+00   -8.6198e-04    1.0810e-03   -1.0252e-03    9.2766e-04
   3.0000e-01   -2.6000e+00   -1.5000e+00    4.6930e-01   -2.9631e+00    2.0512e-04    1.3401e-03    8.9079e-05    1.2201e-03
   3.0000e-01   -2.6000e+00   -1.5000e+00    6.2374e-01   -2.9344e+00    1.0907e-03    7.6233e-04    9.8054e-04    6.3104e-04
   3.0000e-01   -2.6000e+00   -1.5000e+00    7.7646e-01   -2.8978e+00    1.2864e-03   -2.3480e-04    1.0441e-03   -3.7205e-04
   3.0000e-01   -2.6000e+00   -1.5000e+00    9.2705e-01   -2.8532e+00    7.4694e-04   -1.0471e-03    5.3858e-04   -1.1855e-03
   3.0000e-01   -2.6000e+00   -1.5000e+00    1.0751e+00   -2.8007e+00   -1.8057e-04   -1.2532e-03   -3.7824e-04   -1.3860e-03
   3.0000e-01   -2.6000e+00   -1.5000e+00    1.2202e+00   -2.7406e+00   -9.6513e-04   -7.9030e-04   -1.2865e-03   -8.9704e-04
   3.0000e-01   -2.6000e+00   -1.5000e+00    1.3620e+00   -2.6730e+00   -1.2285e-03    5.3084e-05   -1.5724e-03   -8.7352e-06
   3.0000e-01   -2.6000e+00   -1.5000e+00    1.5000e+00   -2.5981e+00   -8.9054e-04    8.2425e-04   -1.2195e-03    6.6656e-04
   3.0000e-01   -2.6000e+00   -1.5000e+00    1.6339e+00   -2.5160e+00   -1.6376e-04    1.1868e-03   -4.9679e-04    1.1593e-03
   3.0000e-01   -2.6000e+00   -1.5000e+00    1.7634e+00   -2.4271e+00    6.0493e-04    1.0173e-03    1.4225e-04    9.5493e-04
   3.0000e-01   -2.6000e+00   -1.5000e+00    1.8880e+00   -2.3314e+00    1.0863e-03    4.3454e-04    6.7833e-04    3.6607e-04
   3.0000e-01   -2.6000e+00   -1.5000e+00    2.0074e+00   -2.2294e+00    1.1227e-03   -2.8146e-04    6.8812e-04   -3.2179e-04
   3.0000e-01   -2.6000e+00   -1.5000e+00    2.1213e+00   -2.1213e+00    7.5188e-04   -8.6435e-04    2.6604e-04   -8.5140e-04
   3.0000e-01   -2.6000e+00   -1.5000e+00    2.2294e+00   -2.0074e+00    1.3736e-04   -1.1261e-03   -3.8183e-04   -1.0633e-03
   3.0000e-01   -2.6000e+00   -1.5000e+00    2.3314e+00   -1.8880e+00   -4.9042e-04   -1.0112e-03   -9.2093e-04   -1.0128e-03
   3.0000e-01   -2.6000e+00   -1.5000e+00    2.4271e+00   -1.7634e+00   -9.3491e-04   -6.0601e-04   -1.4137e-03   -4.8399e-04
   3.0000e-01   -2.6000e+00   -1.5000e+00    2.5160e+00   -1.6339e+00   -1.1037e-03   -5.5297e-05   -1.5889e-03    5.9909e-05
   3.0000e-01   -2.6000e+00   -1.5000e+00    2.5981e+00   -1.5000e+00   -9.8379e-04    4.8397e-04   -1.4477e-03    6.9463e-04
   3.0000e-01   -2.6000e+00   -1.5000e+00    2.6730e+00   -1.3620e+00   -6.4232e-04    8.7864e-04   -1.0861e-03    1.1064e-03
   3.0000e-01   -2.6000e+00   -1.5000e+00    2.7406e+00   -1.2202e+00   -1.8553e-04    1.0650e-03   -5.5774e-04    1.3435e-03
   3.0000e-01   -2.6000e+00   -1.5000e+00    2.8007e+00   -1.0751e+00    2.7941e-04    1.0371e-03   -9.6012e-05    1.3391e-03
   3.0000e-01   -2.6000e+00   -1.5000e+00    2.8532e+00   -9.2705e-01    6.6882e-04    8.3204e-04    3.2226e-04    1.2011e-03
   3.0000e-01   -2.6000e+00   -1.5000e+00    2.8978e+00   -7.7646e-01    9.3042e-04    5.1102e-04    6.3564e-04    9.5729e-04
   3.0000e-01   -2.6000e+00   -1.5000e+00    2.9344e+00   -6.2374e-01    1.0458e-03    1.4689e-04    8.7827e-04    6.7866e-04
   3.0000e-01   -2.6000e+00   -1.5000e+00    2.9631e+00   -4.6930e-01    1.0293e-03   -2.1214e-04    8.9241e-04    3.4312e-04
   3.0000e-01   -2.6000e+00   -1.5000e+00    2.9836e+00   -3.1359e-01    9.0911e-04   -5.1803e-04    8.3491e-04    7.9776e-05
   3.0000e-01   -2.6000e+00   -1.5000e+00    2.9959e+00   -1.5701e-01    7.1774e-04   -7.5562e-04    7.0802e-04   -3.9559e-05
   3.0000e-01   -1.5000e+00   -2.6000e+00    3.0000e+00    0.0000e+00   -9.8714e-04    4.7770e-04   -1.4731e-03    8.6369e-04
   3.0000e-01   -1.5000e+00   -2.6000e+00    2.9959e+00    1.5701e-01   -6.5106e-04    8.7255e-04   -1.0963e-03    1.3935e-03
   3.0000e-01   -1.5000e+00   -2.6000e+00    2.9836e+00    3.1359e-01   -1.9724e-04    1.0630e-03   -6.5854e-04    1.5664e-03
   3.0000e-01   -1.5000e+00   -2.6000e+00    2.9631e+00    4.6930e-01    2.7365e-04    1.0388e-03   -1.0934e-04    1.5640e-03
   3.0000e-01   -1.5000e+00   -2.6000e+00    2.9344e+00    6.2374e-01    6.6498e-04    8.3541e-04    3.3735e-04    1.4378e-03
   3.0000e-01   -1.5000e+00   -2.6000e+00    2.8978e+00    7.7646e-01    9.2785e-04    5.1601e-04    5.9564e-04    1.1686e-03
   3.0000e-01   -1.5000e+00   -2.6000e+00    2.8532e+00    9.2705e-01    1.0450e-03    1.5364e-04    8.0137e-04    8.6845e-04
   3.0000e-01   -1.5000e+00   -2.6000e+00    2.8007e+00    1.0751e+00    1.0306e-03   -2.0695e-04    8.0267e-04    5.4096e-04
   3.0000e-01   -1.5000e+00   -2.6000e+00    2.7406e+00    1.2202e+00    9.1049e-04   -5.1596e-04    7.4679e-04    1.3990e-04
   3.0000e-01   -1.5000e+00   -2.6000e+00    2.6730e+00    1.3620e+00    7.1703e-04   -7.5625e-04    6.3193e-04   -2.5572e-05
   3.0000e-01   -1.5000e+00   -2.6000e+00    2.5981e+00    1.5000e+00    4.9173e-04   -9.1455e-04    4.1390e-04   -1.4523e-04
   3.0000e-01   -1.5000e+00   -2.6000e+00    2.5160e+00    1.6339e+00    2.5896e-04   -1.0020e-03    2.4768e-04   -2.3086e-04
   3.0000e-01   -1.5000e+00   -2.6000e+00    2.4271e+00    1.7634e+00    3.2403e-05   -1.0313e-03    9.1326e-05   -2.7610e-04
   3.0000e-01   -1.5000e+00   -2.6000e+00    2.3314e+00    1.8880e+00   -1.6975e-04   -1.0150e-03   -2.8663e-05   -2.8197e-04
   3.0000e-01   -1.5000e+00   -2.6000e+00    2.2294e+00    2.0074e+00   -3.3049e-04   -9.7226e-04   -1.9676e-04   -2.4092e-04
   3.0000e-01   -1.5000e+00   -2.6000e+00    2.1213e+00    2.1213e+00   -4.6059e-04   -9.1562e-04   -2.4556e-04   -1.6881e-04
   3.0000e-01   -1.5000e+00   -2.6000e+00    2.0074e+00    2.2294e+00   -5.6603e-04   -8.5245e-04   -2.8777e-04   -1.7055e-04
   3.0000e-01   -1.5000e+00   -2.6000e+00    1.8880e+00    2.3314e+00   -6.4391e-04   -7.9355e-04   -3.6164e-04   -1.7587e-04
   3.0000e-01   -1.5000e+00   -2.6000e+00    1.7634e+00    2.4271e+00   -6.8991e-04   -7.5288e-04   -3.4619e-04   -1.8416e-04
   3.0000e-01   -1.5000e+00   -2.6000e+00    1.6339e+00    2.5160e+00   -7.1621e-04   -7.2733e-04   -3.8489e-04   -1.4821e-04
   3.0000e-01   -1.5000e+00   -2.6000e+00    1.5000e+00    2.5981e+00   -7.2759e-04   -7.1560e-04   -3.3466e-04   -1.5183e-04
   3.0000e-01   -1.5000e+00   -2.6000e+00    1.3620e+00    2.6730e+00   -7.1986e-04   -7.2346e-04   -2.6934e-04   -2.0274e-04
   3.0000e-01   -1.5000e+00   -2.6000e+00    1.2202e+00    2.7406e+00   -6.8973e-04   -7.5306e-04   -2.4387e-04   -2.4344e-04
   3.0000e-01   -1.5000e+00   -2.6000e+00    1.0751e+00    2.8007e+00   -6.4018e-04   -7.9672e-04   -2.1913e-04   -2.9190e-04
   3.0000e-01   -1.5000e+00   -2.6000e+00    9.2705e-01    2.8532e+00   -5.6536e-04   -8.5288e-04   -2.0903e-04   -3.6933e-04
   3.0000e-01   -1.5000e+00   -2.6000e+00    7.7646e-01    2.8978e+00   -4.6719e-04   -9.1211e-04   -7.2748e-05   -4.7518e-04
   3.0000e-01   -1.5000e+00   -2.6000e+00    6.2374e-01    2.9344e+00   -3.3277e-04   -9.7141e-04    3.2721e-06   -5.2779e-04
   3.0000e-01   -1.5000e+00   -2.6000e+00    4.6930e-01    2.9631e+00   -1.6660e-04   -1.0155e-03    1.4669e-04   -5.3711e-04
   3.0000e-01   -1.5000e+00   -2.6000e+00    3.1359e-01    2.9836e+00    3.4806e-05   -1.0312e-03    3.7110e-04   -6.4083e-04
   3.0000e-01   -1.5000e+00   -2.6000e+00    1.5701e-01    2.9959e+00    2.5568e-04   -1.0028e-03    5.4466e-04   -5.3830e-04
   3.0000e-01   -1.5000e+00   -2.6000e+00    0.0000e+00    3.0000e+00    4.8662e-04   -9.1717e-04    7.4215e-04   -4.9210e-04
   3.0000e-01   -1.5000e+00   -2.6000e+00   -1.5701e-01    2.9959e+00    7.1774e-04   -7.5562e-04    9.3652e-04   -3.2793e-04
   3.0000e-01   -1.5000e+00   -2.6000e+00   -3.1359e-01    2.9836e+00    9.0911e-04   -5.1803e-04    1.0394e-03   -9.1895e-05
   3.0000e-01   -1.5000e+00   -2.6000e+00   -4.6930e-01    2.9631e+00    1.0293e-03   -2.1214e-04    1.1516e-03    3.0539e-04
   3.0000e-01   -1.5000e+00   -2.6000e+00   -6.2374e-01    2.9344e+00    1.0458e-03    1.4689e-04    1.1317e-03    5.4591e-04
   3.0000e-01   -1.5000e+00   -2.6000e+00   -7.7646e-01    2.8978e+00    9.3042e-04    5.1102e-04    1.0089e-03    9.0985e-04
   3.0000e-01   -1.5000e+00   -2.6000e+00   -9.2705e-01    2.8532e+00    6.6882e-04    8.3204e-04    6.7544e-04    1.1949e-03
   3.0000e-01   -1.5000e+00   -2.6000e+00   -1.0751e+00    2.8007e+00    2.7941e-04    1.0371e-03    2.8362e-04    1.3921e-03
   3.0000e-01   -1.5000e+00   -2.6000e+00   -1.2202e+00    2.7406e+00   -1.8553e-04    1.0650e-03   -2.6214e-04    1.4579e-03
   3.0000e-01   -1.5000e+00   -2.6000e+00   -1.3620e+00    2.6730e+00   -6.4232e-04    8.7864e-04   -7.7976e-04    1.2118e-03
   3.0000e-01   -1.5000e+00   -2.6000e+00   -1.5000e+00    2.5981e+00   -9.8379e-04    4.8397e-04   -1.1285e-03    8.1256e-04
   3.0000e-01   -1.5000e+00   -2.6000e+00   -1.6339e+00    2.5160e+00   -1.1037e-03   -5.5297e-05   -1.3354e-03    2.2622e-04
   3.0000e-01   -1.5000e+00   -2.6000e+00   -1.7634e+00    2.4271e+00   -9.3491e-04   -6.0601e-04   -1.1882e-03   -3.8761e-04
   3.0000e-01   -1.5000e+00   -2.6000e+00   -1.8880e+00    2.3314e+00   -4.9042e-04   -1.0112e-03   -7.5537e-04   -7.6404e-04
   3.0000e-01   -1.5000e+00   -2.6000e+00   -2.0074e+00    2.2294e+00    1.3736e-04   -1.1261e-03   -7.3038e-05   -8.7338e-04
   3.0000e-01   -1.5000e+00   -2.6000e+00   -2.1213e+00    2.1213e+00    7.5188e-04   -8.6435e-04    4.7440e-04   -7.6524e-04
   3.0000e-01   -1.5000e+00   -2.6000e+00   -2.2294e+00    2.0074e+00    1.1227e-03   -2.8146e-04    8.0786e-04   -1.4283e-04
   3.0000e-01   -1.5000e+00   -2.6000e+00   -2.3314e+00    1.8880e+00    1.0863e-03    4.3454e-04    7.4953e-04    4.7062e-04
   3.0000e-01   -1.5000e+00   -2.6000e+00   -2.4271e+00    1.7634e+00    6.0493e-04    1.0173e-03    2.9985e-04    1.0786e-03
   3.0000e-01   -1.5000e+00   -2.6000e+00   -2.5160e+00    1.6339e+00   -1.6376e-04    1.1868e-03   -4.7957e-04    1.1866e-03
   3.0000e-01   -1.5000e+00   -2.6000e+00   -2.5981e+00    1.5000e+00   -8.9054e-04    8.2425e-04   -1.1239e-03    7.4630e-04
   3.0000e-01   -1.5000e+00   -2.6000e+00   -2.6730e+00    1.3620e+00   -1.2285e-03    5.3084e-05   -1.4805e-03   -1.0346e-04
   3.0000e-01   -1.5000e+00   -2.6000e+00   -2.7406e+00    1.2202e+00   -9.6513e-04   -7.9030e-04   -1.2239e-03   -9.3567e-04
   3.0000e-01   -1.5000e+00   -2.6000e+00   -2.8007e+00    1.0751e+00   -1.8057e-04   -1.2532e-03   -5.0825e-04   -1.4054e-03
   3.0000e-01   -1.5000e+00   -2.6000e+00   -2.8532e+00    9.2705e-01    7.4694e-04   -1.0471e-03    5.2793e-04   -1.2913e-03
   3.0000e-01   -1.5000e+00   -2.6000e+00   -2.8978e+00    7.7646e-01    1.2864e-03   -2.3480e-04    1.0219e-03   -4.6597e-04
   3.0000e-01   -1.5000e+00   -2.6000e+00   -2.9344e+00    6.2374e-01    1.0907e-03    7.6233e-04    8.6796e-04    5.3083e-04
   3.0000e-01   -1.5000e+00   -2.6000e+00   -2.9631e+00    4.6930e-01    2.0512e-04    1.3401e-03    -1.9991e-05    1.0757e-03
   3.0000e-01   -1.5000e+00   -2.6000e+00   -2.9836e+00    3.1359e-01   -8.6198e-04    1.0810e-03   -1.0346e-03    8.2723e-04
   3.0000e-01   -1.5000e+00   -2.6000e+00   -2.9959e+00    1.5701e-01   -1.4085e-03    9.1961e-05   -1.5859e-03   -1.5602e-04
   3.0000e-01   -1.5000e+00   -2.6000e+00   -3.0000e+00    0.0000e+00   -1.0227e-03   -1.0178e-03   -1.1755e-03   -1.2619e-03
   3.0000e-01   -1.5000e+00   -2.6000e+00   -2.9959e+00   -1.5701e-01    1.0645e-04   -1.4730e-03   -2.5942e-05   -1.7068e-03
   3.0000e-01   -1.5000e+00   -2.6000e+00   -2.9836e+00   -3.1359e-01    1.2268e-03   -8.8720e-04    1.1000e-03   -1.0795e-03
   3.0000e-01   -1.5000e+00   -2.6000e+00   -2.9631e+00   -4.6930e-01    1.5023e-03    4.0018e-04    1.3013e-03    2.0338e-04
   3.0000e-01   -1.5000e+00   -2.6000e+00   -2.9344e+00   -6.2374e-01    6.3846e-04    1.4667e-03    5.4497e-04    1.2139e-03
   3.0000e-01   -1.5000e+00   -2.6000e+00   -2.8978e+00   -7.7646e-01   -7.8153e-04    1.4519e-03   -9.3366e-04    1.2249e-03
   3.0000e-01   -1.5000e+00   -2.6000e+00   -2.8532e+00   -9.2705e-01   -1.6815e-03    2.7364e-04   -1.8171e-03    7.9166e-05
   3.0000e-01   -1.5000e+00   -2.6000e+00   -2.8007e+00   -1.0751e+00   -1.2689e-03   -1.2275e-03   -1.4408e-03   -1.3928e-03
   3.0000e-01   -1.5000e+00   -2.6000e+00   -2.7406e+00   -1.2202e+00    2.4186e-04   -1.8186e-03    6.4013e-05   -2.0299e-03
   3.0000e-01   -1.5000e+00   -2.6000e+00   -2.6730e+00   -1.3620e+00    1.6862e-03   -9.0466e-04    1.5696e-03   -1.0479e-03
   3.0000e-01   -1.5000e+00   -2.6000e+00   -2.5981e+00   -1.5000e+00    1.7992e-03    8.8287e-04    1.6343e-03    6.9872e-04
   3.0000e-01   -1.5000e+00   -2.6000e+00    0.0000e+00   -3.0000e+00    1.7867e-03    9.1095e-04    1.8139e-03    6.5287e-04
   3.0000e-01   -1.5000e+00   -2.6000e+00    1.5701e-01   -2.9959e+00    1.6972e-03   -8.8578e-04    1.6883e-03   -1.1201e-03
   3.0000e-01   -1.5000e+00   -2.6000e+00    3.1359e-01   -2.9836e+00    2.7172e-04   -1.8154e-03    2.7671e-04   -2.0138e-03
   3.0000e-01   -1.5000e+00   -2.6000e+00    4.6930e-01   -2.9631e+00   -1.2553e-03   -1.2422e-03   -1.2368e-03   -1.3766e-03
   3.0000e-01   -1.5000e+00   -2.6000e+00    6.2374e-01   -2.9344e+00   -1.6852e-03    2.5429e-04   -1.6592e-03    1.7187e-04
   3.0000e-01   -1.5000e+00   -2.6000e+00    7.7646e-01   -2.8978e+00   -7.9776e-04    1.4436e-03   -8.0141e-04    1.3055e-03
   3.0000e-01   -1.5000e+00   -2.6000e+00    9.2705e-01   -2.8532e+00    6.2070e-04    1.4748e-03    6.2922e-04    1.3632e-03
   3.0000e-01   -1.5000e+00   -2.6000e+00    1.0751e+00   -2.8007e+00    1.4983e-03    4.1698e-04    1.4687e-03    2.8473e-04
   3.0000e-01   -1.5000e+00   -2.6000e+00    1.2202e+00   -2.7406e+00    1.2384e-03   -8.7194e-04    1.2597e-03   -1.0561e-03
   3.0000e-01   -1.5000e+00   -2.6000e+00    1.3620e+00   -2.6730e+00    1.1651e-04   -1.4724e-03    6.4974e-05   -1.6190e-03
   3.0000e-01   -1.5000e+00   -2.6000e+00    1.5000e+00   -2.5981e+00   -1.0140e-03   -1.0270e-03   -1.0959e-03   -1.2222e-03
   3.0000e-01   -1.5000e+00   -2.6000e+00    1.6339e+00   -2.5160e+00   -1.4095e-03    7.8570e-05   -1.4382e-03   -1.0005e-04
   3.0000e-01   -1.5000e+00   -2.6000e+00    1.7634e+00   -2.4271e+00   -8.6586e-04    1.0780e-03   -9.2144e-04    8.8650e-04
   3.0000e-01   -1.5000e+00   -2.6000e+00    1.8880e+00   -2.3314e+00    1.9757e-04    1.3413e-03    5.2986e-05    1.1899e-03
   3.0000e-01   -1.5000e+00   -2.6000e+00    2.0074e+00   -2.2294e+00    1.0814e-03    7.7600e-04    9.1114e-04    5.6696e-04
   3.0000e-01   -1.5000e+00   -2.6000e+00    2.1213e+00   -2.1213e+00    1.2896e-03   -2.1856e-04    1.0752e-03   -3.8931e-04
   3.0000e-01   -1.5000e+00   -2.6000e+00    2.2294e+00   -2.0074e+00    7.5145e-04   -1.0441e-03    5.0919e-04   -1.2159e-03
   3.0000e-01   -1.5000e+00   -2.6000e+00    2.3314e+00   -1.8880e+00   -1.7340e-04   -1.2542e-03   -4.9781e-04   -1.4377e-03
   3.0000e-01   -1.5000e+00   -2.6000e+00    2.4271e+00   -1.7634e+00   -9.5842e-04   -7.9852e-04   -1.2441e-03   -9.6895e-04
   3.0000e-01   -1.5000e+00   -2.6000e+00    2.5160e+00   -1.6339e+00   -1.2295e-03    3.6530e-05   -1.5707e-03   -1.2892e-04
   3.0000e-01   -1.5000e+00   -2.6000e+00    2.5981e+00   -1.5000e+00   -8.9682e-04    8.1751e-04   -1.2320e-03    7.5380e-04
   3.0000e-01   -1.5000e+00   -2.6000e+00    2.6730e+00   -1.3620e+00   -1.7128e-04    1.1858e-03   -5.8114e-04    1.0947e-03
   3.0000e-01   -1.5000e+00   -2.6000e+00    2.7406e+00   -1.2202e+00    5.9562e-04    1.0231e-03    2.3857e-04    9.8618e-04
   3.0000e-01   -1.5000e+00   -2.6000e+00    2.8007e+00   -1.0751e+00    1.0809e-03    4.4881e-04    6.6706e-04    4.2711e-04
   3.0000e-01   -1.5000e+00   -2.6000e+00    2.8532e+00   -9.2705e-01    1.1245e-03   -2.7469e-04    6.9556e-04   -2.3899e-04
   3.0000e-01   -1.5000e+00   -2.6000e+00    2.8978e+00   -7.7646e-01    7.5473e-04   -8.6193e-04    2.3993e-04   -7.9394e-04
   3.0000e-01   -1.5000e+00   -2.6000e+00    2.9344e+00   -6.2374e-01    1.4886e-04   -1.1248e-03   -3.6856e-04   -9.3767e-04
   3.0000e-01   -1.5000e+00   -2.6000e+00    2.9631e+00   -4.6930e-01   -4.7914e-04   -1.0169e-03   -9.1137e-04   -8.3929e-04
   3.0000e-01   -1.5000e+00   -2.6000e+00    2.9836e+00   -3.1359e-01   -9.3007e-04   -6.1379e-04   -1.3637e-03   -2.7224e-04
   3.0000e-01   -1.5000e+00   -2.6000e+00    2.9959e+00   -1.5701e-01   -1.1035e-03   -6.2410e-05   -1.5776e-03    3.0293e-04
   3.0000e-01    0.0000e+00   -3.0000e+00    3.0000e+00    0.0000e+00   -9.0095e-04    8.1333e-04   -1.3231e-03    7.9485e-04
   3.0000e-01    0.0000e+00   -3.0000e+00    2.9959e+00    1.5701e-01   -1.7874e-04    1.1850e-03   -6.7497e-04    1.1810e-03
   3.0000e-01    0.0000e+00   -3.0000e+00    2.9836e+00    3.1359e-01    5.8602e-04    1.0288e-03    9.1685e-05    9.9626e-04
   3.0000e-01    0.0000e+00   -3.0000e+00    2.9631e+00    4.6930e-01    1.0790e-03    4.5350e-04    5.9936e-04    5.1946e-04
   3.0000e-01    0.0000e+00   -3.0000e+00    2.9344e+00    6.2374e-01    1.1258e-03   -2.6989e-04    6.3446e-04   -1.7346e-04
   3.0000e-01    0.0000e+00   -3.0000e+00    2.8978e+00    7.7646e-01    7.5908e-04   -8.5828e-04    3.4819e-04   -7.6612e-04
   3.0000e-01    0.0000e+00   -3.0000e+00    2.8532e+00    9.2705e-01    1.5644e-04   -1.1239e-03   -3.7873e-04   -9.2064e-04
   3.0000e-01    0.0000e+00   -3.0000e+00    2.8007e+00    1.0751e+00   -4.7323e-04   -1.0199e-03   -8.8931e-04   -8.3470e-04
   3.0000e-01    0.0000e+00   -3.0000e+00    2.7406e+00    1.2202e+00   -9.2712e-04   -6.1857e-04   -1.3414e-03   -3.9414e-04
   3.0000e-01    0.0000e+00   -3.0000e+00    2.6730e+00    1.3620e+00   -1.1034e-03   -6.3558e-05   -1.5080e-03    2.3079e-04
   3.0000e-01    0.0000e+00   -3.0000e+00    2.5981e+00    1.5000e+00   -9.9048e-04    4.7103e-04   -1.3322e-03    8.5550e-04
   3.0000e-01    0.0000e+00   -3.0000e+00    2.5160e+00    1.6339e+00   -6.5633e-04    8.6867e-04   -1.0533e-03    1.3239e-03
   3.0000e-01    0.0000e+00   -3.0000e+00    2.4271e+00    1.7634e+00   -1.9768e-04    1.0630e-03   -5.6356e-04    1.4461e-03
   3.0000e-01    0.0000e+00   -3.0000e+00    2.3314e+00    1.8880e+00    2.7247e-04    1.0390e-03    5.4627e-05    1.4403e-03
   3.0000e-01    0.0000e+00   -3.0000e+00    2.2294e+00    2.0074e+00    6.5832e-04    8.4073e-04    4.1330e-04    1.2973e-03
   3.0000e-01    0.0000e+00   -3.0000e+00    2.1213e+00    2.1213e+00    9.2174e-04    5.2726e-04    7.6909e-04    1.0178e-03
   3.0000e-01    0.0000e+00   -3.0000e+00    2.0074e+00    2.2294e+00    1.0445e-03    1.5764e-04    9.1567e-04    6.6619e-04
   3.0000e-01    0.0000e+00   -3.0000e+00    1.8880e+00    2.3314e+00    1.0309e-03   -2.0482e-04    1.0123e-03    3.6746e-04
   3.0000e-01    0.0000e+00   -3.0000e+00    1.7634e+00    2.4271e+00    9.1390e-04   -5.0977e-04    9.4578e-04    -8.9626e-06
   3.0000e-01    0.0000e+00   -3.0000e+00    1.6339e+00    2.5160e+00    7.2687e-04   -7.4705e-04    8.0990e-04   -2.0929e-04
   3.0000e-01    0.0000e+00   -3.0000e+00    1.5000e+00    2.5981e+00    4.9869e-04   -9.1080e-04    6.8637e-04   -3.9405e-04
   3.0000e-01    0.0000e+00   -3.0000e+00    1.3620e+00    2.6730e+00    2.6298e-04   -1.0010e-03    4.8528e-04   -4.5334e-04
   3.0000e-01    0.0000e+00   -3.0000e+00    1.2202e+00    2.7406e+00    4.2211e-05   -1.0311e-03    3.4141e-04   -4.1351e-04
   3.0000e-01    0.0000e+00   -3.0000e+00    1.0751e+00    2.8007e+00   -1.5492e-04   -1.0176e-03    1.6046e-04   -4.0088e-04
   3.0000e-01    0.0000e+00   -3.0000e+00    9.2705e-01    2.8532e+00   -3.2103e-04   -9.7542e-04    2.1458e-05   -3.4676e-04
   3.0000e-01    0.0000e+00   -3.0000e+00    7.7646e-01    2.8978e+00   -4.5735e-04   -9.1719e-04   -6.3694e-05   -2.8342e-04
   3.0000e-01    0.0000e+00   -3.0000e+00    6.2374e-01    2.9344e+00   -5.5748e-04   -8.5822e-04   -1.2825e-04   -3.2461e-04
   3.0000e-01    0.0000e+00   -3.0000e+00    4.6930e-01    2.9631e+00   -6.3216e-04   -8.0316e-04   -1.9488e-04   -1.3680e-04
   3.0000e-01    0.0000e+00   -3.0000e+00    3.1359e-01    2.9836e+00   -6.7957e-04   -7.6235e-04   -1.6105e-04   -1.3865e-04
   3.0000e-01    0.0000e+00   -3.0000e+00    1.5701e-01    2.9959e+00   -7.0919e-04   -7.3424e-04   -2.2959e-04   -1.2451e-04
   3.0000e-01    0.0000e+00   -3.0000e+00    0.0000e+00    3.0000e+00   -7.2250e-04   -7.2081e-04   -2.1093e-04   -8.3797e-05
   3.0000e-01    0.0000e+00   -3.0000e+00   -1.5701e-01    2.9959e+00   -7.0919e-04   -7.3424e-04   -2.5738e-04   -9.2035e-05
   3.0000e-01    0.0000e+00   -3.0000e+00   -3.1359e-01    2.9836e+00   -6.7957e-04   -7.6235e-04   -1.6821e-04   -1.7317e-04
   3.0000e-01    0.0000e+00   -3.0000e+00   -4.6930e-01    2.9631e+00   -6.3216e-04   -8.0316e-04   -1.8424e-04   -1.7114e-04
   3.0000e-01    0.0000e+00   -3.0000e+00   -6.2374e-01    2.9344e+00   -5.5748e-04   -8.5822e-04   -1.0661e-04   -2.5748e-04
   3.0000e-01    0.0000e+00   -3.0000e+00   -7.7646e-01    2.8978e+00   -4.5735e-04   -9.1719e-04   -7.9300e-05   -3.2235e-04
   3.0000e-01    0.0000e+00   -3.0000e+00   -9.2705e-01    2.8532e+00   -3.2103e-04   -9.7542e-04    4.4983e-05   -3.5479e-04
   3.0000e-01    0.0000e+00   -3.0000e+00   -1.0751e+00    2.8007e+00   -1.5492e-04   -1.0176e-03    1.5268e-04   -4.6177e-04
   3.0000e-01    0.0000e+00   -3.0000e+00   -1.2202e+00    2.7406e+00    4.2211e-05   -1.0311e-03    2.6446e-04   -4.1788e-04
   3.0000e-01    0.0000e+00   -3.0000e+00   -1.3620e+00    2.6730e+00    2.6298e-04   -1.0010e-03    4.2727e-04   -4.1126e-04
   3.0000e-01    0.0000e+00   -3.0000e+00   -1.5000e+00    2.5981e+00    4.9869e-04   -9.1080e-04    6.3165e-04   -3.5909e-04
   3.0000e-01    0.0000e+00   -3.0000e+00   -1.6339e+00    2.5160e+00    7.2687e-04   -7.4705e-04    8.0984e-04   -1.3446e-04
   3.0000e-01    0.0000e+00   -3.0000e+00   -1.7634e+00    2.4271e+00    9.1390e-04   -5.0977e-04    9.4450e-04    2.2224e-05
   3.0000e-01    0.0000e+00   -3.0000e+00   -1.8880e+00    2.3314e+00    1.0309e-03   -2.0482e-04    9.4352e-04    3.3515e-04
   3.0000e-01    0.0000e+00   -3.0000e+00   -2.0074e+00    2.2294e+00    1.0445e-03    1.5764e-04    9.7699e-04    6.7957e-04
   3.0000e-01    0.0000e+00   -3.0000e+00   -2.1213e+00    2.1213e+00    9.2174e-04    5.2726e-04    7.9233e-04    1.0207e-03
   3.0000e-01    0.0000e+00   -3.0000e+00   -2.2294e+00    2.0074e+00    6.5832e-04    8.4073e-04    3.9173e-04    1.2915e-03
   3.0000e-01    0.0000e+00   -3.0000e+00   -2.3314e+00    1.8880e+00    2.7247e-04    1.0390e-03    1.2829e-05    1.4877e-03
   3.0000e-01    0.0000e+00   -3.0000e+00   -2.4271e+00    1.7634e+00   -1.9768e-04    1.0630e-03   -5.4300e-04    1.4542e-03
   3.0000e-01    0.0000e+00   -3.0000e+00   -2.5160e+00    1.6339e+00   -6.5633e-04    8.6867e-04   -1.0203e-03    1.2697e-03
   3.0000e-01    0.0000e+00   -3.0000e+00   -2.5981e+00    1.5000e+00   -9.9048e-04    4.7103e-04   -1.3721e-03    8.1851e-04
   3.0000e-01    0.0000e+00   -3.0000e+00   -2.6730e+00    1.3620e+00   -1.1034e-03   -6.3558e-05   -1.5372e-03    1.9493e-04
   3.0000e-01    0.0000e+00   -3.0000e+00   -2.7406e+00    1.2202e+00   -9.2712e-04   -6.1857e-04   -1.4369e-03   -3.6726e-04
   3.0000e-01    0.0000e+00   -3.0000e+00   -2.8007e+00    1.0751e+00   -4.7323e-04   -1.0199e-03   -9.3221e-04   -7.8949e-04
   3.0000e-01    0.0000e+00   -3.0000e+00   -2.8532e+00    9.2705e-01    1.5644e-04   -1.1239e-03   -3.3005e-04   -9.9253e-04
   3.0000e-01    0.0000e+00   -3.0000e+00   -2.8978e+00    7.7646e-01    7.5908e-04   -8.5828e-04    2.0289e-04   -6.7565e-04
   3.0000e-01    0.0000e+00   -3.0000e+00   -2.9344e+00    6.2374e-01    1.1258e-03   -2.6989e-04    6.1837e-04   -2.0260e-04
   3.0000e-01    0.0000e+00   -3.0000e+00   -2.9631e+00    4.6930e-01    1.0790e-03    4.5350e-04    6.1082e-04    5.3835e-04
   3.0000e-01    0.0000e+00   -3.0000e+00   -2.9836e+00    3.1359e-01    5.8602e-04    1.0288e-03    2.0070e-04    1.1124e-03
   3.0000e-01    0.0000e+00   -3.0000e+00   -2.9959e+00    1.5701e-01   -1.7874e-04    1.1850e-03   -6.2765e-04    1.1942e-03
   3.0000e-01    0.0000e+00   -3.0000e+00   -3.0000e+00    0.0000e+00   -9.0095e-04    8.1333e-04   -1.3273e-03    7.9922e-04
   3.0000e-01    0.0000e+00   -3.0000e+00   -2.9959e+00   -1.5701e-01   -1.2297e-03    3.3121e-05   -1.6805e-03    2.5628e-05
   3.0000e-01    0.0000e+00   -3.0000e+00   -2.9836e+00   -3.1359e-01   -9.5654e-04   -8.0100e-04   -1.3181e-03   -9.5087e-04
   3.0000e-01    0.0000e+00   -3.0000e+00   -2.9631e+00   -4.6930e-01   -1.6658e-04   -1.2554e-03   -5.2225e-04   -1.3606e-03
   3.0000e-01    0.0000e+00   -3.0000e+00   -2.9344e+00   -6.2374e-01    7.5756e-04   -1.0399e-03    4.9165e-04   -1.1363e-03
   3.0000e-01    0.0000e+00   -3.0000e+00   -2.8978e+00   -7.7646e-01    1.2893e-03   -2.2034e-04    1.0771e-03   -3.8075e-04
   3.0000e-01    0.0000e+00   -3.0000e+00   -2.8532e+00   -9.2705e-01    1.0825e-03    7.7461e-04    8.2414e-04    6.8806e-04
   3.0000e-01    0.0000e+00   -3.0000e+00   -2.8007e+00   -1.0751e+00    1.9048e-04    1.3427e-03    -1.8092e-05    1.1772e-03
   3.0000e-01    0.0000e+00   -3.0000e+00   -2.7406e+00   -1.2202e+00   -8.6808e-04    1.0765e-03   -1.0384e-03    9.1273e-04
   3.0000e-01    0.0000e+00   -3.0000e+00   -2.6730e+00   -1.3620e+00   -1.4096e-03    7.8720e-05   -1.5135e-03   -3.0211e-05
   3.0000e-01    0.0000e+00   -3.0000e+00   -2.5981e+00   -1.5000e+00   -1.0149e-03   -1.0260e-03   -1.1589e-03   -1.1867e-03
   3.0000e-01    0.0000e+00   -3.0000e+00   -2.5160e+00   -1.6339e+00    1.2244e-04   -1.4723e-03    5.6833e-05   -1.6259e-03
   3.0000e-01    0.0000e+00   -3.0000e+00   -2.4271e+00   -1.7634e+00    1.2379e-03   -8.7250e-04    1.2209e-03   -1.0292e-03
   3.0000e-01    0.0000e+00   -3.0000e+00   -2.3314e+00   -1.8880e+00    1.4992e-03    4.1292e-04    1.4545e-03    2.1186e-04
   3.0000e-01    0.0000e+00   -3.0000e+00   -2.2294e+00   -2.0074e+00    6.3001e-04    1.4707e-03    5.6106e-04    1.2891e-03
   3.0000e-01    0.0000e+00   -3.0000e+00   -2.1213e+00   -2.1213e+00   -7.9867e-04    1.4433e-03   -7.9486e-04    1.2989e-03
   3.0000e-01    0.0000e+00   -3.0000e+00   -2.0074e+00   -2.2294e+00   -1.6858e-03    2.5140e-04   -1.6863e-03    1.4744e-04
   3.0000e-01    0.0000e+00   -3.0000e+00   -1.8880e+00   -2.3314e+00   -1.2613e-03   -1.2357e-03   -1.2468e-03   -1.4369e-03
   3.0000e-01    0.0000e+00   -3.0000e+00   -1.7634e+00   -2.4271e+00    2.5666e-04   -1.8170e-03    2.9054e-04   -2.0405e-03
   3.0000e-01    0.0000e+00   -3.0000e+00   -1.6339e+00   -2.5160e+00    1.6940e-03   -8.9140e-04    1.7244e-03   -1.1574e-03
   3.0000e-01    0.0000e+00   -3.0000e+00   -1.5000e+00   -2.5981e+00    1.7913e-03    9.0077e-04    1.8361e-03    6.9671e-04
   3.0000e-01    0.0000e+00   -3.0000e+00    1.5000e+00   -2.5981e+00    1.7913e-03    9.0077e-04    1.8210e-03    6.9958e-04
   3.0000e-01    0.0000e+00   -3.0000e+00    1.6339e+00   -2.5160e+00    1.6940e-03   -8.9140e-04    1.6761e-03   -1.1195e-03
   3.0000e-01    0.0000e+00   -3.0000e+00    1.7634e+00   -2.4271e+00    2.5666e-04   -1.8170e-03    3.2917e-04   -1.9928e-03
   3.0000e-01    0.0000e+00   -3.0000e+00    1.8880e+00   -2.3314e+00   -1.2613e-03   -1.2357e-03   -1.2638e-03   -1.4075e-03
   3.0000e-01    0.0000e+00   -3.0000e+00    2.0074e+00   -2.2294e+00   -1.6858e-03    2.5140e-04   -1.6607e-03    1.3541e-04
   3.0000e-01    0.0000e+00   -3.0000e+00    2.1213e+00   -2.1213e+00   -7.9867e-04    1.4433e-03   -7.5916e-04    1.2823e-03
   3.0000e-01    0.0000e+00   -3.0000e+00    2.2294e+00   -2.0074e+00    6.3001e-04    1.4707e-03    6.0587e-04    1.3593e-03
   3.0000e-01    0.0000e+00   -3.0000e+00    2.3314e+00   -1.8880e+00    1.4992e-03    4.1292e-04    1.4701e-03    2.1972e-04
   3.0000e-01    0.0000e+00   -3.0000e+00    2.4271e+00   -1.7634e+00    1.2379e-03   -8.7250e-04    1.1540e-03   -1.0612e-03
   3.0000e-01    0.0000e+00   -3.0000e+00    2.5160e+00   -1.6339e+00    1.2244e-04   -1.4723e-03    4.4508e-05   -1.6037e-03
   3.0000e-01    0.0000e+00   -3.0000e+00    2.5981e+00   -1.5000e+00   -1.0149e-03   -1.0260e-03   -1.0775e-03   -1.1397e-03
   3.0000e-01    0.0000e+00   -3.0000e+00    2.6730e+00   -1.3620e+00   -1.4096e-03    7.8720e-05   -1.5261e-03   -3.9550e-05
   3.0000e-01    0.0000e+00   -3.0000e+00    2.7406e+00   -1.2202e+00   -8.6808e-04    1.0765e-03   -9.4760e-04    9.6713e-04
   3.0000e-01    0.0000e+00   -3.0000e+00    2.8007e+00   -1.0751e+00    1.9048e-04    1.3427e-03    5.5471e-05    1.1625e-03
   3.0000e-01    0.0000e+00   -3.0000e+00    2.8532e+00   -9.2705e-01    1.0825e-03    7.7461e-04    8.3502e-04    6.2883e-04
   3.0000e-01    0.0000e+00   -3.0000e+00    2.8978e+00   -7.7646e-01    1.2893e-03   -2.2034e-04    9.4139e-04   -3.2650e-04
   3.0000e-01    0.0000e+00   -3.0000e+00    2.9344e+00   -6.2374e-01    7.5756e-04   -1.0399e-03    5.0506e-04   -1.1523e-03
   3.0000e-01    0.0000e+00   -3.0000e+00    2.9631e+00   -4.6930e-01   -1.6658e-04   -1.2554e-03   -4.9518e-04   -1.3614e-03
   3.0000e-01    0.0000e+00   -3.0000e+00    2.9836e+00   -3.1359e-01   -9.5654e-04   -8.0100e-04   -1.3431e-03   -8.5184e-04
   3.0000e-01    0.0000e+00   -3.0000e+00    2.9959e+00   -1.5701e-01   -1.2297e-03    3.3121e-05   -1.6726e-03    3.3659e-05
   3.0000e-01    1.5000e+00   -2.6000e+00    3.0000e+00    0.0000e+00   -1.0227e-03   -1.0178e-03   -1.2529e-03   -1.2464e-03
   3.0000e-01    1.5000e+00   -2.6000e+00    2.9959e+00    1.5701e-01   -1.4085e-03    9.1961e-05   -1.5984e-03   -1.0003e-04
   3.0000e-01    1.5000e+00   -2.6000e+00    2.9836e+00    3.1359e-01   -8.6198e-04    1.0810e-03   -1.0198e-03    7.7481e-04
   3.0000e-01    1.5000e+00   -2.6000e+00    2.9631e+00    4.6930e-01    2.0512e-04    1.3401e-03    -6.7693e-05    1.0759e-03
   3.0000e-01    1.5000e+00   -2.6000e+00    2.9344e+00    6.2374e-01    1.0907e-03    7.6233e-04    8.6884e-04    5.3465e-04
   3.0000e-01    1.5000e+00   -2.6000e+00    2.8978e+00    7.7646e-01    1.2864e-03   -2.3480e-04    1.0689e-03   -4.1962e-04
   3.0000e-01    1.5000e+00   -2.6000e+00    2.8532e+00    9.2705e-01    7.4694e-04   -1.0471e-03    4.7186e-04   -1.2948e-03
   3.0000e-01    1.5000e+00   -2.6000e+00    2.8007e+00    1.0751e+00   -1.8057e-04   -1.2532e-03   -4.1599e-04   -1.4307e-03
   3.0000e-01    1.5000e+00   -2.6000e+00    2.7406e+00    1.2202e+00   -9.6513e-04   -7.9030e-04   -1.2244e-03   -9.4958e-04
   3.0000e-01    1.5000e+00   -2.6000e+00    2.6730e+00    1.3620e+00   -1.2285e-03    5.3084e-05   -1.5013e-03   -4.9067e-06
   3.0000e-01    1.5000e+00   -2.6000e+00    2.5981e+00    1.5000e+00   -8.9054e-04    8.2425e-04   -1.2196e-03    7.1181e-04
   3.0000e-01    1.5000e+00   -2.6000e+00    2.5160e+00    1.6339e+00   -1.6376e-04    1.1868e-03   -4.2566e-04    1.2018e-03
   3.0000e-01    1.5000e+00   -2.6000e+00    2.4271e+00    1.7634e+00    6.0493e-04    1.0173e-03    3.1159e-04    9.8046e-04
   3.0000e-01    1.5000e+00   -2.6000e+00    2.3314e+00    1.8880e+00    1.0863e-03    4.3454e-04    7.3446e-04    4.8944e-04
   3.0000e-01    1.5000e+00   -2.6000e+00    2.2294e+00    2.0074e+00    1.1227e-03   -2.8146e-04    7.9874e-04   -1.2433e-04
   3.0000e-01    1.5000e+00   -2.6000e+00    2.1213e+00    2.1213e+00    7.5188e-04   -8.6435e-04    5.5252e-04   -7.3046e-04
   3.0000e-01    1.5000e+00   -2.6000e+00    2.0074e+00    2.2294e+00    1.3736e-04   -1.1261e-03   -1.0924e-04   -9.6210e-04
   3.0000e-01    1.5000e+00   -2.6000e+00    1.8880e+00    2.3314e+00   -4.9042e-04   -1.0112e-03   -6.9705e-04   -8.0375e-04
   3.0000e-01    1.5000e+00   -2.6000e+00    1.7634e+00    2.4271e+00   -9.3491e-04   -6.0601e-04   -1.1553e-03   -3.1901e-04
   3.0000e-01    1.5000e+00   -2.6000e+00    1.6339e+00    2.5160e+00   -1.1037e-03   -5.5297e-05   -1.2795e-03    2.8973e-04
   3.0000e-01    1.5000e+00   -2.6000e+00    1.5000e+00    2.5981e+00   -9.8379e-04    4.8397e-04   -1.2009e-03    7.7222e-04
   3.0000e-01    1.5000e+00   -2.6000e+00    1.3620e+00    2.6730e+00   -6.4232e-04    8.7864e-04   -7.9929e-04    1.2392e-03
   3.0000e-01    1.5000e+00   -2.6000e+00    1.2202e+00    2.7406e+00   -1.8553e-04    1.0650e-03   -2.9045e-04    1.4406e-03
   3.0000e-01    1.5000e+00   -2.6000e+00    1.0751e+00    2.8007e+00    2.7941e-04    1.0371e-03    1.9487e-04    1.4094e-03
   3.0000e-01    1.5000e+00   -2.6000e+00    9.2705e-01    2.8532e+00    6.6882e-04    8.3204e-04    7.4202e-04    1.2768e-03
   3.0000e-01    1.5000e+00   -2.6000e+00    7.7646e-01    2.8978e+00    9.3042e-04    5.1102e-04    9.1550e-04    9.2681e-04
   3.0000e-01    1.5000e+00   -2.6000e+00    6.2374e-01    2.9344e+00    1.0458e-03    1.4689e-04    1.1655e-03    5.4468e-04
   3.0000e-01    1.5000e+00   -2.6000e+00    4.6930e-01    2.9631e+00    1.0293e-03   -2.1214e-04    1.1339e-03    2.3073e-04
   3.0000e-01    1.5000e+00   -2.6000e+00    3.1359e-01    2.9836e+00    9.0911e-04   -5.1803e-04    1.0981e-03   -7.2414e-05
   3.0000e-01    1.5000e+00   -2.6000e+00    1.5701e-01    2.9959e+00    7.1774e-04   -7.5562e-04    9.4340e-04   -2.4781e-04
   3.0000e-01    1.5000e+00   -2.6000e+00    0.0000e+00    3.0000e+00    4.8474e-04   -9.1813e-04    7.3020e-04   -5.0003e-04
   3.0000e-01    1.5000e+00   -2.6000e+00   -1.5701e-01    2.9959e+00    2.5568e-04   -1.0028e-03    5.8337e-04   -5.3905e-04
   3.0000e-01    1.5000e+00   -2.6000e+00   -3.1359e-01    2.9836e+00    3.4806e-05   -1.0312e-03    3.3399e-04   -5.4377e-04
   3.0000e-01    1.5000e+00   -2.6000e+00   -4.6930e-01    2.9631e+00   -1.6660e-04   -1.0155e-03    1.6035e-04   -5.6525e-04
   3.0000e-01    1.5000e+00   -2.6000e+00   -6.2374e-01    2.9344e+00   -3.3277e-04   -9.7141e-04    5.4743e-05   -5.3641e-04
   3.0000e-01    1.5000e+00   -2.6000e+00   -7.7646e-01    2.8978e+00   -4.6719e-04   -9.1211e-04   -1.5037e-05   -5.2135e-04
   3.0000e-01    1.5000e+00   -2.6000e+00   -9.2705e-01    2.8532e+00   -5.6536e-04   -8.5288e-04   -1.6548e-04   -4.0090e-04
   3.0000e-01    1.5000e+00   -2.6000e+00   -1.0751e+00    2.8007e+00   -6.4018e-04   -7.9672e-04   -1.8431e-04   -2.4976e-04
   3.0000e-01    1.5000e+00   -2.6000e+00   -1.2202e+00    2.7406e+00   -6.8973e-04   -7.5306e-04   -2.4079e-04   -1.9328e-04
   3.0000e-01    1.5000e+00   -2.6000e+00   -1.3620e+00    2.6730e+00   -7.1986e-04   -7.2346e-04   -3.7820e-04   -1.8437e-04
   3.0000e-01    1.5000e+00   -2.6000e+00   -1.5000e+00    2.5981e+00   -7.2759e-04   -7.1560e-04   -3.7718e-04   -1.7063e-04
   3.0000e-01    1.5000e+00   -2.6000e+00   -1.6339e+00    2.5160e+00   -7.1621e-04   -7.2733e-04   -3.3880e-04   -1.4159e-04
   3.0000e-01    1.5000e+00   -2.6000e+00   -1.7634e+00    2.4271e+00   -6.8991e-04   -7.5288e-04   -3.0452e-04   -2.1049e-04
   3.0000e-01    1.5000e+00   -2.6000e+00   -1.8880e+00    2.3314e+00   -6.4391e-04   -7.9355e-04   -3.6395e-04   -2.1087e-04
   3.0000e-01    1.5000e+00   -2.6000e+00   -2.0074e+00    2.2294e+00   -5.6603e-04   -8.5245e-04   -3.5675e-04   -1.6225e-04
   3.0000e-01    1.5000e+00   -2.6000e+00   -2.1213e+00    2.1213e+00   -4.6059e-04   -9.1562e-04   -2.4033e-04   -1.8333e-04
   3.0000e-01    1.5000e+00   -2.6000e+00   -2.2294e+00    2.0074e+00   -3.3049e-04   -9.7226e-04   -1.2453e-04   -2.6866e-04
   3.0000e-01    1.5000e+00   -2.6000e+00   -2.3314e+00    1.8880e+00   -1.6975e-04   -1.0150e-03   -8.2385e-05   -2.6507e-04
   3.0000e-01    1.5000e+00   -2.6000e+00   -2.4271e+00    1.7634e+00    3.2403e-05   -1.0313e-03    7.1489e-05   -3.3961e-04
   3.0000e-01    1.5000e+00   -2.6000e+00   -2.5160e+00    1.6339e+00    2.5896e-04   -1.0020e-03    2.2556e-04   -2.6002e-04
   3.0000e-01    1.5000e+00   -2.6000e+00   -2.5981e+00    1.5000e+00    4.9173e-04   -9.1455e-04    4.8387e-04   -1.7392e-04
   3.0000e-01    1.5000e+00   -2.6000e+00   -2.6730e+00    1.3620e+00    7.1703e-04   -7.5625e-04    6.5478e-04   -1.9938e-05
   3.0000e-01    1.5000e+00   -2.6000e+00   -2.7406e+00    1.2202e+00    9.1049e-04   -5.1596e-04    7.3931e-04    2.9292e-04
   3.0000e-01    1.5000e+00   -2.6000e+00   -2.8007e+00    1.0751e+00    1.0306e-03   -2.0695e-04    8.8186e-04    4.9947e-04
   3.0000e-01    1.5000e+00   -2.6000e+00   -2.8532e+00    9.2705e-01    1.0450e-03    1.5364e-04    7.6158e-04    7.7337e-04
   3.0000e-01    1.5000e+00   -2.6000e+00   -2.8978e+00    7.7646e-01    9.2785e-04    5.1601e-04    6.4354e-04    1.1464e-03
   3.0000e-01    1.5000e+00   -2.6000e+00   -2.9344e+00    6.2374e-01    6.6498e-04    8.3541e-04    3.4229e-04    1.4432e-03
   3.0000e-01    1.5000e+00   -2.6000e+00   -2.9631e+00    4.6930e-01    2.7365e-04    1.0388e-03   -8.4251e-05    1.6263e-03
   3.0000e-01    1.5000e+00   -2.6000e+00   -2.9836e+00    3.1359e-01   -1.9724e-04    1.0630e-03   -5.8976e-04    1.5365e-03
   3.0000e-01    1.5000e+00   -2.6000e+00   -2.9959e+00    1.5701e-01   -6.5106e-04    8.7255e-04   -1.1013e-03    1.3334e-03
   3.0000e-01    1.5000e+00   -2.6000e+00   -3.0000e+00    0.0000e+00   -9.8714e-04    4.7770e-04   -1.4622e-03    8.8653e-04
   3.0000e-01    1.5000e+00   -2.6000e+00   -2.9959e+00   -1.5701e-01   -1.1035e-03   -6.2410e-05   -1.5340e-03    2.5917e-04
   3.0000e-01    1.5000e+00   -2.6000e+00   -2.9836e+00   -3.1359e-01   -9.3007e-04   -6.1379e-04   -1.4154e-03   -4.0988e-04
   3.0000e-01    1.5000e+00   -2.6000e+00   -2.9631e+00   -4.6930e-01   -4.7914e-04   -1.0169e-03   -9.7479e-04   -8.6658e-04
   3.0000e-01    1.5000e+00   -2.6000e+00   -2.9344e+00   -6.2374e-01    1.4886e-04   -1.1248e-03   -3.0418e-04   -9.9414e-04
   3.0000e-01    1.5000e+00   -2.6000e+00   -2.8978e+00   -7.7646e-01    7.5473e-04   -8.6193e-04    2.8117e-04   -7.4219e-04
   3.0000e-01    1.5000e+00   -2.6000e+00   -2.8532e+00   -9.2705e-01    1.1245e-03   -2.7469e-04    6.9934e-04   -2.3415e-04
   3.0000e-01    1.5000e+00   -2.6000e+00   -2.8007e+00   -1.0751e+00    1.0809e-03    4.4881e-04    6.8829e-04    4.7555e-04
   3.0000e-01    1.5000e+00   -2.6000e+00   -2.7406e+00   -1.2202e+00    5.9562e-04    1.0231e-03    1.5452e-04    9.9830e-04
   3.0000e-01    1.5000e+00   -2.6000e+00   -2.6730e+00   -1.3620e+00   -1.7128e-04    1.1858e-03   -5.9451e-04    1.0778e-03
   3.0000e-01    1.5000e+00   -2.6000e+00   -2.5981e+00   -1.5000e+00   -8.9682e-04    8.1751e-04   -1.2013e-03    7.2788e-04
   3.0000e-01    1.5000e+00   -2.6000e+00   -2.5160e+00   -1.6339e+00   -1.2295e-03    3.6530e-05   -1.5166e-03   -9.4208e-05
   3.0000e-01    1.5000e+00   -2.6000e+00   -2.4271e+00   -1.7634e+00   -9.5842e-04   -7.9852e-04   -1.1922e-03   -1.0024e-03
   3.0000e-01    1.5000e+00   -2.6000e+00   -2.3314e+00   -1.8880e+00   -1.7340e-04   -1.2542e-03   -4.3421e-04   -1.4180e-03
   3.0000e-01    1.5000e+00   -2.6000e+00   -2.2294e+00   -2.0074e+00    7.5145e-04   -1.0441e-03    5.9719e-04   -1.1854e-03
   3.0000e-01    1.5000e+00   -2.6000e+00   -2.1213e+00   -2.1213e+00    1.2896e-03   -2.1856e-04    1.1325e-03   -4.2299e-04
   3.0000e-01    1.5000e+00   -2.6000e+00   -2.0074e+00   -2.2294e+00    1.0814e-03    7.7600e-04    9.9114e-04    6.1161e-04
   3.0000e-01    1.5000e+00   -2.6000e+00   -1.8880e+00   -2.3314e+00    1.9757e-04    1.3413e-03    2.6962e-05    1.2403e-03
   3.0000e-01    1.5000e+00   -2.6000e+00   -1.7634e+00   -2.4271e+00   -8.6586e-04    1.0780e-03   -1.0244e-03    8.7476e-04
   3.0000e-01    1.5000e+00   -2.6000e+00   -1.6339e+00   -2.5160e+00   -1.4095e-03    7.8570e-05   -1.5055e-03   -1.2450e-04
   3.0000e-01    1.5000e+00   -2.6000e+00   -1.5000e+00   -2.5981e+00   -1.0140e-03   -1.0270e-03   -1.0645e-03   -1.1847e-03
   3.0000e-01    1.5000e+00   -2.6000e+00   -1.3620e+00   -2.6730e+00    1.1651e-04   -1.4724e-03    7.1111e-05   -1.5737e-03
   3.0000e-01    1.5000e+00   -2.6000e+00   -1.2202e+00   -2.7406e+00    1.2384e-03   -8.7194e-04    1.1534e-03   -9.8809e-04
   3.0000e-01    1.5000e+00   -2.6000e+00   -1.0751e+00   -2.8007e+00    1.4983e-03    4.1698e-04    1.4541e-03    3.0482e-04
   3.0000e-01    1.5000e+00   -2.6000e+00   -9.2705e-01   -2.8532e+00    6.2070e-04    1.4748e-03    6.7779e-04    1.3891e-03
   3.0000e-01    1.5000e+00   -2.6000e+00   -7.7646e-01   -2.8978e+00   -7.9776e-04    1.4436e-03   -7.9969e-04    1.2419e-03
   3.0000e-01    1.5000e+00   -2.6000e+00   -6.2374e-01   -2.9344e+00   -1.6852e-03    2.5429e-04   -1.6623e-03    8.3697e-05
   3.0000e-01    1.5000e+00   -2.6000e+00   -4.6930e-01   -2.9631e+00   -1.2553e-03   -1.2422e-03   -1.2951e-03   -1.3942e-03
   3.0000e-01    1.5000e+00   -2.6000e+00   -3.1359e-01   -2.9836e+00    2.7172e-04   -1.8154e-03    2.6305e-04   -1.9532e-03
   3.0000e-01    1.5000e+00   -2.6000e+00   -1.5701e-01   -2.9959e+00    1.6972e-03   -8.8578e-04    1.7508e-03   -1.0901e-03
   3.0000e-01    1.5000e+00   -2.6000e+00    0.0000e+00   -3.0000e+00    1.7929e-03    8.9701e-04    1.8141e-03    6.8267e-04
   3.0000e-01    1.5000e+00   -2.6000e+00    2.5981e+00   -1.5000e+00    1.7992e-03    8.8287e-04    1.6361e-03    7.7417e-04
   3.0000e-01    1.5000e+00   -2.6000e+00    2.6730e+00   -1.3620e+00    1.6862e-03   -9.0466e-04    1.5058e-03   -1.1097e-03
   3.0000e-01    1.5000e+00   -2.6000e+00    2.7406e+00   -1.2202e+00    2.4186e-04   -1.8186e-03    1.2422e-04   -2.0379e-03
   3.0000e-01    1.5000e+00   -2.6000e+00    2.8007e+00   -1.0751e+00   -1.2689e-03   -1.2275e-03   -1.4395e-03   -1.4789e-03
   3.0000e-01    1.5000e+00   -2.6000e+00    2.8532e+00   -9.2705e-01   -1.6815e-03    2.7364e-04   -1.7927e-03    8.5421e-05
   3.0000e-01    1.5000e+00   -2.6000e+00    2.8978e+00   -7.7646e-01   -7.8153e-04    1.4519e-03   -9.1731e-04    1.1873e-03
   3.0000e-01    1.5000e+00   -2.6000e+00    2.9344e+00   -6.2374e-01    6.3846e-04    1.4667e-03    5.0330e-04    1.2549e-03
   3.0000e-01    1.5000e+00   -2.6000e+00    2.9631e+00   -4.6930e-01    1.5023e-03    4.0018e-04    1.3379e-03    1.2849e-04
   3.0000e-01    1.5000e+00   -2.6000e+00    2.9836e+00   -3.1359e-01    1.2268e-03   -8.8720e-04    1.0692e-03   -1.1485e-03
   3.0000e-01    1.5000e+00   -2.6000e+00    2.9959e+00   -1.5701e-01    1.0645e-04   -1.4730e-03   -5.1402e-05   -1.7081e-03
   3.0000e-01    2.6000e+00   -1.5000e+00    3.0000e+00    0.0000e+00    1.7867e-03    9.1095e-04    1.4024e-03    6.5529e-04
   3.0000e-01    2.6000e+00   -1.5000e+00    2.9959e+00    1.5701e-01    1.6972e-03   -8.8578e-04    1.3253e-03   -1.1816e-03
   3.0000e-01    2.6000e+00   -1.5000e+00    2.9836e+00    3.1359e-01    2.7172e-04   -1.8154e-03   -8.1137e-05   -2.1221e-03
   3.0000e-01    2.6000e+00   -1.5000e+00    2.9631e+00    4.6930e-01   -1.2553e-03   -1.2422e-03   -1.6512e-03   -1.6163e-03
   3.0000e-01    2.6000e+00   -1.5000e+00    2.9344e+00    6.2374e-01   -1.6852e-03    2.5429e-04   -2.0163e-03   -1.2595e-04
   3.0000e-01    2.6000e+00   -1.5000e+00    2.8978e+00    7.7646e-01   -7.9776e-04    1.4436e-03   -1.1193e-03    1.0645e-03
   3.0000e-01    2.6000e+00   -1.5000e+00    2.8532e+00    9.2705e-01    6.2070e-04    1.4748e-03    2.5317e-04    1.0837e-03
   3.0000e-01    2.6000e+00   -1.5000e+00    2.8007e+00    1.0751e+00    1.4983e-03    4.1698e-04    1.1405e-03    1.8204e-05
   3.0000e-01    2.6000e+00   -1.5000e+00    2.7406e+00    1.2202e+00    1.2384e-03   -8.7194e-04    9.5332e-04   -1.2714e-03
   3.0000e-01    2.6000e+00   -1.5000e+00    2.6730e+00    1.3620e+00    1.1651e-04   -1.4724e-03   -1.5121e-04   -1.9567e-03
   3.0000e-01    2.6000e+00   -1.5000e+00    2.5981e+00    1.5000e+00   -1.0140e-03   -1.0270e-03   -1.3689e-03   -1.4640e-03
   3.0000e-01    2.6000e+00   -1.5000e+00    2.5160e+00    1.6339e+00   -1.4095e-03    7.8570e-05   -1.7535e-03   -3.2681e-04
   3.0000e-01    2.6000e+00   -1.5000e+00    2.4271e+00    1.7634e+00   -8.6586e-04    1.0780e-03   -1.2049e-03    7.1505e-04
   3.0000e-01    2.6000e+00   -1.5000e+00    2.3314e+00    1.8880e+00    1.9757e-04    1.3413e-03   -9.3289e-05    9.8009e-04
   3.0000e-01    2.6000e+00   -1.5000e+00    2.2294e+00    2.0074e+00    1.0814e-03    7.7600e-04    7.3364e-04    4.4493e-04
   3.0000e-01    2.6000e+00   -1.5000e+00    2.1213e+00    2.1213e+00    1.2896e-03   -2.1856e-04    1.0049e-03   -5.2531e-04
   3.0000e-01    2.6000e+00   -1.5000e+00    2.0074e+00    2.2294e+00    7.5145e-04   -1.0441e-03    4.5247e-04   -1.2803e-03
   3.0000e-01    2.6000e+00   -1.5000e+00    1.8880e+00    2.3314e+00   -1.7340e-04   -1.2542e-03   -4.8379e-04   -1.5086e-03
   3.0000e-01    2.6000e+00   -1.5000e+00    1.7634e+00    2.4271e+00   -9.5842e-04   -7.9852e-04   -1.2186e-03   -9.8541e-04
   3.0000e-01    2.6000e+00   -1.5000e+00    1.6339e+00    2.5160e+00   -1.2295e-03    3.6530e-05   -1.4724e-03   -1.3697e-04
   3.0000e-01    2.6000e+00   -1.5000e+00    1.5000e+00    2.5981e+00   -8.9682e-04    8.1751e-04   -1.1991e-03    6.5454e-04
   3.0000e-01    2.6000e+00   -1.5000e+00    1.3620e+00    2.6730e+00   -1.7128e-04    1.1858e-03   -4.3224e-04    1.1294e-03
   3.0000e-01    2.6000e+00   -1.5000e+00    1.2202e+00    2.7406e+00    5.9562e-04    1.0231e-03    3.8881e-04    9.1983e-04
   3.0000e-01    2.6000e+00   -1.5000e+00    1.0751e+00    2.8007e+00    1.0809e-03    4.4881e-04    8.8087e-04    4.3844e-04
   3.0000e-01    2.6000e+00   -1.5000e+00    9.2705e-01    2.8532e+00    1.1245e-03   -2.7469e-04    8.8980e-04   -1.7681e-04
   3.0000e-01    2.6000e+00   -1.5000e+00    7.7646e-01    2.8978e+00    7.5473e-04   -8.6193e-04    5.8071e-04   -7.7673e-04
   3.0000e-01    2.6000e+00   -1.5000e+00    6.2374e-01    2.9344e+00    1.4886e-04   -1.1248e-03    6.9181e-05   -1.0579e-03
   3.0000e-01    2.6000e+00   -1.5000e+00    4.6930e-01    2.9631e+00   -4.7914e-04   -1.0169e-03   -6.3423e-04   -8.5754e-04
   3.0000e-01    2.6000e+00   -1.5000e+00    3.1359e-01    2.9836e+00   -9.3007e-04   -6.1379e-04   -1.0925e-03   -4.7907e-04
   3.0000e-01    2.6000e+00   -1.5000e+00    1.5701e-01    2.9959e+00   -1.1035e-03   -6.2410e-05   -1.1972e-03    1.2071e-04
   3.0000e-01    2.6000e+00   -1.5000e+00    0.0000e+00    3.0000e+00   -9.8520e-04    4.8154e-04   -1.0399e-03    6.2040e-04
   3.0000e-01    2.6000e+00   -1.5000e+00   -1.5701e-01    2.9959e+00   -6.5106e-04    8.7255e-04   -6.6023e-04    1.0831e-03
   3.0000e-01    2.6000e+00   -1.5000e+00   -3.1359e-01    2.9836e+00   -1.9724e-04    1.0630e-03   -2.4256e-04    1.2373e-03
   3.0000e-01    2.6000e+00   -1.5000e+00   -4.6930e-01    2.9631e+00    2.7365e-04    1.0388e-03    2.7826e-04    1.2111e-03
   3.0000e-01    2.6000e+00   -1.5000e+00   -6.2374e-01    2.9344e+00    6.6498e-04    8.3541e-04    7.5546e-04    1.0480e-03
   3.0000e-01    2.6000e+00   -1.5000e+00   -7.7646e-01    2.8978e+00    9.2785e-04    5.1601e-04    1.0108e-03    7.1931e-04
   3.0000e-01    2.6000e+00   -1.5000e+00   -9.2705e-01    2.8532e+00    1.0450e-03    1.5364e-04    1.1605e-03    4.5548e-04
   3.0000e-01    2.6000e+00   -1.5000e+00   -1.0751e+00    2.8007e+00    1.0306e-03   -2.0695e-04    1.2227e-03    1.2155e-05
   3.0000e-01    2.6000e+00   -1.5000e+00   -1.2202e+00    2.7406e+00    9.1049e-04   -5.1596e-04    1.0859e-03   -2.0227e-04
   3.0000e-01    2.6000e+00   -1.5000e+00   -1.3620e+00    2.6730e+00    7.1703e-04   -7.5625e-04    9.5003e-04   -4.5732e-04
   3.0000e-01    2.6000e+00   -1.5000e+00   -1.5000e+00    2.5981e+00    4.9173e-04   -9.1455e-04    7.5305e-04   -6.1244e-04
   3.0000e-01    2.6000e+00   -1.5000e+00   -1.6339e+00    2.5160e+00    2.5896e-04   -1.0020e-03    5.9074e-04   -6.3620e-04
   3.0000e-01    2.6000e+00   -1.5000e+00   -1.7634e+00    2.4271e+00    3.2403e-05   -1.0313e-03    4.3873e-04   -6.2106e-04
   3.0000e-01    2.6000e+00   -1.5000e+00   -1.8880e+00    2.3314e+00   -1.6975e-04   -1.0150e-03    2.0737e-04   -5.4357e-04
   3.0000e-01    2.6000e+00   -1.5000e+00   -2.0074e+00    2.2294e+00   -3.3049e-04   -9.7226e-04    1.5422e-04   -5.0422e-04
   3.0000e-01    2.6000e+00   -1.5000e+00   -2.1213e+00    2.1213e+00   -4.6059e-04   -9.1562e-04    -4.6103e-05   -3.9442e-04
   3.0000e-01    2.6000e+00   -1.5000e+00   -2.2294e+00    2.0074e+00   -5.6603e-04   -8.5245e-04   -1.1165e-04   -2.1995e-04
   3.0000e-01    2.6000e+00   -1.5000e+00   -2.3314e+00    1.8880e+00   -6.4391e-04   -7.9355e-04   -1.6671e-04   -1.8415e-04
   3.0000e-01    2.6000e+00   -1.5000e+00   -2.4271e+00    1.7634e+00   -6.8991e-04   -7.5288e-04   -1.0766e-04   -5.9184e-05
   3.0000e-01    2.6000e+00   -1.5000e+00   -2.5160e+00    1.6339e+00   -7.1621e-04   -7.2733e-04   -1.9327e-04   -4.5191e-05
   3.0000e-01    2.6000e+00   -1.5000e+00   -2.5981e+00    1.5000e+00   -7.2759e-04   -7.1560e-04   -1.9211e-04    1.9644e-05
   3.0000e-01    2.6000e+00   -1.5000e+00   -2.6730e+00    1.3620e+00   -7.1986e-04   -7.2346e-04   -1.3688e-04    4.5832e-05
   3.0000e-01    2.6000e+00   -1.5000e+00   -2.7406e+00    1.2202e+00   -6.8973e-04   -7.5306e-04   -2.1877e-04    8.1728e-05
   3.0000e-01    2.6000e+00   -1.5000e+00   -2.8007e+00    1.0751e+00   -6.4018e-04   -7.9672e-04   -1.1768e-04    1.8746e-05
   3.0000e-01    2.6000e+00   -1.5000e+00   -2.8532e+00    9.2705e-01   -5.6536e-04   -8.5288e-04   -8.7026e-05   -1.5353e-05
   3.0000e-01    2.6000e+00   -1.5000e+00   -2.8978e+00    7.7646e-01   -4.6719e-04   -9.1211e-04   -9.3102e-05   -7.5968e-05
   3.0000e-01    2.6000e+00   -1.5000e+00   -2.9344e+00    6.2374e-01   -3.3277e-04   -9.7141e-04    -8.7844e-06   -1.5616e-04
   3.0000e-01    2.6000e+00   -1.5000e+00   -2.9631e+00    4.6930e-01   -1.6660e-04   -1.0155e-03    1.0680e-04   -1.8136e-04
   3.0000e-01    2.6000e+00   -1.5000e+00   -2.9836e+00    3.1359e-01    3.4806e-05   -1.0312e-03    2.7913e-04   -2.7107e-04
   3.0000e-01    2.6000e+00   -1.5000e+00   -2.9959e+00    1.5701e-01    2.5568e-04   -1.0028e-03    3.9801e-04   -2.2935e-04
   3.0000e-01    2.6000e+00   -1.5000e+00   -3.0000e+00    0.0000e+00    4.8662e-04   -9.1717e-04    6.0773e-04   -1.7908e-04
   3.0000e-01    2.6000e+00   -1.5000e+00   -2.9959e+00   -1.5701e-01    7.1774e-04   -7.5562e-04    6.7639e-04   -2.0907e-05
   3.0000e-01    2.6000e+00   -1.5000e+00   -2.9836e+00   -3.1359e-01    9.0911e-04   -5.1803e-04    9.2501e-04    1.7659e-04
   3.0000e-01    2.6000e+00   -1.5000e+00   -2.9631e+00   -4.6930e-01    1.0293e-03   -2.1214e-04    9.3707e-04    3.9817e-04
   3.0000e-01    2.6000e+00   -1.5000e+00   -2.9344e+00   -6.2374e-01    1.0458e-03    1.4689e-04    8.4718e-04    6.8304e-04
   3.0000e-01    2.6000e+00   -1.5000e+00   -2.8978e+00   -7.7646e-01    9.3042e-04    5.1102e-04    6.5486e-04    9.8494e-04
   3.0000e-01    2.6000e+00   -1.5000e+00   -2.8532e+00   -9.2705e-01    6.6882e-04    8.3204e-04    3.2514e-04    1.2586e-03
   3.0000e-01    2.6000e+00   -1.5000e+00   -2.8007e+00   -1.0751e+00    2.7941e-04    1.0371e-03   -7.9336e-05    1.4078e-03
   3.0000e-01    2.6000e+00   -1.5000e+00   -2.7406e+00   -1.2202e+00   -1.8553e-04    1.0650e-03   -5.6939e-04    1.3353e-03
   3.0000e-01    2.6000e+00   -1.5000e+00   -2.6730e+00   -1.3620e+00   -6.4232e-04    8.7864e-04   -1.0388e-03    1.0685e-03
   3.0000e-01    2.6000e+00   -1.5000e+00   -2.5981e+00   -1.5000e+00   -9.8379e-04    4.8397e-04   -1.4432e-03    6.3909e-04
   3.0000e-01    2.6000e+00   -1.5000e+00   -2.5160e+00   -1.6339e+00   -1.1037e-03   -5.5297e-05   -1.5487e-03    6.2740e-05
   3.0000e-01    2.6000e+00   -1.5000e+00   -2.4271e+00   -1.7634e+00   -9.3491e-04   -6.0601e-04   -1.4047e-03   -5.1313e-04
   3.0000e-01    2.6000e+00   -1.5000e+00   -2.3314e+00   -1.8880e+00   -4.9042e-04   -1.0112e-03   -1.0471e-03   -1.0043e-03
   3.0000e-01    2.6000e+00   -1.5000e+00   -2.2294e+00   -2.0074e+00    1.3736e-04   -1.1261e-03   -3.3409e-04   -1.0941e-03
   3.0000e-01    2.6000e+00   -1.5000e+00   -2.1213e+00   -2.1213e+00    7.5188e-04   -8.6435e-04    3.0727e-04   -8.5467e-04
   3.0000e-01    2.6000e+00   -1.5000e+00   -2.0074e+00   -2.2294e+00    1.1227e-03   -2.8146e-04    6.6972e-04   -3.3453e-04
   3.0000e-01    2.6000e+00   -1.5000e+00   -1.8880e+00   -2.3314e+00    1.0863e-03    4.3454e-04    6.4628e-04    3.4616e-04
   3.0000e-01    2.6000e+00   -1.5000e+00   -1.7634e+00   -2.4271e+00    6.0493e-04    1.0173e-03    1.8049e-04    9.0781e-04
   3.0000e-01    2.6000e+00   -1.5000e+00   -1.6339e+00   -2.5160e+00   -1.6376e-04    1.1868e-03   -5.3815e-04    1.0609e-03
   3.0000e-01    2.6000e+00   -1.5000e+00   -1.5000e+00   -2.5981e+00   -8.9054e-04    8.2425e-04   -1.2274e-03    6.5303e-04
   3.0000e-01    2.6000e+00   -1.5000e+00   -1.3620e+00   -2.6730e+00   -1.2285e-03    5.3084e-05   -1.5211e-03   -5.8332e-05
   3.0000e-01    2.6000e+00   -1.5000e+00   -1.2202e+00   -2.7406e+00   -9.6513e-04   -7.9030e-04   -1.2252e-03   -9.2735e-04
   3.0000e-01    2.6000e+00   -1.5000e+00   -1.0751e+00   -2.8007e+00   -1.8057e-04   -1.2532e-03   -4.4081e-04   -1.3459e-03
   3.0000e-01    2.6000e+00   -1.5000e+00   -9.2705e-01   -2.8532e+00    7.4694e-04   -1.0471e-03    5.2788e-04   -1.1094e-03
   3.0000e-01    2.6000e+00   -1.5000e+00   -7.7646e-01   -2.8978e+00    1.2864e-03   -2.3480e-04    1.0534e-03   -3.7114e-04
   3.0000e-01    2.6000e+00   -1.5000e+00   -6.2374e-01   -2.9344e+00    1.0907e-03    7.6233e-04    8.9191e-04    6.0554e-04
   3.0000e-01    2.6000e+00   -1.5000e+00   -4.6930e-01   -2.9631e+00    2.0512e-04    1.3401e-03    3.9330e-05    1.1900e-03
   3.0000e-01    2.6000e+00   -1.5000e+00   -3.1359e-01   -2.9836e+00   -8.6198e-04    1.0810e-03   -9.5722e-04    9.0469e-04
   3.0000e-01    2.6000e+00   -1.5000e+00   -1.5701e-01   -2.9959e+00   -1.4085e-03    9.1961e-05   -1.4941e-03   -9.9093e-05
   3.0000e-01    2.6000e+00   -1.5000e+00    0.0000e+00   -3.0000e+00   -1.0295e-03   -1.0107e-03   -1.1372e-03   -1.1175e-03
   3.0000e-01    2.6000e+00   -1.5000e+00    1.5701e-01   -2.9959e+00    1.0645e-04   -1.4730e-03    3.6260e-05   -1.6219e-03
   3.0000e-01    2.6000e+00   -1.5000e+00    3.1359e-01   -2.9836e+00    1.2268e-03   -8.8720e-04    1.1671e-03   -1.0342e-03
   3.0000e-01    2.6000e+00   -1.5000e+00    4.6930e-01   -2.9631e+00    1.5023e-03    4.0018e-04    1.4436e-03    2.7208e-04
   3.0000e-01    2.6000e+00   -1.5000e+00    6.2374e-01   -2.9344e+00    6.3846e-04    1.4667e-03    5.2355e-04    1.2822e-03
   3.0000e-01    2.6000e+00   -1.5000e+00    7.7646e-01   -2.8978e+00   -7.8153e-04    1.4519e-03   -8.4722e-04    1.2864e-03
   3.0000e-01    2.6000e+00   -1.5000e+00    9.2705e-01   -2.8532e+00   -1.6815e-03    2.7364e-04   -1.7569e-03    1.1902e-04
   3.0000e-01    2.6000e+00   -1.5000e+00    1.0751e+00   -2.8007e+00   -1.2689e-03   -1.2275e-03   -1.3895e-03   -1.4744e-03
   3.0000e-01    2.6000e+00   -1.5000e+00    1.2202e+00   -2.7406e+00    2.4186e-04   -1.8186e-03    1.6628e-04   -2.0257e-03
   3.0000e-01    2.6000e+00   -1.5000e+00    1.3620e+00   -2.6730e+00    1.6862e-03   -9.0466e-04    1.5359e-03   -1.1125e-03
   3.0000e-01    2.6000e+00   -1.5000e+00    1.5000e+00   -2.5981e+00    1.7992e-03    8.8287e-04    1.6367e-03    7.0602e-04
   4.0000e-01    3.0000e+00    0.0000e+00    2.5981e+00    1.5000e+00   -2.1743e-03   -7.9775e-04   -2.1627e-03   -7.9496e-04
   4.0000e-01    3.0000e+00    0.0000e+00    2.5160e+00    1.6339e+00   -1.3484e-03    1.7520e-03   -1.3431e-03    1.6981e-03
   4.0000e-01    3.0000e+00    0.0000e+00    2.4271e+00    1.7634e+00    1.2053e-03    1.7432e-03    1.2278e-03    1.5628e-03
   4.0000e-01    3.0000e+00    0.0000e+00    2.3314e+00    1.8880e+00    1.9588e-03   -5.6680e-04    1.9061e-03   -7.1680e-04
   4.0000e-01    3.0000e+00    0.0000e+00    2.2294e+00    2.0074e+00    1.1527e-04   -1.9650e-03    8.4614e-05   -2.1892e-03
   4.0000e-01    3.0000e+00    0.0000e+00    2.1213e+00    2.1213e+00   -1.7497e-03   -7.5343e-04   -1.7499e-03   -1.0195e-03
   4.0000e-01    3.0000e+00    0.0000e+00    2.0074e+00    2.2294e+00   -1.2785e-03    1.3340e-03   -1.2977e-03    1.0679e-03
   4.0000e-01    3.0000e+00    0.0000e+00    1.8880e+00    2.3314e+00    7.5192e-04    1.6308e-03    7.2260e-04    1.3020e-03
   4.0000e-01    3.0000e+00    0.0000e+00    1.7634e+00    2.4271e+00    1.7477e-03   -6.6354e-05    1.7123e-03   -3.5358e-04
   4.0000e-01    3.0000e+00    0.0000e+00    1.6339e+00    2.5160e+00    6.1360e-04   -1.5920e-03    6.0846e-04   -1.9085e-03
   4.0000e-01    3.0000e+00    0.0000e+00    1.5000e+00    2.5981e+00   -1.1750e-03   -1.1819e-03   -1.1928e-03   -1.6010e-03
   4.0000e-01    3.0000e+00    0.0000e+00    1.3620e+00    2.6730e+00   -1.5368e-03    5.4430e-04   -1.5539e-03    1.6709e-04
   4.0000e-01    3.0000e+00    0.0000e+00    1.2202e+00    2.7406e+00   -1.8388e-04    1.5864e-03   -1.2193e-04    1.2472e-03
   4.0000e-01    3.0000e+00    0.0000e+00    1.0751e+00    2.8007e+00    1.2982e-03    8.7598e-04    1.3549e-03    4.7072e-04
   4.0000e-01    3.0000e+00    0.0000e+00    9.2705e-01    2.8532e+00    1.3601e-03   -7.1613e-04    1.4344e-03   -1.0984e-03
   4.0000e-01    3.0000e+00    0.0000e+00    7.7646e-01    2.8978e+00    4.8948e-05   -1.5096e-03    1.3785e-04   -1.9188e-03
   4.0000e-01    3.0000e+00    0.0000e+00    6.2374e-01    2.9344e+00   -1.2476e-03   -8.0684e-04   -1.1054e-03   -1.1688e-03
   4.0000e-01    3.0000e+00    0.0000e+00    4.6930e-01    2.9631e+00   -1.3224e-03    6.2450e-04   -1.1416e-03    2.2339e-04
   4.0000e-01    3.0000e+00    0.0000e+00    3.1359e-01    2.9836e+00   -2.0201e-04    1.4265e-03   -5.9507e-05    1.2030e-03
   4.0000e-01    3.0000e+00    0.0000e+00    1.5701e-01    2.9959e+00    1.0432e-03    9.6430e-04    1.2116e-03    6.3741e-04
   4.0000e-01    3.0000e+00    0.0000e+00    0.0000e+00    3.0000e+00    1.3724e-03   -2.8451e-04    1.5933e-03   -6.4750e-04
   4.0000e-01    3.0000e+00    0.0000e+00   -1.5701e-01    2.9959e+00    6.1213e-04   -1.2412e-03    8.8097e-04   -1.5658e-03
   4.0000e-01    3.0000e+00    0.0000e+00   -3.1359e-01    2.9836e+00   -5.7218e-04   -1.2418e-03   -3.6151e-04   -1.4972e-03
   4.0000e-01    3.0000e+00    0.0000e+00   -4.6930e-01    2.9631e+00   -1.3042e-03   -3.5471e-04   -1.1430e-03   -6.8007e-04
   4.0000e-01    3.0000e+00    0.0000e+00   -6.2374e-01    2.9344e+00   -1.1193e-03    7.3117e-04   -9.7084e-04    3.8502e-04
   4.0000e-01    3.0000e+00    0.0000e+00   -7.7646e-01    2.8978e+00   -2.3299e-04    1.3025e-03   -1.0222e-04    1.0277e-03
   4.0000e-01    3.0000e+00    0.0000e+00   -9.2705e-01    2.8532e+00    7.4433e-04    1.0785e-03    8.2710e-04    8.2462e-04
   4.0000e-01    3.0000e+00    0.0000e+00   -1.0751e+00    2.8007e+00    1.2718e-03    2.6183e-04    1.3226e-03    1.6779e-05
   4.0000e-01    3.0000e+00    0.0000e+00   -1.2202e+00    2.7406e+00    1.1121e-03   -6.4803e-04    1.0672e-03   -8.3862e-04
   4.0000e-01    3.0000e+00    0.0000e+00   -1.3620e+00    2.6730e+00    4.2008e-04   -1.2051e-03    2.9773e-04   -1.3569e-03
   4.0000e-01    3.0000e+00    0.0000e+00   -1.5000e+00    2.5981e+00   -4.1423e-04   -1.1969e-03   -5.8011e-04   -1.3298e-03
   4.0000e-01    3.0000e+00    0.0000e+00   -1.6339e+00    2.5160e+00   -1.0392e-03   -7.0757e-04   -1.1946e-03   -8.9286e-04
   4.0000e-01    3.0000e+00    0.0000e+00   -1.7634e+00    2.4271e+00   -1.2482e-03    2.4710e-05   -1.5195e-03   -4.1849e-05
   4.0000e-01    3.0000e+00    0.0000e+00   -1.8880e+00    2.3314e+00   -1.0189e-03    7.0739e-04   -1.2644e-03    7.0611e-04
   4.0000e-01    3.0000e+00    0.0000e+00   -2.0074e+00    2.2294e+00   -5.0287e-04    1.1258e-03   -7.3719e-04    1.1551e-03
   4.0000e-01    3.0000e+00    0.0000e+00   -2.1213e+00    2.1213e+00    1.1730e-04    1.2206e-03   -2.0092e-04    1.3602e-03
   4.0000e-01    3.0000e+00    0.0000e+00   -2.2294e+00    2.0074e+00    6.7754e-04    1.0143e-03    3.8083e-04    1.2261e-03
   4.0000e-01    3.0000e+00    0.0000e+00   -2.3314e+00    1.8880e+00    1.0529e-03    6.0373e-04    7.6371e-04    8.5188e-04
   4.0000e-01    3.0000e+00    0.0000e+00   -2.4271e+00    1.7634e+00    1.2019e-03    1.2507e-04    9.8803e-04    4.5537e-04
   4.0000e-01    3.0000e+00    0.0000e+00   -2.5160e+00    1.6339e+00    1.1556e-03   -3.3655e-04    9.7317e-04    1.1298e-04
   4.0000e-01    3.0000e+00    0.0000e+00   -2.5981e+00    1.5000e+00    9.5855e-04   -7.2032e-04    9.1613e-04   -1.8063e-04
   4.0000e-01    3.0000e+00    0.0000e+00   -2.6730e+00    1.3620e+00    6.7571e-04   -9.8563e-04    7.0881e-04   -4.1869e-04
   4.0000e-01    3.0000e+00    0.0000e+00   -2.7406e+00    1.2202e+00    3.6684e-04   -1.1338e-03    5.8108e-04   -5.5549e-04
   4.0000e-01    3.0000e+00    0.0000e+00   -2.8007e+00    1.0751e+00    6.7580e-05   -1.1866e-03    3.7893e-04   -5.8062e-04
   4.0000e-01    3.0000e+00    0.0000e+00   -2.8532e+00    9.2705e-01   -1.9547e-04   -1.1695e-03    3.0802e-04   -5.6763e-04
   4.0000e-01    3.0000e+00    0.0000e+00   -2.8978e+00    7.7646e-01   -4.1515e-04   -1.1082e-03    2.2246e-04   -5.1589e-04
   4.0000e-01    3.0000e+00    0.0000e+00   -2.9344e+00    6.2374e-01   -5.7669e-04   -1.0315e-03    2.1159e-04   -4.5179e-04
   4.0000e-01    3.0000e+00    0.0000e+00   -2.9631e+00    4.6930e-01   -6.9606e-04   -9.5308e-04    1.3890e-04   -4.6511e-04
   4.0000e-01    3.0000e+00    0.0000e+00   -2.9836e+00    3.1359e-01   -7.7087e-04   -8.9239e-04    1.1052e-04   -3.8256e-04
   4.0000e-01    3.0000e+00    0.0000e+00   -2.9959e+00    1.5701e-01   -8.1703e-04   -8.4967e-04    1.7160e-04   -4.0050e-04
   4.0000e-01    3.0000e+00    0.0000e+00   -3.0000e+00    0.0000e+00   -8.3757e-04   -8.2903e-04    1.7982e-04   -4.6281e-04
   4.0000e-01    3.0000e+00    0.0000e+00   -2.9959e+00   -1.5701e-01   -8.1703e-04   -8.4967e-04    2.1365e-04   -5.2311e-04
   4.0000e-01    3.0000e+00    0.0000e+00   -2.9836e+00   -3.1359e-01   -7.7087e-04   -8.9239e-04    2.5958e-04   -5.7304e-04
   4.0000e-01    3.0000e+00    0.0000e+00   -2.9631e+00   -4.6930e-01   -6.9606e-04   -9.5308e-04    2.8062e-04   -7.1983e-04
   4.0000e-01    3.0000e+00    0.0000e+00   -2.9344e+00   -6.2374e-01   -5.7669e-04   -1.0315e-03    3.2484e-04   -9.0014e-04
   4.0000e-01    3.0000e+00    0.0000e+00   -2.8978e+00   -7.7646e-01   -4.1515e-04   -1.1082e-03    4.1064e-04   -9.6312e-04
   4.0000e-01    3.0000e+00    0.0000e+00   -2.8532e+00   -9.2705e-01   -1.9547e-04   -1.1695e-03    5.7327e-04   -1.0879e-03
   4.0000e-01    3.0000e+00    0.0000e+00   -2.8007e+00   -1.0751e+00    6.7580e-05   -1.1866e-03    7.1876e-04   -1.1657e-03
   4.0000e-01    3.0000e+00    0.0000e+00   -2.7406e+00   -1.2202e+00    3.6684e-04   -1.1338e-03    9.3965e-04   -1.0397e-03
   4.0000e-01    3.0000e+00    0.0000e+00   -2.6730e+00   -1.3620e+00    6.7571e-04   -9.8563e-04    1.0821e-03   -9.3634e-04
   4.0000e-01    3.0000e+00    0.0000e+00   -2.5981e+00   -1.5000e+00    9.5855e-04   -7.2032e-04    1.2721e-03   -6.6472e-04
   4.0000e-01    3.0000e+00    0.0000e+00   -2.5160e+00   -1.6339e+00    1.1556e-03   -3.3655e-04    1.3323e-03   -2.7141e-04
   4.0000e-01    3.0000e+00    0.0000e+00   -2.4271e+00   -1.7634e+00    1.2019e-03    1.2507e-04    1.2760e-03    2.1509e-04
   4.0000e-01    3.0000e+00    0.0000e+00   -2.3314e+00   -1.8880e+00    1.0529e-03    6.0373e-04    1.0787e-03    7.2733e-04
   4.0000e-01    3.0000e+00    0.0000e+00   -2.2294e+00   -2.0074e+00    6.7754e-04    1.0143e-03    5.9450e-04    1.1584e-03
   4.0000e-01    3.0000e+00    0.0000e+00   -2.1213e+00   -2.1213e+00    1.1730e-04    1.2206e-03   -5.6108e-05    1.4663e-03
   4.0000e-01    3.0000e+00    0.0000e+00   -2.0074e+00   -2.2294e+00   -5.0287e-04    1.1258e-03   -6.4707e-04    1.3770e-03
   4.0000e-01    3.0000e+00    0.0000e+00   -1.8880e+00   -2.3314e+00   -1.0189e-03    7.0739e-04   -1.2184e-03    1.0033e-03
   4.0000e-01    3.0000e+00    0.0000e+00   -1.7634e+00   -2.4271e+00   -1.2482e-03    2.4710e-05   -1.4358e-03    3.3865e-04
   4.0000e-01    3.0000e+00    0.0000e+00   -1.6339e+00   -2.5160e+00   -1.0392e-03   -7.0757e-04   -1.2300e-03   -4.3016e-04
   4.0000e-01    3.0000e+00    0.0000e+00   -1.5000e+00   -2.5981e+00   -4.1423e-04   -1.1969e-03   -6.0796e-04   -9.0718e-04
   4.0000e-01    3.0000e+00    0.0000e+00   -1.3620e+00   -2.6730e+00    4.2008e-04   -1.2051e-03    2.7220e-04   -8.6668e-04
   4.0000e-01    3.0000e+00    0.0000e+00   -1.2202e+00   -2.7406e+00    1.1121e-03   -6.4803e-04    1.0318e-03   -3.6033e-04
   4.0000e-01    3.0000e+00    0.0000e+00   -1.0751e+00   -2.8007e+00    1.2718e-03    2.6183e-04    1.2083e-03    4.4805e-04
   4.0000e-01    3.0000e+00    0.0000e+00   -9.2705e-01   -2.8532e+00    7.4433e-04    1.0785e-03    6.5277e-04    1.3498e-03
   4.0000e-01    3.0000e+00    0.0000e+00   -7.7646e-01   -2.8978e+00   -2.3299e-04    1.3025e-03   -2.5265e-04    1.5645e-03
   4.0000e-01    3.0000e+00    0.0000e+00   -6.2374e-01   -2.9344e+00   -1.1193e-03    7.3117e-04   -1.1483e-03    9.4706e-04
   4.0000e-01    3.0000e+00    0.0000e+00   -4.6930e-01   -2.9631e+00   -1.3042e-03   -3.5471e-04   -1.3396e-03   -7.7827e-05
   4.0000e-01    3.0000e+00    0.0000e+00   -3.1359e-01   -2.9836e+00   -5.7218e-04   -1.2418e-03   -5.3204e-04   -1.0002e-03
   4.0000e-01    3.0000e+00    0.0000e+00   -1.5701e-01   -2.9959e+00    6.1213e-04   -1.2412e-03    6.2344e-04   -1.0738e-03
   4.0000e-01    3.0000e+00    0.0000e+00    0.0000e+00   -3.0000e+00    1.3724e-03   -2.8451e-04    1.4053e-03   -1.1037e-04
   4.0000e-01    3.0000e+00    0.0000e+00    1.5701e-01   -2.9959e+00    1.0432e-03    9.6430e-04    1.0502e-03    1.1327e-03
   4.0000e-01    3.0000e+00    0.0000e+00    3.1359e-01   -2.9836e+00   -2.0201e-04    1.4265e-03   -2.1757e-04    1.5658e-03
   4.0000e-01    3.0000e+00    0.0000e+00    4.6930e-01   -2.9631e+00   -1.3224e-03    6.2450e-04   -1.3320e-03    7.5055e-04
   4.0000e-01    3.0000e+00    0.0000e+00    6.2374e-01   -2.9344e+00   -1.2476e-03   -8.0684e-04   -1.2381e-03   -5.9880e-04
   4.0000e-01    3.0000e+00    0.0000e+00    7.7646e-01   -2.8978e+00    4.8948e-05   -1.5096e-03    6.3106e-06   -1.3767e-03
   4.0000e-01    3.0000e+00    0.0000e+00    9.2705e-01   -2.8532e+00    1.3601e-03   -7.1613e-04    1.3495e-03   -4.9867e-04
   4.0000e-01    3.0000e+00    0.0000e+00    1.0751e+00   -2.8007e+00    1.2982e-03    8.7598e-04    1.2735e-03    1.0609e-03
   4.0000e-01    3.0000e+00    0.0000e+00    1.2202e+00   -2.7406e+00   -1.8388e-04    1.5864e-03   -2.7019e-04    1.8926e-03
   4.0000e-01    3.0000e+00    0.0000e+00    1.3620e+00   -2.6730e+00   -1.5368e-03    5.4430e-04   -1.5587e-03    8.3180e-04
   4.0000e-01    3.0000e+00    0.0000e+00    1.5000e+00   -2.5981e+00   -1.1750e-03   -1.1819e-03   -1.1805e-03   -8.7717e-04
   4.0000e-01    3.0000e+00    0.0000e+00    1.6339e+00   -2.5160e+00    6.1360e-04   -1.5920e-03    5.8393e-04   -1.2972e-03
   4.0000e-01    3.0000e+00    0.0000e+00    1.7634e+00   -2.4271e+00    1.7477e-03   -6.6354e-05    1.7375e-03    2.2259e-04
   4.0000e-01    3.0000e+00    0.0000e+00    1.8880e+00   -2.3314e+00    7.5192e-04    1.6308e-03    7.8835e-04    1.9075e-03
   4.0000e-01    3.0000e+00    0.0000e+00    2.0074e+00   -2.2294e+00   -1.2785e-03    1.3340e-03   -1.2120e-03    1.6551e-03
   4.0000e-01    3.0000e+00    0.0000e+00    2.1213e+00   -2.1213e+00   -1.7497e-03   -7.5343e-04   -1.6854e-03   -4.0887e-04
   4.0000e-01    3.0000e+00    0.0000e+00    2.2294e+00   -2.0074e+00    1.1527e-04   -1.9650e-03    2.4081e-04   -1.6443e-03
   4.0000e-01    3.0000e+00    0.0000e+00    2.3314e+00   -1.8880e+00    1.9588e-03   -5.6680e-04    2.1697e-03   -1.9926e-04
   4.0000e-01    3.0000e+00    0.0000e+00    2.4271e+00   -1.7634e+00    1.2053e-03    1.7432e-03    1.3951e-03    2.0711e-03
   4.0000e-01    3.0000e+00    0.0000e+00    2.5160e+00   -1.6339e+00   -1.3484e-03    1.7520e-03   -1.1641e-03    2.1087e-03
   4.0000e-01    3.0000e+00    0.0000e+00    2.5981e+00   -1.5000e+00   -2.1743e-03   -7.9775e-04   -2.0562e-03   -4.9816e-04
   4.0000e-01    2.6000e+00    1.5000e+00    3.0000e+00    0.0000e+00   -2.1761e-03   -7.9174e-04   -2.0977e-03   -8.1227e-04
   4.0000e-01    2.6000e+00    1.5000e+00    1.5000e+00    2.5981e+00   -2.1833e-03   -7.6948e-04   -1.9740e-03   -1.2308e-03
   4.0000e-01    2.6000e+00    1.5000e+00    1.3620e+00    2.6730e+00   -1.3295e-03    1.7655e-03   -1.0960e-03    1.3120e-03
   4.0000e-01    2.6000e+00    1.5000e+00    1.2202e+00    2.7406e+00    1.2236e-03    1.7301e-03    1.4071e-03    1.3918e-03
   4.0000e-01    2.6000e+00    1.5000e+00    1.0751e+00    2.8007e+00    1.9540e-03   -5.8306e-04    2.1820e-03   -9.8805e-04
   4.0000e-01    2.6000e+00    1.5000e+00    9.2705e-01    2.8532e+00    8.0721e-05   -1.9659e-03    3.0424e-04   -2.2358e-03
   4.0000e-01    2.6000e+00    1.5000e+00    7.7646e-01    2.8978e+00   -1.7603e-03   -7.2619e-04   -1.5167e-03   -9.1805e-04
   4.0000e-01    2.6000e+00    1.5000e+00    6.2374e-01    2.9344e+00   -1.2680e-03    1.3436e-03   -1.0395e-03    1.2088e-03
   4.0000e-01    2.6000e+00    1.5000e+00    4.6930e-01    2.9631e+00    7.6992e-04    1.6221e-03    9.9208e-04    1.5102e-03
   4.0000e-01    2.6000e+00    1.5000e+00    3.1359e-01    2.9836e+00    1.7458e-03   -9.4569e-05    1.9263e-03   -1.3466e-04
   4.0000e-01    2.6000e+00    1.5000e+00    1.5701e-01    2.9959e+00    5.9040e-04   -1.6001e-03    7.4801e-04   -1.5305e-03
   4.0000e-01    2.6000e+00    1.5000e+00    0.0000e+00    3.0000e+00   -1.1975e-03   -1.1583e-03   -9.6513e-04   -1.0460e-03
   4.0000e-01    2.6000e+00    1.5000e+00   -1.5701e-01    2.9959e+00   -1.5295e-03    5.6347e-04   -1.3589e-03    6.8106e-04
   4.0000e-01    2.6000e+00    1.5000e+00   -3.1359e-01    2.9836e+00   -1.7212e-04    1.5873e-03    -2.9682e-06    1.7931e-03
   4.0000e-01    2.6000e+00    1.5000e+00   -4.6930e-01    2.9631e+00    1.3105e-03    8.5643e-04    1.5048e-03    1.1065e-03
   4.0000e-01    2.6000e+00    1.5000e+00   -6.2374e-01    2.9344e+00    1.3489e-03   -7.3627e-04    1.4842e-03   -5.3592e-04
   4.0000e-01    2.6000e+00    1.5000e+00   -7.7646e-01    2.8978e+00    2.5923e-05   -1.5097e-03    1.3988e-04   -1.3434e-03
   4.0000e-01    2.6000e+00    1.5000e+00   -9.2705e-01    2.8532e+00   -1.2580e-03   -7.8959e-04   -1.1246e-03   -5.8949e-04
   4.0000e-01    2.6000e+00    1.5000e+00   -1.0751e+00    2.8007e+00   -1.3125e-03    6.4443e-04   -1.2117e-03    7.9433e-04
   4.0000e-01    2.6000e+00    1.5000e+00   -1.2202e+00    2.7406e+00   -1.8055e-04    1.4292e-03   -8.2540e-05    1.6034e-03
   4.0000e-01    2.6000e+00    1.5000e+00   -1.3620e+00    2.6730e+00    1.0637e-03    9.4059e-04    1.1535e-03    1.1202e-03
   4.0000e-01    2.6000e+00    1.5000e+00   -1.5000e+00    2.5981e+00    1.3693e-03   -2.9762e-04    1.3468e-03   -1.4802e-04
   4.0000e-01    2.6000e+00    1.5000e+00   -1.6339e+00    2.5160e+00    5.9038e-04   -1.2511e-03    5.4639e-04   -1.0905e-03
   4.0000e-01    2.6000e+00    1.5000e+00   -1.7634e+00    2.4271e+00   -6.0332e-04   -1.2263e-03   -6.7810e-04   -1.1587e-03
   4.0000e-01    2.6000e+00    1.5000e+00   -1.8880e+00    2.3314e+00   -1.3117e-03   -3.2360e-04   -1.4527e-03   -3.1130e-04
   4.0000e-01    2.6000e+00    1.5000e+00   -2.0074e+00    2.2294e+00   -1.1082e-03    7.4689e-04   -1.2512e-03    8.5909e-04
   4.0000e-01    2.6000e+00    1.5000e+00   -2.1213e+00    2.1213e+00   -2.1792e-04    1.3048e-03   -5.1825e-04    1.3249e-03
   4.0000e-01    2.6000e+00    1.5000e+00   -2.2294e+00    2.0074e+00    7.6883e-04    1.0606e-03    4.6549e-04    1.0656e-03
   4.0000e-01    2.6000e+00    1.5000e+00   -2.3314e+00    1.8880e+00    1.2768e-03    2.3187e-04    9.6491e-04    3.0343e-04
   4.0000e-01    2.6000e+00    1.5000e+00   -2.4271e+00    1.7634e+00    1.0995e-03   -6.6784e-04    6.9276e-04   -5.5882e-04
   4.0000e-01    2.6000e+00    1.5000e+00   -2.5160e+00    1.6339e+00    4.0737e-04   -1.2093e-03   -2.8322e-05   -1.1570e-03
   4.0000e-01    2.6000e+00    1.5000e+00   -2.5981e+00    1.5000e+00   -4.3574e-04   -1.1886e-03   -8.8974e-04   -1.1214e-03
   4.0000e-01    2.6000e+00    1.5000e+00   -2.6730e+00    1.3620e+00   -1.0538e-03   -6.8481e-04   -1.4827e-03   -5.3443e-04
   4.0000e-01    2.6000e+00    1.5000e+00   -2.7406e+00    1.2202e+00   -1.2475e-03    4.4210e-05   -1.7368e-03    2.0971e-04
   4.0000e-01    2.6000e+00    1.5000e+00   -2.8007e+00    1.0751e+00   -1.0121e-03    7.1689e-04   -1.5054e-03    9.4421e-04
   4.0000e-01    2.6000e+00    1.5000e+00   -2.8532e+00    9.2705e-01   -4.8304e-04    1.1341e-03   -9.6017e-04    1.4019e-03
   4.0000e-01    2.6000e+00    1.5000e+00   -2.8978e+00    7.7646e-01    1.4582e-04    1.2170e-03   -2.6138e-04    1.5547e-03
   4.0000e-01    2.6000e+00    1.5000e+00   -2.9344e+00    6.2374e-01    6.9145e-04    1.0045e-03    3.9010e-04    1.3959e-03
   4.0000e-01    2.6000e+00    1.5000e+00   -2.9631e+00    4.6930e-01    1.0585e-03    5.9339e-04    7.8524e-04    9.7938e-04
   4.0000e-01    2.6000e+00    1.5000e+00   -2.9836e+00    3.1359e-01    1.2032e-03    1.1026e-04    9.9671e-04    5.5707e-04
   4.0000e-01    2.6000e+00    1.5000e+00   -2.9959e+00    1.5701e-01    1.1499e-03   -3.5504e-04    1.0503e-03    1.0660e-04
   4.0000e-01    2.6000e+00    1.5000e+00   -3.0000e+00    0.0000e+00    9.4369e-04   -7.3949e-04    8.8315e-04   -2.2721e-04
   4.0000e-01    2.6000e+00    1.5000e+00   -2.9959e+00   -1.5701e-01    6.6621e-04   -9.9212e-04    7.6138e-04   -4.0486e-04
   4.0000e-01    2.6000e+00    1.5000e+00   -2.9836e+00   -3.1359e-01    3.5608e-04   -1.1370e-03    5.1194e-04   -6.3128e-04
   4.0000e-01    2.6000e+00    1.5000e+00   -2.9631e+00   -4.6930e-01    4.9619e-05   -1.1873e-03    3.0397e-04   -6.7036e-04
   4.0000e-01    2.6000e+00    1.5000e+00   -2.9344e+00   -6.2374e-01   -2.1394e-04   -1.1662e-03    3.7031e-05   -6.0444e-04
   4.0000e-01    2.6000e+00    1.5000e+00   -2.8978e+00   -7.7646e-01   -4.3067e-04   -1.1021e-03   -1.3879e-04   -5.2910e-04
   4.0000e-01    2.6000e+00    1.5000e+00   -2.8532e+00   -9.2705e-01   -5.8897e-04   -1.0243e-03   -2.0638e-04   -4.6408e-04
   4.0000e-01    2.6000e+00    1.5000e+00   -2.8007e+00   -1.0751e+00   -7.0843e-04   -9.4407e-04   -3.1154e-04   -3.7040e-04
   4.0000e-01    2.6000e+00    1.5000e+00   -2.7406e+00   -1.2202e+00   -7.8637e-04   -8.7892e-04   -3.1745e-04   -3.4445e-04
   4.0000e-01    2.6000e+00    1.5000e+00   -2.6730e+00   -1.3620e+00   -8.3304e-04   -8.3365e-04   -3.3131e-04   -3.7285e-04
   4.0000e-01    2.6000e+00    1.5000e+00   -2.5981e+00   -1.5000e+00   -8.4487e-04   -8.2143e-04   -3.5778e-04   -2.6735e-04
   4.0000e-01    2.6000e+00    1.5000e+00   -2.5160e+00   -1.6339e+00   -8.2731e-04   -8.3950e-04   -3.8465e-04   -2.6196e-04
   4.0000e-01    2.6000e+00    1.5000e+00   -2.4271e+00   -1.7634e+00   -7.8645e-04   -8.7864e-04   -3.1200e-04   -3.1665e-04
   4.0000e-01    2.6000e+00    1.5000e+00   -2.3314e+00   -1.8880e+00   -7.1412e-04   -9.3963e-04   -2.7775e-04   -3.3679e-04
   4.0000e-01    2.6000e+00    1.5000e+00   -2.2294e+00   -2.0074e+00   -5.8980e-04   -1.0240e-03   -1.6884e-04   -3.5235e-04
   4.0000e-01    2.6000e+00    1.5000e+00   -2.1213e+00   -2.1213e+00   -4.1965e-04   -1.1066e-03   -6.4306e-05   -4.0407e-04
   4.0000e-01    2.6000e+00    1.5000e+00   -2.0074e+00   -2.2294e+00   -2.0979e-04   -1.1670e-03    8.2368e-05   -4.7326e-04
   4.0000e-01    2.6000e+00    1.5000e+00   -1.8880e+00   -2.3314e+00    4.5286e-05   -1.1875e-03    2.8670e-04   -4.7795e-04
   4.0000e-01    2.6000e+00    1.5000e+00   -1.7634e+00   -2.4271e+00    3.5316e-04   -1.1380e-03    6.2676e-04   -3.3931e-04
   4.0000e-01    2.6000e+00    1.5000e+00   -1.6339e+00   -2.5160e+00    6.7109e-04   -9.8895e-04    8.7398e-04   -2.6233e-04
   4.0000e-01    2.6000e+00    1.5000e+00   -1.5000e+00   -2.5981e+00    9.5167e-04   -7.2950e-04    1.1441e-03    3.4538e-05
   4.0000e-01    2.6000e+00    1.5000e+00   -1.3620e+00   -2.6730e+00    1.1496e-03   -3.5574e-04    1.2682e-03    4.4148e-04
   4.0000e-01    2.6000e+00    1.5000e+00   -1.2202e+00   -2.7406e+00    1.2031e-03    1.1482e-04    1.3077e-03    8.2105e-04
   4.0000e-01    2.6000e+00    1.5000e+00   -1.0751e+00   -2.8007e+00    1.0544e-03    6.0144e-04    1.0819e-03    1.3508e-03
   4.0000e-01    2.6000e+00    1.5000e+00   -9.2705e-01   -2.8532e+00    6.8221e-04    1.0111e-03    6.3098e-04    1.6836e-03
   4.0000e-01    2.6000e+00    1.5000e+00   -7.7646e-01   -2.8978e+00    1.3649e-04    1.2184e-03    8.3156e-05    1.8961e-03
   4.0000e-01    2.6000e+00    1.5000e+00   -6.2374e-01   -2.9344e+00   -4.9114e-04    1.1310e-03   -6.0488e-04    1.7768e-03
   4.0000e-01    2.6000e+00    1.5000e+00   -4.6930e-01   -2.9631e+00   -1.0180e-03    7.0874e-04   -1.1543e-03    1.3082e-03
   4.0000e-01    2.6000e+00    1.5000e+00   -3.1359e-01   -2.9836e+00   -1.2483e-03    2.5146e-05   -1.3566e-03    5.6373e-04
   4.0000e-01    2.6000e+00    1.5000e+00   -1.5701e-01   -2.9959e+00   -1.0448e-03   -6.9934e-04   -1.1733e-03   -1.8244e-04
   4.0000e-01    2.6000e+00    1.5000e+00    0.0000e+00   -3.0000e+00   -4.3123e-04   -1.1906e-03   -6.1652e-04   -8.0508e-04
   4.0000e-01    2.6000e+00    1.5000e+00    1.5701e-01   -2.9959e+00    4.1838e-04   -1.2058e-03    1.6008e-04   -8.9843e-04
   4.0000e-01    2.6000e+00    1.5000e+00    3.1359e-01   -2.9836e+00    1.1074e-03   -6.5540e-04    8.4572e-04   -3.9045e-04
   4.0000e-01    2.6000e+00    1.5000e+00    4.6930e-01   -2.9631e+00    1.2735e-03    2.5155e-04    9.8965e-04    4.6147e-04
   4.0000e-01    2.6000e+00    1.5000e+00    6.2374e-01   -2.9344e+00    7.5414e-04    1.0715e-03    4.3998e-04    1.1946e-03
   4.0000e-01    2.6000e+00    1.5000e+00    7.7646e-01   -2.8978e+00   -2.2398e-04    1.3038e-03   -5.9278e-04    1.3656e-03
   4.0000e-01    2.6000e+00    1.5000e+00    9.2705e-01   -2.8532e+00   -1.1146e-03    7.3777e-04   -1.4403e-03    7.5376e-04
   4.0000e-01    2.6000e+00    1.5000e+00    1.0751e+00   -2.8007e+00   -1.3063e-03   -3.4671e-04   -1.6641e-03   -3.4301e-04
   4.0000e-01    2.6000e+00    1.5000e+00    1.2202e+00   -2.7406e+00   -5.8815e-04   -1.2341e-03   -9.2717e-04   -1.3467e-03
   4.0000e-01    2.6000e+00    1.5000e+00    1.3620e+00   -2.6730e+00    6.0104e-04   -1.2461e-03    2.5186e-04   -1.3695e-03
   4.0000e-01    2.6000e+00    1.5000e+00    1.5000e+00   -2.5981e+00    1.3722e-03   -2.8374e-04    1.0417e-03   -3.9073e-04
   4.0000e-01    2.6000e+00    1.5000e+00    1.6339e+00   -2.5160e+00    1.0470e-03    9.5984e-04    7.6232e-04    8.7566e-04
   4.0000e-01    2.6000e+00    1.5000e+00    1.7634e+00   -2.4271e+00   -1.9660e-04    1.4270e-03   -4.7922e-04    1.2672e-03
   4.0000e-01    2.6000e+00    1.5000e+00    1.8880e+00   -2.3314e+00   -1.3172e-03    6.3451e-04   -1.5210e-03    5.1011e-04
   4.0000e-01    2.6000e+00    1.5000e+00    2.0074e+00   -2.2294e+00   -1.2538e-03   -7.9658e-04   -1.4580e-03   -9.3511e-04
   4.0000e-01    2.6000e+00    1.5000e+00    2.1213e+00   -2.1213e+00    5.1079e-05   -1.5095e-03   -3.9132e-05   -1.6768e-03
   4.0000e-01    2.6000e+00    1.5000e+00    2.2294e+00   -2.0074e+00    1.3609e-03   -7.1419e-04    1.2991e-03   -8.5004e-04
   4.0000e-01    2.6000e+00    1.5000e+00    2.3314e+00   -1.8880e+00    1.3043e-03    8.6592e-04    1.3256e-03    7.2234e-04
   4.0000e-01    2.6000e+00    1.5000e+00    2.4271e+00   -1.7634e+00   -1.7921e-04    1.5865e-03   -1.3662e-04    1.3772e-03
   4.0000e-01    2.6000e+00    1.5000e+00    2.5160e+00   -1.6339e+00   -1.5366e-03    5.4454e-04   -1.4188e-03    3.8910e-04
   4.0000e-01    2.6000e+00    1.5000e+00    2.5981e+00   -1.5000e+00   -1.1741e-03   -1.1830e-03   -9.9328e-04   -1.3487e-03
   4.0000e-01    2.6000e+00    1.5000e+00    2.6730e+00   -1.3620e+00    6.0446e-04   -1.5949e-03    8.2558e-04   -1.7147e-03
   4.0000e-01    2.6000e+00    1.5000e+00    2.7406e+00   -1.2202e+00    1.7479e-03   -6.5610e-05    1.9469e-03   -1.5794e-04
   4.0000e-01    2.6000e+00    1.5000e+00    2.8007e+00   -1.0751e+00    7.4655e-04    1.6336e-03    9.6782e-04    1.4979e-03
   4.0000e-01    2.6000e+00    1.5000e+00    2.8532e+00   -9.2705e-01   -1.2896e-03    1.3234e-03   -1.0534e-03    1.2230e-03
   4.0000e-01    2.6000e+00    1.5000e+00    2.8978e+00   -7.7646e-01   -1.7501e-03   -7.5174e-04   -1.5708e-03   -8.1790e-04
   4.0000e-01    2.6000e+00    1.5000e+00    2.9344e+00   -6.2374e-01    1.1054e-04   -1.9652e-03    2.8934e-04   -2.0605e-03
   4.0000e-01    2.6000e+00    1.5000e+00    2.9631e+00   -4.6930e-01    1.9630e-03   -5.5393e-04    2.0433e-03   -5.9342e-04
   4.0000e-01    2.6000e+00    1.5000e+00    2.9836e+00   -3.1359e-01    1.1865e-03    1.7569e-03    1.2796e-03    1.7245e-03
   4.0000e-01    2.6000e+00    1.5000e+00    2.9959e+00   -1.5701e-01   -1.3564e-03    1.7461e-03   -1.2743e-03    1.6433e-03
   4.0000e-01    1.5000e+00    2.6000e+00    3.0000e+00    0.0000e+00   -1.1975e-03   -1.1583e-03   -1.1770e-03   -1.4758e-03
   4.0000e-01    1.5000e+00    2.6000e+00    2.9959e+00    1.5701e-01    5.9040e-04   -1.6001e-03    5.2994e-04   -1.9647e-03
   4.0000e-01    1.5000e+00    2.6000e+00    2.9836e+00    3.1359e-01    1.7458e-03   -9.4569e-05    1.6894e-03   -5.5664e-04
   4.0000e-01    1.5000e+00    2.6000e+00    2.9631e+00    4.6930e-01    7.6992e-04    1.6221e-03    7.4059e-04    1.2314e-03
   4.0000e-01    1.5000e+00    2.6000e+00    2.9344e+00    6.2374e-01   -1.2680e-03    1.3436e-03   -1.2681e-03    8.7714e-04
   4.0000e-01    1.5000e+00    2.6000e+00    2.8978e+00    7.7646e-01   -1.7603e-03   -7.2619e-04   -1.7227e-03   -1.2253e-03
   4.0000e-01    1.5000e+00    2.6000e+00    2.8532e+00    9.2705e-01    8.0721e-05   -1.9659e-03    1.6968e-04   -2.3974e-03
   4.0000e-01    1.5000e+00    2.6000e+00    2.8007e+00    1.0751e+00    1.9540e-03   -5.8306e-04    2.0420e-03   -1.0916e-03
   4.0000e-01    1.5000e+00    2.6000e+00    2.7406e+00    1.2202e+00    1.2236e-03    1.7301e-03    1.3715e-03    1.2629e-03
   4.0000e-01    1.5000e+00    2.6000e+00    2.6730e+00    1.3620e+00   -1.3295e-03    1.7655e-03   -1.1566e-03    1.3356e-03
   4.0000e-01    1.5000e+00    2.6000e+00    2.5981e+00    1.5000e+00   -2.1833e-03   -7.6948e-04   -1.9753e-03   -1.2532e-03
   4.0000e-01    1.5000e+00    2.6000e+00    0.0000e+00    3.0000e+00   -2.1761e-03   -7.9174e-04   -2.2277e-03   -5.7263e-04
   4.0000e-01    1.5000e+00    2.6000e+00   -1.5701e-01    2.9959e+00   -1.3564e-03    1.7461e-03   -1.4799e-03    2.0233e-03
   4.0000e-01    1.5000e+00    2.6000e+00   -3.1359e-01    2.9836e+00    1.1865e-03    1.7569e-03    1.0327e-03    2.0839e-03
   4.0000e-01    1.5000e+00    2.6000e+00   -4.6930e-01    2.9631e+00    1.9630e-03   -5.5393e-04    1.7801e-03   -2.1411e-04
   4.0000e-01    1.5000e+00    2.6000e+00   -6.2374e-01    2.9344e+00    1.1054e-04   -1.9652e-03   -1.2081e-04   -1.5984e-03
   4.0000e-01    1.5000e+00    2.6000e+00   -7.7646e-01    2.8978e+00   -1.7501e-03   -7.5174e-04   -1.9918e-03   -3.0283e-04
   4.0000e-01    1.5000e+00    2.6000e+00   -9.2705e-01    2.8532e+00   -1.2896e-03    1.3234e-03   -1.5515e-03    1.7599e-03
   4.0000e-01    1.5000e+00    2.6000e+00   -1.0751e+00    2.8007e+00    7.4655e-04    1.6336e-03    4.8032e-04    2.1092e-03
   4.0000e-01    1.5000e+00    2.6000e+00   -1.2202e+00    2.7406e+00    1.7479e-03   -6.5610e-05    1.4988e-03    4.6662e-04
   4.0000e-01    1.5000e+00    2.6000e+00   -1.3620e+00    2.6730e+00    6.0446e-04   -1.5949e-03    2.8706e-04   -1.1342e-03
   4.0000e-01    1.5000e+00    2.6000e+00   -1.5000e+00    2.5981e+00   -1.1741e-03   -1.1830e-03   -1.4248e-03   -7.7935e-04
   4.0000e-01    1.5000e+00    2.6000e+00   -1.6339e+00    2.5160e+00   -1.5366e-03    5.4454e-04   -1.7415e-03    9.8256e-04
   4.0000e-01    1.5000e+00    2.6000e+00   -1.7634e+00    2.4271e+00   -1.7921e-04    1.5865e-03   -4.5104e-04    2.0377e-03
   4.0000e-01    1.5000e+00    2.6000e+00   -1.8880e+00    2.3314e+00    1.3043e-03    8.6592e-04    1.0094e-03    1.2637e-03
   4.0000e-01    1.5000e+00    2.6000e+00   -2.0074e+00    2.2294e+00    1.3609e-03   -7.1419e-04    1.1298e-03   -3.5951e-04
   4.0000e-01    1.5000e+00    2.6000e+00   -2.1213e+00    2.1213e+00    5.1079e-05   -1.5095e-03   -1.0484e-04   -1.1662e-03
   4.0000e-01    1.5000e+00    2.6000e+00   -2.2294e+00    2.0074e+00   -1.2538e-03   -7.9658e-04   -1.3712e-03   -4.4841e-04
   4.0000e-01    1.5000e+00    2.6000e+00   -2.3314e+00    1.8880e+00   -1.3172e-03    6.3451e-04   -1.4062e-03    8.6474e-04
   4.0000e-01    1.5000e+00    2.6000e+00   -2.4271e+00    1.7634e+00   -1.9660e-04    1.4270e-03   -2.0936e-04    1.6287e-03
   4.0000e-01    1.5000e+00    2.6000e+00   -2.5160e+00    1.6339e+00    1.0470e-03    9.5984e-04    1.0454e-03    9.9883e-04
   4.0000e-01    1.5000e+00    2.6000e+00   -2.5981e+00    1.5000e+00    1.3722e-03   -2.8374e-04    1.4081e-03   -1.4935e-04
   4.0000e-01    1.5000e+00    2.6000e+00   -2.6730e+00    1.3620e+00    6.0104e-04   -1.2461e-03    6.3804e-04   -1.1605e-03
   4.0000e-01    1.5000e+00    2.6000e+00   -2.7406e+00    1.2202e+00   -5.8815e-04   -1.2341e-03   -4.8422e-04   -1.2213e-03
   4.0000e-01    1.5000e+00    2.6000e+00   -2.8007e+00    1.0751e+00   -1.3063e-03   -3.4671e-04   -1.1145e-03   -2.5420e-04
   4.0000e-01    1.5000e+00    2.6000e+00   -2.8532e+00    9.2705e-01   -1.1146e-03    7.3777e-04   -1.0122e-03    8.2952e-04
   4.0000e-01    1.5000e+00    2.6000e+00   -2.8978e+00    7.7646e-01   -2.2398e-04    1.3038e-03   -1.3473e-04    1.2770e-03
   4.0000e-01    1.5000e+00    2.6000e+00   -2.9344e+00    6.2374e-01    7.5414e-04    1.0715e-03    8.4493e-04    9.9279e-04
   4.0000e-01    1.5000e+00    2.6000e+00   -2.9631e+00    4.6930e-01    1.2735e-03    2.5155e-04    1.3132e-03    2.3653e-04
   4.0000e-01    1.5000e+00    2.6000e+00   -2.9836e+00    3.1359e-01    1.1074e-03   -6.5540e-04    1.0956e-03   -7.9033e-04
   4.0000e-01    1.5000e+00    2.6000e+00   -2.9959e+00    1.5701e-01    4.1838e-04   -1.2058e-03    3.3467e-04   -1.3312e-03
   4.0000e-01    1.5000e+00    2.6000e+00   -3.0000e+00    0.0000e+00   -4.3123e-04   -1.1906e-03   -6.1790e-04   -1.4225e-03
   4.0000e-01    1.5000e+00    2.6000e+00   -2.9959e+00   -1.5701e-01   -1.0448e-03   -6.9934e-04   -1.3214e-03   -9.0731e-04
   4.0000e-01    1.5000e+00    2.6000e+00   -2.9836e+00   -3.1359e-01   -1.2483e-03    2.5146e-05   -1.5281e-03   -1.0800e-04
   4.0000e-01    1.5000e+00    2.6000e+00   -2.9631e+00   -4.6930e-01   -1.0180e-03    7.0874e-04   -1.3878e-03    4.3349e-04
   4.0000e-01    1.5000e+00    2.6000e+00   -2.9344e+00   -6.2374e-01   -4.9114e-04    1.1310e-03   -9.7934e-04    8.9875e-04
   4.0000e-01    1.5000e+00    2.6000e+00   -2.8978e+00   -7.7646e-01    1.3649e-04    1.2184e-03   -3.8647e-04    9.5708e-04
   4.0000e-01    1.5000e+00    2.6000e+00   -2.8532e+00   -9.2705e-01    6.8221e-04    1.0111e-03    9.0538e-05    7.7883e-04
   4.0000e-01    1.5000e+00    2.6000e+00   -2.8007e+00   -1.0751e+00    1.0544e-03    6.0144e-04    4.8365e-04    3.5082e-04
   4.0000e-01    1.5000e+00    2.6000e+00   -2.7406e+00   -1.2202e+00    1.2031e-03    1.1482e-04    5.3419e-04   -8.2853e-05
   4.0000e-01    1.5000e+00    2.6000e+00   -2.6730e+00   -1.3620e+00    1.1496e-03   -3.5574e-04    4.4623e-04   -5.8667e-04
   4.0000e-01    1.5000e+00    2.6000e+00   -2.5981e+00   -1.5000e+00    9.5167e-04   -7.2950e-04    2.8257e-04   -8.4486e-04
   4.0000e-01    1.5000e+00    2.6000e+00   -2.5160e+00   -1.6339e+00    6.7109e-04   -9.8895e-04    4.6560e-05   -9.9243e-04
   4.0000e-01    1.5000e+00    2.6000e+00   -2.4271e+00   -1.7634e+00    3.5316e-04   -1.1380e-03   -2.3440e-04   -1.0760e-03
   4.0000e-01    1.5000e+00    2.6000e+00   -2.3314e+00   -1.8880e+00    4.5286e-05   -1.1875e-03   -5.1113e-04   -1.0409e-03
   4.0000e-01    1.5000e+00    2.6000e+00   -2.2294e+00   -2.0074e+00   -2.0979e-04   -1.1670e-03   -7.2390e-04   -8.6559e-04
   4.0000e-01    1.5000e+00    2.6000e+00   -2.1213e+00   -2.1213e+00   -4.1965e-04   -1.1066e-03   -8.8006e-04   -6.9588e-04
   4.0000e-01    1.5000e+00    2.6000e+00   -2.0074e+00   -2.2294e+00   -5.8980e-04   -1.0240e-03   -9.9797e-04   -4.6829e-04
   4.0000e-01    1.5000e+00    2.6000e+00   -1.8880e+00   -2.3314e+00   -7.1412e-04   -9.3963e-04   -1.0696e-03   -2.7502e-04
   4.0000e-01    1.5000e+00    2.6000e+00   -1.7634e+00   -2.4271e+00   -7.8645e-04   -8.7864e-04   -1.0473e-03   -1.4988e-04
   4.0000e-01    1.5000e+00    2.6000e+00   -1.6339e+00   -2.5160e+00   -8.2731e-04   -8.3950e-04   -1.0493e-03   -1.7290e-05
   4.0000e-01    1.5000e+00    2.6000e+00   -1.5000e+00   -2.5981e+00   -8.4487e-04   -8.2143e-04   -1.0246e-03    1.6344e-04
   4.0000e-01    1.5000e+00    2.6000e+00   -1.3620e+00   -2.6730e+00   -8.3304e-04   -8.3365e-04   -1.0378e-03    5.9280e-05
   4.0000e-01    1.5000e+00    2.6000e+00   -1.2202e+00   -2.7406e+00   -7.8637e-04   -8.7892e-04   -9.3101e-04    1.0074e-04
   4.0000e-01    1.5000e+00    2.6000e+00   -1.0751e+00   -2.8007e+00   -7.0843e-04   -9.4407e-04   -8.5164e-04    6.8214e-05
   4.0000e-01    1.5000e+00    2.6000e+00   -9.2705e-01   -2.8532e+00   -5.8897e-04   -1.0243e-03   -7.1556e-04    4.8996e-05
   4.0000e-01    1.5000e+00    2.6000e+00   -7.7646e-01   -2.8978e+00   -4.3067e-04   -1.1021e-03   -4.8570e-04   -5.0907e-05
   4.0000e-01    1.5000e+00    2.6000e+00   -6.2374e-01   -2.9344e+00   -2.1394e-04   -1.1662e-03   -2.2600e-04   -2.0729e-04
   4.0000e-01    1.5000e+00    2.6000e+00   -4.6930e-01   -2.9631e+00    4.9619e-05   -1.1873e-03   -1.1856e-04   -1.7786e-04
   4.0000e-01    1.5000e+00    2.6000e+00   -3.1359e-01   -2.9836e+00    3.5608e-04   -1.1370e-03    2.7344e-04   -2.4907e-04
   4.0000e-01    1.5000e+00    2.6000e+00   -1.5701e-01   -2.9959e+00    6.6621e-04   -9.9212e-04    5.1378e-04   -2.0730e-04
   4.0000e-01    1.5000e+00    2.6000e+00    0.0000e+00   -3.0000e+00    9.4369e-04   -7.3949e-04    8.7376e-04    1.9746e-05
   4.0000e-01    1.5000e+00    2.6000e+00    1.5701e-01   -2.9959e+00    1.1499e-03   -3.5504e-04    9.7333e-04    3.0742e-04
   4.0000e-01    1.5000e+00    2.6000e+00    3.1359e-01   -2.9836e+00    1.2032e-03    1.1026e-04    1.1236e-03    7.7534e-04
   4.0000e-01    1.5000e+00    2.6000e+00    4.6930e-01   -2.9631e+00    1.0585e-03    5.9339e-04    9.4646e-04    1.2409e-03
   4.0000e-01    1.5000e+00    2.6000e+00    6.2374e-01   -2.9344e+00    6.9145e-04    1.0045e-03    5.9888e-04    1.5522e-03
   4.0000e-01    1.5000e+00    2.6000e+00    7.7646e-01   -2.8978e+00    1.4582e-04    1.2170e-03    5.8732e-05    1.6715e-03
   4.0000e-01    1.5000e+00    2.6000e+00    9.2705e-01   -2.8532e+00   -4.8304e-04    1.1341e-03   -6.6437e-04    1.4526e-03
   4.0000e-01    1.5000e+00    2.6000e+00    1.0751e+00   -2.8007e+00   -1.0121e-03    7.1689e-04   -1.1748e-03    1.0480e-03
   4.0000e-01    1.5000e+00    2.6000e+00    1.2202e+00   -2.7406e+00   -1.2475e-03    4.4210e-05   -1.3840e-03    3.3768e-04
   4.0000e-01    1.5000e+00    2.6000e+00    1.3620e+00   -2.6730e+00   -1.0538e-03   -6.8481e-04   -1.1848e-03   -4.2223e-04
   4.0000e-01    1.5000e+00    2.6000e+00    1.5000e+00   -2.5981e+00   -4.3574e-04   -1.1886e-03   -5.2485e-04   -9.6972e-04
   4.0000e-01    1.5000e+00    2.6000e+00    1.6339e+00   -2.5160e+00    4.0737e-04   -1.2093e-03    2.8881e-04   -1.0996e-03
   4.0000e-01    1.5000e+00    2.6000e+00    1.7634e+00   -2.4271e+00    1.0995e-03   -6.6784e-04    1.0377e-03   -5.1391e-04
   4.0000e-01    1.5000e+00    2.6000e+00    1.8880e+00   -2.3314e+00    1.2768e-03    2.3187e-04    1.1785e-03    4.2693e-04
   4.0000e-01    1.5000e+00    2.6000e+00    2.0074e+00   -2.2294e+00    7.6883e-04    1.0606e-03    7.5390e-04    1.2379e-03
   4.0000e-01    1.5000e+00    2.6000e+00    2.1213e+00   -2.1213e+00   -2.1792e-04    1.3048e-03   -2.0609e-04    1.4131e-03
   4.0000e-01    1.5000e+00    2.6000e+00    2.2294e+00   -2.0074e+00   -1.1082e-03    7.4689e-04   -1.1077e-03    8.6224e-04
   4.0000e-01    1.5000e+00    2.6000e+00    2.3314e+00   -1.8880e+00   -1.3117e-03   -3.2360e-04   -1.2193e-03   -1.7477e-04
   4.0000e-01    1.5000e+00    2.6000e+00    2.4271e+00   -1.7634e+00   -6.0332e-04   -1.2263e-03   -5.5287e-04   -1.0941e-03
   4.0000e-01    1.5000e+00    2.6000e+00    2.5160e+00   -1.6339e+00    5.9038e-04   -1.2511e-03    6.8127e-04   -1.1706e-03
   4.0000e-01    1.5000e+00    2.6000e+00    2.5981e+00   -1.5000e+00    1.3693e-03   -2.9762e-04    1.4789e-03   -2.1051e-04
   4.0000e-01    1.5000e+00    2.6000e+00    2.6730e+00   -1.3620e+00    1.0637e-03    9.4059e-04    1.1625e-03    9.2807e-04
   4.0000e-01    1.5000e+00    2.6000e+00    2.7406e+00   -1.2202e+00   -1.8055e-04    1.4292e-03   -6.2659e-05    1.4144e-03
   4.0000e-01    1.5000e+00    2.6000e+00    2.8007e+00   -1.0751e+00   -1.3125e-03    6.4443e-04   -1.2480e-03    5.7334e-04
   4.0000e-01    1.5000e+00    2.6000e+00    2.8532e+00   -9.2705e-01   -1.2580e-03   -7.8959e-04   -1.1739e-03   -8.7803e-04
   4.0000e-01    1.5000e+00    2.6000e+00    2.8978e+00   -7.7646e-01    2.5923e-05   -1.5097e-03    1.2084e-04   -1.6526e-03
   4.0000e-01    1.5000e+00    2.6000e+00    2.9344e+00   -6.2374e-01    1.3489e-03   -7.3627e-04    1.4214e-03   -9.3205e-04
   4.0000e-01    1.5000e+00    2.6000e+00    2.9631e+00   -4.6930e-01    1.3105e-03    8.5643e-04    1.3648e-03    6.3811e-04
   4.0000e-01    1.5000e+00    2.6000e+00    2.9836e+00   -3.1359e-01   -1.7212e-04    1.5873e-03   -1.3722e-04    1.3562e-03
   4.0000e-01    1.5000e+00    2.6000e+00    2.9959e+00   -1.5701e-01   -1.5295e-03    5.6347e-04   -1.5423e-03    1.8830e-04
   4.0000e-01    0.0000e+00    3.0000e+00    3.0000e+00    0.0000e+00    1.3724e-03   -2.8451e-04    1.5760e-03   -5.8859e-04
   4.0000e-01    0.0000e+00    3.0000e+00    2.9959e+00    1.5701e-01    1.0432e-03    9.6430e-04    1.2976e-03    6.9744e-04
   4.0000e-01    0.0000e+00    3.0000e+00    2.9836e+00    3.1359e-01   -2.0201e-04    1.4265e-03    2.8618e-05    1.1760e-03
   4.0000e-01    0.0000e+00    3.0000e+00    2.9631e+00    4.6930e-01   -1.3224e-03    6.2450e-04   -9.9602e-04    4.7972e-04
   4.0000e-01    0.0000e+00    3.0000e+00    2.9344e+00    6.2374e-01   -1.2476e-03   -8.0684e-04   -9.5308e-04   -9.1332e-04
   4.0000e-01    0.0000e+00    3.0000e+00    2.8978e+00    7.7646e-01    4.8948e-05   -1.5096e-03    3.4424e-04   -1.6192e-03
   4.0000e-01    0.0000e+00    3.0000e+00    2.8532e+00    9.2705e-01    1.3601e-03   -7.1613e-04    1.6712e-03   -7.3562e-04
   4.0000e-01    0.0000e+00    3.0000e+00    2.8007e+00    1.0751e+00    1.2982e-03    8.7598e-04    1.6011e-03    9.1160e-04
   4.0000e-01    0.0000e+00    3.0000e+00    2.7406e+00    1.2202e+00   -1.8388e-04    1.5864e-03    1.3490e-04    1.6622e-03
   4.0000e-01    0.0000e+00    3.0000e+00    2.6730e+00    1.3620e+00   -1.5368e-03    5.4430e-04   -1.3173e-03    6.4692e-04
   4.0000e-01    0.0000e+00    3.0000e+00    2.5981e+00    1.5000e+00   -1.1750e-03   -1.1819e-03   -1.0284e-03   -1.0832e-03
   4.0000e-01    0.0000e+00    3.0000e+00    2.5160e+00    1.6339e+00    6.1360e-04   -1.5920e-03    8.0433e-04   -1.4544e-03
   4.0000e-01    0.0000e+00    3.0000e+00    2.4271e+00    1.7634e+00    1.7477e-03   -6.6354e-05    1.8916e-03    1.2713e-04
   4.0000e-01    0.0000e+00    3.0000e+00    2.3314e+00    1.8880e+00    7.5192e-04    1.6308e-03    8.0586e-04    1.8002e-03
   4.0000e-01    0.0000e+00    3.0000e+00    2.2294e+00    2.0074e+00   -1.2785e-03    1.3340e-03   -1.2415e-03    1.5259e-03
   4.0000e-01    0.0000e+00    3.0000e+00    2.1213e+00    2.1213e+00   -1.7497e-03   -7.5343e-04   -1.7411e-03   -5.6251e-04
   4.0000e-01    0.0000e+00    3.0000e+00    2.0074e+00    2.2294e+00    1.1527e-04   -1.9650e-03    1.4082e-04   -1.7700e-03
   4.0000e-01    0.0000e+00    3.0000e+00    1.8880e+00    2.3314e+00    1.9588e-03   -5.6680e-04    1.9011e-03   -3.9571e-04
   4.0000e-01    0.0000e+00    3.0000e+00    1.7634e+00    2.4271e+00    1.2053e-03    1.7432e-03    1.1084e-03    1.9689e-03
   4.0000e-01    0.0000e+00    3.0000e+00    1.6339e+00    2.5160e+00   -1.3484e-03    1.7520e-03   -1.3974e-03    1.9433e-03
   4.0000e-01    0.0000e+00    3.0000e+00    1.5000e+00    2.5981e+00   -2.1743e-03   -7.9775e-04   -2.3383e-03   -6.1074e-04
   4.0000e-01    0.0000e+00    3.0000e+00   -1.5000e+00    2.5981e+00   -2.1743e-03   -7.9775e-04   -2.2643e-03   -6.2108e-04
   4.0000e-01    0.0000e+00    3.0000e+00   -1.6339e+00    2.5160e+00   -1.3484e-03    1.7520e-03   -1.5053e-03    1.9367e-03
   4.0000e-01    0.0000e+00    3.0000e+00   -1.7634e+00    2.4271e+00    1.2053e-03    1.7432e-03    1.0640e-03    1.9453e-03
   4.0000e-01    0.0000e+00    3.0000e+00   -1.8880e+00    2.3314e+00    1.9588e-03   -5.6680e-04    1.8948e-03   -3.8158e-04
   4.0000e-01    0.0000e+00    3.0000e+00   -2.0074e+00    2.2294e+00    1.1527e-04   -1.9650e-03    1.3256e-04   -1.8208e-03
   4.0000e-01    0.0000e+00    3.0000e+00   -2.1213e+00    2.1213e+00   -1.7497e-03   -7.5343e-04   -1.8159e-03   -5.8927e-04
   4.0000e-01    0.0000e+00    3.0000e+00   -2.2294e+00    2.0074e+00   -1.2785e-03    1.3340e-03   -1.2229e-03    1.4419e-03
   4.0000e-01    0.0000e+00    3.0000e+00   -2.3314e+00    1.8880e+00    7.5192e-04    1.6308e-03    8.1815e-04    1.7625e-03
   4.0000e-01    0.0000e+00    3.0000e+00   -2.4271e+00    1.7634e+00    1.7477e-03   -6.6354e-05    1.8652e-03    4.3761e-05
   4.0000e-01    0.0000e+00    3.0000e+00   -2.5160e+00    1.6339e+00    6.1360e-04   -1.5920e-03    8.5747e-04   -1.4855e-03
   4.0000e-01    0.0000e+00    3.0000e+00   -2.5981e+00    1.5000e+00   -1.1750e-03   -1.1819e-03   -9.7376e-04   -1.1025e-03
   4.0000e-01    0.0000e+00    3.0000e+00   -2.6730e+00    1.3620e+00   -1.5368e-03    5.4430e-04   -1.3926e-03    6.6148e-04
   4.0000e-01    0.0000e+00    3.0000e+00   -2.7406e+00    1.2202e+00   -1.8388e-04    1.5864e-03    -2.4667e-05    1.6757e-03
   4.0000e-01    0.0000e+00    3.0000e+00   -2.8007e+00    1.0751e+00    1.2982e-03    8.7598e-04    1.5444e-03    8.4264e-04
   4.0000e-01    0.0000e+00    3.0000e+00   -2.8532e+00    9.2705e-01    1.3601e-03   -7.1613e-04    1.6653e-03   -6.7029e-04
   4.0000e-01    0.0000e+00    3.0000e+00   -2.8978e+00    7.7646e-01    4.8948e-05   -1.5096e-03    3.7826e-04   -1.5875e-03
   4.0000e-01    0.0000e+00    3.0000e+00   -2.9344e+00    6.2374e-01   -1.2476e-03   -8.0684e-04   -9.5365e-04   -9.0395e-04
   4.0000e-01    0.0000e+00    3.0000e+00   -2.9631e+00    4.6930e-01   -1.3224e-03    6.2450e-04   -1.0260e-03    4.7761e-04
   4.0000e-01    0.0000e+00    3.0000e+00   -2.9836e+00    3.1359e-01   -2.0201e-04    1.4265e-03    2.0669e-05    1.2209e-03
   4.0000e-01    0.0000e+00    3.0000e+00   -2.9959e+00    1.5701e-01    1.0432e-03    9.6430e-04    1.3073e-03    6.4204e-04
   4.0000e-01    0.0000e+00    3.0000e+00   -3.0000e+00    0.0000e+00    1.3724e-03   -2.8451e-04    1.5445e-03   -6.2017e-04
   4.0000e-01    0.0000e+00    3.0000e+00   -2.9959e+00   -1.5701e-01    6.1213e-04   -1.2412e-03    7.4973e-04   -1.6078e-03
   4.0000e-01    0.0000e+00    3.0000e+00   -2.9836e+00   -3.1359e-01   -5.7218e-04   -1.2418e-03   -5.2948e-04   -1.6869e-03
   4.0000e-01    0.0000e+00    3.0000e+00   -2.9631e+00   -4.6930e-01   -1.3042e-03   -3.5471e-04   -1.2186e-03   -8.2887e-04
   4.0000e-01    0.0000e+00    3.0000e+00   -2.9344e+00   -6.2374e-01   -1.1193e-03    7.3117e-04   -1.1955e-03    2.6101e-04
   4.0000e-01    0.0000e+00    3.0000e+00   -2.8978e+00   -7.7646e-01   -2.3299e-04    1.3025e-03   -3.8641e-04    8.7465e-04
   4.0000e-01    0.0000e+00    3.0000e+00   -2.8532e+00   -9.2705e-01    7.4433e-04    1.0785e-03    5.0196e-04    6.4956e-04
   4.0000e-01    0.0000e+00    3.0000e+00   -2.8007e+00   -1.0751e+00    1.2718e-03    2.6183e-04    9.3924e-04   -1.4203e-04
   4.0000e-01    0.0000e+00    3.0000e+00   -2.7406e+00   -1.2202e+00    1.1121e-03   -6.4803e-04    7.2509e-04   -1.0397e-03
   4.0000e-01    0.0000e+00    3.0000e+00   -2.6730e+00   -1.3620e+00    4.2008e-04   -1.2051e-03   -3.3026e-05   -1.5123e-03
   4.0000e-01    0.0000e+00    3.0000e+00   -2.5981e+00   -1.5000e+00   -4.1423e-04   -1.1969e-03   -9.6309e-04   -1.4835e-03
   4.0000e-01    0.0000e+00    3.0000e+00   -2.5160e+00   -1.6339e+00   -1.0392e-03   -7.0757e-04   -1.5307e-03   -8.6387e-04
   4.0000e-01    0.0000e+00    3.0000e+00   -2.4271e+00   -1.7634e+00   -1.2482e-03    2.4710e-05   -1.8579e-03   -3.2095e-05
   4.0000e-01    0.0000e+00    3.0000e+00   -2.3314e+00   -1.8880e+00   -1.0189e-03    7.0739e-04   -1.6443e-03    6.5716e-04
   4.0000e-01    0.0000e+00    3.0000e+00   -2.2294e+00   -2.0074e+00   -5.0287e-04    1.1258e-03   -1.1347e-03    1.2425e-03
   4.0000e-01    0.0000e+00    3.0000e+00   -2.1213e+00   -2.1213e+00    1.1730e-04    1.2206e-03   -5.1047e-04    1.4135e-03
   4.0000e-01    0.0000e+00    3.0000e+00   -2.0074e+00   -2.2294e+00    6.7754e-04    1.0143e-03    4.2954e-05    1.3713e-03
   4.0000e-01    0.0000e+00    3.0000e+00   -1.8880e+00   -2.3314e+00    1.0529e-03    6.0373e-04    4.4510e-04    1.0045e-03
   4.0000e-01    0.0000e+00    3.0000e+00   -1.7634e+00   -2.4271e+00    1.2019e-03    1.2507e-04    6.3950e-04    6.0717e-04
   4.0000e-01    0.0000e+00    3.0000e+00   -1.6339e+00   -2.5160e+00    1.1556e-03   -3.3655e-04    6.5277e-04    2.2543e-04
   4.0000e-01    0.0000e+00    3.0000e+00   -1.5000e+00   -2.5981e+00    9.5855e-04   -7.2032e-04    4.7927e-04   -1.0935e-04
   4.0000e-01    0.0000e+00    3.0000e+00   -1.3620e+00   -2.6730e+00    6.7571e-04   -9.8563e-04    1.9321e-04   -2.7284e-04
   4.0000e-01    0.0000e+00    3.0000e+00   -1.2202e+00   -2.7406e+00    3.6684e-04   -1.1338e-03   -1.8063e-05   -3.8117e-04
   4.0000e-01    0.0000e+00    3.0000e+00   -1.0751e+00   -2.8007e+00    6.7580e-05   -1.1866e-03   -2.5213e-04   -4.6947e-04
   4.0000e-01    0.0000e+00    3.0000e+00   -9.2705e-01   -2.8532e+00   -1.9547e-04   -1.1695e-03   -4.8858e-04   -4.4458e-04
   4.0000e-01    0.0000e+00    3.0000e+00   -7.7646e-01   -2.8978e+00   -4.1515e-04   -1.1082e-03   -6.4763e-04   -3.3318e-04
   4.0000e-01    0.0000e+00    3.0000e+00   -6.2374e-01   -2.9344e+00   -5.7669e-04   -1.0315e-03   -7.7524e-04   -1.8450e-04
   4.0000e-01    0.0000e+00    3.0000e+00   -4.6930e-01   -2.9631e+00   -6.9606e-04   -9.5308e-04   -8.9638e-04   -1.2254e-04
   4.0000e-01    0.0000e+00    3.0000e+00   -3.1359e-01   -2.9836e+00   -7.7087e-04   -8.9239e-04   -8.9369e-04   -1.1135e-04
   4.0000e-01    0.0000e+00    3.0000e+00   -1.5701e-01   -2.9959e+00   -8.1703e-04   -8.4967e-04   -9.4327e-04   -7.0994e-06
   4.0000e-01    0.0000e+00    3.0000e+00    0.0000e+00   -3.0000e+00   -8.3757e-04   -8.2903e-04   -9.4265e-04    -4.3127e-05
   4.0000e-01    0.0000e+00    3.0000e+00    1.5701e-01   -2.9959e+00   -8.1703e-04   -8.4967e-04   -9.6440e-04    2.5442e-05
   4.0000e-01    0.0000e+00    3.0000e+00    3.1359e-01   -2.9836e+00   -7.7087e-04   -8.9239e-04   -8.8917e-04   -8.2145e-05
   4.0000e-01    0.0000e+00    3.0000e+00    4.6930e-01   -2.9631e+00   -6.9606e-04   -9.5308e-04   -8.8780e-04   -6.0995e-05
   4.0000e-01    0.0000e+00    3.0000e+00    6.2374e-01   -2.9344e+00   -5.7669e-04   -1.0315e-03   -8.3754e-04   -2.0997e-04
   4.0000e-01    0.0000e+00    3.0000e+00    7.7646e-01   -2.8978e+00   -4.1515e-04   -1.1082e-03   -6.5891e-04   -2.9157e-04
   4.0000e-01    0.0000e+00    3.0000e+00    9.2705e-01   -2.8532e+00   -1.9547e-04   -1.1695e-03   -5.2337e-04   -3.4653e-04
   4.0000e-01    0.0000e+00    3.0000e+00    1.0751e+00   -2.8007e+00    6.7580e-05   -1.1866e-03   -2.4712e-04   -3.6102e-04
   4.0000e-01    0.0000e+00    3.0000e+00    1.2202e+00   -2.7406e+00    3.6684e-04   -1.1338e-03   -5.2887e-05   -4.1811e-04
   4.0000e-01    0.0000e+00    3.0000e+00    1.3620e+00   -2.6730e+00    6.7571e-04   -9.8563e-04    2.7060e-04   -2.3666e-04
   4.0000e-01    0.0000e+00    3.0000e+00    1.5000e+00   -2.5981e+00    9.5855e-04   -7.2032e-04    4.6695e-04   -1.3655e-04
   4.0000e-01    0.0000e+00    3.0000e+00    1.6339e+00   -2.5160e+00    1.1556e-03   -3.3655e-04    6.1039e-04    2.6304e-04
   4.0000e-01    0.0000e+00    3.0000e+00    1.7634e+00   -2.4271e+00    1.2019e-03    1.2507e-04    6.4983e-04    6.5692e-04
   4.0000e-01    0.0000e+00    3.0000e+00    1.8880e+00   -2.3314e+00    1.0529e-03    6.0373e-04    5.1362e-04    1.0045e-03
   4.0000e-01    0.0000e+00    3.0000e+00    2.0074e+00   -2.2294e+00    6.7754e-04    1.0143e-03    2.0376e-05    1.2939e-03
   4.0000e-01    0.0000e+00    3.0000e+00    2.1213e+00   -2.1213e+00    1.1730e-04    1.2206e-03   -5.2604e-04    1.4727e-03
   4.0000e-01    0.0000e+00    3.0000e+00    2.2294e+00   -2.0074e+00   -5.0287e-04    1.1258e-03   -1.0830e-03    1.2537e-03
   4.0000e-01    0.0000e+00    3.0000e+00    2.3314e+00   -1.8880e+00   -1.0189e-03    7.0739e-04   -1.6418e-03    7.2709e-04
   4.0000e-01    0.0000e+00    3.0000e+00    2.4271e+00   -1.7634e+00   -1.2482e-03    2.4710e-05   -1.8055e-03   -7.8444e-05
   4.0000e-01    0.0000e+00    3.0000e+00    2.5160e+00   -1.6339e+00   -1.0392e-03   -7.0757e-04   -1.6014e-03   -8.8314e-04
   4.0000e-01    0.0000e+00    3.0000e+00    2.5981e+00   -1.5000e+00   -4.1423e-04   -1.1969e-03   -9.2459e-04   -1.3918e-03
   4.0000e-01    0.0000e+00    3.0000e+00    2.6730e+00   -1.3620e+00    4.2008e-04   -1.2051e-03   -5.9545e-05   -1.4495e-03
   4.0000e-01    0.0000e+00    3.0000e+00    2.7406e+00   -1.2202e+00    1.1121e-03   -6.4803e-04    7.1053e-04   -1.0610e-03
   4.0000e-01    0.0000e+00    3.0000e+00    2.8007e+00   -1.0751e+00    1.2718e-03    2.6183e-04    9.4566e-04   -1.4614e-04
   4.0000e-01    0.0000e+00    3.0000e+00    2.8532e+00   -9.2705e-01    7.4433e-04    1.0785e-03    5.2039e-04    6.5835e-04
   4.0000e-01    0.0000e+00    3.0000e+00    2.8978e+00   -7.7646e-01   -2.3299e-04    1.3025e-03   -4.0441e-04    7.7958e-04
   4.0000e-01    0.0000e+00    3.0000e+00    2.9344e+00   -6.2374e-01   -1.1193e-03    7.3117e-04   -1.1936e-03    2.7610e-04
   4.0000e-01    0.0000e+00    3.0000e+00    2.9631e+00   -4.6930e-01   -1.3042e-03   -3.5471e-04   -1.3369e-03   -8.0458e-04
   4.0000e-01    0.0000e+00    3.0000e+00    2.9836e+00   -3.1359e-01   -5.7218e-04   -1.2418e-03   -4.6444e-04   -1.6843e-03
   4.0000e-01    0.0000e+00    3.0000e+00    2.9959e+00   -1.5701e-01    6.1213e-04   -1.2412e-03    7.3859e-04   -1.6536e-03
   4.0000e-01   -1.5000e+00    2.6000e+00    3.0000e+00    0.0000e+00   -4.3123e-04   -1.1906e-03   -5.9814e-04   -1.3311e-03
   4.0000e-01   -1.5000e+00    2.6000e+00    2.9959e+00    1.5701e-01    4.1838e-04   -1.2058e-03    4.1860e-04   -1.2886e-03
   4.0000e-01   -1.5000e+00    2.6000e+00    2.9836e+00    3.1359e-01    1.1074e-03   -6.5540e-04    1.0363e-03   -7.9316e-04
   4.0000e-01   -1.5000e+00    2.6000e+00    2.9631e+00    4.6930e-01    1.2735e-03    2.5155e-04    1.2898e-03    2.4887e-04
   4.0000e-01   -1.5000e+00    2.6000e+00    2.9344e+00    6.2374e-01    7.5414e-04    1.0715e-03    8.3272e-04    1.0294e-03
   4.0000e-01   -1.5000e+00    2.6000e+00    2.8978e+00    7.7646e-01   -2.2398e-04    1.3038e-03   -1.1074e-04    1.3520e-03
   4.0000e-01   -1.5000e+00    2.6000e+00    2.8532e+00    9.2705e-01   -1.1146e-03    7.3777e-04   -9.7615e-04    7.3159e-04
   4.0000e-01   -1.5000e+00    2.6000e+00    2.8007e+00    1.0751e+00   -1.3063e-03   -3.4671e-04   -1.2041e-03   -3.3459e-04
   4.0000e-01   -1.5000e+00    2.6000e+00    2.7406e+00    1.2202e+00   -5.8815e-04   -1.2341e-03   -5.4062e-04   -1.1961e-03
   4.0000e-01   -1.5000e+00    2.6000e+00    2.6730e+00    1.3620e+00    6.0104e-04   -1.2461e-03    6.4375e-04   -1.1862e-03
   4.0000e-01   -1.5000e+00    2.6000e+00    2.5981e+00    1.5000e+00    1.3722e-03   -2.8374e-04    1.4187e-03   -1.4729e-04
   4.0000e-01   -1.5000e+00    2.6000e+00    2.5160e+00    1.6339e+00    1.0470e-03    9.5984e-04    1.0031e-03    1.1448e-03
   4.0000e-01   -1.5000e+00    2.6000e+00    2.4271e+00    1.7634e+00   -1.9660e-04    1.4270e-03   -1.9930e-04    1.6423e-03
   4.0000e-01   -1.5000e+00    2.6000e+00    2.3314e+00    1.8880e+00   -1.3172e-03    6.3451e-04   -1.4275e-03    8.6666e-04
   4.0000e-01   -1.5000e+00    2.6000e+00    2.2294e+00    2.0074e+00   -1.2538e-03   -7.9658e-04   -1.3882e-03   -5.4044e-04
   4.0000e-01   -1.5000e+00    2.6000e+00    2.1213e+00    2.1213e+00    5.1079e-05   -1.5095e-03   -1.7369e-04   -1.2049e-03
   4.0000e-01   -1.5000e+00    2.6000e+00    2.0074e+00    2.2294e+00    1.3609e-03   -7.1419e-04    1.2035e-03   -3.8633e-04
   4.0000e-01   -1.5000e+00    2.6000e+00    1.8880e+00    2.3314e+00    1.3043e-03    8.6592e-04    1.0183e-03    1.2538e-03
   4.0000e-01   -1.5000e+00    2.6000e+00    1.7634e+00    2.4271e+00   -1.7921e-04    1.5865e-03   -3.8843e-04    1.9488e-03
   4.0000e-01   -1.5000e+00    2.6000e+00    1.6339e+00    2.5160e+00   -1.5366e-03    5.4454e-04   -1.7927e-03    9.9997e-04
   4.0000e-01   -1.5000e+00    2.6000e+00    1.5000e+00    2.5981e+00   -1.1741e-03   -1.1830e-03   -1.4260e-03   -7.0533e-04
   4.0000e-01   -1.5000e+00    2.6000e+00    1.3620e+00    2.6730e+00    6.0446e-04   -1.5949e-03    3.5311e-04   -1.1790e-03
   4.0000e-01   -1.5000e+00    2.6000e+00    1.2202e+00    2.7406e+00    1.7479e-03   -6.5610e-05    1.4977e-03    4.4691e-04
   4.0000e-01   -1.5000e+00    2.6000e+00    1.0751e+00    2.8007e+00    7.4655e-04    1.6336e-03    4.7634e-04    2.1039e-03
   4.0000e-01   -1.5000e+00    2.6000e+00    9.2705e-01    2.8532e+00   -1.2896e-03    1.3234e-03   -1.5739e-03    1.8066e-03
   4.0000e-01   -1.5000e+00    2.6000e+00    7.7646e-01    2.8978e+00   -1.7501e-03   -7.5174e-04   -2.0027e-03   -2.8104e-04
   4.0000e-01   -1.5000e+00    2.6000e+00    6.2374e-01    2.9344e+00    1.1054e-04   -1.9652e-03   -1.1519e-04   -1.5591e-03
   4.0000e-01   -1.5000e+00    2.6000e+00    4.6930e-01    2.9631e+00    1.9630e-03   -5.5393e-04    1.7560e-03   -1.4627e-04
   4.0000e-01   -1.5000e+00    2.6000e+00    3.1359e-01    2.9836e+00    1.1865e-03    1.7569e-03    9.5730e-04    2.0714e-03
   4.0000e-01   -1.5000e+00    2.6000e+00    1.5701e-01    2.9959e+00   -1.3564e-03    1.7461e-03   -1.5592e-03    1.9632e-03
   4.0000e-01   -1.5000e+00    2.6000e+00    0.0000e+00    3.0000e+00   -2.1688e-03   -8.1403e-04   -2.2068e-03   -5.7456e-04
   4.0000e-01   -1.5000e+00    2.6000e+00   -2.5981e+00    1.5000e+00   -2.1833e-03   -7.6948e-04   -2.0561e-03   -1.2236e-03
   4.0000e-01   -1.5000e+00    2.6000e+00   -2.6730e+00    1.3620e+00   -1.3295e-03    1.7655e-03   -1.1983e-03    1.3169e-03
   4.0000e-01   -1.5000e+00    2.6000e+00   -2.7406e+00    1.2202e+00    1.2236e-03    1.7301e-03    1.3972e-03    1.2748e-03
   4.0000e-01   -1.5000e+00    2.6000e+00   -2.8007e+00    1.0751e+00    1.9540e-03   -5.8306e-04    2.0421e-03   -1.0488e-03
   4.0000e-01   -1.5000e+00    2.6000e+00   -2.8532e+00    9.2705e-01    8.0721e-05   -1.9659e-03    8.4186e-05   -2.4261e-03
   4.0000e-01   -1.5000e+00    2.6000e+00   -2.8978e+00    7.7646e-01   -1.7603e-03   -7.2619e-04   -1.7215e-03   -1.2250e-03
   4.0000e-01   -1.5000e+00    2.6000e+00   -2.9344e+00    6.2374e-01   -1.2680e-03    1.3436e-03   -1.3012e-03    9.2335e-04
   4.0000e-01   -1.5000e+00    2.6000e+00   -2.9631e+00    4.6930e-01    7.6992e-04    1.6221e-03    7.5084e-04    1.1336e-03
   4.0000e-01   -1.5000e+00    2.6000e+00   -2.9836e+00    3.1359e-01    1.7458e-03   -9.4569e-05    1.7022e-03   -5.3733e-04
   4.0000e-01   -1.5000e+00    2.6000e+00   -2.9959e+00    1.5701e-01    5.9040e-04   -1.6001e-03    5.6016e-04   -2.0006e-03
   4.0000e-01   -1.5000e+00    2.6000e+00   -3.0000e+00    0.0000e+00   -1.1975e-03   -1.1583e-03   -1.2271e-03   -1.4655e-03
   4.0000e-01   -1.5000e+00    2.6000e+00   -2.9959e+00   -1.5701e-01   -1.5295e-03    5.6347e-04   -1.5055e-03    2.8984e-04
   4.0000e-01   -1.5000e+00    2.6000e+00   -2.9836e+00   -3.1359e-01   -1.7212e-04    1.5873e-03   -2.1195e-04    1.3125e-03
   4.0000e-01   -1.5000e+00    2.6000e+00   -2.9631e+00   -4.6930e-01    1.3105e-03    8.5643e-04    1.3856e-03    6.4875e-04
   4.0000e-01   -1.5000e+00    2.6000e+00   -2.9344e+00   -6.2374e-01    1.3489e-03   -7.3627e-04    1.3841e-03   -9.4468e-04
   4.0000e-01   -1.5000e+00    2.6000e+00   -2.8978e+00   -7.7646e-01    2.5923e-05   -1.5097e-03    1.3399e-04   -1.6526e-03
   4.0000e-01   -1.5000e+00    2.6000e+00   -2.8532e+00   -9.2705e-01   -1.2580e-03   -7.8959e-04   -1.1443e-03   -8.7376e-04
   4.0000e-01   -1.5000e+00    2.6000e+00   -2.8007e+00   -1.0751e+00   -1.3125e-03    6.4443e-04   -1.2141e-03    6.0268e-04
   4.0000e-01   -1.5000e+00    2.6000e+00   -2.7406e+00   -1.2202e+00   -1.8055e-04    1.4292e-03   -1.0175e-04    1.4793e-03
   4.0000e-01   -1.5000e+00    2.6000e+00   -2.6730e+00   -1.3620e+00    1.0637e-03    9.4059e-04    1.1853e-03    1.0155e-03
   4.0000e-01   -1.5000e+00    2.6000e+00   -2.5981e+00   -1.5000e+00    1.3693e-03   -2.9762e-04    1.4460e-03   -2.5643e-04
   4.0000e-01   -1.5000e+00    2.6000e+00   -2.5160e+00   -1.6339e+00    5.9038e-04   -1.2511e-03    6.5836e-04   -1.1951e-03
   4.0000e-01   -1.5000e+00    2.6000e+00   -2.4271e+00   -1.7634e+00   -6.0332e-04   -1.2263e-03   -5.2243e-04   -1.0984e-03
   4.0000e-01   -1.5000e+00    2.6000e+00   -2.3314e+00   -1.8880e+00   -1.3117e-03   -3.2360e-04   -1.2933e-03   -2.1383e-04
   4.0000e-01   -1.5000e+00    2.6000e+00   -2.2294e+00   -2.0074e+00   -1.1082e-03    7.4689e-04   -1.0877e-03    8.5556e-04
   4.0000e-01   -1.5000e+00    2.6000e+00   -2.1213e+00   -2.1213e+00   -2.1792e-04    1.3048e-03   -2.5106e-04    1.5007e-03
   4.0000e-01   -1.5000e+00    2.6000e+00   -2.0074e+00   -2.2294e+00    7.6883e-04    1.0606e-03    6.9894e-04    1.1984e-03
   4.0000e-01   -1.5000e+00    2.6000e+00   -1.8880e+00   -2.3314e+00    1.2768e-03    2.3187e-04    1.2912e-03    3.2810e-04
   4.0000e-01   -1.5000e+00    2.6000e+00   -1.7634e+00   -2.4271e+00    1.0995e-03   -6.6784e-04    9.6980e-04   -4.2905e-04
   4.0000e-01   -1.5000e+00    2.6000e+00   -1.6339e+00   -2.5160e+00    4.0737e-04   -1.2093e-03    2.8480e-04   -9.9660e-04
   4.0000e-01   -1.5000e+00    2.6000e+00   -1.5000e+00   -2.5981e+00   -4.3574e-04   -1.1886e-03   -4.8748e-04   -9.9365e-04
   4.0000e-01   -1.5000e+00    2.6000e+00   -1.3620e+00   -2.6730e+00   -1.0538e-03   -6.8481e-04   -1.2036e-03   -4.2444e-04
   4.0000e-01   -1.5000e+00    2.6000e+00   -1.2202e+00   -2.7406e+00   -1.2475e-03    4.4210e-05   -1.3865e-03    3.0798e-04
   4.0000e-01   -1.5000e+00    2.6000e+00   -1.0751e+00   -2.8007e+00   -1.0121e-03    7.1689e-04   -1.1547e-03    9.9566e-04
   4.0000e-01   -1.5000e+00    2.6000e+00   -9.2705e-01   -2.8532e+00   -4.8304e-04    1.1341e-03   -6.0479e-04    1.5329e-03
   4.0000e-01   -1.5000e+00    2.6000e+00   -7.7646e-01   -2.8978e+00    1.4582e-04    1.2170e-03    9.3905e-06    1.6367e-03
   4.0000e-01   -1.5000e+00    2.6000e+00   -6.2374e-01   -2.9344e+00    6.9145e-04    1.0045e-03    5.8311e-04    1.4746e-03
   4.0000e-01   -1.5000e+00    2.6000e+00   -4.6930e-01   -2.9631e+00    1.0585e-03    5.9339e-04    9.2922e-04    1.1451e-03
   4.0000e-01   -1.5000e+00    2.6000e+00   -3.1359e-01   -2.9836e+00    1.2032e-03    1.1026e-04    1.1376e-03    7.3151e-04
   4.0000e-01   -1.5000e+00    2.6000e+00   -1.5701e-01   -2.9959e+00    1.1499e-03   -3.5504e-04    1.0406e-03    3.3305e-04
   4.0000e-01   -1.5000e+00    2.6000e+00    0.0000e+00   -3.0000e+00    9.4572e-04   -7.3696e-04    8.4022e-04    -5.3868e-06
   4.0000e-01   -1.5000e+00    2.6000e+00    1.5701e-01   -2.9959e+00    6.6621e-04   -9.9212e-04    5.4295e-04   -1.3428e-04
   4.0000e-01   -1.5000e+00    2.6000e+00    3.1359e-01   -2.9836e+00    3.5608e-04   -1.1370e-03    2.4638e-04   -2.4418e-04
   4.0000e-01   -1.5000e+00    2.6000e+00    4.6930e-01   -2.9631e+00    4.9619e-05   -1.1873e-03   -5.1861e-05   -2.8849e-04
   4.0000e-01   -1.5000e+00    2.6000e+00    6.2374e-01   -2.9344e+00   -2.1394e-04   -1.1662e-03   -3.1766e-04   -1.3574e-04
   4.0000e-01   -1.5000e+00    2.6000e+00    7.7646e-01   -2.8978e+00   -4.3067e-04   -1.1021e-03   -5.3654e-04   -1.1150e-04
   4.0000e-01   -1.5000e+00    2.6000e+00    9.2705e-01   -2.8532e+00   -5.8897e-04   -1.0243e-03   -7.1206e-04    -9.2877e-06
   4.0000e-01   -1.5000e+00    2.6000e+00    1.0751e+00   -2.8007e+00   -7.0843e-04   -9.4407e-04   -8.2672e-04    6.5495e-05
   4.0000e-01   -1.5000e+00    2.6000e+00    1.2202e+00   -2.7406e+00   -7.8637e-04   -8.7892e-04   -9.3963e-04    1.0736e-04
   4.0000e-01   -1.5000e+00    2.6000e+00    1.3620e+00   -2.6730e+00   -8.3304e-04   -8.3365e-04   -9.9960e-04    1.4072e-04
   4.0000e-01   -1.5000e+00    2.6000e+00    1.5000e+00   -2.5981e+00   -8.4487e-04   -8.2143e-04   -1.0574e-03    1.0711e-04
   4.0000e-01   -1.5000e+00    2.6000e+00    1.6339e+00   -2.5160e+00   -8.2731e-04   -8.3950e-04   -1.0989e-03    3.4438e-05
   4.0000e-01   -1.5000e+00    2.6000e+00    1.7634e+00   -2.4271e+00   -7.8645e-04   -8.7864e-04   -1.0874e-03   -8.2237e-05
   4.0000e-01   -1.5000e+00    2.6000e+00    1.8880e+00   -2.3314e+00   -7.1412e-04   -9.3963e-04   -1.0848e-03   -2.8065e-04
   4.0000e-01   -1.5000e+00    2.6000e+00    2.0074e+00   -2.2294e+00   -5.8980e-04   -1.0240e-03   -1.0430e-03   -4.8436e-04
   4.0000e-01   -1.5000e+00    2.6000e+00    2.1213e+00   -2.1213e+00   -4.1965e-04   -1.1066e-03   -8.8400e-04   -6.9613e-04
   4.0000e-01   -1.5000e+00    2.6000e+00    2.2294e+00   -2.0074e+00   -2.0979e-04   -1.1670e-03   -7.0559e-04   -8.5691e-04
   4.0000e-01   -1.5000e+00    2.6000e+00    2.3314e+00   -1.8880e+00    4.5286e-05   -1.1875e-03   -4.9621e-04   -1.0216e-03
   4.0000e-01   -1.5000e+00    2.6000e+00    2.4271e+00   -1.7634e+00    3.5316e-04   -1.1380e-03   -2.9297e-04   -1.0641e-03
   4.0000e-01   -1.5000e+00    2.6000e+00    2.5160e+00   -1.6339e+00    6.7109e-04   -9.8895e-04    3.6460e-05   -9.7725e-04
   4.0000e-01   -1.5000e+00    2.6000e+00    2.5981e+00   -1.5000e+00    9.5167e-04   -7.2950e-04    2.6375e-04   -8.3569e-04
   4.0000e-01   -1.5000e+00    2.6000e+00    2.6730e+00   -1.3620e+00    1.1496e-03   -3.5574e-04    4.6060e-04   -4.9037e-04
   4.0000e-01   -1.5000e+00    2.6000e+00    2.7406e+00   -1.2202e+00    1.2031e-03    1.1482e-04    5.5654e-04   -1.0147e-04
   4.0000e-01   -1.5000e+00    2.6000e+00    2.8007e+00   -1.0751e+00    1.0544e-03    6.0144e-04    3.9508e-04    3.5387e-04
   4.0000e-01   -1.5000e+00    2.6000e+00    2.8532e+00   -9.2705e-01    6.8221e-04    1.0111e-03    8.6946e-05    7.4758e-04
   4.0000e-01   -1.5000e+00    2.6000e+00    2.8978e+00   -7.7646e-01    1.3649e-04    1.2184e-03   -4.2170e-04    1.0016e-03
   4.0000e-01   -1.5000e+00    2.6000e+00    2.9344e+00   -6.2374e-01   -4.9114e-04    1.1310e-03   -9.8620e-04    9.1296e-04
   4.0000e-01   -1.5000e+00    2.6000e+00    2.9631e+00   -4.6930e-01   -1.0180e-03    7.0874e-04   -1.3701e-03    4.9077e-04
   4.0000e-01   -1.5000e+00    2.6000e+00    2.9836e+00   -3.1359e-01   -1.2483e-03    2.5146e-05   -1.5034e-03   -1.8053e-04
   4.0000e-01   -1.5000e+00    2.6000e+00    2.9959e+00   -1.5701e-01   -1.0448e-03   -6.9934e-04   -1.2928e-03   -9.0805e-04
   4.0000e-01   -2.6000e+00    1.5000e+00    3.0000e+00    0.0000e+00    9.4369e-04   -7.3949e-04    8.9293e-04   -2.0529e-04
   4.0000e-01   -2.6000e+00    1.5000e+00    2.9959e+00    1.5701e-01    1.1499e-03   -3.5504e-04    9.8533e-04    7.8408e-05
   4.0000e-01   -2.6000e+00    1.5000e+00    2.9836e+00    3.1359e-01    1.2032e-03    1.1026e-04    1.0572e-03    5.9106e-04
   4.0000e-01   -2.6000e+00    1.5000e+00    2.9631e+00    4.6930e-01    1.0585e-03    5.9339e-04    8.0297e-04    1.0333e-03
   4.0000e-01   -2.6000e+00    1.5000e+00    2.9344e+00    6.2374e-01    6.9145e-04    1.0045e-03    3.8124e-04    1.3637e-03
   4.0000e-01   -2.6000e+00    1.5000e+00    2.8978e+00    7.7646e-01    1.4582e-04    1.2170e-03   -2.9279e-04    1.5784e-03
   4.0000e-01   -2.6000e+00    1.5000e+00    2.8532e+00    9.2705e-01   -4.8304e-04    1.1341e-03   -9.0274e-04    1.3564e-03
   4.0000e-01   -2.6000e+00    1.5000e+00    2.8007e+00    1.0751e+00   -1.0121e-03    7.1689e-04   -1.4707e-03    9.2007e-04
   4.0000e-01   -2.6000e+00    1.5000e+00    2.7406e+00    1.2202e+00   -1.2475e-03    4.4210e-05   -1.7289e-03    2.0500e-04
   4.0000e-01   -2.6000e+00    1.5000e+00    2.6730e+00    1.3620e+00   -1.0538e-03   -6.8481e-04   -1.5125e-03   -5.6167e-04
   4.0000e-01   -2.6000e+00    1.5000e+00    2.5981e+00    1.5000e+00   -4.3574e-04   -1.1886e-03   -9.3710e-04   -1.0746e-03
   4.0000e-01   -2.6000e+00    1.5000e+00    2.5160e+00    1.6339e+00    4.0737e-04   -1.2093e-03   -1.3368e-05   -1.1961e-03
   4.0000e-01   -2.6000e+00    1.5000e+00    2.4271e+00    1.7634e+00    1.0995e-03   -6.6784e-04    7.1437e-04   -5.9789e-04
   4.0000e-01   -2.6000e+00    1.5000e+00    2.3314e+00    1.8880e+00    1.2768e-03    2.3187e-04    9.1969e-04    2.6845e-04
   4.0000e-01   -2.6000e+00    1.5000e+00    2.2294e+00    2.0074e+00    7.6883e-04    1.0606e-03    4.4390e-04    1.0274e-03
   4.0000e-01   -2.6000e+00    1.5000e+00    2.1213e+00    2.1213e+00   -2.1792e-04    1.3048e-03   -4.4392e-04    1.3303e-03
   4.0000e-01   -2.6000e+00    1.5000e+00    2.0074e+00    2.2294e+00   -1.1082e-03    7.4689e-04   -1.2791e-03    7.8138e-04
   4.0000e-01   -2.6000e+00    1.5000e+00    1.8880e+00    2.3314e+00   -1.3117e-03   -3.2360e-04   -1.4479e-03   -2.5640e-04
   4.0000e-01   -2.6000e+00    1.5000e+00    1.7634e+00    2.4271e+00   -6.0332e-04   -1.2263e-03   -6.7921e-04   -1.1135e-03
   4.0000e-01   -2.6000e+00    1.5000e+00    1.6339e+00    2.5160e+00    5.9038e-04   -1.2511e-03    5.5217e-04   -1.1888e-03
   4.0000e-01   -2.6000e+00    1.5000e+00    1.5000e+00    2.5981e+00    1.3693e-03   -2.9762e-04    1.3949e-03   -2.0410e-04
   4.0000e-01   -2.6000e+00    1.5000e+00    1.3620e+00    2.6730e+00    1.0637e-03    9.4059e-04    1.0397e-03    1.0658e-03
   4.0000e-01   -2.6000e+00    1.5000e+00    1.2202e+00    2.7406e+00   -1.8055e-04    1.4292e-03   -1.0351e-04    1.5865e-03
   4.0000e-01   -2.6000e+00    1.5000e+00    1.0751e+00    2.8007e+00   -1.3125e-03    6.4443e-04   -1.2455e-03    8.3757e-04
   4.0000e-01   -2.6000e+00    1.5000e+00    9.2705e-01    2.8532e+00   -1.2580e-03   -7.8959e-04   -1.0793e-03   -5.5103e-04
   4.0000e-01   -2.6000e+00    1.5000e+00    7.7646e-01    2.8978e+00    2.5923e-05   -1.5097e-03    1.8176e-04   -1.2662e-03
   4.0000e-01   -2.6000e+00    1.5000e+00    6.2374e-01    2.9344e+00    1.3489e-03   -7.3627e-04    1.5017e-03   -5.5758e-04
   4.0000e-01   -2.6000e+00    1.5000e+00    4.6930e-01    2.9631e+00    1.3105e-03    8.5643e-04    1.5098e-03    1.0133e-03
   4.0000e-01   -2.6000e+00    1.5000e+00    3.1359e-01    2.9836e+00   -1.7212e-04    1.5873e-03    2.2578e-05    1.7556e-03
   4.0000e-01   -2.6000e+00    1.5000e+00    1.5701e-01    2.9959e+00   -1.5295e-03    5.6347e-04   -1.3511e-03    6.8367e-04
   4.0000e-01   -2.6000e+00    1.5000e+00    0.0000e+00    3.0000e+00   -1.1872e-03   -1.1693e-03   -9.5274e-04   -1.1302e-03
   4.0000e-01   -2.6000e+00    1.5000e+00   -1.5701e-01    2.9959e+00    5.9040e-04   -1.6001e-03    8.0116e-04   -1.5660e-03
   4.0000e-01   -2.6000e+00    1.5000e+00   -3.1359e-01    2.9836e+00    1.7458e-03   -9.4569e-05    1.9287e-03   -1.0524e-04
   4.0000e-01   -2.6000e+00    1.5000e+00   -4.6930e-01    2.9631e+00    7.6992e-04    1.6221e-03    9.9291e-04    1.5462e-03
   4.0000e-01   -2.6000e+00    1.5000e+00   -6.2374e-01    2.9344e+00   -1.2680e-03    1.3436e-03   -1.0427e-03    1.2526e-03
   4.0000e-01   -2.6000e+00    1.5000e+00   -7.7646e-01    2.8978e+00   -1.7603e-03   -7.2619e-04   -1.5600e-03   -9.1485e-04
   4.0000e-01   -2.6000e+00    1.5000e+00   -9.2705e-01    2.8532e+00    8.0721e-05   -1.9659e-03    2.4608e-04   -2.2147e-03
   4.0000e-01   -2.6000e+00    1.5000e+00   -1.0751e+00    2.8007e+00    1.9540e-03   -5.8306e-04    2.1138e-03   -8.8542e-04
   4.0000e-01   -2.6000e+00    1.5000e+00   -1.2202e+00    2.7406e+00    1.2236e-03    1.7301e-03    1.4246e-03    1.3598e-03
   4.0000e-01   -2.6000e+00    1.5000e+00   -1.3620e+00    2.6730e+00   -1.3295e-03    1.7655e-03   -1.1714e-03    1.3456e-03
   4.0000e-01   -2.6000e+00    1.5000e+00   -1.5000e+00    2.5981e+00   -2.1833e-03   -7.6948e-04   -1.9629e-03   -1.2032e-03
   4.0000e-01   -2.6000e+00    1.5000e+00   -3.0000e+00    0.0000e+00   -2.1761e-03   -7.9174e-04   -2.1945e-03   -7.9891e-04
   4.0000e-01   -2.6000e+00    1.5000e+00   -2.9959e+00   -1.5701e-01   -1.3564e-03    1.7461e-03   -1.2819e-03    1.7498e-03
   4.0000e-01   -2.6000e+00    1.5000e+00   -2.9836e+00   -3.1359e-01    1.1865e-03    1.7569e-03    1.2557e-03    1.7015e-03
   4.0000e-01   -2.6000e+00    1.5000e+00   -2.9631e+00   -4.6930e-01    1.9630e-03   -5.5393e-04    2.0788e-03   -6.0868e-04
   4.0000e-01   -2.6000e+00    1.5000e+00   -2.9344e+00   -6.2374e-01    1.1054e-04   -1.9652e-03    2.5133e-04   -2.1067e-03
   4.0000e-01   -2.6000e+00    1.5000e+00   -2.8978e+00   -7.7646e-01   -1.7501e-03   -7.5174e-04   -1.5481e-03   -8.3002e-04
   4.0000e-01   -2.6000e+00    1.5000e+00   -2.8532e+00   -9.2705e-01   -1.2896e-03    1.3234e-03   -1.0555e-03    1.2593e-03
   4.0000e-01   -2.6000e+00    1.5000e+00   -2.8007e+00   -1.0751e+00    7.4655e-04    1.6336e-03    9.3647e-04    1.5040e-03
   4.0000e-01   -2.6000e+00    1.5000e+00   -2.7406e+00   -1.2202e+00    1.7479e-03   -6.5610e-05    1.9237e-03   -1.8103e-04
   4.0000e-01   -2.6000e+00    1.5000e+00   -2.6730e+00   -1.3620e+00    6.0446e-04   -1.5949e-03    8.0118e-04   -1.7441e-03
   4.0000e-01   -2.6000e+00    1.5000e+00   -2.5981e+00   -1.5000e+00   -1.1741e-03   -1.1830e-03   -1.0070e-03   -1.3468e-03
   4.0000e-01   -2.6000e+00    1.5000e+00   -2.5160e+00   -1.6339e+00   -1.5366e-03    5.4454e-04   -1.4494e-03    4.5022e-04
   4.0000e-01   -2.6000e+00    1.5000e+00   -2.4271e+00   -1.7634e+00   -1.7921e-04    1.5865e-03   -8.5711e-05    1.4280e-03
   4.0000e-01   -2.6000e+00    1.5000e+00   -2.3314e+00   -1.8880e+00    1.3043e-03    8.6592e-04    1.2606e-03    7.0204e-04
   4.0000e-01   -2.6000e+00    1.5000e+00   -2.2294e+00   -2.0074e+00    1.3609e-03   -7.1419e-04    1.3274e-03   -8.6861e-04
   4.0000e-01   -2.6000e+00    1.5000e+00   -2.1213e+00   -2.1213e+00    5.1079e-05   -1.5095e-03   -2.7787e-05   -1.6313e-03
   4.0000e-01   -2.6000e+00    1.5000e+00   -2.0074e+00   -2.2294e+00   -1.2538e-03   -7.9658e-04   -1.4268e-03   -9.7323e-04
   4.0000e-01   -2.6000e+00    1.5000e+00   -1.8880e+00   -2.3314e+00   -1.3172e-03    6.3451e-04   -1.5562e-03    4.6470e-04
   4.0000e-01   -2.6000e+00    1.5000e+00   -1.7634e+00   -2.4271e+00   -1.9660e-04    1.4270e-03   -4.3283e-04    1.2629e-03
   4.0000e-01   -2.6000e+00    1.5000e+00   -1.6339e+00   -2.5160e+00    1.0470e-03    9.5984e-04    6.9002e-04    8.3609e-04
   4.0000e-01   -2.6000e+00    1.5000e+00   -1.5000e+00   -2.5981e+00    1.3722e-03   -2.8374e-04    1.0402e-03   -4.1903e-04
   4.0000e-01   -2.6000e+00    1.5000e+00   -1.3620e+00   -2.6730e+00    6.0104e-04   -1.2461e-03    1.8969e-04   -1.3021e-03
   4.0000e-01   -2.6000e+00    1.5000e+00   -1.2202e+00   -2.7406e+00   -5.8815e-04   -1.2341e-03   -9.2027e-04   -1.3355e-03
   4.0000e-01   -2.6000e+00    1.5000e+00   -1.0751e+00   -2.8007e+00   -1.3063e-03   -3.4671e-04   -1.6571e-03   -4.0743e-04
   4.0000e-01   -2.6000e+00    1.5000e+00   -9.2705e-01   -2.8532e+00   -1.1146e-03    7.3777e-04   -1.5089e-03    6.8989e-04
   4.0000e-01   -2.6000e+00    1.5000e+00   -7.7646e-01   -2.8978e+00   -2.2398e-04    1.3038e-03   -5.3493e-04    1.4092e-03
   4.0000e-01   -2.6000e+00    1.5000e+00   -6.2374e-01   -2.9344e+00    7.5414e-04    1.0715e-03    4.2421e-04    1.2044e-03
   4.0000e-01   -2.6000e+00    1.5000e+00   -4.6930e-01   -2.9631e+00    1.2735e-03    2.5155e-04    1.0330e-03    4.2654e-04
   4.0000e-01   -2.6000e+00    1.5000e+00   -3.1359e-01   -2.9836e+00    1.1074e-03   -6.5540e-04    7.9288e-04   -3.8403e-04
   4.0000e-01   -2.6000e+00    1.5000e+00   -1.5701e-01   -2.9959e+00    4.1838e-04   -1.2058e-03    1.8791e-04   -8.7787e-04
   4.0000e-01   -2.6000e+00    1.5000e+00    0.0000e+00   -3.0000e+00   -4.2502e-04   -1.1930e-03   -6.8955e-04   -8.0922e-04
   4.0000e-01   -2.6000e+00    1.5000e+00    1.5701e-01   -2.9959e+00   -1.0448e-03   -6.9934e-04   -1.2128e-03   -1.9992e-04
   4.0000e-01   -2.6000e+00    1.5000e+00    3.1359e-01   -2.9836e+00   -1.2483e-03    2.5146e-05   -1.4637e-03    5.2436e-04
   4.0000e-01   -2.6000e+00    1.5000e+00    4.6930e-01   -2.9631e+00   -1.0180e-03    7.0874e-04   -1.1752e-03    1.3068e-03
   4.0000e-01   -2.6000e+00    1.5000e+00    6.2374e-01   -2.9344e+00   -4.9114e-04    1.1310e-03   -5.0811e-04    1.7719e-03
   4.0000e-01   -2.6000e+00    1.5000e+00    7.7646e-01   -2.8978e+00    1.3649e-04    1.2184e-03    8.7413e-05    1.8851e-03
   4.0000e-01   -2.6000e+00    1.5000e+00    9.2705e-01   -2.8532e+00    6.8221e-04    1.0111e-03    7.5163e-04    1.7173e-03
   4.0000e-01   -2.6000e+00    1.5000e+00    1.0751e+00   -2.8007e+00    1.0544e-03    6.0144e-04    1.0633e-03    1.3565e-03
   4.0000e-01   -2.6000e+00    1.5000e+00    1.2202e+00   -2.7406e+00    1.2031e-03    1.1482e-04    1.2279e-03    9.0493e-04
   4.0000e-01   -2.6000e+00    1.5000e+00    1.3620e+00   -2.6730e+00    1.1496e-03   -3.5574e-04    1.2647e-03    3.8339e-04
   4.0000e-01   -2.6000e+00    1.5000e+00    1.5000e+00   -2.5981e+00    9.5167e-04   -7.2950e-04    1.0905e-03    -2.9343e-05
   4.0000e-01   -2.6000e+00    1.5000e+00    1.6339e+00   -2.5160e+00    6.7109e-04   -9.8895e-04    8.5401e-04   -3.1271e-04
   4.0000e-01   -2.6000e+00    1.5000e+00    1.7634e+00   -2.4271e+00    3.5316e-04   -1.1380e-03    5.8805e-04   -4.2245e-04
   4.0000e-01   -2.6000e+00    1.5000e+00    1.8880e+00   -2.3314e+00    4.5286e-05   -1.1875e-03    3.2402e-04   -4.9956e-04
   4.0000e-01   -2.6000e+00    1.5000e+00    2.0074e+00   -2.2294e+00   -2.0979e-04   -1.1670e-03    9.7626e-05   -4.4245e-04
   4.0000e-01   -2.6000e+00    1.5000e+00    2.1213e+00   -2.1213e+00   -4.1965e-04   -1.1066e-03   -1.4822e-06   -4.5314e-04
   4.0000e-01   -2.6000e+00    1.5000e+00    2.2294e+00   -2.0074e+00   -5.8980e-04   -1.0240e-03   -1.4406e-04   -4.0297e-04
   4.0000e-01   -2.6000e+00    1.5000e+00    2.3314e+00   -1.8880e+00   -7.1412e-04   -9.3963e-04   -2.8378e-04   -3.6278e-04
   4.0000e-01   -2.6000e+00    1.5000e+00    2.4271e+00   -1.7634e+00   -7.8645e-04   -8.7864e-04   -3.0548e-04   -2.7192e-04
   4.0000e-01   -2.6000e+00    1.5000e+00    2.5160e+00   -1.6339e+00   -8.2731e-04   -8.3950e-04   -4.0101e-04   -2.6253e-04
   4.0000e-01   -2.6000e+00    1.5000e+00    2.5981e+00   -1.5000e+00   -8.4487e-04   -8.2143e-04   -3.8681e-04   -2.9357e-04
   4.0000e-01   -2.6000e+00    1.5000e+00    2.6730e+00   -1.3620e+00   -8.3304e-04   -8.3365e-04   -3.6336e-04   -3.4837e-04
   4.0000e-01   -2.6000e+00    1.5000e+00    2.7406e+00   -1.2202e+00   -7.8637e-04   -8.7892e-04   -3.4871e-04   -2.7009e-04
   4.0000e-01   -2.6000e+00    1.5000e+00    2.8007e+00   -1.0751e+00   -7.0843e-04   -9.4407e-04   -2.6998e-04   -4.3583e-04
   4.0000e-01   -2.6000e+00    1.5000e+00    2.8532e+00   -9.2705e-01   -5.8897e-04   -1.0243e-03   -1.8634e-04   -4.7432e-04
   4.0000e-01   -2.6000e+00    1.5000e+00    2.8978e+00   -7.7646e-01   -4.3067e-04   -1.1021e-03   -1.0382e-04   -5.7490e-04
   4.0000e-01   -2.6000e+00    1.5000e+00    2.9344e+00   -6.2374e-01   -2.1394e-04   -1.1662e-03    6.2490e-05   -6.3811e-04
   4.0000e-01   -2.6000e+00    1.5000e+00    2.9631e+00   -4.6930e-01    4.9619e-05   -1.1873e-03    2.5175e-04   -6.1803e-04
   4.0000e-01   -2.6000e+00    1.5000e+00    2.9836e+00   -3.1359e-01    3.5608e-04   -1.1370e-03    5.1269e-04   -6.4139e-04
   4.0000e-01   -2.6000e+00    1.5000e+00    2.9959e+00   -1.5701e-01    6.6621e-04   -9.9212e-04    7.0107e-04   -4.1363e-04
   4.0000e-01   -3.0000e+00    0.0000e+00    3.0000e+00    0.0000e+00   -8.3757e-04   -8.2903e-04    2.6172e-04   -4.4563e-04
   4.0000e-01   -3.0000e+00    0.0000e+00    2.9959e+00    1.5701e-01   -8.1703e-04   -8.4967e-04    2.3224e-04   -3.6990e-04
   4.0000e-01   -3.0000e+00    0.0000e+00    2.9836e+00    3.1359e-01   -7.7087e-04   -8.9239e-04    1.5327e-04   -4.6105e-04
   4.0000e-01   -3.0000e+00    0.0000e+00    2.9631e+00    4.6930e-01   -6.9606e-04   -9.5308e-04    1.4267e-04   -4.5426e-04
   4.0000e-01   -3.0000e+00    0.0000e+00    2.9344e+00    6.2374e-01   -5.7669e-04   -1.0315e-03    1.5915e-04   -3.9503e-04
   4.0000e-01   -3.0000e+00    0.0000e+00    2.8978e+00    7.7646e-01   -4.1515e-04   -1.1082e-03    2.0270e-04   -5.3277e-04
   4.0000e-01   -3.0000e+00    0.0000e+00    2.8532e+00    9.2705e-01   -1.9547e-04   -1.1695e-03    2.4024e-04   -6.2009e-04
   4.0000e-01   -3.0000e+00    0.0000e+00    2.8007e+00    1.0751e+00    6.7580e-05   -1.1866e-03    3.4254e-04   -5.2431e-04
   4.0000e-01   -3.0000e+00    0.0000e+00    2.7406e+00    1.2202e+00    3.6684e-04   -1.1338e-03    5.9869e-04   -5.4984e-04
   4.0000e-01   -3.0000e+00    0.0000e+00    2.6730e+00    1.3620e+00    6.7571e-04   -9.8563e-04    7.4843e-04   -4.3431e-04
   4.0000e-01   -3.0000e+00    0.0000e+00    2.5981e+00    1.5000e+00    9.5855e-04   -7.2032e-04    9.1975e-04   -1.6858e-04
   4.0000e-01   -3.0000e+00    0.0000e+00    2.5160e+00    1.6339e+00    1.1556e-03   -3.3655e-04    1.0293e-03    4.4670e-05
   4.0000e-01   -3.0000e+00    0.0000e+00    2.4271e+00    1.7634e+00    1.2019e-03    1.2507e-04    1.0195e-03    4.4112e-04
   4.0000e-01   -3.0000e+00    0.0000e+00    2.3314e+00    1.8880e+00    1.0529e-03    6.0373e-04    7.6519e-04    8.6630e-04
   4.0000e-01   -3.0000e+00    0.0000e+00    2.2294e+00    2.0074e+00    6.7754e-04    1.0143e-03    3.6549e-04    1.2033e-03
   4.0000e-01   -3.0000e+00    0.0000e+00    2.1213e+00    2.1213e+00    1.1730e-04    1.2206e-03   -2.5794e-04    1.3385e-03
   4.0000e-01   -3.0000e+00    0.0000e+00    2.0074e+00    2.2294e+00   -5.0287e-04    1.1258e-03   -8.0041e-04    1.1994e-03
   4.0000e-01   -3.0000e+00    0.0000e+00    1.8880e+00    2.3314e+00   -1.0189e-03    7.0739e-04   -1.2988e-03    7.6444e-04
   4.0000e-01   -3.0000e+00    0.0000e+00    1.7634e+00    2.4271e+00   -1.2482e-03    2.4710e-05   -1.5053e-03   -9.6960e-06
   4.0000e-01   -3.0000e+00    0.0000e+00    1.6339e+00    2.5160e+00   -1.0392e-03   -7.0757e-04   -1.2869e-03   -8.2089e-04
   4.0000e-01   -3.0000e+00    0.0000e+00    1.5000e+00    2.5981e+00   -4.1423e-04   -1.1969e-03   -6.1166e-04   -1.3367e-03
   4.0000e-01   -3.0000e+00    0.0000e+00    1.3620e+00    2.6730e+00    4.2008e-04   -1.2051e-03    3.5064e-04   -1.3711e-03
   4.0000e-01   -3.0000e+00    0.0000e+00    1.2202e+00    2.7406e+00    1.1121e-03   -6.4803e-04    1.0743e-03   -8.4935e-04
   4.0000e-01   -3.0000e+00    0.0000e+00    1.0751e+00    2.8007e+00    1.2718e-03    2.6183e-04    1.2892e-03    -1.2935e-05
   4.0000e-01   -3.0000e+00    0.0000e+00    9.2705e-01    2.8532e+00    7.4433e-04    1.0785e-03    8.3762e-04    8.2693e-04
   4.0000e-01   -3.0000e+00    0.0000e+00    7.7646e-01    2.8978e+00   -2.3299e-04    1.3025e-03   -3.8587e-05    1.0362e-03
   4.0000e-01   -3.0000e+00    0.0000e+00    6.2374e-01    2.9344e+00   -1.1193e-03    7.3117e-04   -9.9577e-04    3.9804e-04
   4.0000e-01   -3.0000e+00    0.0000e+00    4.6930e-01    2.9631e+00   -1.3042e-03   -3.5471e-04   -1.1599e-03   -6.6142e-04
   4.0000e-01   -3.0000e+00    0.0000e+00    3.1359e-01    2.9836e+00   -5.7218e-04   -1.2418e-03   -4.0274e-04   -1.5122e-03
   4.0000e-01   -3.0000e+00    0.0000e+00    1.5701e-01    2.9959e+00    6.1213e-04   -1.2412e-03    8.1432e-04   -1.5424e-03
   4.0000e-01   -3.0000e+00    0.0000e+00    0.0000e+00    3.0000e+00    1.3746e-03   -2.7437e-04    1.5860e-03   -5.9365e-04
   4.0000e-01   -3.0000e+00    0.0000e+00   -1.5701e-01    2.9959e+00    1.0432e-03    9.6430e-04    1.2065e-03    6.2681e-04
   4.0000e-01   -3.0000e+00    0.0000e+00   -3.1359e-01    2.9836e+00   -2.0201e-04    1.4265e-03   -3.6413e-05    1.0793e-03
   4.0000e-01   -3.0000e+00    0.0000e+00   -4.6930e-01    2.9631e+00   -1.3224e-03    6.2450e-04   -1.1641e-03    2.9414e-04
   4.0000e-01   -3.0000e+00    0.0000e+00   -6.2374e-01    2.9344e+00   -1.2476e-03   -8.0684e-04   -1.1361e-03   -1.1406e-03
   4.0000e-01   -3.0000e+00    0.0000e+00   -7.7646e-01    2.8978e+00    4.8948e-05   -1.5096e-03    1.5676e-04   -1.8240e-03
   4.0000e-01   -3.0000e+00    0.0000e+00   -9.2705e-01    2.8532e+00    1.3601e-03   -7.1613e-04    1.3209e-03   -1.1110e-03
   4.0000e-01   -3.0000e+00    0.0000e+00   -1.0751e+00    2.8007e+00    1.2982e-03    8.7598e-04    1.3824e-03    4.1576e-04
   4.0000e-01   -3.0000e+00    0.0000e+00   -1.2202e+00    2.7406e+00   -1.8388e-04    1.5864e-03   -1.1588e-04    1.2124e-03
   4.0000e-01   -3.0000e+00    0.0000e+00   -1.3620e+00    2.6730e+00   -1.5368e-03    5.4430e-04   -1.6059e-03    1.9601e-04
   4.0000e-01   -3.0000e+00    0.0000e+00   -1.5000e+00    2.5981e+00   -1.1750e-03   -1.1819e-03   -1.2249e-03   -1.5749e-03
   4.0000e-01   -3.0000e+00    0.0000e+00   -1.6339e+00    2.5160e+00    6.1360e-04   -1.5920e-03    6.3887e-04   -1.9531e-03
   4.0000e-01   -3.0000e+00    0.0000e+00   -1.7634e+00    2.4271e+00    1.7477e-03   -6.6354e-05    1.6870e-03   -3.2780e-04
   4.0000e-01   -3.0000e+00    0.0000e+00   -1.8880e+00    2.3314e+00    7.5192e-04    1.6308e-03    7.5137e-04    1.3184e-03
   4.0000e-01   -3.0000e+00    0.0000e+00   -2.0074e+00    2.2294e+00   -1.2785e-03    1.3340e-03   -1.3310e-03    1.0571e-03
   4.0000e-01   -3.0000e+00    0.0000e+00   -2.1213e+00    2.1213e+00   -1.7497e-03   -7.5343e-04   -1.7183e-03   -1.0196e-03
   4.0000e-01   -3.0000e+00    0.0000e+00   -2.2294e+00    2.0074e+00    1.1527e-04   -1.9650e-03    5.6212e-05   -2.1157e-03
   4.0000e-01   -3.0000e+00    0.0000e+00   -2.3314e+00    1.8880e+00    1.9588e-03   -5.6680e-04    1.9354e-03   -7.1216e-04
   4.0000e-01   -3.0000e+00    0.0000e+00   -2.4271e+00    1.7634e+00    1.2053e-03    1.7432e-03    1.2112e-03    1.6279e-03
   4.0000e-01   -3.0000e+00    0.0000e+00   -2.5160e+00    1.6339e+00   -1.3484e-03    1.7520e-03   -1.4410e-03    1.6900e-03
   4.0000e-01   -3.0000e+00    0.0000e+00   -2.5981e+00    1.5000e+00   -2.1743e-03   -7.9775e-04   -2.1511e-03   -7.3354e-04
   4.0000e-01   -3.0000e+00    0.0000e+00   -2.5981e+00   -1.5000e+00   -2.1743e-03   -7.9775e-04   -2.0265e-03   -4.7659e-04
   4.0000e-01   -3.0000e+00    0.0000e+00   -2.5160e+00   -1.6339e+00   -1.3484e-03    1.7520e-03   -1.1485e-03    2.1031e-03
   4.0000e-01   -3.0000e+00    0.0000e+00   -2.4271e+00   -1.7634e+00    1.2053e-03    1.7432e-03    1.3679e-03    2.0166e-03
   4.0000e-01   -3.0000e+00    0.0000e+00   -2.3314e+00   -1.8880e+00    1.9588e-03   -5.6680e-04    2.0896e-03   -2.1588e-04
   4.0000e-01   -3.0000e+00    0.0000e+00   -2.2294e+00   -2.0074e+00    1.1527e-04   -1.9650e-03    1.9120e-04   -1.6288e-03
   4.0000e-01   -3.0000e+00    0.0000e+00   -2.1213e+00   -2.1213e+00   -1.7497e-03   -7.5343e-04   -1.5898e-03   -4.1298e-04
   4.0000e-01   -3.0000e+00    0.0000e+00   -2.0074e+00   -2.2294e+00   -1.2785e-03    1.3340e-03   -1.2441e-03    1.6163e-03
   4.0000e-01   -3.0000e+00    0.0000e+00   -1.8880e+00   -2.3314e+00    7.5192e-04    1.6308e-03    8.1138e-04    1.9480e-03
   4.0000e-01   -3.0000e+00    0.0000e+00   -1.7634e+00   -2.4271e+00    1.7477e-03   -6.6354e-05    1.7535e-03    2.6599e-04
   4.0000e-01   -3.0000e+00    0.0000e+00   -1.6339e+00   -2.5160e+00    6.1360e-04   -1.5920e-03    6.3553e-04   -1.2767e-03
   4.0000e-01   -3.0000e+00    0.0000e+00   -1.5000e+00   -2.5981e+00   -1.1750e-03   -1.1819e-03   -1.1666e-03   -9.3139e-04
   4.0000e-01   -3.0000e+00    0.0000e+00   -1.3620e+00   -2.6730e+00   -1.5368e-03    5.4430e-04   -1.5727e-03    8.0438e-04
   4.0000e-01   -3.0000e+00    0.0000e+00   -1.2202e+00   -2.7406e+00   -1.8388e-04    1.5864e-03   -2.0867e-04    1.8688e-03
   4.0000e-01   -3.0000e+00    0.0000e+00   -1.0751e+00   -2.8007e+00    1.2982e-03    8.7598e-04    1.2488e-03    1.0792e-03
   4.0000e-01   -3.0000e+00    0.0000e+00   -9.2705e-01   -2.8532e+00    1.3601e-03   -7.1613e-04    1.3856e-03   -5.0131e-04
   4.0000e-01   -3.0000e+00    0.0000e+00   -7.7646e-01   -2.8978e+00    4.8948e-05   -1.5096e-03    -1.4436e-05   -1.3267e-03
   4.0000e-01   -3.0000e+00    0.0000e+00   -6.2374e-01   -2.9344e+00   -1.2476e-03   -8.0684e-04   -1.2986e-03   -6.6401e-04
   4.0000e-01   -3.0000e+00    0.0000e+00   -4.6930e-01   -2.9631e+00   -1.3224e-03    6.2450e-04   -1.3680e-03    7.7000e-04
   4.0000e-01   -3.0000e+00    0.0000e+00   -3.1359e-01   -2.9836e+00   -2.0201e-04    1.4265e-03   -1.2869e-04    1.6280e-03
   4.0000e-01   -3.0000e+00    0.0000e+00   -1.5701e-01   -2.9959e+00    1.0432e-03    9.6430e-04    1.1000e-03    1.1694e-03
   4.0000e-01   -3.0000e+00    0.0000e+00    0.0000e+00   -3.0000e+00    1.3746e-03   -2.7437e-04    1.3847e-03   -8.6168e-05
   4.0000e-01   -3.0000e+00    0.0000e+00    1.5701e-01   -2.9959e+00    6.1213e-04   -1.2412e-03    6.2648e-04   -1.0915e-03
   4.0000e-01   -3.0000e+00    0.0000e+00    3.1359e-01   -2.9836e+00   -5.7218e-04   -1.2418e-03   -6.0745e-04   -1.0137e-03
   4.0000e-01   -3.0000e+00    0.0000e+00    4.6930e-01   -2.9631e+00   -1.3042e-03   -3.5471e-04   -1.3534e-03   -1.3398e-04
   4.0000e-01   -3.0000e+00    0.0000e+00    6.2374e-01   -2.9344e+00   -1.1193e-03    7.3117e-04   -1.1249e-03    9.8714e-04
   4.0000e-01   -3.0000e+00    0.0000e+00    7.7646e-01   -2.8978e+00   -2.3299e-04    1.3025e-03   -2.6974e-04    1.5109e-03
   4.0000e-01   -3.0000e+00    0.0000e+00    9.2705e-01   -2.8532e+00    7.4433e-04    1.0785e-03    6.8613e-04    1.3370e-03
   4.0000e-01   -3.0000e+00    0.0000e+00    1.0751e+00   -2.8007e+00    1.2718e-03    2.6183e-04    1.1358e-03    4.7211e-04
   4.0000e-01   -3.0000e+00    0.0000e+00    1.2202e+00   -2.7406e+00    1.1121e-03   -6.4803e-04    9.9589e-04   -4.1455e-04
   4.0000e-01   -3.0000e+00    0.0000e+00    1.3620e+00   -2.6730e+00    4.2008e-04   -1.2051e-03    2.0841e-04   -8.5825e-04
   4.0000e-01   -3.0000e+00    0.0000e+00    1.5000e+00   -2.5981e+00   -4.1423e-04   -1.1969e-03   -6.3019e-04   -9.2360e-04
   4.0000e-01   -3.0000e+00    0.0000e+00    1.6339e+00   -2.5160e+00   -1.0392e-03   -7.0757e-04   -1.2272e-03   -4.2637e-04
   4.0000e-01   -3.0000e+00    0.0000e+00    1.7634e+00   -2.4271e+00   -1.2482e-03    2.4710e-05   -1.4742e-03    2.6732e-04
   4.0000e-01   -3.0000e+00    0.0000e+00    1.8880e+00   -2.3314e+00   -1.0189e-03    7.0739e-04   -1.1743e-03    9.4603e-04
   4.0000e-01   -3.0000e+00    0.0000e+00    2.0074e+00   -2.2294e+00   -5.0287e-04    1.1258e-03   -6.6462e-04    1.2770e-03
   4.0000e-01   -3.0000e+00    0.0000e+00    2.1213e+00   -2.1213e+00    1.1730e-04    1.2206e-03   -2.5547e-05    1.4431e-03
   4.0000e-01   -3.0000e+00    0.0000e+00    2.2294e+00   -2.0074e+00    6.7754e-04    1.0143e-03    5.8457e-04    1.1477e-03
   4.0000e-01   -3.0000e+00    0.0000e+00    2.3314e+00   -1.8880e+00    1.0529e-03    6.0373e-04    1.0670e-03    7.5793e-04
   4.0000e-01   -3.0000e+00    0.0000e+00    2.4271e+00   -1.7634e+00    1.2019e-03    1.2507e-04    1.2984e-03    2.1210e-04
   4.0000e-01   -3.0000e+00    0.0000e+00    2.5160e+00   -1.6339e+00    1.1556e-03   -3.3655e-04    1.3636e-03   -2.0137e-04
   4.0000e-01   -3.0000e+00    0.0000e+00    2.5981e+00   -1.5000e+00    9.5855e-04   -7.2032e-04    1.2893e-03   -7.1054e-04
   4.0000e-01   -3.0000e+00    0.0000e+00    2.6730e+00   -1.3620e+00    6.7571e-04   -9.8563e-04    1.1799e-03   -9.8054e-04
   4.0000e-01   -3.0000e+00    0.0000e+00    2.7406e+00   -1.2202e+00    3.6684e-04   -1.1338e-03    8.5287e-04   -1.0756e-03
   4.0000e-01   -3.0000e+00    0.0000e+00    2.8007e+00   -1.0751e+00    6.7580e-05   -1.1866e-03    7.0791e-04   -1.1180e-03
   4.0000e-01   -3.0000e+00    0.0000e+00    2.8532e+00   -9.2705e-01   -1.9547e-04   -1.1695e-03    6.0215e-04   -1.0617e-03
   4.0000e-01   -3.0000e+00    0.0000e+00    2.8978e+00   -7.7646e-01   -4.1515e-04   -1.1082e-03    4.0893e-04   -1.0023e-03
   4.0000e-01   -3.0000e+00    0.0000e+00    2.9344e+00   -6.2374e-01   -5.7669e-04   -1.0315e-03    3.9303e-04   -8.5002e-04
   4.0000e-01   -3.0000e+00    0.0000e+00    2.9631e+00   -4.6930e-01   -6.9606e-04   -9.5308e-04    3.4045e-04   -7.2978e-04
   4.0000e-01   -3.0000e+00    0.0000e+00    2.9836e+00   -3.1359e-01   -7.7087e-04   -8.9239e-04    2.9015e-04   -6.5154e-04
   4.0000e-01   -3.0000e+00    0.0000e+00    2.9959e+00   -1.5701e-01   -8.1703e-04   -8.4967e-04    1.9073e-04   -5.1891e-04
   4.0000e-01   -2.6000e+00   -1.5000e+00    3.0000e+00    0.0000e+00    9.4572e-04   -7.3696e-04    1.2240e-03   -6.3995e-04
   4.0000e-01   -2.6000e+00   -1.5000e+00    2.9959e+00    1.5701e-01    6.6621e-04   -9.9212e-04    1.0527e-03   -8.9273e-04
   4.0000e-01   -2.6000e+00   -1.5000e+00    2.9836e+00    3.1359e-01    3.5608e-04   -1.1370e-03    8.6439e-04   -9.3048e-04
   4.0000e-01   -2.6000e+00   -1.5000e+00    2.9631e+00    4.6930e-01    4.9619e-05   -1.1873e-03    6.8632e-04   -9.4747e-04
   4.0000e-01   -2.6000e+00   -1.5000e+00    2.9344e+00    6.2374e-01   -2.1394e-04   -1.1662e-03    4.7233e-04   -8.0507e-04
   4.0000e-01   -2.6000e+00   -1.5000e+00    2.8978e+00    7.7646e-01   -4.3067e-04   -1.1021e-03    2.2599e-04   -7.0530e-04
   4.0000e-01   -2.6000e+00   -1.5000e+00    2.8532e+00    9.2705e-01   -5.8897e-04   -1.0243e-03    1.6797e-04   -5.4791e-04
   4.0000e-01   -2.6000e+00   -1.5000e+00    2.8007e+00    1.0751e+00   -7.0843e-04   -9.4407e-04    1.8409e-05   -4.8222e-04
   4.0000e-01   -2.6000e+00   -1.5000e+00    2.7406e+00    1.2202e+00   -7.8637e-04   -8.7892e-04   -1.5378e-04   -3.3069e-04
   4.0000e-01   -2.6000e+00   -1.5000e+00    2.6730e+00    1.3620e+00   -8.3304e-04   -8.3365e-04   -2.7727e-04   -2.9161e-04
   4.0000e-01   -2.6000e+00   -1.5000e+00    2.5981e+00    1.5000e+00   -8.4487e-04   -8.2143e-04   -4.1993e-04   -3.0327e-04
   4.0000e-01   -2.6000e+00   -1.5000e+00    2.5160e+00    1.6339e+00   -8.2731e-04   -8.3950e-04   -4.6134e-04   -3.0490e-04
   4.0000e-01   -2.6000e+00   -1.5000e+00    2.4271e+00    1.7634e+00   -7.8645e-04   -8.7864e-04   -5.8622e-04   -3.6591e-04
   4.0000e-01   -2.6000e+00   -1.5000e+00    2.3314e+00    1.8880e+00   -7.1412e-04   -9.3963e-04   -6.1465e-04   -4.7498e-04
   4.0000e-01   -2.6000e+00   -1.5000e+00    2.2294e+00    2.0074e+00   -5.8980e-04   -1.0240e-03   -6.3819e-04   -6.0736e-04
   4.0000e-01   -2.6000e+00   -1.5000e+00    2.1213e+00    2.1213e+00   -4.1965e-04   -1.1066e-03   -6.2110e-04   -7.6720e-04
   4.0000e-01   -2.6000e+00   -1.5000e+00    2.0074e+00    2.2294e+00   -2.0979e-04   -1.1670e-03   -5.5954e-04   -9.2535e-04
   4.0000e-01   -2.6000e+00   -1.5000e+00    1.8880e+00    2.3314e+00    4.5286e-05   -1.1875e-03   -4.5074e-04   -1.0528e-03
   4.0000e-01   -2.6000e+00   -1.5000e+00    1.7634e+00    2.4271e+00    3.5316e-04   -1.1380e-03   -2.2335e-04   -1.0706e-03
   4.0000e-01   -2.6000e+00   -1.5000e+00    1.6339e+00    2.5160e+00    6.7109e-04   -9.8895e-04    8.7623e-05   -9.9967e-04
   4.0000e-01   -2.6000e+00   -1.5000e+00    1.5000e+00    2.5981e+00    9.5167e-04   -7.2950e-04    2.7150e-04   -8.5171e-04
   4.0000e-01   -2.6000e+00   -1.5000e+00    1.3620e+00    2.6730e+00    1.1496e-03   -3.5574e-04    4.2846e-04   -4.6347e-04
   4.0000e-01   -2.6000e+00   -1.5000e+00    1.2202e+00    2.7406e+00    1.2031e-03    1.1482e-04    4.4308e-04   -1.4262e-04
   4.0000e-01   -2.6000e+00   -1.5000e+00    1.0751e+00    2.8007e+00    1.0544e-03    6.0144e-04    2.4935e-04    3.2902e-04
   4.0000e-01   -2.6000e+00   -1.5000e+00    9.2705e-01    2.8532e+00    6.8221e-04    1.0111e-03   -1.0906e-04    7.1618e-04
   4.0000e-01   -2.6000e+00   -1.5000e+00    7.7646e-01    2.8978e+00    1.3649e-04    1.2184e-03   -6.3926e-04    8.2753e-04
   4.0000e-01   -2.6000e+00   -1.5000e+00    6.2374e-01    2.9344e+00   -4.9114e-04    1.1310e-03   -1.1861e-03    7.4314e-04
   4.0000e-01   -2.6000e+00   -1.5000e+00    4.6930e-01    2.9631e+00   -1.0180e-03    7.0874e-04   -1.6685e-03    4.0522e-04
   4.0000e-01   -2.6000e+00   -1.5000e+00    3.1359e-01    2.9836e+00   -1.2483e-03    2.5146e-05   -1.8893e-03   -2.8869e-04
   4.0000e-01   -2.6000e+00   -1.5000e+00    1.5701e-01    2.9959e+00   -1.0448e-03   -6.9934e-04   -1.5678e-03   -1.0036e-03
   4.0000e-01   -2.6000e+00   -1.5000e+00    0.0000e+00    3.0000e+00   -4.2502e-04   -1.1930e-03   -8.8539e-04   -1.4495e-03
   4.0000e-01   -2.6000e+00   -1.5000e+00   -1.5701e-01    2.9959e+00    4.1838e-04   -1.2058e-03   -6.3582e-05   -1.4074e-03
   4.0000e-01   -2.6000e+00   -1.5000e+00   -3.1359e-01    2.9836e+00    1.1074e-03   -6.5540e-04    7.2679e-04   -7.7524e-04
   4.0000e-01   -2.6000e+00   -1.5000e+00   -4.6930e-01    2.9631e+00    1.2735e-03    2.5155e-04    9.7852e-04    1.5695e-04
   4.0000e-01   -2.6000e+00   -1.5000e+00   -6.2374e-01    2.9344e+00    7.5414e-04    1.0715e-03    5.1671e-04    1.0171e-03
   4.0000e-01   -2.6000e+00   -1.5000e+00   -7.7646e-01    2.8978e+00   -2.2398e-04    1.3038e-03   -3.9235e-04    1.2684e-03
   4.0000e-01   -2.6000e+00   -1.5000e+00   -9.2705e-01    2.8532e+00   -1.1146e-03    7.3777e-04   -1.2813e-03    7.6013e-04
   4.0000e-01   -2.6000e+00   -1.5000e+00   -1.0751e+00    2.8007e+00   -1.3063e-03   -3.4671e-04   -1.2863e-03   -2.7825e-04
   4.0000e-01   -2.6000e+00   -1.5000e+00   -1.2202e+00    2.7406e+00   -5.8815e-04   -1.2341e-03   -6.2123e-04   -1.1301e-03
   4.0000e-01   -2.6000e+00   -1.5000e+00   -1.3620e+00    2.6730e+00    6.0104e-04   -1.2461e-03    5.8475e-04   -1.1910e-03
   4.0000e-01   -2.6000e+00   -1.5000e+00   -1.5000e+00    2.5981e+00    1.3722e-03   -2.8374e-04    1.4798e-03   -2.4712e-04
   4.0000e-01   -2.6000e+00   -1.5000e+00   -1.6339e+00    2.5160e+00    1.0470e-03    9.5984e-04    1.1648e-03    9.9929e-04
   4.0000e-01   -2.6000e+00   -1.5000e+00   -1.7634e+00    2.4271e+00   -1.9660e-04    1.4270e-03   -4.1322e-05    1.4232e-03
   4.0000e-01   -2.6000e+00   -1.5000e+00   -1.8880e+00    2.3314e+00   -1.3172e-03    6.3451e-04   -1.1527e-03    5.7556e-04
   4.0000e-01   -2.6000e+00   -1.5000e+00   -2.0074e+00    2.2294e+00   -1.2538e-03   -7.9658e-04   -1.0671e-03   -8.3771e-04
   4.0000e-01   -2.6000e+00   -1.5000e+00   -2.1213e+00    2.1213e+00    5.1079e-05   -1.5095e-03    3.1266e-04   -1.6004e-03
   4.0000e-01   -2.6000e+00   -1.5000e+00   -2.2294e+00    2.0074e+00    1.3609e-03   -7.1419e-04    1.5495e-03   -7.6108e-04
   4.0000e-01   -2.6000e+00   -1.5000e+00   -2.3314e+00    1.8880e+00    1.3043e-03    8.6592e-04    1.4869e-03    7.4344e-04
   4.0000e-01   -2.6000e+00   -1.5000e+00   -2.4271e+00    1.7634e+00   -1.7921e-04    1.5865e-03    -2.9577e-06    1.4224e-03
   4.0000e-01   -2.6000e+00   -1.5000e+00   -2.5160e+00    1.6339e+00   -1.5366e-03    5.4454e-04   -1.3351e-03    4.1420e-04
   4.0000e-01   -2.6000e+00   -1.5000e+00   -2.5981e+00    1.5000e+00   -1.1741e-03   -1.1830e-03   -9.6614e-04   -1.3013e-03
   4.0000e-01   -2.6000e+00   -1.5000e+00   -2.6730e+00    1.3620e+00    6.0446e-04   -1.5949e-03    7.5216e-04   -1.6971e-03
   4.0000e-01   -2.6000e+00   -1.5000e+00   -2.7406e+00    1.2202e+00    1.7479e-03   -6.5610e-05    1.8349e-03   -1.1773e-04
   4.0000e-01   -2.6000e+00   -1.5000e+00   -2.8007e+00    1.0751e+00    7.4655e-04    1.6336e-03    8.6648e-04    1.5988e-03
   4.0000e-01   -2.6000e+00   -1.5000e+00   -2.8532e+00    9.2705e-01   -1.2896e-03    1.3234e-03   -1.1813e-03    1.2738e-03
   4.0000e-01   -2.6000e+00   -1.5000e+00   -2.8978e+00    7.7646e-01   -1.7501e-03   -7.5174e-04   -1.7061e-03   -6.9239e-04
   4.0000e-01   -2.6000e+00   -1.5000e+00   -2.9344e+00    6.2374e-01    1.1054e-04   -1.9652e-03    1.9660e-04   -1.8315e-03
   4.0000e-01   -2.6000e+00   -1.5000e+00   -2.9631e+00    4.6930e-01    1.9630e-03   -5.5393e-04    2.0556e-03   -3.8573e-04
   4.0000e-01   -2.6000e+00   -1.5000e+00   -2.9836e+00    3.1359e-01    1.1865e-03    1.7569e-03    1.3316e-03    1.9993e-03
   4.0000e-01   -2.6000e+00   -1.5000e+00   -2.9959e+00    1.5701e-01   -1.3564e-03    1.7461e-03   -1.2054e-03    2.0658e-03
   4.0000e-01   -2.6000e+00   -1.5000e+00   -3.0000e+00    0.0000e+00   -2.1688e-03   -8.1403e-04   -1.9697e-03   -4.8413e-04
   4.0000e-01   -2.6000e+00   -1.5000e+00   -1.5000e+00   -2.5981e+00   -2.1833e-03   -7.6948e-04   -1.9365e-03   -7.1753e-04
   4.0000e-01   -2.6000e+00   -1.5000e+00   -1.3620e+00   -2.6730e+00   -1.3295e-03    1.7655e-03   -1.0977e-03    1.8947e-03
   4.0000e-01   -2.6000e+00   -1.5000e+00   -1.2202e+00   -2.7406e+00    1.2236e-03    1.7301e-03    1.3608e-03    1.7712e-03
   4.0000e-01   -2.6000e+00   -1.5000e+00   -1.0751e+00   -2.8007e+00    1.9540e-03   -5.8306e-04    2.1561e-03   -5.0037e-04
   4.0000e-01   -2.6000e+00   -1.5000e+00   -9.2705e-01   -2.8532e+00    8.0721e-05   -1.9659e-03    1.9730e-04   -1.9028e-03
   4.0000e-01   -2.6000e+00   -1.5000e+00   -7.7646e-01   -2.8978e+00   -1.7603e-03   -7.2619e-04   -1.6138e-03   -6.1459e-04
   4.0000e-01   -2.6000e+00   -1.5000e+00   -6.2374e-01   -2.9344e+00   -1.2680e-03    1.3436e-03   -1.0987e-03    1.4402e-03
   4.0000e-01   -2.6000e+00   -1.5000e+00   -4.6930e-01   -2.9631e+00    7.6992e-04    1.6221e-03    8.9339e-04    1.7812e-03
   4.0000e-01   -2.6000e+00   -1.5000e+00   -3.1359e-01   -2.9836e+00    1.7458e-03   -9.4569e-05    1.7851e-03    -2.0300e-05
   4.0000e-01   -2.6000e+00   -1.5000e+00   -1.5701e-01   -2.9959e+00    5.9040e-04   -1.6001e-03    6.8172e-04   -1.5063e-03
   4.0000e-01   -2.6000e+00   -1.5000e+00    0.0000e+00   -3.0000e+00   -1.1872e-03   -1.1693e-03   -1.1209e-03   -1.0748e-03
   4.0000e-01   -2.6000e+00   -1.5000e+00    1.5701e-01   -2.9959e+00   -1.5295e-03    5.6347e-04   -1.4577e-03    6.5593e-04
   4.0000e-01   -2.6000e+00   -1.5000e+00    3.1359e-01   -2.9836e+00   -1.7212e-04    1.5873e-03   -1.4110e-04    1.7293e-03
   4.0000e-01   -2.6000e+00   -1.5000e+00    4.6930e-01   -2.9631e+00    1.3105e-03    8.5643e-04    1.3836e-03    1.0266e-03
   4.0000e-01   -2.6000e+00   -1.5000e+00    6.2374e-01   -2.9344e+00    1.3489e-03   -7.3627e-04    1.4273e-03   -5.7334e-04
   4.0000e-01   -2.6000e+00   -1.5000e+00    7.7646e-01   -2.8978e+00    2.5923e-05   -1.5097e-03    1.0074e-04   -1.3781e-03
   4.0000e-01   -2.6000e+00   -1.5000e+00    9.2705e-01   -2.8532e+00   -1.2580e-03   -7.8959e-04   -1.2422e-03   -6.0352e-04
   4.0000e-01   -2.6000e+00   -1.5000e+00    1.0751e+00   -2.8007e+00   -1.3125e-03    6.4443e-04   -1.2721e-03    8.5899e-04
   4.0000e-01   -2.6000e+00   -1.5000e+00    1.2202e+00   -2.7406e+00   -1.8055e-04    1.4292e-03   -2.0768e-04    1.6329e-03
   4.0000e-01   -2.6000e+00   -1.5000e+00    1.3620e+00   -2.6730e+00    1.0637e-03    9.4059e-04    1.0156e-03    1.1285e-03
   4.0000e-01   -2.6000e+00   -1.5000e+00    1.5000e+00   -2.5981e+00    1.3693e-03   -2.9762e-04    1.2967e-03   -3.1725e-05
   4.0000e-01   -2.6000e+00   -1.5000e+00    1.6339e+00   -2.5160e+00    5.9038e-04   -1.2511e-03    4.6895e-04   -9.6687e-04
   4.0000e-01   -2.6000e+00   -1.5000e+00    1.7634e+00   -2.4271e+00   -6.0332e-04   -1.2263e-03   -7.7755e-04   -1.0289e-03
   4.0000e-01   -2.6000e+00   -1.5000e+00    1.8880e+00   -2.3314e+00   -1.3117e-03   -3.2360e-04   -1.5698e-03   -1.0712e-04
   4.0000e-01   -2.6000e+00   -1.5000e+00    2.0074e+00   -2.2294e+00   -1.1082e-03    7.4689e-04   -1.4688e-03    1.0009e-03
   4.0000e-01   -2.6000e+00   -1.5000e+00    2.1213e+00   -2.1213e+00   -2.1792e-04    1.3048e-03   -5.7066e-04    1.5622e-03
   4.0000e-01   -2.6000e+00   -1.5000e+00    2.2294e+00   -2.0074e+00    7.6883e-04    1.0606e-03    3.2821e-04    1.3512e-03
   4.0000e-01   -2.6000e+00   -1.5000e+00    2.3314e+00   -1.8880e+00    1.2768e-03    2.3187e-04    7.8737e-04    4.1259e-04
   4.0000e-01   -2.6000e+00   -1.5000e+00    2.4271e+00   -1.7634e+00    1.0995e-03   -6.6784e-04    5.1427e-04   -5.1625e-04
   4.0000e-01   -2.6000e+00   -1.5000e+00    2.5160e+00   -1.6339e+00    4.0737e-04   -1.2093e-03   -1.5607e-04   -1.1153e-03
   4.0000e-01   -2.6000e+00   -1.5000e+00    2.5981e+00   -1.5000e+00   -4.3574e-04   -1.1886e-03   -9.9843e-04   -1.0674e-03
   4.0000e-01   -2.6000e+00   -1.5000e+00    2.6730e+00   -1.3620e+00   -1.0538e-03   -6.8481e-04   -1.6464e-03   -6.0565e-04
   4.0000e-01   -2.6000e+00   -1.5000e+00    2.7406e+00   -1.2202e+00   -1.2475e-03    4.4210e-05   -1.7710e-03    6.1588e-05
   4.0000e-01   -2.6000e+00   -1.5000e+00    2.8007e+00   -1.0751e+00   -1.0121e-03    7.1689e-04   -1.4784e-03    6.9985e-04
   4.0000e-01   -2.6000e+00   -1.5000e+00    2.8532e+00   -9.2705e-01   -4.8304e-04    1.1341e-03   -8.8271e-04    1.1631e-03
   4.0000e-01   -2.6000e+00   -1.5000e+00    2.8978e+00   -7.7646e-01    1.4582e-04    1.2170e-03   -1.7231e-04    1.1412e-03
   4.0000e-01   -2.6000e+00   -1.5000e+00    2.9344e+00   -6.2374e-01    6.9145e-04    1.0045e-03    4.7306e-04    9.6633e-04
   4.0000e-01   -2.6000e+00   -1.5000e+00    2.9631e+00   -4.6930e-01    1.0585e-03    5.9339e-04    9.3021e-04    5.1676e-04
   4.0000e-01   -2.6000e+00   -1.5000e+00    2.9836e+00   -3.1359e-01    1.2032e-03    1.1026e-04    1.2208e-03    1.2253e-04
   4.0000e-01   -2.6000e+00   -1.5000e+00    2.9959e+00   -1.5701e-01    1.1499e-03   -3.5504e-04    1.3399e-03   -3.0045e-04
   4.0000e-01   -1.5000e+00   -2.6000e+00    3.0000e+00    0.0000e+00   -4.2502e-04   -1.1930e-03   -5.9770e-04   -8.3807e-04
   4.0000e-01   -1.5000e+00   -2.6000e+00    2.9959e+00    1.5701e-01   -1.0448e-03   -6.9934e-04   -1.2150e-03   -3.6557e-04
   4.0000e-01   -1.5000e+00   -2.6000e+00    2.9836e+00    3.1359e-01   -1.2483e-03    2.5146e-05   -1.3628e-03    4.2920e-04
   4.0000e-01   -1.5000e+00   -2.6000e+00    2.9631e+00    4.6930e-01   -1.0180e-03    7.0874e-04   -1.0813e-03    1.0711e-03
   4.0000e-01   -1.5000e+00   -2.6000e+00    2.9344e+00    6.2374e-01   -4.9114e-04    1.1310e-03   -5.0502e-04    1.5366e-03
   4.0000e-01   -1.5000e+00   -2.6000e+00    2.8978e+00    7.7646e-01    1.3649e-04    1.2184e-03    1.2948e-04    1.7414e-03
   4.0000e-01   -1.5000e+00   -2.6000e+00    2.8532e+00    9.2705e-01    6.8221e-04    1.0111e-03    7.4071e-04    1.5848e-03
   4.0000e-01   -1.5000e+00   -2.6000e+00    2.8007e+00    1.0751e+00    1.0544e-03    6.0144e-04    1.1211e-03    1.2451e-03
   4.0000e-01   -1.5000e+00   -2.6000e+00    2.7406e+00    1.2202e+00    1.2031e-03    1.1482e-04    1.3221e-03    7.0662e-04
   4.0000e-01   -1.5000e+00   -2.6000e+00    2.6730e+00    1.3620e+00    1.1496e-03   -3.5574e-04    1.2685e-03    3.0872e-04
   4.0000e-01   -1.5000e+00   -2.6000e+00    2.5981e+00    1.5000e+00    9.5167e-04   -7.2950e-04    1.0617e-03    5.0302e-05
   4.0000e-01   -1.5000e+00   -2.6000e+00    2.5160e+00    1.6339e+00    6.7109e-04   -9.8895e-04    8.3964e-04   -1.5783e-04
   4.0000e-01   -1.5000e+00   -2.6000e+00    2.4271e+00    1.7634e+00    3.5316e-04   -1.1380e-03    4.7916e-04   -2.6719e-04
   4.0000e-01   -1.5000e+00   -2.6000e+00    2.3314e+00    1.8880e+00    4.5286e-05   -1.1875e-03    1.3245e-04   -3.1560e-04
   4.0000e-01   -1.5000e+00   -2.6000e+00    2.2294e+00    2.0074e+00   -2.0979e-04   -1.1670e-03   -1.1580e-04   -2.6931e-04
   4.0000e-01   -1.5000e+00   -2.6000e+00    2.1213e+00    2.1213e+00   -4.1965e-04   -1.1066e-03   -3.6132e-04   -1.7132e-04
   4.0000e-01   -1.5000e+00   -2.6000e+00    2.0074e+00    2.2294e+00   -5.8980e-04   -1.0240e-03   -5.6209e-04   -6.7977e-05
   4.0000e-01   -1.5000e+00   -2.6000e+00    1.8880e+00    2.3314e+00   -7.1412e-04   -9.3963e-04   -7.1733e-04    -7.6628e-06
   4.0000e-01   -1.5000e+00   -2.6000e+00    1.7634e+00    2.4271e+00   -7.8645e-04   -8.7864e-04   -8.6324e-04    7.1876e-05
   4.0000e-01   -1.5000e+00   -2.6000e+00    1.6339e+00    2.5160e+00   -8.2731e-04   -8.3950e-04   -9.8163e-04    9.2150e-05
   4.0000e-01   -1.5000e+00   -2.6000e+00    1.5000e+00    2.5981e+00   -8.4487e-04   -8.2143e-04   -1.1351e-03    1.5002e-04
   4.0000e-01   -1.5000e+00   -2.6000e+00    1.3620e+00    2.6730e+00   -8.3304e-04   -8.3365e-04   -1.1383e-03    2.4590e-05
   4.0000e-01   -1.5000e+00   -2.6000e+00    1.2202e+00    2.7406e+00   -7.8637e-04   -8.7892e-04   -1.1301e-03   -6.6111e-05
   4.0000e-01   -1.5000e+00   -2.6000e+00    1.0751e+00    2.8007e+00   -7.0843e-04   -9.4407e-04   -1.0336e-03   -1.3798e-04
   4.0000e-01   -1.5000e+00   -2.6000e+00    9.2705e-01    2.8532e+00   -5.8897e-04   -1.0243e-03   -1.0377e-03   -2.5577e-04
   4.0000e-01   -1.5000e+00   -2.6000e+00    7.7646e-01    2.8978e+00   -4.3067e-04   -1.1021e-03   -8.7254e-04   -2.8741e-04
   4.0000e-01   -1.5000e+00   -2.6000e+00    6.2374e-01    2.9344e+00   -2.1394e-04   -1.1662e-03   -6.8840e-04   -4.5246e-04
   4.0000e-01   -1.5000e+00   -2.6000e+00    4.6930e-01    2.9631e+00    4.9619e-05   -1.1873e-03   -4.0507e-04   -4.6517e-04
   4.0000e-01   -1.5000e+00   -2.6000e+00    3.1359e-01    2.9836e+00    3.5608e-04   -1.1370e-03   -1.7411e-04   -4.5387e-04
   4.0000e-01   -1.5000e+00   -2.6000e+00    1.5701e-01    2.9959e+00    6.6621e-04   -9.9212e-04    1.7085e-04   -3.2155e-04
   4.0000e-01   -1.5000e+00   -2.6000e+00    0.0000e+00    3.0000e+00    9.4572e-04   -7.3696e-04    4.6617e-04   -9.3368e-05
   4.0000e-01   -1.5000e+00   -2.6000e+00   -1.5701e-01    2.9959e+00    1.1499e-03   -3.5504e-04    7.5091e-04    3.5392e-04
   4.0000e-01   -1.5000e+00   -2.6000e+00   -3.1359e-01    2.9836e+00    1.2032e-03    1.1026e-04    7.7920e-04    6.6882e-04
   4.0000e-01   -1.5000e+00   -2.6000e+00   -4.6930e-01    2.9631e+00    1.0585e-03    5.9339e-04    6.3519e-04    1.1819e-03
   4.0000e-01   -1.5000e+00   -2.6000e+00   -6.2374e-01    2.9344e+00    6.9145e-04    1.0045e-03    2.9183e-04    1.5271e-03
   4.0000e-01   -1.5000e+00   -2.6000e+00   -7.7646e-01    2.8978e+00    1.4582e-04    1.2170e-03   -1.4075e-04    1.7142e-03
   4.0000e-01   -1.5000e+00   -2.6000e+00   -9.2705e-01    2.8532e+00   -4.8304e-04    1.1341e-03   -7.5341e-04    1.6409e-03
   4.0000e-01   -1.5000e+00   -2.6000e+00   -1.0751e+00    2.8007e+00   -1.0121e-03    7.1689e-04   -1.1994e-03    1.0980e-03
   4.0000e-01   -1.5000e+00   -2.6000e+00   -1.2202e+00    2.7406e+00   -1.2475e-03    4.4210e-05   -1.3971e-03    3.7955e-04
   4.0000e-01   -1.5000e+00   -2.6000e+00   -1.3620e+00    2.6730e+00   -1.0538e-03   -6.8481e-04   -1.2140e-03   -4.1654e-04
   4.0000e-01   -1.5000e+00   -2.6000e+00   -1.5000e+00    2.5981e+00   -4.3574e-04   -1.1886e-03   -5.1835e-04   -9.8870e-04
   4.0000e-01   -1.5000e+00   -2.6000e+00   -1.6339e+00    2.5160e+00    4.0737e-04   -1.2093e-03    2.9525e-04   -1.0222e-03
   4.0000e-01   -1.5000e+00   -2.6000e+00   -1.7634e+00    2.4271e+00    1.0995e-03   -6.6784e-04    1.0023e-03   -5.6978e-04
   4.0000e-01   -1.5000e+00   -2.6000e+00   -1.8880e+00    2.3314e+00    1.2768e-03    2.3187e-04    1.1390e-03    3.3947e-04
   4.0000e-01   -1.5000e+00   -2.6000e+00   -2.0074e+00    2.2294e+00    7.6883e-04    1.0606e-03    6.6132e-04    9.5801e-04
   4.0000e-01   -1.5000e+00   -2.6000e+00   -2.1213e+00    2.1213e+00   -2.1792e-04    1.3048e-03   -3.3592e-04    1.1910e-03
   4.0000e-01   -1.5000e+00   -2.6000e+00   -2.2294e+00    2.0074e+00   -1.1082e-03    7.4689e-04   -1.3479e-03    6.1779e-04
   4.0000e-01   -1.5000e+00   -2.6000e+00   -2.3314e+00    1.8880e+00   -1.3117e-03   -3.2360e-04   -1.5017e-03   -4.6037e-04
   4.0000e-01   -1.5000e+00   -2.6000e+00   -2.4271e+00    1.7634e+00   -6.0332e-04   -1.2263e-03   -8.6379e-04   -1.4208e-03
   4.0000e-01   -1.5000e+00   -2.6000e+00   -2.5160e+00    1.6339e+00    5.9038e-04   -1.2511e-03    3.2517e-04   -1.3973e-03
   4.0000e-01   -1.5000e+00   -2.6000e+00   -2.5981e+00    1.5000e+00    1.3693e-03   -2.9762e-04    9.9794e-04   -4.0679e-04
   4.0000e-01   -1.5000e+00   -2.6000e+00   -2.6730e+00    1.3620e+00    1.0637e-03    9.4059e-04    7.3224e-04    8.5257e-04
   4.0000e-01   -1.5000e+00   -2.6000e+00   -2.7406e+00    1.2202e+00   -1.8055e-04    1.4292e-03   -4.9274e-04    1.3949e-03
   4.0000e-01   -1.5000e+00   -2.6000e+00   -2.8007e+00    1.0751e+00   -1.3125e-03    6.4443e-04   -1.6123e-03    6.3496e-04
   4.0000e-01   -1.5000e+00   -2.6000e+00   -2.8532e+00    9.2705e-01   -1.2580e-03   -7.8959e-04   -1.5848e-03   -7.1788e-04
   4.0000e-01   -1.5000e+00   -2.6000e+00   -2.8978e+00    7.7646e-01    2.5923e-05   -1.5097e-03   -2.3350e-04   -1.4234e-03
   4.0000e-01   -1.5000e+00   -2.6000e+00   -2.9344e+00    6.2374e-01    1.3489e-03   -7.3627e-04    1.1577e-03   -5.8436e-04
   4.0000e-01   -1.5000e+00   -2.6000e+00   -2.9631e+00    4.6930e-01    1.3105e-03    8.5643e-04    1.1125e-03    1.0669e-03
   4.0000e-01   -1.5000e+00   -2.6000e+00   -2.9836e+00    3.1359e-01   -1.7212e-04    1.5873e-03   -3.3669e-04    1.7693e-03
   4.0000e-01   -1.5000e+00   -2.6000e+00   -2.9959e+00    1.5701e-01   -1.5295e-03    5.6347e-04   -1.5303e-03    8.6747e-04
   4.0000e-01   -1.5000e+00   -2.6000e+00   -3.0000e+00    0.0000e+00   -1.1872e-03   -1.1693e-03   -1.2156e-03   -8.7387e-04
   4.0000e-01   -1.5000e+00   -2.6000e+00   -2.9959e+00   -1.5701e-01    5.9040e-04   -1.6001e-03    6.7687e-04   -1.3143e-03
   4.0000e-01   -1.5000e+00   -2.6000e+00   -2.9836e+00   -3.1359e-01    1.7458e-03   -9.4569e-05    1.9191e-03    1.9086e-04
   4.0000e-01   -1.5000e+00   -2.6000e+00   -2.9631e+00   -4.6930e-01    7.6992e-04    1.6221e-03    9.8268e-04    1.8911e-03
   4.0000e-01   -1.5000e+00   -2.6000e+00   -2.9344e+00   -6.2374e-01   -1.2680e-03    1.3436e-03   -1.0292e-03    1.6636e-03
   4.0000e-01   -1.5000e+00   -2.6000e+00   -2.8978e+00   -7.7646e-01   -1.7603e-03   -7.2619e-04   -1.4920e-03   -5.0332e-04
   4.0000e-01   -1.5000e+00   -2.6000e+00   -2.8532e+00   -9.2705e-01    8.0721e-05   -1.9659e-03    3.5682e-04   -1.7371e-03
   4.0000e-01   -1.5000e+00   -2.6000e+00   -2.8007e+00   -1.0751e+00    1.9540e-03   -5.8306e-04    2.2136e-03   -4.3114e-04
   4.0000e-01   -1.5000e+00   -2.6000e+00   -2.7406e+00   -1.2202e+00    1.2236e-03    1.7301e-03    1.5483e-03    1.8997e-03
   4.0000e-01   -1.5000e+00   -2.6000e+00   -2.6730e+00   -1.3620e+00   -1.3295e-03    1.7655e-03   -1.1024e-03    1.8032e-03
   4.0000e-01   -1.5000e+00   -2.6000e+00   -2.5981e+00   -1.5000e+00   -2.1833e-03   -7.6948e-04   -2.0032e-03   -7.6330e-04
   4.0000e-01   -1.5000e+00   -2.6000e+00    0.0000e+00   -3.0000e+00   -2.1688e-03   -8.1403e-04   -2.2669e-03   -5.9078e-04
   4.0000e-01   -1.5000e+00   -2.6000e+00    1.5701e-01   -2.9959e+00   -1.3564e-03    1.7461e-03   -1.4860e-03    1.9947e-03
   4.0000e-01   -1.5000e+00   -2.6000e+00    3.1359e-01   -2.9836e+00    1.1865e-03    1.7569e-03    1.0141e-03    2.0210e-03
   4.0000e-01   -1.5000e+00   -2.6000e+00    4.6930e-01   -2.9631e+00    1.9630e-03   -5.5393e-04    1.9499e-03   -3.1991e-04
   4.0000e-01   -1.5000e+00   -2.6000e+00    6.2374e-01   -2.9344e+00    1.1054e-04   -1.9652e-03    -4.0184e-05   -1.6733e-03
   4.0000e-01   -1.5000e+00   -2.6000e+00    7.7646e-01   -2.8978e+00   -1.7501e-03   -7.5174e-04   -1.7701e-03   -4.6873e-04
   4.0000e-01   -1.5000e+00   -2.6000e+00    9.2705e-01   -2.8532e+00   -1.2896e-03    1.3234e-03   -1.3141e-03    1.6704e-03
   4.0000e-01   -1.5000e+00   -2.6000e+00    1.0751e+00   -2.8007e+00    7.4655e-04    1.6336e-03    7.8355e-04    1.9639e-03
   4.0000e-01   -1.5000e+00   -2.6000e+00    1.2202e+00   -2.7406e+00    1.7479e-03   -6.5610e-05    1.7011e-03    2.5464e-04
   4.0000e-01   -1.5000e+00   -2.6000e+00    1.3620e+00   -2.6730e+00    6.0446e-04   -1.5949e-03    5.7825e-04   -1.2787e-03
   4.0000e-01   -1.5000e+00   -2.6000e+00    1.5000e+00   -2.5981e+00   -1.1741e-03   -1.1830e-03   -1.1662e-03   -8.8501e-04
   4.0000e-01   -1.5000e+00   -2.6000e+00    1.6339e+00   -2.5160e+00   -1.5366e-03    5.4454e-04   -1.4642e-03    8.5212e-04
   4.0000e-01   -1.5000e+00   -2.6000e+00    1.7634e+00   -2.4271e+00   -1.7921e-04    1.5865e-03   -2.0119e-04    1.9103e-03
   4.0000e-01   -1.5000e+00   -2.6000e+00    1.8880e+00   -2.3314e+00    1.3043e-03    8.6592e-04    1.3553e-03    1.1733e-03
   4.0000e-01   -1.5000e+00   -2.6000e+00    2.0074e+00   -2.2294e+00    1.3609e-03   -7.1419e-04    1.3566e-03   -4.2947e-04
   4.0000e-01   -1.5000e+00   -2.6000e+00    2.1213e+00   -2.1213e+00    5.1079e-05   -1.5095e-03    4.1613e-05   -1.2355e-03
   4.0000e-01   -1.5000e+00   -2.6000e+00    2.2294e+00   -2.0074e+00   -1.2538e-03   -7.9658e-04   -1.2805e-03   -5.2260e-04
   4.0000e-01   -1.5000e+00   -2.6000e+00    2.3314e+00   -1.8880e+00   -1.3172e-03    6.3451e-04   -1.3828e-03    9.1393e-04
   4.0000e-01   -1.5000e+00   -2.6000e+00    2.4271e+00   -1.7634e+00   -1.9660e-04    1.4270e-03   -2.6824e-04    1.7167e-03
   4.0000e-01   -1.5000e+00   -2.6000e+00    2.5160e+00   -1.6339e+00    1.0470e-03    9.5984e-04    9.8643e-04    1.2596e-03
   4.0000e-01   -1.5000e+00   -2.6000e+00    2.5981e+00   -1.5000e+00    1.3722e-03   -2.8374e-04    1.2270e-03    3.2627e-06
   4.0000e-01   -1.5000e+00   -2.6000e+00    2.6730e+00   -1.3620e+00    6.0104e-04   -1.2461e-03    4.6926e-04   -9.9377e-04
   4.0000e-01   -1.5000e+00   -2.6000e+00    2.7406e+00   -1.2202e+00   -5.8815e-04   -1.2341e-03   -7.1485e-04   -9.7807e-04
   4.0000e-01   -1.5000e+00   -2.6000e+00    2.8007e+00   -1.0751e+00   -1.3063e-03   -3.4671e-04   -1.4848e-03   -1.1266e-04
   4.0000e-01   -1.5000e+00   -2.6000e+00    2.8532e+00   -9.2705e-01   -1.1146e-03    7.3777e-04   -1.3185e-03    9.7817e-04
   4.0000e-01   -1.5000e+00   -2.6000e+00    2.8978e+00   -7.7646e-01   -2.2398e-04    1.3038e-03   -4.6745e-04    1.5355e-03
   4.0000e-01   -1.5000e+00   -2.6000e+00    2.9344e+00   -6.2374e-01    7.5414e-04    1.0715e-03    5.8284e-04    1.3600e-03
   4.0000e-01   -1.5000e+00   -2.6000e+00    2.9631e+00   -4.6930e-01    1.2735e-03    2.5155e-04    1.0870e-03    5.3133e-04
   4.0000e-01   -1.5000e+00   -2.6000e+00    2.9836e+00   -3.1359e-01    1.1074e-03   -6.5540e-04    9.1019e-04   -3.7601e-04
   4.0000e-01   -1.5000e+00   -2.6000e+00    2.9959e+00   -1.5701e-01    4.1838e-04   -1.2058e-03    2.8510e-04   -9.4337e-04
   4.0000e-01    0.0000e+00   -3.0000e+00    3.0000e+00    0.0000e+00    1.3746e-03   -2.7437e-04    1.3370e-03   -1.0513e-04
   4.0000e-01    0.0000e+00   -3.0000e+00    2.9959e+00    1.5701e-01    6.1213e-04   -1.2412e-03    5.9419e-04   -1.0792e-03
   4.0000e-01    0.0000e+00   -3.0000e+00    2.9836e+00    3.1359e-01   -5.7218e-04   -1.2418e-03   -6.7457e-04   -1.0534e-03
   4.0000e-01    0.0000e+00   -3.0000e+00    2.9631e+00    4.6930e-01   -1.3042e-03   -3.5471e-04   -1.4444e-03   -1.0237e-04
   4.0000e-01    0.0000e+00   -3.0000e+00    2.9344e+00    6.2374e-01   -1.1193e-03    7.3117e-04   -1.1977e-03    9.9479e-04
   4.0000e-01    0.0000e+00   -3.0000e+00    2.8978e+00    7.7646e-01   -2.3299e-04    1.3025e-03   -4.4354e-04    1.5721e-03
   4.0000e-01    0.0000e+00   -3.0000e+00    2.8532e+00    9.2705e-01    7.4433e-04    1.0785e-03    5.2509e-04    1.3730e-03
   4.0000e-01    0.0000e+00   -3.0000e+00    2.8007e+00    1.0751e+00    1.2718e-03    2.6183e-04    1.0351e-03    6.0588e-04
   4.0000e-01    0.0000e+00   -3.0000e+00    2.7406e+00    1.2202e+00    1.1121e-03   -6.4803e-04    9.1406e-04   -3.1834e-04
   4.0000e-01    0.0000e+00   -3.0000e+00    2.6730e+00    1.3620e+00    4.2008e-04   -1.2051e-03    2.1179e-04   -8.3057e-04
   4.0000e-01    0.0000e+00   -3.0000e+00    2.5981e+00    1.5000e+00   -4.1423e-04   -1.1969e-03   -5.8180e-04   -8.5391e-04
   4.0000e-01    0.0000e+00   -3.0000e+00    2.5160e+00    1.6339e+00   -1.0392e-03   -7.0757e-04   -1.2451e-03   -2.2528e-04
   4.0000e-01    0.0000e+00   -3.0000e+00    2.4271e+00    1.7634e+00   -1.2482e-03    2.4710e-05   -1.4667e-03    4.8856e-04
   4.0000e-01    0.0000e+00   -3.0000e+00    2.3314e+00    1.8880e+00   -1.0189e-03    7.0739e-04   -1.2017e-03    1.1978e-03
   4.0000e-01    0.0000e+00   -3.0000e+00    2.2294e+00    2.0074e+00   -5.0287e-04    1.1258e-03   -6.9688e-04    1.6514e-03
   4.0000e-01    0.0000e+00   -3.0000e+00    2.1213e+00    2.1213e+00    1.1730e-04    1.2206e-03   -5.1372e-05    1.7498e-03
   4.0000e-01    0.0000e+00   -3.0000e+00    2.0074e+00    2.2294e+00    6.7754e-04    1.0143e-03    5.1342e-04    1.6701e-03
   4.0000e-01    0.0000e+00   -3.0000e+00    1.8880e+00    2.3314e+00    1.0529e-03    6.0373e-04    9.1453e-04    1.2643e-03
   4.0000e-01    0.0000e+00   -3.0000e+00    1.7634e+00    2.4271e+00    1.2019e-03    1.2507e-04    1.1127e-03    8.8375e-04
   4.0000e-01    0.0000e+00   -3.0000e+00    1.6339e+00    2.5160e+00    1.1556e-03   -3.3655e-04    1.0174e-03    4.3919e-04
   4.0000e-01    0.0000e+00   -3.0000e+00    1.5000e+00    2.5981e+00    9.5855e-04   -7.2032e-04    7.9450e-04    1.3763e-05
   4.0000e-01    0.0000e+00   -3.0000e+00    1.3620e+00    2.6730e+00    6.7571e-04   -9.8563e-04    5.9070e-04   -1.9352e-04
   4.0000e-01    0.0000e+00   -3.0000e+00    1.2202e+00    2.7406e+00    3.6684e-04   -1.1338e-03    2.6404e-04   -3.0449e-04
   4.0000e-01    0.0000e+00   -3.0000e+00    1.0751e+00    2.8007e+00    6.7580e-05   -1.1866e-03   -4.9625e-05   -3.4745e-04
   4.0000e-01    0.0000e+00   -3.0000e+00    9.2705e-01    2.8532e+00   -1.9547e-04   -1.1695e-03   -3.2818e-04   -3.6663e-04
   4.0000e-01    0.0000e+00   -3.0000e+00    7.7646e-01    2.8978e+00   -4.1515e-04   -1.1082e-03   -5.9556e-04   -2.5508e-04
   4.0000e-01    0.0000e+00   -3.0000e+00    6.2374e-01    2.9344e+00   -5.7669e-04   -1.0315e-03   -7.3235e-04   -1.6327e-04
   4.0000e-01    0.0000e+00   -3.0000e+00    4.6930e-01    2.9631e+00   -6.9606e-04   -9.5308e-04   -7.9508e-04   -1.2292e-04
   4.0000e-01    0.0000e+00   -3.0000e+00    3.1359e-01    2.9836e+00   -7.7087e-04   -8.9239e-04   -9.0852e-04   -4.7523e-05
   4.0000e-01    0.0000e+00   -3.0000e+00    1.5701e-01    2.9959e+00   -8.1703e-04   -8.4967e-04   -9.6555e-04   -5.8507e-05
   4.0000e-01    0.0000e+00   -3.0000e+00    0.0000e+00    3.0000e+00   -8.3757e-04   -8.2903e-04   -9.2622e-04    -7.3547e-06
   4.0000e-01    0.0000e+00   -3.0000e+00   -1.5701e-01    2.9959e+00   -8.1703e-04   -8.4967e-04   -9.4130e-04   -7.4128e-07
   4.0000e-01    0.0000e+00   -3.0000e+00   -3.1359e-01    2.9836e+00   -7.7087e-04   -8.9239e-04   -9.0184e-04   -4.6826e-05
   4.0000e-01    0.0000e+00   -3.0000e+00   -4.6930e-01    2.9631e+00   -6.9606e-04   -9.5308e-04   -7.9830e-04   -1.4433e-04
   4.0000e-01    0.0000e+00   -3.0000e+00   -6.2374e-01    2.9344e+00   -5.7669e-04   -1.0315e-03   -6.7095e-04   -1.9105e-04
   4.0000e-01    0.0000e+00   -3.0000e+00   -7.7646e-01    2.8978e+00   -4.1515e-04   -1.1082e-03   -5.3238e-04   -2.9111e-04
   4.0000e-01    0.0000e+00   -3.0000e+00   -9.2705e-01    2.8532e+00   -1.9547e-04   -1.1695e-03   -3.1354e-04   -3.2680e-04
   4.0000e-01    0.0000e+00   -3.0000e+00   -1.0751e+00    2.8007e+00    6.7580e-05   -1.1866e-03   -8.1619e-05   -4.2942e-04
   4.0000e-01    0.0000e+00   -3.0000e+00   -1.2202e+00    2.7406e+00    3.6684e-04   -1.1338e-03    2.5104e-04   -3.0986e-04
   4.0000e-01    0.0000e+00   -3.0000e+00   -1.3620e+00    2.6730e+00    6.7571e-04   -9.8563e-04    5.6314e-04   -1.5677e-04
   4.0000e-01    0.0000e+00   -3.0000e+00   -1.5000e+00    2.5981e+00    9.5855e-04   -7.2032e-04    8.9506e-04    8.7981e-05
   4.0000e-01    0.0000e+00   -3.0000e+00   -1.6339e+00    2.5160e+00    1.1556e-03   -3.3655e-04    1.0896e-03    4.0811e-04
   4.0000e-01    0.0000e+00   -3.0000e+00   -1.7634e+00    2.4271e+00    1.2019e-03    1.2507e-04    1.1017e-03    8.0915e-04
   4.0000e-01    0.0000e+00   -3.0000e+00   -1.8880e+00    2.3314e+00    1.0529e-03    6.0373e-04    8.3838e-04    1.2913e-03
   4.0000e-01    0.0000e+00   -3.0000e+00   -2.0074e+00    2.2294e+00    6.7754e-04    1.0143e-03    5.0785e-04    1.6451e-03
   4.0000e-01    0.0000e+00   -3.0000e+00   -2.1213e+00    2.1213e+00    1.1730e-04    1.2206e-03   -1.2755e-04    1.8485e-03
   4.0000e-01    0.0000e+00   -3.0000e+00   -2.2294e+00    2.0074e+00   -5.0287e-04    1.1258e-03   -6.8583e-04    1.6657e-03
   4.0000e-01    0.0000e+00   -3.0000e+00   -2.3314e+00    1.8880e+00   -1.0189e-03    7.0739e-04   -1.2457e-03    1.2014e-03
   4.0000e-01    0.0000e+00   -3.0000e+00   -2.4271e+00    1.7634e+00   -1.2482e-03    2.4710e-05   -1.4826e-03    4.7298e-04
   4.0000e-01    0.0000e+00   -3.0000e+00   -2.5160e+00    1.6339e+00   -1.0392e-03   -7.0757e-04   -1.3053e-03   -2.7324e-04
   4.0000e-01    0.0000e+00   -3.0000e+00   -2.5981e+00    1.5000e+00   -4.1423e-04   -1.1969e-03   -6.4998e-04   -7.6277e-04
   4.0000e-01    0.0000e+00   -3.0000e+00   -2.6730e+00    1.3620e+00    4.2008e-04   -1.2051e-03    1.3732e-04   -8.4738e-04
   4.0000e-01    0.0000e+00   -3.0000e+00   -2.7406e+00    1.2202e+00    1.1121e-03   -6.4803e-04    8.6146e-04   -2.9651e-04
   4.0000e-01    0.0000e+00   -3.0000e+00   -2.8007e+00    1.0751e+00    1.2718e-03    2.6183e-04    1.0606e-03    6.0147e-04
   4.0000e-01    0.0000e+00   -3.0000e+00   -2.8532e+00    9.2705e-01    7.4433e-04    1.0785e-03    6.1410e-04    1.3638e-03
   4.0000e-01    0.0000e+00   -3.0000e+00   -2.8978e+00    7.7646e-01   -2.3299e-04    1.3025e-03   -3.8000e-04    1.5406e-03
   4.0000e-01    0.0000e+00   -3.0000e+00   -2.9344e+00    6.2374e-01   -1.1193e-03    7.3117e-04   -1.2582e-03    9.7332e-04
   4.0000e-01    0.0000e+00   -3.0000e+00   -2.9631e+00    4.6930e-01   -1.3042e-03   -3.5471e-04   -1.3332e-03   -1.7012e-04
   4.0000e-01    0.0000e+00   -3.0000e+00   -2.9836e+00    3.1359e-01   -5.7218e-04   -1.2418e-03   -6.3946e-04   -1.0365e-03
   4.0000e-01    0.0000e+00   -3.0000e+00   -2.9959e+00    1.5701e-01    6.1213e-04   -1.2412e-03    5.6315e-04   -1.0404e-03
   4.0000e-01    0.0000e+00   -3.0000e+00   -3.0000e+00    0.0000e+00    1.3746e-03   -2.7437e-04    1.3899e-03   -9.5564e-05
   4.0000e-01    0.0000e+00   -3.0000e+00   -2.9959e+00   -1.5701e-01    1.0432e-03    9.6430e-04    1.0673e-03    1.1507e-03
   4.0000e-01    0.0000e+00   -3.0000e+00   -2.9836e+00   -3.1359e-01   -2.0201e-04    1.4265e-03   -1.5516e-04    1.5651e-03
   4.0000e-01    0.0000e+00   -3.0000e+00   -2.9631e+00   -4.6930e-01   -1.3224e-03    6.2450e-04   -1.1919e-03    8.1098e-04
   4.0000e-01    0.0000e+00   -3.0000e+00   -2.9344e+00   -6.2374e-01   -1.2476e-03   -8.0684e-04   -1.1527e-03   -6.5457e-04
   4.0000e-01    0.0000e+00   -3.0000e+00   -2.8978e+00   -7.7646e-01    4.8948e-05   -1.5096e-03    1.7603e-04   -1.3508e-03
   4.0000e-01    0.0000e+00   -3.0000e+00   -2.8532e+00   -9.2705e-01    1.3601e-03   -7.1613e-04    1.4954e-03   -5.4036e-04
   4.0000e-01    0.0000e+00   -3.0000e+00   -2.8007e+00   -1.0751e+00    1.2982e-03    8.7598e-04    1.4757e-03    9.6009e-04
   4.0000e-01    0.0000e+00   -3.0000e+00   -2.7406e+00   -1.2202e+00   -1.8388e-04    1.5864e-03   -7.9102e-05    1.6764e-03
   4.0000e-01    0.0000e+00   -3.0000e+00   -2.6730e+00   -1.3620e+00   -1.5368e-03    5.4430e-04   -1.4404e-03    5.9930e-04
   4.0000e-01    0.0000e+00   -3.0000e+00   -2.5981e+00   -1.5000e+00   -1.1750e-03   -1.1819e-03   -1.1523e-03   -1.0304e-03
   4.0000e-01    0.0000e+00   -3.0000e+00   -2.5160e+00   -1.6339e+00    6.1360e-04   -1.5920e-03    6.7869e-04   -1.4446e-03
   4.0000e-01    0.0000e+00   -3.0000e+00   -2.4271e+00   -1.7634e+00    1.7477e-03   -6.6354e-05    1.7472e-03    2.7497e-05
   4.0000e-01    0.0000e+00   -3.0000e+00   -2.3314e+00   -1.8880e+00    7.5192e-04    1.6308e-03    7.5094e-04    1.8129e-03
   4.0000e-01    0.0000e+00   -3.0000e+00   -2.2294e+00   -2.0074e+00   -1.2785e-03    1.3340e-03   -1.2949e-03    1.4860e-03
   4.0000e-01    0.0000e+00   -3.0000e+00   -2.1213e+00   -2.1213e+00   -1.7497e-03   -7.5343e-04   -1.7517e-03   -5.8430e-04
   4.0000e-01    0.0000e+00   -3.0000e+00   -2.0074e+00   -2.2294e+00    1.1527e-04   -1.9650e-03    6.3120e-05   -1.7821e-03
   4.0000e-01    0.0000e+00   -3.0000e+00   -1.8880e+00   -2.3314e+00    1.9588e-03   -5.6680e-04    1.8813e-03   -3.3270e-04
   4.0000e-01    0.0000e+00   -3.0000e+00   -1.7634e+00   -2.4271e+00    1.2053e-03    1.7432e-03    1.1191e-03    1.9149e-03
   4.0000e-01    0.0000e+00   -3.0000e+00   -1.6339e+00   -2.5160e+00   -1.3484e-03    1.7520e-03   -1.4163e-03    1.9926e-03
   4.0000e-01    0.0000e+00   -3.0000e+00   -1.5000e+00   -2.5981e+00   -2.1743e-03   -7.9775e-04   -2.2825e-03   -5.4963e-04
   4.0000e-01    0.0000e+00   -3.0000e+00    1.5000e+00   -2.5981e+00   -2.1743e-03   -7.9775e-04   -2.2314e-03   -6.8417e-04
   4.0000e-01    0.0000e+00   -3.0000e+00    1.6339e+00   -2.5160e+00   -1.3484e-03    1.7520e-03   -1.4957e-03    1.9746e-03
   4.0000e-01    0.0000e+00   -3.0000e+00    1.7634e+00   -2.4271e+00    1.2053e-03    1.7432e-03    1.0918e-03    1.9944e-03
   4.0000e-01    0.0000e+00   -3.0000e+00    1.8880e+00   -2.3314e+00    1.9588e-03   -5.6680e-04    1.8983e-03   -3.8799e-04
   4.0000e-01    0.0000e+00   -3.0000e+00    2.0074e+00   -2.2294e+00    1.1527e-04   -1.9650e-03    5.9152e-05   -1.8087e-03
   4.0000e-01    0.0000e+00   -3.0000e+00    2.1213e+00   -2.1213e+00   -1.7497e-03   -7.5343e-04   -1.8118e-03   -5.9281e-04
   4.0000e-01    0.0000e+00   -3.0000e+00    2.2294e+00   -2.0074e+00   -1.2785e-03    1.3340e-03   -1.2643e-03    1.4289e-03
   4.0000e-01    0.0000e+00   -3.0000e+00    2.3314e+00   -1.8880e+00    7.5192e-04    1.6308e-03    7.6528e-04    1.7525e-03
   4.0000e-01    0.0000e+00   -3.0000e+00    2.4271e+00   -1.7634e+00    1.7477e-03   -6.6354e-05    1.7799e-03    3.7378e-05
   4.0000e-01    0.0000e+00   -3.0000e+00    2.5160e+00   -1.6339e+00    6.1360e-04   -1.5920e-03    6.7219e-04   -1.5049e-03
   4.0000e-01    0.0000e+00   -3.0000e+00    2.5981e+00   -1.5000e+00   -1.1750e-03   -1.1819e-03   -1.0978e-03   -1.0727e-03
   4.0000e-01    0.0000e+00   -3.0000e+00    2.6730e+00   -1.3620e+00   -1.5368e-03    5.4430e-04   -1.4927e-03    6.7310e-04
   4.0000e-01    0.0000e+00   -3.0000e+00    2.7406e+00   -1.2202e+00   -1.8388e-04    1.5864e-03   -1.6113e-04    1.6888e-03
   4.0000e-01    0.0000e+00   -3.0000e+00    2.8007e+00   -1.0751e+00    1.2982e-03    8.7598e-04    1.3759e-03    1.0007e-03
   4.0000e-01    0.0000e+00   -3.0000e+00    2.8532e+00   -9.2705e-01    1.3601e-03   -7.1613e-04    1.4806e-03   -5.6941e-04
   4.0000e-01    0.0000e+00   -3.0000e+00    2.8978e+00   -7.7646e-01    4.8948e-05   -1.5096e-03    1.7218e-04   -1.3923e-03
   4.0000e-01    0.0000e+00   -3.0000e+00    2.9344e+00   -6.2374e-01   -1.2476e-03   -8.0684e-04   -1.0909e-03   -6.9047e-04
   4.0000e-01    0.0000e+00   -3.0000e+00    2.9631e+00   -4.6930e-01   -1.3224e-03    6.2450e-04   -1.2209e-03    8.1192e-04
   4.0000e-01    0.0000e+00   -3.0000e+00    2.9836e+00   -3.1359e-01   -2.0201e-04    1.4265e-03   -1.0260e-04    1.6429e-03
   4.0000e-01    0.0000e+00   -3.0000e+00    2.9959e+00   -1.5701e-01    1.0432e-03    9.6430e-04    1.1063e-03    1.1090e-03
   4.0000e-01    1.5000e+00   -2.6000e+00    3.0000e+00    0.0000e+00   -1.1872e-03   -1.1693e-03   -1.1496e-03   -8.4795e-04
   4.0000e-01    1.5000e+00   -2.6000e+00    2.9959e+00    1.5701e-01   -1.5295e-03    5.6347e-04   -1.6072e-03    8.5017e-04
   4.0000e-01    1.5000e+00   -2.6000e+00    2.9836e+00    3.1359e-01   -1.7212e-04    1.5873e-03   -3.1116e-04    1.8400e-03
   4.0000e-01    1.5000e+00   -2.6000e+00    2.9631e+00    4.6930e-01    1.3105e-03    8.5643e-04    1.1134e-03    1.0480e-03
   4.0000e-01    1.5000e+00   -2.6000e+00    2.9344e+00    6.2374e-01    1.3489e-03   -7.3627e-04    1.1511e-03   -5.7311e-04
   4.0000e-01    1.5000e+00   -2.6000e+00    2.8978e+00    7.7646e-01    2.5923e-05   -1.5097e-03   -3.1567e-04   -1.4055e-03
   4.0000e-01    1.5000e+00   -2.6000e+00    2.8532e+00    9.2705e-01   -1.2580e-03   -7.8959e-04   -1.5983e-03   -7.3608e-04
   4.0000e-01    1.5000e+00   -2.6000e+00    2.8007e+00    1.0751e+00   -1.3125e-03    6.4443e-04   -1.6540e-03    6.4886e-04
   4.0000e-01    1.5000e+00   -2.6000e+00    2.7406e+00    1.2202e+00   -1.8055e-04    1.4292e-03   -5.9143e-04    1.3238e-03
   4.0000e-01    1.5000e+00   -2.6000e+00    2.6730e+00    1.3620e+00    1.0637e-03    9.4059e-04    7.6230e-04    8.4888e-04
   4.0000e-01    1.5000e+00   -2.6000e+00    2.5981e+00    1.5000e+00    1.3693e-03   -2.9762e-04    1.0847e-03   -4.0009e-04
   4.0000e-01    1.5000e+00   -2.6000e+00    2.5160e+00    1.6339e+00    5.9038e-04   -1.2511e-03    2.7207e-04   -1.4442e-03
   4.0000e-01    1.5000e+00   -2.6000e+00    2.4271e+00    1.7634e+00   -6.0332e-04   -1.2263e-03   -8.5384e-04   -1.3486e-03
   4.0000e-01    1.5000e+00   -2.6000e+00    2.3314e+00    1.8880e+00   -1.3117e-03   -3.2360e-04   -1.4854e-03   -4.5807e-04
   4.0000e-01    1.5000e+00   -2.6000e+00    2.2294e+00    2.0074e+00   -1.1082e-03    7.4689e-04   -1.3001e-03    5.8115e-04
   4.0000e-01    1.5000e+00   -2.6000e+00    2.1213e+00    2.1213e+00   -2.1792e-04    1.3048e-03   -3.9900e-04    1.2416e-03
   4.0000e-01    1.5000e+00   -2.6000e+00    2.0074e+00    2.2294e+00    7.6883e-04    1.0606e-03    6.2273e-04    1.0074e-03
   4.0000e-01    1.5000e+00   -2.6000e+00    1.8880e+00    2.3314e+00    1.2768e-03    2.3187e-04    1.2078e-03    3.1543e-04
   4.0000e-01    1.5000e+00   -2.6000e+00    1.7634e+00    2.4271e+00    1.0995e-03   -6.6784e-04    9.5703e-04   -5.7445e-04
   4.0000e-01    1.5000e+00   -2.6000e+00    1.6339e+00    2.5160e+00    4.0737e-04   -1.2093e-03    2.8346e-04   -1.0069e-03
   4.0000e-01    1.5000e+00   -2.6000e+00    1.5000e+00    2.5981e+00   -4.3574e-04   -1.1886e-03   -5.4954e-04   -9.5053e-04
   4.0000e-01    1.5000e+00   -2.6000e+00    1.3620e+00    2.6730e+00   -1.0538e-03   -6.8481e-04   -1.2279e-03   -3.5927e-04
   4.0000e-01    1.5000e+00   -2.6000e+00    1.2202e+00    2.7406e+00   -1.2475e-03    4.4210e-05   -1.4329e-03    4.4711e-04
   4.0000e-01    1.5000e+00   -2.6000e+00    1.0751e+00    2.8007e+00   -1.0121e-03    7.1689e-04   -1.1896e-03    1.0920e-03
   4.0000e-01    1.5000e+00   -2.6000e+00    9.2705e-01    2.8532e+00   -4.8304e-04    1.1341e-03   -7.2266e-04    1.5882e-03
   4.0000e-01    1.5000e+00   -2.6000e+00    7.7646e-01    2.8978e+00    1.4582e-04    1.2170e-03   -1.6110e-04    1.7330e-03
   4.0000e-01    1.5000e+00   -2.6000e+00    6.2374e-01    2.9344e+00    6.9145e-04    1.0045e-03    3.4460e-04    1.5340e-03
   4.0000e-01    1.5000e+00   -2.6000e+00    4.6930e-01    2.9631e+00    1.0585e-03    5.9339e-04    6.4901e-04    1.1305e-03
   4.0000e-01    1.5000e+00   -2.6000e+00    3.1359e-01    2.9836e+00    1.2032e-03    1.1026e-04    7.7602e-04    7.0500e-04
   4.0000e-01    1.5000e+00   -2.6000e+00    1.5701e-01    2.9959e+00    1.1499e-03   -3.5504e-04    7.2493e-04    2.1567e-04
   4.0000e-01    1.5000e+00   -2.6000e+00    0.0000e+00    3.0000e+00    9.4369e-04   -7.3949e-04    4.6765e-04   -4.3893e-05
   4.0000e-01    1.5000e+00   -2.6000e+00   -1.5701e-01    2.9959e+00    6.6621e-04   -9.9212e-04    1.4413e-04   -3.6382e-04
   4.0000e-01    1.5000e+00   -2.6000e+00   -3.1359e-01    2.9836e+00    3.5608e-04   -1.1370e-03   -1.8085e-04   -4.2536e-04
   4.0000e-01    1.5000e+00   -2.6000e+00   -4.6930e-01    2.9631e+00    4.9619e-05   -1.1873e-03   -4.9053e-04   -4.7389e-04
   4.0000e-01    1.5000e+00   -2.6000e+00   -6.2374e-01    2.9344e+00   -2.1394e-04   -1.1662e-03   -7.1949e-04   -4.4590e-04
   4.0000e-01    1.5000e+00   -2.6000e+00   -7.7646e-01    2.8978e+00   -4.3067e-04   -1.1021e-03   -8.9708e-04   -3.4585e-04
   4.0000e-01    1.5000e+00   -2.6000e+00   -9.2705e-01    2.8532e+00   -5.8897e-04   -1.0243e-03   -1.0272e-03   -2.3016e-04
   4.0000e-01    1.5000e+00   -2.6000e+00   -1.0751e+00    2.8007e+00   -7.0843e-04   -9.4407e-04   -1.0823e-03   -1.3249e-04
   4.0000e-01    1.5000e+00   -2.6000e+00   -1.2202e+00    2.7406e+00   -7.8637e-04   -8.7892e-04   -1.1040e-03   -3.8700e-05
   4.0000e-01    1.5000e+00   -2.6000e+00   -1.3620e+00    2.6730e+00   -8.3304e-04   -8.3365e-04   -1.1231e-03    5.2263e-05
   4.0000e-01    1.5000e+00   -2.6000e+00   -1.5000e+00    2.5981e+00   -8.4487e-04   -8.2143e-04   -1.1206e-03    5.9628e-05
   4.0000e-01    1.5000e+00   -2.6000e+00   -1.6339e+00    2.5160e+00   -8.2731e-04   -8.3950e-04   -1.0117e-03    5.3973e-05
   4.0000e-01    1.5000e+00   -2.6000e+00   -1.7634e+00    2.4271e+00   -7.8645e-04   -8.7864e-04   -8.9239e-04    3.8512e-05
   4.0000e-01    1.5000e+00   -2.6000e+00   -1.8880e+00    2.3314e+00   -7.1412e-04   -9.3963e-04   -7.7894e-04    4.1728e-05
   4.0000e-01    1.5000e+00   -2.6000e+00   -2.0074e+00    2.2294e+00   -5.8980e-04   -1.0240e-03   -5.0890e-04   -4.5186e-05
   4.0000e-01    1.5000e+00   -2.6000e+00   -2.1213e+00    2.1213e+00   -4.1965e-04   -1.1066e-03   -3.5480e-04   -1.3347e-04
   4.0000e-01    1.5000e+00   -2.6000e+00   -2.2294e+00    2.0074e+00   -2.0979e-04   -1.1670e-03   -1.0019e-04   -2.5909e-04
   4.0000e-01    1.5000e+00   -2.6000e+00   -2.3314e+00    1.8880e+00    4.5286e-05   -1.1875e-03    1.8459e-04   -3.1075e-04
   4.0000e-01    1.5000e+00   -2.6000e+00   -2.4271e+00    1.7634e+00    3.5316e-04   -1.1380e-03    4.3072e-04   -3.1251e-04
   4.0000e-01    1.5000e+00   -2.6000e+00   -2.5160e+00    1.6339e+00    6.7109e-04   -9.8895e-04    8.0020e-04   -1.6137e-04
   4.0000e-01    1.5000e+00   -2.6000e+00   -2.5981e+00    1.5000e+00    9.5167e-04   -7.2950e-04    1.0941e-03    -2.5959e-05
   4.0000e-01    1.5000e+00   -2.6000e+00   -2.6730e+00    1.3620e+00    1.1496e-03   -3.5574e-04    1.2972e-03    3.6431e-04
   4.0000e-01    1.5000e+00   -2.6000e+00   -2.7406e+00    1.2202e+00    1.2031e-03    1.1482e-04    1.3533e-03    7.8326e-04
   4.0000e-01    1.5000e+00   -2.6000e+00   -2.8007e+00    1.0751e+00    1.0544e-03    6.0144e-04    1.2288e-03    1.1737e-03
   4.0000e-01    1.5000e+00   -2.6000e+00   -2.8532e+00    9.2705e-01    6.8221e-04    1.0111e-03    7.8486e-04    1.5870e-03
   4.0000e-01    1.5000e+00   -2.6000e+00   -2.8978e+00    7.7646e-01    1.3649e-04    1.2184e-03    1.3730e-04    1.7066e-03
   4.0000e-01    1.5000e+00   -2.6000e+00   -2.9344e+00    6.2374e-01   -4.9114e-04    1.1310e-03   -5.3763e-04    1.5695e-03
   4.0000e-01    1.5000e+00   -2.6000e+00   -2.9631e+00    4.6930e-01   -1.0180e-03    7.0874e-04   -1.0970e-03    1.0905e-03
   4.0000e-01    1.5000e+00   -2.6000e+00   -2.9836e+00    3.1359e-01   -1.2483e-03    2.5146e-05   -1.3550e-03    3.4578e-04
   4.0000e-01    1.5000e+00   -2.6000e+00   -2.9959e+00    1.5701e-01   -1.0448e-03   -6.9934e-04   -1.1500e-03   -3.5113e-04
   4.0000e-01    1.5000e+00   -2.6000e+00   -3.0000e+00    0.0000e+00   -4.2502e-04   -1.1930e-03   -6.1917e-04   -8.7444e-04
   4.0000e-01    1.5000e+00   -2.6000e+00   -2.9959e+00   -1.5701e-01    4.1838e-04   -1.2058e-03    1.8618e-04   -1.0005e-03
   4.0000e-01    1.5000e+00   -2.6000e+00   -2.9836e+00   -3.1359e-01    1.1074e-03   -6.5540e-04    9.0330e-04   -3.9276e-04
   4.0000e-01    1.5000e+00   -2.6000e+00   -2.9631e+00   -4.6930e-01    1.2735e-03    2.5155e-04    1.0273e-03    5.0046e-04
   4.0000e-01    1.5000e+00   -2.6000e+00   -2.9344e+00   -6.2374e-01    7.5414e-04    1.0715e-03    5.9674e-04    1.3932e-03
   4.0000e-01    1.5000e+00   -2.6000e+00   -2.8978e+00   -7.7646e-01   -2.2398e-04    1.3038e-03   -4.6683e-04    1.5329e-03
   4.0000e-01    1.5000e+00   -2.6000e+00   -2.8532e+00   -9.2705e-01   -1.1146e-03    7.3777e-04   -1.3561e-03    1.0476e-03
   4.0000e-01    1.5000e+00   -2.6000e+00   -2.8007e+00   -1.0751e+00   -1.3063e-03   -3.4671e-04   -1.5012e-03   -9.9282e-05
   4.0000e-01    1.5000e+00   -2.6000e+00   -2.7406e+00   -1.2202e+00   -5.8815e-04   -1.2341e-03   -7.4110e-04   -1.0447e-03
   4.0000e-01    1.5000e+00   -2.6000e+00   -2.6730e+00   -1.3620e+00    6.0104e-04   -1.2461e-03    4.6628e-04   -1.0589e-03
   4.0000e-01    1.5000e+00   -2.6000e+00   -2.5981e+00   -1.5000e+00    1.3722e-03   -2.8374e-04    1.2509e-03   -5.2171e-05
   4.0000e-01    1.5000e+00   -2.6000e+00   -2.5160e+00   -1.6339e+00    1.0470e-03    9.5984e-04    9.8127e-04    1.1349e-03
   4.0000e-01    1.5000e+00   -2.6000e+00   -2.4271e+00   -1.7634e+00   -1.9660e-04    1.4270e-03   -2.4458e-04    1.7720e-03
   4.0000e-01    1.5000e+00   -2.6000e+00   -2.3314e+00   -1.8880e+00   -1.3172e-03    6.3451e-04   -1.3694e-03    9.1654e-04
   4.0000e-01    1.5000e+00   -2.6000e+00   -2.2294e+00   -2.0074e+00   -1.2538e-03   -7.9658e-04   -1.2713e-03   -6.0846e-04
   4.0000e-01    1.5000e+00   -2.6000e+00   -2.1213e+00   -2.1213e+00    5.1079e-05   -1.5095e-03    2.8191e-05   -1.2414e-03
   4.0000e-01    1.5000e+00   -2.6000e+00   -2.0074e+00   -2.2294e+00    1.3609e-03   -7.1419e-04    1.4102e-03   -4.1636e-04
   4.0000e-01    1.5000e+00   -2.6000e+00   -1.8880e+00   -2.3314e+00    1.3043e-03    8.6592e-04    1.3254e-03    1.1938e-03
   4.0000e-01    1.5000e+00   -2.6000e+00   -1.7634e+00   -2.4271e+00   -1.7921e-04    1.5865e-03   -1.4804e-04    1.8924e-03
   4.0000e-01    1.5000e+00   -2.6000e+00   -1.6339e+00   -2.5160e+00   -1.5366e-03    5.4454e-04   -1.4926e-03    8.1421e-04
   4.0000e-01    1.5000e+00   -2.6000e+00   -1.5000e+00   -2.5981e+00   -1.1741e-03   -1.1830e-03   -1.1650e-03   -8.2479e-04
   4.0000e-01    1.5000e+00   -2.6000e+00   -1.3620e+00   -2.6730e+00    6.0446e-04   -1.5949e-03    5.4062e-04   -1.3043e-03
   4.0000e-01    1.5000e+00   -2.6000e+00   -1.2202e+00   -2.7406e+00    1.7479e-03   -6.5610e-05    1.7471e-03    2.5661e-04
   4.0000e-01    1.5000e+00   -2.6000e+00   -1.0751e+00   -2.8007e+00    7.4655e-04    1.6336e-03    7.1668e-04    1.9584e-03
   4.0000e-01    1.5000e+00   -2.6000e+00   -9.2705e-01   -2.8532e+00   -1.2896e-03    1.3234e-03   -1.3510e-03    1.6601e-03
   4.0000e-01    1.5000e+00   -2.6000e+00   -7.7646e-01   -2.8978e+00   -1.7501e-03   -7.5174e-04   -1.7868e-03   -3.9533e-04
   4.0000e-01    1.5000e+00   -2.6000e+00   -6.2374e-01   -2.9344e+00    1.1054e-04   -1.9652e-03    8.2820e-05   -1.6606e-03
   4.0000e-01    1.5000e+00   -2.6000e+00   -4.6930e-01   -2.9631e+00    1.9630e-03   -5.5393e-04    1.9435e-03   -3.0631e-04
   4.0000e-01    1.5000e+00   -2.6000e+00   -3.1359e-01   -2.9836e+00    1.1865e-03    1.7569e-03    1.1002e-03    1.9586e-03
   4.0000e-01    1.5000e+00   -2.6000e+00   -1.5701e-01   -2.9959e+00   -1.3564e-03    1.7461e-03   -1.4116e-03    2.0442e-03
   4.0000e-01    1.5000e+00   -2.6000e+00    0.0000e+00   -3.0000e+00   -2.1761e-03   -7.9174e-04   -2.2807e-03   -6.0601e-04
   4.0000e-01    1.5000e+00   -2.6000e+00    2.5981e+00   -1.5000e+00   -2.1833e-03   -7.6948e-04   -1.9237e-03   -7.5084e-04
   4.0000e-01    1.5000e+00   -2.6000e+00    2.6730e+00   -1.3620e+00   -1.3295e-03    1.7655e-03   -1.0972e-03    1.8975e-03
   4.0000e-01    1.5000e+00   -2.6000e+00    2.7406e+00   -1.2202e+00    1.2236e-03    1.7301e-03    1.4783e-03    1.8474e-03
   4.0000e-01    1.5000e+00   -2.6000e+00    2.8007e+00   -1.0751e+00    1.9540e-03   -5.8306e-04    2.2809e-03   -3.9860e-04
   4.0000e-01    1.5000e+00   -2.6000e+00    2.8532e+00   -9.2705e-01    8.0721e-05   -1.9659e-03    3.1438e-04   -1.7113e-03
   4.0000e-01    1.5000e+00   -2.6000e+00    2.8978e+00   -7.7646e-01   -1.7603e-03   -7.2619e-04   -1.5652e-03   -4.5395e-04
   4.0000e-01    1.5000e+00   -2.6000e+00    2.9344e+00   -6.2374e-01   -1.2680e-03    1.3436e-03   -1.0297e-03    1.5951e-03
   4.0000e-01    1.5000e+00   -2.6000e+00    2.9631e+00   -4.6930e-01    7.6992e-04    1.6221e-03    9.2421e-04    1.8752e-03
   4.0000e-01    1.5000e+00   -2.6000e+00    2.9836e+00   -3.1359e-01    1.7458e-03   -9.4569e-05    1.9289e-03    2.1129e-04
   4.0000e-01    1.5000e+00   -2.6000e+00    2.9959e+00   -1.5701e-01    5.9040e-04   -1.6001e-03    6.3547e-04   -1.2793e-03
   4.0000e-01    2.6000e+00   -1.5000e+00    3.0000e+00    0.0000e+00   -2.1688e-03   -8.1403e-04   -1.9716e-03   -4.8409e-04
   4.0000e-01    2.6000e+00   -1.5000e+00    2.9959e+00    1.5701e-01   -1.3564e-03    1.7461e-03   -1.2070e-03    2.0578e-03
   4.0000e-01    2.6000e+00   -1.5000e+00    2.9836e+00    3.1359e-01    1.1865e-03    1.7569e-03    1.2920e-03    1.9983e-03
   4.0000e-01    2.6000e+00   -1.5000e+00    2.9631e+00    4.6930e-01    1.9630e-03   -5.5393e-04    2.0483e-03   -4.1240e-04
   4.0000e-01    2.6000e+00   -1.5000e+00    2.9344e+00    6.2374e-01    1.1054e-04   -1.9652e-03    1.5000e-04   -1.8356e-03
   4.0000e-01    2.6000e+00   -1.5000e+00    2.8978e+00    7.7646e-01   -1.7501e-03   -7.5174e-04   -1.6921e-03   -6.9746e-04
   4.0000e-01    2.6000e+00   -1.5000e+00    2.8532e+00    9.2705e-01   -1.2896e-03    1.3234e-03   -1.2093e-03    1.3546e-03
   4.0000e-01    2.6000e+00   -1.5000e+00    2.8007e+00    1.0751e+00    7.4655e-04    1.6336e-03    8.5814e-04    1.5927e-03
   4.0000e-01    2.6000e+00   -1.5000e+00    2.7406e+00    1.2202e+00    1.7479e-03   -6.5610e-05    1.8594e-03   -1.6225e-04
   4.0000e-01    2.6000e+00   -1.5000e+00    2.6730e+00    1.3620e+00    6.0446e-04   -1.5949e-03    7.3586e-04   -1.7095e-03
   4.0000e-01    2.6000e+00   -1.5000e+00    2.5981e+00    1.5000e+00   -1.1741e-03   -1.1830e-03   -1.0650e-03   -1.3241e-03
   4.0000e-01    2.6000e+00   -1.5000e+00    2.5160e+00    1.6339e+00   -1.5366e-03    5.4454e-04   -1.3358e-03    4.1196e-04
   4.0000e-01    2.6000e+00   -1.5000e+00    2.4271e+00    1.7634e+00   -1.7921e-04    1.5865e-03    -7.6158e-06    1.4322e-03
   4.0000e-01    2.6000e+00   -1.5000e+00    2.3314e+00    1.8880e+00    1.3043e-03    8.6592e-04    1.5120e-03    7.2250e-04
   4.0000e-01    2.6000e+00   -1.5000e+00    2.2294e+00    2.0074e+00    1.3609e-03   -7.1419e-04    1.5493e-03   -8.4994e-04
   4.0000e-01    2.6000e+00   -1.5000e+00    2.1213e+00    2.1213e+00    5.1079e-05   -1.5095e-03    2.7974e-04   -1.5658e-03
   4.0000e-01    2.6000e+00   -1.5000e+00    2.0074e+00    2.2294e+00   -1.2538e-03   -7.9658e-04   -1.0303e-03   -8.6313e-04
   4.0000e-01    2.6000e+00   -1.5000e+00    1.8880e+00    2.3314e+00   -1.3172e-03    6.3451e-04   -1.1042e-03    6.2050e-04
   4.0000e-01    2.6000e+00   -1.5000e+00    1.7634e+00    2.4271e+00   -1.9660e-04    1.4270e-03   -3.9771e-05    1.4186e-03
   4.0000e-01    2.6000e+00   -1.5000e+00    1.6339e+00    2.5160e+00    1.0470e-03    9.5984e-04    1.1676e-03    1.0286e-03
   4.0000e-01    2.6000e+00   -1.5000e+00    1.5000e+00    2.5981e+00    1.3722e-03   -2.8374e-04    1.4606e-03   -2.2896e-04
   4.0000e-01    2.6000e+00   -1.5000e+00    1.3620e+00    2.6730e+00    6.0104e-04   -1.2461e-03    6.1326e-04   -1.0906e-03
   4.0000e-01    2.6000e+00   -1.5000e+00    1.2202e+00    2.7406e+00   -5.8815e-04   -1.2341e-03   -6.7289e-04   -1.2430e-03
   4.0000e-01    2.6000e+00   -1.5000e+00    1.0751e+00    2.8007e+00   -1.3063e-03   -3.4671e-04   -1.3924e-03   -2.9833e-04
   4.0000e-01    2.6000e+00   -1.5000e+00    9.2705e-01    2.8532e+00   -1.1146e-03    7.3777e-04   -1.1871e-03    7.7021e-04
   4.0000e-01    2.6000e+00   -1.5000e+00    7.7646e-01    2.8978e+00   -2.2398e-04    1.3038e-03   -4.0857e-04    1.3159e-03
   4.0000e-01    2.6000e+00   -1.5000e+00    6.2374e-01    2.9344e+00    7.5414e-04    1.0715e-03    4.9819e-04    9.4656e-04
   4.0000e-01    2.6000e+00   -1.5000e+00    4.6930e-01    2.9631e+00    1.2735e-03    2.5155e-04    9.5767e-04    1.5192e-04
   4.0000e-01    2.6000e+00   -1.5000e+00    3.1359e-01    2.9836e+00    1.1074e-03   -6.5540e-04    7.9098e-04   -8.3649e-04
   4.0000e-01    2.6000e+00   -1.5000e+00    1.5701e-01    2.9959e+00    4.1838e-04   -1.2058e-03    8.8778e-06   -1.4555e-03
   4.0000e-01    2.6000e+00   -1.5000e+00    0.0000e+00    3.0000e+00   -4.3123e-04   -1.1906e-03   -8.9424e-04   -1.4324e-03
   4.0000e-01    2.6000e+00   -1.5000e+00   -1.5701e-01    2.9959e+00   -1.0448e-03   -6.9934e-04   -1.5862e-03   -9.6505e-04
   4.0000e-01    2.6000e+00   -1.5000e+00   -3.1359e-01    2.9836e+00   -1.2483e-03    2.5146e-05   -1.8473e-03   -2.9235e-04
   4.0000e-01    2.6000e+00   -1.5000e+00   -4.6930e-01    2.9631e+00   -1.0180e-03    7.0874e-04   -1.7102e-03    3.6570e-04
   4.0000e-01    2.6000e+00   -1.5000e+00   -6.2374e-01    2.9344e+00   -4.9114e-04    1.1310e-03   -1.2272e-03    7.8212e-04
   4.0000e-01    2.6000e+00   -1.5000e+00   -7.7646e-01    2.8978e+00    1.3649e-04    1.2184e-03   -6.5895e-04    8.8789e-04
   4.0000e-01    2.6000e+00   -1.5000e+00   -9.2705e-01    2.8532e+00    6.8221e-04    1.0111e-03   -4.5725e-05    7.3230e-04
   4.0000e-01    2.6000e+00   -1.5000e+00   -1.0751e+00    2.8007e+00    1.0544e-03    6.0144e-04    3.3121e-04    3.2537e-04
   4.0000e-01    2.6000e+00   -1.5000e+00   -1.2202e+00    2.7406e+00    1.2031e-03    1.1482e-04    4.4087e-04   -1.2383e-04
   4.0000e-01    2.6000e+00   -1.5000e+00   -1.3620e+00    2.6730e+00    1.1496e-03   -3.5574e-04    4.3193e-04   -4.9578e-04
   4.0000e-01    2.6000e+00   -1.5000e+00   -1.5000e+00    2.5981e+00    9.5167e-04   -7.2950e-04    2.7769e-04   -8.6501e-04
   4.0000e-01    2.6000e+00   -1.5000e+00   -1.6339e+00    2.5160e+00    6.7109e-04   -9.8895e-04    9.5800e-05   -9.8361e-04
   4.0000e-01    2.6000e+00   -1.5000e+00   -1.7634e+00    2.4271e+00    3.5316e-04   -1.1380e-03   -1.5147e-04   -1.0557e-03
   4.0000e-01    2.6000e+00   -1.5000e+00   -1.8880e+00    2.3314e+00    4.5286e-05   -1.1875e-03   -3.9872e-04   -9.5034e-04
   4.0000e-01    2.6000e+00   -1.5000e+00   -2.0074e+00    2.2294e+00   -2.0979e-04   -1.1670e-03   -5.6557e-04   -9.6452e-04
   4.0000e-01    2.6000e+00   -1.5000e+00   -2.1213e+00    2.1213e+00   -4.1965e-04   -1.1066e-03   -5.4692e-04   -7.5889e-04
   4.0000e-01    2.6000e+00   -1.5000e+00   -2.2294e+00    2.0074e+00   -5.8980e-04   -1.0240e-03   -6.5803e-04   -6.2959e-04
   4.0000e-01    2.6000e+00   -1.5000e+00   -2.3314e+00    1.8880e+00   -7.1412e-04   -9.3963e-04   -6.9082e-04   -4.0472e-04
   4.0000e-01    2.6000e+00   -1.5000e+00   -2.4271e+00    1.7634e+00   -7.8645e-04   -8.7864e-04   -5.3788e-04   -3.4288e-04
   4.0000e-01    2.6000e+00   -1.5000e+00   -2.5160e+00    1.6339e+00   -8.2731e-04   -8.3950e-04   -4.4556e-04   -3.2103e-04
   4.0000e-01    2.6000e+00   -1.5000e+00   -2.5981e+00    1.5000e+00   -8.4487e-04   -8.2143e-04   -3.5511e-04   -2.2807e-04
   4.0000e-01    2.6000e+00   -1.5000e+00   -2.6730e+00    1.3620e+00   -8.3304e-04   -8.3365e-04   -3.3060e-04   -2.6539e-04
   4.0000e-01    2.6000e+00   -1.5000e+00   -2.7406e+00    1.2202e+00   -7.8637e-04   -8.7892e-04   -1.1133e-04   -3.4920e-04
   4.0000e-01    2.6000e+00   -1.5000e+00   -2.8007e+00    1.0751e+00   -7.0843e-04   -9.4407e-04   -3.7314e-05   -4.6214e-04
   4.0000e-01    2.6000e+00   -1.5000e+00   -2.8532e+00    9.2705e-01   -5.8897e-04   -1.0243e-03    1.1720e-04   -5.7601e-04
   4.0000e-01    2.6000e+00   -1.5000e+00   -2.8978e+00    7.7646e-01   -4.3067e-04   -1.1021e-03    2.6662e-04   -7.0476e-04
   4.0000e-01    2.6000e+00   -1.5000e+00   -2.9344e+00    6.2374e-01   -2.1394e-04   -1.1662e-03    4.4558e-04   -8.7553e-04
   4.0000e-01    2.6000e+00   -1.5000e+00   -2.9631e+00    4.6930e-01    4.9619e-05   -1.1873e-03    7.0008e-04   -9.5353e-04
   4.0000e-01    2.6000e+00   -1.5000e+00   -2.9836e+00    3.1359e-01    3.5608e-04   -1.1370e-03    8.9607e-04   -1.0052e-03
   4.0000e-01    2.6000e+00   -1.5000e+00   -2.9959e+00    1.5701e-01    6.6621e-04   -9.9212e-04    1.1317e-03   -9.2809e-04
   4.0000e-01    2.6000e+00   -1.5000e+00   -3.0000e+00    0.0000e+00    9.4572e-04   -7.3696e-04    1.2422e-03   -6.8844e-04
   4.0000e-01    2.6000e+00   -1.5000e+00   -2.9959e+00   -1.5701e-01    1.1499e-03   -3.5504e-04    1.2877e-03   -3.4912e-04
   4.0000e-01    2.6000e+00   -1.5000e+00   -2.9836e+00   -3.1359e-01    1.2032e-03    1.1026e-04    1.2742e-03    1.5127e-04
   4.0000e-01    2.6000e+00   -1.5000e+00   -2.9631e+00   -4.6930e-01    1.0585e-03    5.9339e-04    9.5083e-04    5.4654e-04
   4.0000e-01    2.6000e+00   -1.5000e+00   -2.9344e+00   -6.2374e-01    6.9145e-04    1.0045e-03    4.0814e-04    1.0203e-03
   4.0000e-01    2.6000e+00   -1.5000e+00   -2.8978e+00   -7.7646e-01    1.4582e-04    1.2170e-03   -2.1813e-04    1.1532e-03
   4.0000e-01    2.6000e+00   -1.5000e+00   -2.8532e+00   -9.2705e-01   -4.8304e-04    1.1341e-03   -8.9864e-04    1.1392e-03
   4.0000e-01    2.6000e+00   -1.5000e+00   -2.8007e+00   -1.0751e+00   -1.0121e-03    7.1689e-04   -1.4523e-03    7.9529e-04
   4.0000e-01    2.6000e+00   -1.5000e+00   -2.7406e+00   -1.2202e+00   -1.2475e-03    4.4210e-05   -1.7631e-03    6.6598e-05
   4.0000e-01    2.6000e+00   -1.5000e+00   -2.6730e+00   -1.3620e+00   -1.0538e-03   -6.8481e-04   -1.6443e-03   -6.1498e-04
   4.0000e-01    2.6000e+00   -1.5000e+00   -2.5981e+00   -1.5000e+00   -4.3574e-04   -1.1886e-03   -9.8635e-04   -1.0461e-03
   4.0000e-01    2.6000e+00   -1.5000e+00   -2.5160e+00   -1.6339e+00    4.0737e-04   -1.2093e-03   -1.3940e-04   -1.1269e-03
   4.0000e-01    2.6000e+00   -1.5000e+00   -2.4271e+00   -1.7634e+00    1.0995e-03   -6.6784e-04    5.4159e-04   -4.3934e-04
   4.0000e-01    2.6000e+00   -1.5000e+00   -2.3314e+00   -1.8880e+00    1.2768e-03    2.3187e-04    7.6181e-04    4.4129e-04
   4.0000e-01    2.6000e+00   -1.5000e+00   -2.2294e+00   -2.0074e+00    7.6883e-04    1.0606e-03    4.1058e-04    1.2899e-03
   4.0000e-01    2.6000e+00   -1.5000e+00   -2.1213e+00   -2.1213e+00   -2.1792e-04    1.3048e-03   -5.6272e-04    1.6120e-03
   4.0000e-01    2.6000e+00   -1.5000e+00   -2.0074e+00   -2.2294e+00   -1.1082e-03    7.4689e-04   -1.4124e-03    9.9094e-04
   4.0000e-01    2.6000e+00   -1.5000e+00   -1.8880e+00   -2.3314e+00   -1.3117e-03   -3.2360e-04   -1.6525e-03   -8.8278e-05
   4.0000e-01    2.6000e+00   -1.5000e+00   -1.7634e+00   -2.4271e+00   -6.0332e-04   -1.2263e-03   -7.8925e-04   -9.4714e-04
   4.0000e-01    2.6000e+00   -1.5000e+00   -1.6339e+00   -2.5160e+00    5.9038e-04   -1.2511e-03    4.7698e-04   -1.0362e-03
   4.0000e-01    2.6000e+00   -1.5000e+00   -1.5000e+00   -2.5981e+00    1.3693e-03   -2.9762e-04    1.2753e-03   -1.2489e-04
   4.0000e-01    2.6000e+00   -1.5000e+00   -1.3620e+00   -2.6730e+00    1.0637e-03    9.4059e-04    9.7826e-04    1.1842e-03
   4.0000e-01    2.6000e+00   -1.5000e+00   -1.2202e+00   -2.7406e+00   -1.8055e-04    1.4292e-03   -2.7272e-04    1.6660e-03
   4.0000e-01    2.6000e+00   -1.5000e+00   -1.0751e+00   -2.8007e+00   -1.3125e-03    6.4443e-04   -1.2426e-03    7.9024e-04
   4.0000e-01    2.6000e+00   -1.5000e+00   -9.2705e-01   -2.8532e+00   -1.2580e-03   -7.8959e-04   -1.2342e-03   -5.5586e-04
   4.0000e-01    2.6000e+00   -1.5000e+00   -7.7646e-01   -2.8978e+00    2.5923e-05   -1.5097e-03    9.2409e-05   -1.3348e-03
   4.0000e-01    2.6000e+00   -1.5000e+00   -6.2374e-01   -2.9344e+00    1.3489e-03   -7.3627e-04    1.4136e-03   -6.3261e-04
   4.0000e-01    2.6000e+00   -1.5000e+00   -4.6930e-01   -2.9631e+00    1.3105e-03    8.5643e-04    1.3750e-03    1.0367e-03
   4.0000e-01    2.6000e+00   -1.5000e+00   -3.1359e-01   -2.9836e+00   -1.7212e-04    1.5873e-03   -9.5985e-05    1.7404e-03
   4.0000e-01    2.6000e+00   -1.5000e+00   -1.5701e-01   -2.9959e+00   -1.5295e-03    5.6347e-04   -1.4647e-03    6.5700e-04
   4.0000e-01    2.6000e+00   -1.5000e+00    0.0000e+00   -3.0000e+00   -1.1975e-03   -1.1583e-03   -1.1316e-03   -1.0767e-03
   4.0000e-01    2.6000e+00   -1.5000e+00    1.5701e-01   -2.9959e+00    5.9040e-04   -1.6001e-03    6.2779e-04   -1.4881e-03
   4.0000e-01    2.6000e+00   -1.5000e+00    3.1359e-01   -2.9836e+00    1.7458e-03   -9.4569e-05    1.8248e-03    -1.6570e-05
   4.0000e-01    2.6000e+00   -1.5000e+00    4.6930e-01   -2.9631e+00    7.6992e-04    1.6221e-03    8.8661e-04    1.6958e-03
   4.0000e-01    2.6000e+00   -1.5000e+00    6.2374e-01   -2.9344e+00   -1.2680e-03    1.3436e-03   -1.1510e-03    1.4597e-03
   4.0000e-01    2.6000e+00   -1.5000e+00    7.7646e-01   -2.8978e+00   -1.7603e-03   -7.2619e-04   -1.5897e-03   -6.2180e-04
   4.0000e-01    2.6000e+00   -1.5000e+00    9.2705e-01   -2.8532e+00    8.0721e-05   -1.9659e-03    2.3755e-04   -1.8774e-03
   4.0000e-01    2.6000e+00   -1.5000e+00    1.0751e+00   -2.8007e+00    1.9540e-03   -5.8306e-04    2.0573e-03   -4.7826e-04
   4.0000e-01    2.6000e+00   -1.5000e+00    1.2202e+00   -2.7406e+00    1.2236e-03    1.7301e-03    1.4507e-03    1.7919e-03
   4.0000e-01    2.6000e+00   -1.5000e+00    1.3620e+00   -2.6730e+00   -1.3295e-03    1.7655e-03   -1.0640e-03    1.8499e-03
   4.0000e-01    2.6000e+00   -1.5000e+00    1.5000e+00   -2.5981e+00   -2.1833e-03   -7.6948e-04   -1.8944e-03   -7.3229e-04
   5.0000e-01    3.0000e+00    0.0000e+00    2.5981e+00    1.5000e+00    2.5167e-03    6.1142e-04    2.8835e-03    9.9455e-04
   5.0000e-01    3.0000e+00    0.0000e+00    2.5160e+00    1.6339e+00    5.5481e-04   -2.4090e-03    8.8407e-04   -2.1052e-03
   5.0000e-01    3.0000e+00    0.0000e+00    2.4271e+00    1.7634e+00   -2.3119e-03   -5.2017e-04   -1.9958e-03   -3.0223e-04
   5.0000e-01    3.0000e+00    0.0000e+00    2.3314e+00    1.8880e+00   -5.2629e-04    2.2184e-03   -2.2658e-04    2.3160e-03
   5.0000e-01    3.0000e+00    0.0000e+00    2.2294e+00    2.0074e+00    2.1236e-03    5.7803e-04    2.3917e-03    7.0148e-04
   5.0000e-01    3.0000e+00    0.0000e+00    2.1213e+00    2.1213e+00    6.4626e-04   -2.0296e-03    9.2732e-04   -2.0539e-03
   5.0000e-01    3.0000e+00    0.0000e+00    2.0074e+00    2.2294e+00   -1.9317e-03   -7.3287e-04   -1.7231e-03   -7.5419e-04
   5.0000e-01    3.0000e+00    0.0000e+00    1.8880e+00    2.3314e+00   -8.5223e-04    1.8180e-03   -5.4821e-04    1.7423e-03
   5.0000e-01    3.0000e+00    0.0000e+00    1.7634e+00    2.4271e+00    1.6789e-03    1.0026e-03    1.9143e-03    9.9181e-04
   5.0000e-01    3.0000e+00    0.0000e+00    1.6339e+00    2.5160e+00    1.1592e-03   -1.5151e-03    1.5969e-03   -1.5033e-03
   5.0000e-01    3.0000e+00    0.0000e+00    1.5000e+00    2.5981e+00   -1.3169e-03   -1.3184e-03   -1.0306e-03   -1.3255e-03
   5.0000e-01    3.0000e+00    0.0000e+00    1.3620e+00    2.6730e+00   -1.4785e-03    1.0662e-03   -1.1525e-03    1.0432e-03
   5.0000e-01    3.0000e+00    0.0000e+00    1.2202e+00    2.7406e+00    7.7302e-04    1.6098e-03    1.0512e-03    1.6671e-03
   5.0000e-01    3.0000e+00    0.0000e+00    1.0751e+00    2.8007e+00    1.6999e-03   -4.2065e-04    2.0584e-03   -3.0935e-04
   5.0000e-01    3.0000e+00    0.0000e+00    9.2705e-01    2.8532e+00   -3.3507e-05   -1.7183e-03    2.5886e-04   -1.5577e-03
   5.0000e-01    3.0000e+00    0.0000e+00    7.7646e-01    2.8978e+00   -1.6427e-03   -3.9189e-04   -1.3172e-03   -2.5394e-04
   5.0000e-01    3.0000e+00    0.0000e+00    6.2374e-01    2.9344e+00   -8.2346e-04    1.4429e-03   -5.8313e-04    1.6758e-03
   5.0000e-01    3.0000e+00    0.0000e+00    4.6930e-01    2.9631e+00    1.1151e-03    1.1960e-03    1.4252e-03    1.4438e-03
   5.0000e-01    3.0000e+00    0.0000e+00    3.1359e-01    2.9836e+00    1.4736e-03   -6.5058e-04    1.7622e-03   -3.4555e-04
   5.0000e-01    3.0000e+00    0.0000e+00    1.5701e-01    2.9959e+00   -8.1925e-05   -1.5863e-03    8.1949e-05   -1.3155e-03
   5.0000e-01    3.0000e+00    0.0000e+00    0.0000e+00    3.0000e+00   -1.4821e-03   -5.0938e-04   -1.2269e-03   -2.2296e-04
   5.0000e-01    3.0000e+00    0.0000e+00   -1.5701e-01    2.9959e+00   -1.0734e-03    1.1146e-03   -8.3362e-04    1.3174e-03
   5.0000e-01    3.0000e+00    0.0000e+00   -3.1359e-01    2.9836e+00    5.1821e-04    1.4382e-03    7.1439e-04    1.6620e-03
   5.0000e-01    3.0000e+00    0.0000e+00   -4.6930e-01    2.9631e+00    1.4979e-03    2.0055e-04    1.6344e-03    3.5795e-04
   5.0000e-01    3.0000e+00    0.0000e+00   -6.2374e-01    2.9344e+00    9.0310e-04   -1.1913e-03    1.0025e-03   -1.1264e-03
   5.0000e-01    3.0000e+00    0.0000e+00   -7.7646e-01    2.8978e+00   -5.3535e-04   -1.3791e-03   -3.7909e-04   -1.3015e-03
   5.0000e-01    3.0000e+00    0.0000e+00   -9.2705e-01    2.8532e+00   -1.4285e-03   -3.2559e-04   -1.2907e-03   -2.9210e-04
   5.0000e-01    3.0000e+00    0.0000e+00   -1.0751e+00    2.8007e+00   -1.0814e-03    9.6874e-04   -8.9236e-04    8.4138e-04
   5.0000e-01    3.0000e+00    0.0000e+00   -1.2202e+00    2.7406e+00    1.0504e-04    1.4354e-03    2.2624e-04    1.2670e-03
   5.0000e-01    3.0000e+00    0.0000e+00   -1.3620e+00    2.6730e+00    1.1671e-03    8.2095e-04    1.3143e-03    6.4850e-04
   5.0000e-01    3.0000e+00    0.0000e+00   -1.5000e+00    2.5981e+00    1.3812e-03   -3.1295e-04    1.4566e-03   -5.1330e-04
   5.0000e-01    3.0000e+00    0.0000e+00   -1.6339e+00    2.5160e+00    7.3251e-04   -1.1998e-03    7.7640e-04   -1.4078e-03
   5.0000e-01    3.0000e+00    0.0000e+00   -1.7634e+00    2.4271e+00   -3.0993e-04   -1.3611e-03   -3.2385e-04   -1.6172e-03
   5.0000e-01    3.0000e+00    0.0000e+00   -1.8880e+00    2.3314e+00   -1.1343e-03   -7.9780e-04   -1.0971e-03   -9.9247e-04
   5.0000e-01    3.0000e+00    0.0000e+00   -2.0074e+00    2.2294e+00   -1.3755e-03    9.2131e-05   -1.3114e-03   -1.5730e-04
   5.0000e-01    3.0000e+00    0.0000e+00   -2.1213e+00    2.1213e+00   -1.0381e-03    8.9551e-04   -1.0433e-03    7.8805e-04
   5.0000e-01    3.0000e+00    0.0000e+00   -2.2294e+00    2.0074e+00   -3.2758e-04    1.3239e-03   -2.3941e-04    1.4044e-03
   5.0000e-01    3.0000e+00    0.0000e+00   -2.3314e+00    1.8880e+00    4.4494e-04    1.2819e-03    5.1891e-04    1.4753e-03
   5.0000e-01    3.0000e+00    0.0000e+00   -2.4271e+00    1.7634e+00    1.0197e-03    8.8620e-04    1.0496e-03    1.1759e-03
   5.0000e-01    3.0000e+00    0.0000e+00   -2.5160e+00    1.6339e+00    1.3098e-03    3.0879e-04    1.3921e-03    6.8307e-04
   5.0000e-01    3.0000e+00    0.0000e+00   -2.5981e+00    1.5000e+00    1.3083e-03   -2.9235e-04    1.4031e-03    2.4982e-04
   5.0000e-01    3.0000e+00    0.0000e+00   -2.6730e+00    1.3620e+00    1.0822e-03   -7.8348e-04    1.2458e-03   -7.6879e-05
   5.0000e-01    3.0000e+00    0.0000e+00   -2.7406e+00    1.2202e+00    7.3465e-04   -1.1115e-03    8.9742e-04   -3.2480e-04
   5.0000e-01    3.0000e+00    0.0000e+00   -2.8007e+00    1.0751e+00    3.4670e-04   -1.2829e-03    4.9968e-04   -3.5825e-04
   5.0000e-01    3.0000e+00    0.0000e+00   -2.8532e+00    9.2705e-01   -1.8838e-05   -1.3255e-03    2.4291e-04   -3.4695e-04
   5.0000e-01    3.0000e+00    0.0000e+00   -2.8978e+00    7.7646e-01   -3.3409e-04   -1.2802e-03   -5.4022e-06   -2.7431e-04
   5.0000e-01    3.0000e+00    0.0000e+00   -2.9344e+00    6.2374e-01   -5.6819e-04   -1.1928e-03   -2.7356e-04   -1.6986e-04
   5.0000e-01    3.0000e+00    0.0000e+00   -2.9631e+00    4.6930e-01   -7.4048e-04   -1.0921e-03   -4.0608e-04   -4.4427e-05
   5.0000e-01    3.0000e+00    0.0000e+00   -2.9836e+00    3.1359e-01   -8.4724e-04   -1.0101e-03   -5.2743e-04    -1.6321e-05
   5.0000e-01    3.0000e+00    0.0000e+00   -2.9959e+00    1.5701e-01   -9.1235e-04   -9.5109e-04   -6.3286e-04    -7.8594e-06
   5.0000e-01    3.0000e+00    0.0000e+00   -3.0000e+00    0.0000e+00   -9.4103e-04   -9.2224e-04   -7.0145e-04   -5.9890e-05
   5.0000e-01    3.0000e+00    0.0000e+00   -2.9959e+00   -1.5701e-01   -9.1235e-04   -9.5109e-04   -6.4191e-04   -1.3404e-04
   5.0000e-01    3.0000e+00    0.0000e+00   -2.9836e+00   -3.1359e-01   -8.4724e-04   -1.0101e-03   -6.6916e-04   -2.9684e-04
   5.0000e-01    3.0000e+00    0.0000e+00   -2.9631e+00   -4.6930e-01   -7.4048e-04   -1.0921e-03   -5.9522e-04   -5.1063e-04
   5.0000e-01    3.0000e+00    0.0000e+00   -2.9344e+00   -6.2374e-01   -5.6819e-04   -1.1928e-03   -5.2768e-04   -6.8978e-04
   5.0000e-01    3.0000e+00    0.0000e+00   -2.8978e+00   -7.7646e-01   -3.3409e-04   -1.2802e-03   -3.9029e-04   -8.5074e-04
   5.0000e-01    3.0000e+00    0.0000e+00   -2.8532e+00   -9.2705e-01   -1.8838e-05   -1.3255e-03   -2.0202e-04   -9.7221e-04
   5.0000e-01    3.0000e+00    0.0000e+00   -2.8007e+00   -1.0751e+00    3.4670e-04   -1.2829e-03    6.9726e-05   -1.0787e-03
   5.0000e-01    3.0000e+00    0.0000e+00   -2.7406e+00   -1.2202e+00    7.3465e-04   -1.1115e-03    3.8184e-04   -9.9493e-04
   5.0000e-01    3.0000e+00    0.0000e+00   -2.6730e+00   -1.3620e+00    1.0822e-03   -7.8348e-04    6.8293e-04   -7.2171e-04
   5.0000e-01    3.0000e+00    0.0000e+00   -2.5981e+00   -1.5000e+00    1.3083e-03   -2.9235e-04    7.9870e-04   -2.6920e-04
   5.0000e-01    3.0000e+00    0.0000e+00   -2.5160e+00   -1.6339e+00    1.3098e-03    3.0879e-04    8.2521e-04    2.4072e-04
   5.0000e-01    3.0000e+00    0.0000e+00   -2.4271e+00   -1.7634e+00    1.0197e-03    8.8620e-04    4.8748e-04    8.0345e-04
   5.0000e-01    3.0000e+00    0.0000e+00   -2.3314e+00   -1.8880e+00    4.4494e-04    1.2819e-03   -8.9723e-05    1.1287e-03
   5.0000e-01    3.0000e+00    0.0000e+00   -2.2294e+00   -2.0074e+00   -3.2758e-04    1.3239e-03   -8.7809e-04    1.1394e-03
   5.0000e-01    3.0000e+00    0.0000e+00   -2.1213e+00   -2.1213e+00   -1.0381e-03    8.9551e-04   -1.5165e-03    6.8050e-04
   5.0000e-01    3.0000e+00    0.0000e+00   -2.0074e+00   -2.2294e+00   -1.3755e-03    9.2131e-05   -1.8130e-03   -1.8153e-04
   5.0000e-01    3.0000e+00    0.0000e+00   -1.8880e+00   -2.3314e+00   -1.1343e-03   -7.9780e-04   -1.5505e-03   -1.0466e-03
   5.0000e-01    3.0000e+00    0.0000e+00   -1.7634e+00   -2.4271e+00   -3.0993e-04   -1.3611e-03   -6.2774e-04   -1.6409e-03
   5.0000e-01    3.0000e+00    0.0000e+00   -1.6339e+00   -2.5160e+00    7.3251e-04   -1.1998e-03    5.5590e-04   -1.3657e-03
   5.0000e-01    3.0000e+00    0.0000e+00   -1.5000e+00   -2.5981e+00    1.3812e-03   -3.1295e-04    1.1558e-03   -5.6238e-04
   5.0000e-01    3.0000e+00    0.0000e+00   -1.3620e+00   -2.6730e+00    1.1671e-03    8.2095e-04    1.0402e-03    7.0494e-04
   5.0000e-01    3.0000e+00    0.0000e+00   -1.2202e+00   -2.7406e+00    1.0504e-04    1.4354e-03    2.1869e-04    1.3194e-03
   5.0000e-01    3.0000e+00    0.0000e+00   -1.0751e+00   -2.8007e+00   -1.0814e-03    9.6874e-04   -1.0063e-03    1.0040e-03
   5.0000e-01    3.0000e+00    0.0000e+00   -9.2705e-01   -2.8532e+00   -1.4285e-03   -3.2559e-04   -1.2868e-03   -2.4280e-04
   5.0000e-01    3.0000e+00    0.0000e+00   -7.7646e-01   -2.8978e+00   -5.3535e-04   -1.3791e-03   -2.6972e-04   -1.2883e-03
   5.0000e-01    3.0000e+00    0.0000e+00   -6.2374e-01   -2.9344e+00    9.0310e-04   -1.1913e-03    1.2304e-03   -1.0138e-03
   5.0000e-01    3.0000e+00    0.0000e+00   -4.6930e-01   -2.9631e+00    1.4979e-03    2.0055e-04    1.7964e-03    3.7813e-04
   5.0000e-01    3.0000e+00    0.0000e+00   -3.1359e-01   -2.9836e+00    5.1821e-04    1.4382e-03    8.9785e-04    1.6611e-03
   5.0000e-01    3.0000e+00    0.0000e+00   -1.5701e-01   -2.9959e+00   -1.0734e-03    1.1146e-03   -6.6999e-04    1.3243e-03
   5.0000e-01    3.0000e+00    0.0000e+00    0.0000e+00   -3.0000e+00   -1.4821e-03   -5.0938e-04   -9.8964e-04   -2.4772e-04
   5.0000e-01    3.0000e+00    0.0000e+00    1.5701e-01   -2.9959e+00   -8.1925e-05   -1.5863e-03    4.8882e-04   -1.3009e-03
   5.0000e-01    3.0000e+00    0.0000e+00    3.1359e-01   -2.9836e+00    1.4736e-03   -6.5058e-04    2.0654e-03   -3.1832e-04
   5.0000e-01    3.0000e+00    0.0000e+00    4.6930e-01   -2.9631e+00    1.1151e-03    1.1960e-03    1.7066e-03    1.3365e-03
   5.0000e-01    3.0000e+00    0.0000e+00    6.2374e-01   -2.9344e+00   -8.2346e-04    1.4429e-03   -3.0723e-04    1.7292e-03
   5.0000e-01    3.0000e+00    0.0000e+00    7.7646e-01   -2.8978e+00   -1.6427e-03   -3.9189e-04   -1.1606e-03   -1.5721e-04
   5.0000e-01    3.0000e+00    0.0000e+00    9.2705e-01   -2.8532e+00   -3.3507e-05   -1.7183e-03    4.9785e-04   -1.4729e-03
   5.0000e-01    3.0000e+00    0.0000e+00    1.0751e+00   -2.8007e+00    1.6999e-03   -4.2065e-04    2.1553e-03   -1.2790e-04
   5.0000e-01    3.0000e+00    0.0000e+00    1.2202e+00   -2.7406e+00    7.7302e-04    1.6098e-03    1.1782e-03    1.8604e-03
   5.0000e-01    3.0000e+00    0.0000e+00    1.3620e+00   -2.6730e+00   -1.4785e-03    1.0662e-03   -1.1145e-03    1.2568e-03
   5.0000e-01    3.0000e+00    0.0000e+00    1.5000e+00   -2.5981e+00   -1.3169e-03   -1.3184e-03   -1.0271e-03   -1.1835e-03
   5.0000e-01    3.0000e+00    0.0000e+00    1.6339e+00   -2.5160e+00    1.1592e-03   -1.5151e-03    1.3887e-03   -1.4215e-03
   5.0000e-01    3.0000e+00    0.0000e+00    1.7634e+00   -2.4271e+00    1.6789e-03    1.0026e-03    1.8765e-03    1.1277e-03
   5.0000e-01    3.0000e+00    0.0000e+00    1.8880e+00   -2.3314e+00   -8.5223e-04    1.8180e-03   -7.5437e-04    1.9430e-03
   5.0000e-01    3.0000e+00    0.0000e+00    2.0074e+00   -2.2294e+00   -1.9317e-03   -7.3287e-04   -1.9101e-03   -7.3951e-04
   5.0000e-01    3.0000e+00    0.0000e+00    2.1213e+00   -2.1213e+00    6.4626e-04   -2.0296e-03    6.8246e-04   -2.0406e-03
   5.0000e-01    3.0000e+00    0.0000e+00    2.2294e+00   -2.0074e+00    2.1236e-03    5.7803e-04    2.0632e-03    5.9998e-04
   5.0000e-01    3.0000e+00    0.0000e+00    2.3314e+00   -1.8880e+00   -5.2629e-04    2.2184e-03   -5.0703e-04    2.1813e-03
   5.0000e-01    3.0000e+00    0.0000e+00    2.4271e+00   -1.7634e+00   -2.3119e-03   -5.2017e-04   -2.3572e-03   -4.8764e-04
   5.0000e-01    3.0000e+00    0.0000e+00    2.5160e+00   -1.6339e+00    5.5481e-04   -2.4090e-03    5.1437e-04   -2.4118e-03
   5.0000e-01    3.0000e+00    0.0000e+00    2.5981e+00   -1.5000e+00    2.5167e-03    6.1142e-04    2.5886e-03    5.4815e-04
   5.0000e-01    2.6000e+00    1.5000e+00    3.0000e+00    0.0000e+00    2.5182e-03    6.0279e-04    2.9224e-03    9.4209e-04
   5.0000e-01    2.6000e+00    1.5000e+00    1.5000e+00    2.5981e+00    2.5249e-03    5.7145e-04    2.2138e-03    4.8334e-04
   5.0000e-01    2.6000e+00    1.5000e+00    1.3620e+00    2.6730e+00    5.2353e-04   -2.4153e-03    2.4352e-04   -2.5519e-03
   5.0000e-01    2.6000e+00    1.5000e+00    1.2202e+00    2.7406e+00   -2.3185e-03   -4.8996e-04   -2.5093e-03   -5.6710e-04
   5.0000e-01    2.6000e+00    1.5000e+00    1.0751e+00    2.8007e+00   -5.0382e-04    2.2239e-03   -6.5659e-04    2.1965e-03
   5.0000e-01    2.6000e+00    1.5000e+00    9.2705e-01    2.8532e+00    2.1349e-03    5.3161e-04    2.0935e-03    5.7514e-04
   5.0000e-01    2.6000e+00    1.5000e+00    7.7646e-01    2.8978e+00    6.0739e-04   -2.0407e-03    4.3935e-04   -2.0173e-03
   5.0000e-01    2.6000e+00    1.5000e+00    6.2374e-01    2.9344e+00   -1.9382e-03   -7.1461e-04   -2.0585e-03   -5.9490e-04
   5.0000e-01    2.6000e+00    1.5000e+00    4.6930e-01    2.9631e+00   -8.2701e-04    1.8294e-03   -9.4694e-04    1.9881e-03
   5.0000e-01    2.6000e+00    1.5000e+00    3.1359e-01    2.9836e+00    1.6981e-03    9.6838e-04    1.6687e-03    1.1776e-03
   5.0000e-01    2.6000e+00    1.5000e+00    1.5701e-01    2.9959e+00    1.1314e-03   -1.5352e-03    1.1251e-03   -1.1916e-03
   5.0000e-01    2.6000e+00    1.5000e+00    0.0000e+00    3.0000e+00   -1.3483e-03   -1.2855e-03   -1.3587e-03   -8.6797e-04
   5.0000e-01    2.6000e+00    1.5000e+00   -1.5701e-01    2.9959e+00   -1.4612e-03    1.0892e-03   -1.4062e-03    1.5758e-03
   5.0000e-01    2.6000e+00    1.5000e+00   -3.1359e-01    2.9836e+00    7.8773e-04    1.6019e-03    8.9189e-04    2.0751e-03
   5.0000e-01    2.6000e+00    1.5000e+00   -4.6930e-01    2.9631e+00    1.6911e-03   -4.5204e-04    1.7956e-03    6.6284e-05
   5.0000e-01    2.6000e+00    1.5000e+00   -6.2374e-01    2.9344e+00   -6.6153e-05   -1.7170e-03    8.8209e-05   -1.2817e-03
   5.0000e-01    2.6000e+00    1.5000e+00   -7.7646e-01    2.8978e+00   -1.6494e-03   -3.5984e-04   -1.4437e-03    9.5274e-05
   5.0000e-01    2.6000e+00    1.5000e+00   -9.2705e-01    2.8532e+00   -7.9794e-04    1.4563e-03   -5.6039e-04    1.8947e-03
   5.0000e-01    2.6000e+00    1.5000e+00   -1.0751e+00    2.8007e+00    1.1381e-03    1.1738e-03    1.3308e-03    1.5346e-03
   5.0000e-01    2.6000e+00    1.5000e+00   -1.2202e+00    2.7406e+00    1.4607e-03   -6.7889e-04    1.7507e-03   -4.3946e-04
   5.0000e-01    2.6000e+00    1.5000e+00   -1.3620e+00    2.6730e+00   -1.2656e-04   -1.5824e-03    5.2198e-05   -1.4380e-03
   5.0000e-01    2.6000e+00    1.5000e+00   -1.5000e+00    2.5981e+00   -1.4881e-03   -4.9040e-04   -1.1966e-03   -4.0254e-04
   5.0000e-01    2.6000e+00    1.5000e+00   -1.6339e+00    2.5160e+00   -1.0478e-03    1.1377e-03   -7.7600e-04    9.4518e-04
   5.0000e-01    2.6000e+00    1.5000e+00   -1.7634e+00    2.4271e+00    5.6453e-04    1.4198e-03    7.6397e-04    1.1449e-03
   5.0000e-01    2.6000e+00    1.5000e+00   -1.8880e+00    2.3314e+00    1.5025e-03    1.5483e-04    1.6673e-03   -2.8723e-04
   5.0000e-01    2.6000e+00    1.5000e+00   -2.0074e+00    2.2294e+00    8.8005e-04   -1.2074e-03    1.0013e-03   -1.7850e-03
   5.0000e-01    2.6000e+00    1.5000e+00   -2.1213e+00    2.1213e+00   -5.5625e-04   -1.3704e-03   -3.8216e-04   -2.0188e-03
   5.0000e-01    2.6000e+00    1.5000e+00   -2.2294e+00    2.0074e+00   -1.4371e-03   -2.8278e-04   -1.4307e-03   -1.0792e-03
   5.0000e-01    2.6000e+00    1.5000e+00   -2.3314e+00    1.8880e+00   -1.0509e-03    1.0002e-03   -1.0502e-03    2.0264e-04
   5.0000e-01    2.6000e+00    1.5000e+00   -2.4271e+00    1.7634e+00    1.3889e-04    1.4315e-03    1.0212e-04    5.8266e-04
   5.0000e-01    2.6000e+00    1.5000e+00   -2.5160e+00    1.6339e+00    1.1783e-03    8.0437e-04    1.0391e-03   -9.6626e-05
   5.0000e-01    2.6000e+00    1.5000e+00   -2.5981e+00    1.5000e+00    1.3726e-03   -3.4526e-04    1.1845e-03   -1.2106e-03
   5.0000e-01    2.6000e+00    1.5000e+00   -2.6730e+00    1.3620e+00    6.9868e-04   -1.2190e-03    5.4387e-04   -2.0352e-03
   5.0000e-01    2.6000e+00    1.5000e+00   -2.7406e+00    1.2202e+00   -3.3739e-04   -1.3542e-03   -5.0930e-04   -2.0368e-03
   5.0000e-01    2.6000e+00    1.5000e+00   -2.8007e+00    1.0751e+00   -1.1440e-03   -7.8363e-04   -1.3340e-03   -1.3467e-03
   5.0000e-01    2.6000e+00    1.5000e+00   -2.8532e+00    9.2705e-01   -1.3726e-03    1.2285e-04   -1.5044e-03   -3.2861e-04
   5.0000e-01    2.6000e+00    1.5000e+00   -2.8978e+00    7.7646e-01   -1.0105e-03    9.2567e-04   -1.1258e-03    6.1877e-04
   5.0000e-01    2.6000e+00    1.5000e+00   -2.9344e+00    6.2374e-01   -3.0380e-04    1.3292e-03   -4.0575e-04    1.1485e-03
   5.0000e-01    2.6000e+00    1.5000e+00   -2.9631e+00    4.6930e-01    4.6082e-04    1.2760e-03    4.5084e-04    1.3370e-03
   5.0000e-01    2.6000e+00    1.5000e+00   -2.9836e+00    3.1359e-01    1.0333e-03    8.7002e-04    1.0538e-03    1.0950e-03
   5.0000e-01    2.6000e+00    1.5000e+00   -2.9959e+00    1.5701e-01    1.3156e-03    2.8222e-04    1.3826e-03    6.3514e-04
   5.0000e-01    2.6000e+00    1.5000e+00   -3.0000e+00    0.0000e+00    1.3004e-03   -3.2533e-04    1.4217e-03    2.4403e-04
   5.0000e-01    2.6000e+00    1.5000e+00   -2.9959e+00   -1.5701e-01    1.0729e-03   -7.9643e-04    1.1922e-03   -1.0141e-04
   5.0000e-01    2.6000e+00    1.5000e+00   -2.9836e+00   -3.1359e-01    7.2163e-04   -1.1196e-03    8.6545e-04   -2.4544e-04
   5.0000e-01    2.6000e+00    1.5000e+00   -2.9631e+00   -4.6930e-01    3.2275e-04   -1.2887e-03    4.4185e-04   -2.7914e-04
   5.0000e-01    2.6000e+00    1.5000e+00   -2.9344e+00   -6.2374e-01   -4.4490e-05   -1.3249e-03    1.3745e-04   -2.0491e-04
   5.0000e-01    2.6000e+00    1.5000e+00   -2.8978e+00   -7.7646e-01   -3.5589e-04   -1.2742e-03   -2.1498e-04   -6.2529e-05
   5.0000e-01    2.6000e+00    1.5000e+00   -2.8532e+00   -9.2705e-01   -5.8517e-04   -1.1844e-03   -4.9448e-04    5.3324e-05
   5.0000e-01    2.6000e+00    1.5000e+00   -2.8007e+00   -1.0751e+00   -7.5739e-04   -1.0808e-03   -6.2047e-04    1.7434e-04
   5.0000e-01    2.6000e+00    1.5000e+00   -2.7406e+00   -1.2202e+00   -8.6842e-04   -9.9226e-04   -8.1850e-04    3.0365e-04
   5.0000e-01    2.6000e+00    1.5000e+00   -2.6730e+00   -1.3620e+00   -9.3393e-04   -9.2945e-04   -8.6250e-04    3.1793e-04
   5.0000e-01    2.6000e+00    1.5000e+00   -2.5981e+00   -1.5000e+00   -9.5032e-04   -9.1263e-04   -9.6353e-04    3.0801e-04
   5.0000e-01    2.6000e+00    1.5000e+00   -2.5160e+00   -1.6339e+00   -9.2580e-04   -9.3803e-04   -8.8962e-04    2.4865e-04
   5.0000e-01    2.6000e+00    1.5000e+00   -2.4271e+00   -1.7634e+00   -8.6831e-04   -9.9206e-04   -9.3678e-04    1.2242e-04
   5.0000e-01    2.6000e+00    1.5000e+00   -2.3314e+00   -1.8880e+00   -7.6520e-04   -1.0749e-03   -7.9582e-04   -1.4943e-04
   5.0000e-01    2.6000e+00    1.5000e+00   -2.2294e+00   -2.0074e+00   -5.8581e-04   -1.1844e-03   -7.1767e-04   -2.9199e-04
   5.0000e-01    2.6000e+00    1.5000e+00   -2.1213e+00   -2.1213e+00   -3.3918e-04   -1.2793e-03   -4.7138e-04   -5.8326e-04
   5.0000e-01    2.6000e+00    1.5000e+00   -2.0074e+00   -2.2294e+00   -3.7765e-05   -1.3252e-03   -1.7635e-04   -7.0645e-04
   5.0000e-01    2.6000e+00    1.5000e+00   -1.8880e+00   -2.3314e+00    3.1783e-04   -1.2901e-03    2.1980e-04   -7.4276e-04
   5.0000e-01    2.6000e+00    1.5000e+00   -1.7634e+00   -2.4271e+00    7.1905e-04   -1.1216e-03    5.4331e-04   -8.4748e-04
   5.0000e-01    2.6000e+00    1.5000e+00   -1.6339e+00   -2.5160e+00    1.0785e-03   -7.8904e-04    9.2415e-04   -5.5701e-04
   5.0000e-01    2.6000e+00    1.5000e+00   -1.5000e+00   -2.5981e+00    1.3052e-03   -3.0681e-04    1.1740e-03   -2.9700e-04
   5.0000e-01    2.6000e+00    1.5000e+00   -1.3620e+00   -2.6730e+00    1.3155e-03    2.8246e-04    1.2645e-03    2.0694e-04
   5.0000e-01    2.6000e+00    1.5000e+00   -1.2202e+00   -2.7406e+00    1.0287e-03    8.7632e-04    1.0087e-03    7.3458e-04
   5.0000e-01    2.6000e+00    1.5000e+00   -1.0751e+00   -2.8007e+00    4.4779e-04    1.2814e-03    3.8293e-04    1.0793e-03
   5.0000e-01    2.6000e+00    1.5000e+00   -9.2705e-01   -2.8532e+00   -3.2064e-04    1.3256e-03   -3.0117e-04    1.0767e-03
   5.0000e-01    2.6000e+00    1.5000e+00   -7.7646e-01   -2.8978e+00   -1.0206e-03    9.1513e-04   -1.0201e-03    5.4431e-04
   5.0000e-01    2.6000e+00    1.5000e+00   -6.2374e-01   -2.9344e+00   -1.3743e-03    1.0938e-04   -1.2676e-03   -2.4137e-04
   5.0000e-01    2.6000e+00    1.5000e+00   -4.6930e-01   -2.9631e+00   -1.1355e-03   -7.9642e-04   -1.0414e-03   -1.2402e-03
   5.0000e-01    2.6000e+00    1.5000e+00   -3.1359e-01   -2.9836e+00   -3.1029e-04   -1.3610e-03   -2.2988e-04   -1.8280e-03
   5.0000e-01    2.6000e+00    1.5000e+00   -1.5701e-01   -2.9959e+00    7.2073e-04   -1.2068e-03    8.3495e-04   -1.6142e-03
   5.0000e-01    2.6000e+00    1.5000e+00    0.0000e+00   -3.0000e+00    1.3751e-03   -3.3753e-04    1.5078e-03   -6.8529e-04
   5.0000e-01    2.6000e+00    1.5000e+00    1.5701e-01   -2.9959e+00    1.1688e-03    8.1876e-04    1.2774e-03    4.5080e-04
   5.0000e-01    2.6000e+00    1.5000e+00    3.1359e-01   -2.9836e+00    1.1750e-04    1.4338e-03    3.1964e-04    1.1650e-03
   5.0000e-01    2.6000e+00    1.5000e+00    4.6930e-01   -2.9631e+00   -1.0709e-03    9.7946e-04   -8.1034e-04    6.8925e-04
   5.0000e-01    2.6000e+00    1.5000e+00    6.2374e-01   -2.9344e+00   -1.4321e-03   -3.0858e-04   -1.1755e-03   -5.3813e-04
   5.0000e-01    2.6000e+00    1.5000e+00    7.7646e-01   -2.8978e+00   -5.4772e-04   -1.3739e-03   -2.8876e-04   -1.5574e-03
   5.0000e-01    2.6000e+00    1.5000e+00    9.2705e-01   -2.8532e+00    8.9316e-04   -1.1982e-03    1.1410e-03   -1.2254e-03
   5.0000e-01    2.6000e+00    1.5000e+00    1.0751e+00   -2.8007e+00    1.4993e-03    1.8826e-04    1.8098e-03    1.9412e-04
   5.0000e-01    2.6000e+00    1.5000e+00    1.2202e+00   -2.7406e+00    5.4229e-04    1.4291e-03    7.2107e-04    1.4152e-03
   5.0000e-01    2.6000e+00    1.5000e+00    1.3620e+00   -2.6730e+00   -1.0600e-03    1.1265e-03   -8.9242e-04    1.1432e-03
   5.0000e-01    2.6000e+00    1.5000e+00    1.5000e+00   -2.5981e+00   -1.4816e-03   -5.0914e-04   -1.3593e-03   -4.6599e-04
   5.0000e-01    2.6000e+00    1.5000e+00    1.6339e+00   -2.5160e+00   -9.1230e-05   -1.5855e-03    1.2997e-04   -1.4134e-03
   5.0000e-01    2.6000e+00    1.5000e+00    1.7634e+00   -2.4271e+00    1.4697e-03   -6.5840e-04    1.6602e-03   -5.5535e-04
   5.0000e-01    2.6000e+00    1.5000e+00    1.8880e+00   -2.3314e+00    1.1270e-03    1.1839e-03    1.3298e-03    1.2192e-03
   5.0000e-01    2.6000e+00    1.5000e+00    2.0074e+00   -2.2294e+00   -8.0761e-04    1.4513e-03   -6.5251e-04    1.5753e-03
   5.0000e-01    2.6000e+00    1.5000e+00    2.1213e+00   -2.1213e+00   -1.6422e-03   -3.9365e-04   -1.4432e-03   -3.2271e-04
   5.0000e-01    2.6000e+00    1.5000e+00    2.2294e+00   -2.0074e+00   -3.1695e-05   -1.7180e-03    2.3950e-04   -1.7196e-03
   5.0000e-01    2.6000e+00    1.5000e+00    2.3314e+00   -1.8880e+00    1.6948e-03   -4.3737e-04    2.0166e-03   -4.1230e-04
   5.0000e-01    2.6000e+00    1.5000e+00    2.4271e+00   -1.7634e+00    7.7948e-04    1.6058e-03    1.1223e-03    1.6529e-03
   5.0000e-01    2.6000e+00    1.5000e+00    2.5160e+00   -1.6339e+00   -1.4775e-03    1.0672e-03   -1.0798e-03    1.1467e-03
   5.0000e-01    2.6000e+00    1.5000e+00    2.5981e+00   -1.5000e+00   -1.3162e-03   -1.3193e-03   -9.3556e-04   -1.2495e-03
   5.0000e-01    2.6000e+00    1.5000e+00    2.6730e+00   -1.3620e+00    1.1473e-03   -1.5231e-03    1.6332e-03   -1.4266e-03
   5.0000e-01    2.6000e+00    1.5000e+00    2.7406e+00   -1.2202e+00    1.6790e-03    1.0031e-03    2.1667e-03    1.1062e-03
   5.0000e-01    2.6000e+00    1.5000e+00    2.8007e+00   -1.0751e+00   -8.5948e-04    1.8151e-03   -2.9081e-04    1.8784e-03
   5.0000e-01    2.6000e+00    1.5000e+00    2.8532e+00   -9.2705e-01   -1.9241e-03   -7.5239e-04   -1.3236e-03   -6.5478e-04
   5.0000e-01    2.6000e+00    1.5000e+00    2.8978e+00   -7.7646e-01    6.4339e-04   -2.0301e-03    1.2495e-03   -1.8876e-03
   5.0000e-01    2.6000e+00    1.5000e+00    2.9344e+00   -6.2374e-01    2.1253e-03    5.7127e-04    2.6943e-03    7.6552e-04
   5.0000e-01    2.6000e+00    1.5000e+00    2.9631e+00   -4.6930e-01   -5.4452e-04    2.2146e-03    3.9039e-05    2.4498e-03
   5.0000e-01    2.6000e+00    1.5000e+00    2.9836e+00   -3.1359e-01   -2.3052e-03   -5.5173e-04   -1.7740e-03   -2.3936e-04
   5.0000e-01    2.6000e+00    1.5000e+00    2.9959e+00   -1.5701e-01    5.6829e-04   -2.4061e-03    9.9834e-04   -2.0364e-03
   5.0000e-01    1.5000e+00    2.6000e+00    3.0000e+00    0.0000e+00   -1.3483e-03   -1.2855e-03   -9.6710e-04   -1.2755e-03
   5.0000e-01    1.5000e+00    2.6000e+00    2.9959e+00    1.5701e-01    1.1314e-03   -1.5352e-03    1.3782e-03   -1.5695e-03
   5.0000e-01    1.5000e+00    2.6000e+00    2.9836e+00    3.1359e-01    1.6981e-03    9.6838e-04    1.8834e-03    9.0528e-04
   5.0000e-01    1.5000e+00    2.6000e+00    2.9631e+00    4.6930e-01   -8.2701e-04    1.8294e-03   -7.7881e-04    1.8747e-03
   5.0000e-01    1.5000e+00    2.6000e+00    2.9344e+00    6.2374e-01   -1.9382e-03   -7.1461e-04   -2.0075e-03   -7.2185e-04
   5.0000e-01    1.5000e+00    2.6000e+00    2.8978e+00    7.7646e-01    6.0739e-04   -2.0407e-03    4.6238e-04   -2.0590e-03
   5.0000e-01    1.5000e+00    2.6000e+00    2.8532e+00    9.2705e-01    2.1349e-03    5.3161e-04    1.9028e-03    4.5552e-04
   5.0000e-01    1.5000e+00    2.6000e+00    2.8007e+00    1.0751e+00   -5.0382e-04    2.2239e-03   -7.5307e-04    2.1542e-03
   5.0000e-01    1.5000e+00    2.6000e+00    2.7406e+00    1.2202e+00   -2.3185e-03   -4.8996e-04   -2.6412e-03   -5.1469e-04
   5.0000e-01    1.5000e+00    2.6000e+00    2.6730e+00    1.3620e+00    5.2353e-04   -2.4153e-03    2.5818e-04   -2.5185e-03
   5.0000e-01    1.5000e+00    2.6000e+00    2.5981e+00    1.5000e+00    2.5249e-03    5.7145e-04    2.2966e-03    4.8836e-04
   5.0000e-01    1.5000e+00    2.6000e+00    0.0000e+00    3.0000e+00    2.5182e-03    6.0279e-04    2.1659e-03    7.1651e-04
   5.0000e-01    1.5000e+00    2.6000e+00   -1.5701e-01    2.9959e+00    5.6829e-04   -2.4061e-03    2.6265e-04   -2.2642e-03
   5.0000e-01    1.5000e+00    2.6000e+00   -3.1359e-01    2.9836e+00   -2.3052e-03   -5.5173e-04   -2.7124e-03   -3.6897e-04
   5.0000e-01    1.5000e+00    2.6000e+00   -4.6930e-01    2.9631e+00   -5.4452e-04    2.2146e-03   -8.8737e-04    2.4458e-03
   5.0000e-01    1.5000e+00    2.6000e+00   -6.2374e-01    2.9344e+00    2.1253e-03    5.7127e-04    1.7533e-03    8.2776e-04
   5.0000e-01    1.5000e+00    2.6000e+00   -7.7646e-01    2.8978e+00    6.4339e-04   -2.0301e-03    2.5056e-04   -1.6661e-03
   5.0000e-01    1.5000e+00    2.6000e+00   -9.2705e-01    2.8532e+00   -1.9241e-03   -7.5239e-04   -2.2617e-03   -3.7755e-04
   5.0000e-01    1.5000e+00    2.6000e+00   -1.0751e+00    2.8007e+00   -8.5948e-04    1.8151e-03   -1.1143e-03    2.3089e-03
   5.0000e-01    1.5000e+00    2.6000e+00   -1.2202e+00    2.7406e+00    1.6790e-03    1.0031e-03    1.4017e-03    1.4871e-03
   5.0000e-01    1.5000e+00    2.6000e+00   -1.3620e+00    2.6730e+00    1.1473e-03   -1.5231e-03    9.3865e-04   -9.7009e-04
   5.0000e-01    1.5000e+00    2.6000e+00   -1.5000e+00    2.5981e+00   -1.3162e-03   -1.3193e-03   -1.5061e-03   -7.9445e-04
   5.0000e-01    1.5000e+00    2.6000e+00   -1.6339e+00    2.5160e+00   -1.4775e-03    1.0672e-03   -1.5661e-03    1.6075e-03
   5.0000e-01    1.5000e+00    2.6000e+00   -1.7634e+00    2.4271e+00    7.7948e-04    1.6058e-03    6.8752e-04    2.1616e-03
   5.0000e-01    1.5000e+00    2.6000e+00   -1.8880e+00    2.3314e+00    1.6948e-03   -4.3737e-04    1.6601e-03    8.4250e-05
   5.0000e-01    1.5000e+00    2.6000e+00   -2.0074e+00    2.2294e+00   -3.1695e-05   -1.7180e-03    6.0534e-05   -1.2325e-03
   5.0000e-01    1.5000e+00    2.6000e+00   -2.1213e+00    2.1213e+00   -1.6422e-03   -3.9365e-04   -1.5627e-03    2.6149e-05
   5.0000e-01    1.5000e+00    2.6000e+00   -2.2294e+00    2.0074e+00   -8.0761e-04    1.4513e-03   -7.3775e-04    1.8274e-03
   5.0000e-01    1.5000e+00    2.6000e+00   -2.3314e+00    1.8880e+00    1.1270e-03    1.1839e-03    1.3328e-03    1.5221e-03
   5.0000e-01    1.5000e+00    2.6000e+00   -2.4271e+00    1.7634e+00    1.4697e-03   -6.5840e-04    1.7750e-03   -4.6378e-04
   5.0000e-01    1.5000e+00    2.6000e+00   -2.5160e+00    1.6339e+00   -9.1230e-05   -1.5855e-03    1.3799e-04   -1.5096e-03
   5.0000e-01    1.5000e+00    2.6000e+00   -2.5981e+00    1.5000e+00   -1.4816e-03   -5.0914e-04   -1.1676e-03   -4.4294e-04
   5.0000e-01    1.5000e+00    2.6000e+00   -2.6730e+00    1.3620e+00   -1.0600e-03    1.1265e-03   -7.6458e-04    1.0919e-03
   5.0000e-01    1.5000e+00    2.6000e+00   -2.7406e+00    1.2202e+00    5.4229e-04    1.4291e-03    8.0653e-04    1.1968e-03
   5.0000e-01    1.5000e+00    2.6000e+00   -2.8007e+00    1.0751e+00    1.4993e-03    1.8826e-04    1.8213e-03    1.0954e-05
   5.0000e-01    1.5000e+00    2.6000e+00   -2.8532e+00    9.2705e-01    8.9316e-04   -1.1982e-03    1.1759e-03   -1.4881e-03
   5.0000e-01    1.5000e+00    2.6000e+00   -2.8978e+00    7.7646e-01   -5.4772e-04   -1.3739e-03   -2.5177e-04   -1.6628e-03
   5.0000e-01    1.5000e+00    2.6000e+00   -2.9344e+00    6.2374e-01   -1.4321e-03   -3.0858e-04   -1.1766e-03   -6.7468e-04
   5.0000e-01    1.5000e+00    2.6000e+00   -2.9631e+00    4.6930e-01   -1.0709e-03    9.7946e-04   -8.9053e-04    6.4589e-04
   5.0000e-01    1.5000e+00    2.6000e+00   -2.9836e+00    3.1359e-01    1.1750e-04    1.4338e-03    3.0600e-04    1.0770e-03
   5.0000e-01    1.5000e+00    2.6000e+00   -2.9959e+00    1.5701e-01    1.1688e-03    8.1876e-04    1.3864e-03    5.1540e-04
   5.0000e-01    1.5000e+00    2.6000e+00   -3.0000e+00    0.0000e+00    1.3751e-03   -3.3753e-04    1.4731e-03   -5.6515e-04
   5.0000e-01    1.5000e+00    2.6000e+00   -2.9959e+00   -1.5701e-01    7.2073e-04   -1.2068e-03    8.2601e-04   -1.4058e-03
   5.0000e-01    1.5000e+00    2.6000e+00   -2.9836e+00   -3.1359e-01   -3.1029e-04   -1.3610e-03   -3.2587e-04   -1.4945e-03
   5.0000e-01    1.5000e+00    2.6000e+00   -2.9631e+00   -4.6930e-01   -1.1355e-03   -7.9642e-04   -1.1621e-03   -7.6433e-04
   5.0000e-01    1.5000e+00    2.6000e+00   -2.9344e+00   -6.2374e-01   -1.3743e-03    1.0938e-04   -1.4899e-03    2.4933e-04
   5.0000e-01    1.5000e+00    2.6000e+00   -2.8978e+00   -7.7646e-01   -1.0206e-03    9.1513e-04   -1.1193e-03    1.1629e-03
   5.0000e-01    1.5000e+00    2.6000e+00   -2.8532e+00   -9.2705e-01   -3.2064e-04    1.3256e-03   -5.5049e-04    1.6826e-03
   5.0000e-01    1.5000e+00    2.6000e+00   -2.8007e+00   -1.0751e+00    4.4779e-04    1.2814e-03    2.5691e-04    1.8149e-03
   5.0000e-01    1.5000e+00    2.6000e+00   -2.7406e+00   -1.2202e+00    1.0287e-03    8.7632e-04    8.1031e-04    1.4907e-03
   5.0000e-01    1.5000e+00    2.6000e+00   -2.6730e+00   -1.3620e+00    1.3155e-03    2.8246e-04    1.1150e-03    1.0673e-03
   5.0000e-01    1.5000e+00    2.6000e+00   -2.5981e+00   -1.5000e+00    1.3052e-03   -3.0681e-04    1.1161e-03    5.5899e-04
   5.0000e-01    1.5000e+00    2.6000e+00   -2.5160e+00   -1.6339e+00    1.0785e-03   -7.8904e-04    9.4830e-04    1.9111e-04
   5.0000e-01    1.5000e+00    2.6000e+00   -2.4271e+00   -1.7634e+00    7.1905e-04   -1.1216e-03    6.2353e-04   -9.2391e-05
   5.0000e-01    1.5000e+00    2.6000e+00   -2.3314e+00   -1.8880e+00    3.1783e-04   -1.2901e-03    2.6335e-04   -1.7188e-04
   5.0000e-01    1.5000e+00    2.6000e+00   -2.2294e+00   -2.0074e+00   -3.7765e-05   -1.3252e-03    5.0117e-05   -1.3872e-04
   5.0000e-01    1.5000e+00    2.6000e+00   -2.1213e+00   -2.1213e+00   -3.3918e-04   -1.2793e-03   -2.2594e-04   -1.3626e-04
   5.0000e-01    1.5000e+00    2.6000e+00   -2.0074e+00   -2.2294e+00   -5.8581e-04   -1.1844e-03   -2.7634e-04   -9.0592e-05
   5.0000e-01    1.5000e+00    2.6000e+00   -1.8880e+00   -2.3314e+00   -7.6520e-04   -1.0749e-03   -3.5609e-04    1.7416e-05
   5.0000e-01    1.5000e+00    2.6000e+00   -1.7634e+00   -2.4271e+00   -8.6831e-04   -9.9206e-04   -3.7846e-04    2.9349e-05
   5.0000e-01    1.5000e+00    2.6000e+00   -1.6339e+00   -2.5160e+00   -9.2580e-04   -9.3803e-04   -5.0689e-04    2.8849e-05
   5.0000e-01    1.5000e+00    2.6000e+00   -1.5000e+00   -2.5981e+00   -9.5032e-04   -9.1263e-04   -3.3998e-04   -6.0595e-05
   5.0000e-01    1.5000e+00    2.6000e+00   -1.3620e+00   -2.6730e+00   -9.3393e-04   -9.2945e-04   -3.3147e-04   -1.1953e-04
   5.0000e-01    1.5000e+00    2.6000e+00   -1.2202e+00   -2.7406e+00   -8.6842e-04   -9.9226e-04   -1.7752e-04   -2.3094e-04
   5.0000e-01    1.5000e+00    2.6000e+00   -1.0751e+00   -2.8007e+00   -7.5739e-04   -1.0808e-03   -1.0700e-04   -4.2585e-04
   5.0000e-01    1.5000e+00    2.6000e+00   -9.2705e-01   -2.8532e+00   -5.8517e-04   -1.1844e-03    8.1931e-05   -6.8168e-04
   5.0000e-01    1.5000e+00    2.6000e+00   -7.7646e-01   -2.8978e+00   -3.5589e-04   -1.2742e-03    2.9918e-04   -8.0445e-04
   5.0000e-01    1.5000e+00    2.6000e+00   -6.2374e-01   -2.9344e+00   -4.4490e-05   -1.3249e-03    5.1828e-04   -8.9974e-04
   5.0000e-01    1.5000e+00    2.6000e+00   -4.6930e-01   -2.9631e+00    3.2275e-04   -1.2887e-03    8.3774e-04   -1.0356e-03
   5.0000e-01    1.5000e+00    2.6000e+00   -3.1359e-01   -2.9836e+00    7.2163e-04   -1.1196e-03    1.1074e-03   -8.2962e-04
   5.0000e-01    1.5000e+00    2.6000e+00   -1.5701e-01   -2.9959e+00    1.0729e-03   -7.9643e-04    1.3865e-03   -5.8885e-04
   5.0000e-01    1.5000e+00    2.6000e+00    0.0000e+00   -3.0000e+00    1.3004e-03   -3.2533e-04    1.5362e-03   -1.6180e-04
   5.0000e-01    1.5000e+00    2.6000e+00    1.5701e-01   -2.9959e+00    1.3156e-03    2.8222e-04    1.4707e-03    4.0787e-04
   5.0000e-01    1.5000e+00    2.6000e+00    3.1359e-01   -2.9836e+00    1.0333e-03    8.7002e-04    9.9204e-04    9.0710e-04
   5.0000e-01    1.5000e+00    2.6000e+00    4.6930e-01   -2.9631e+00    4.6082e-04    1.2760e-03    3.4140e-04    1.3781e-03
   5.0000e-01    1.5000e+00    2.6000e+00    6.2374e-01   -2.9344e+00   -3.0380e-04    1.3292e-03   -4.8542e-04    1.4044e-03
   5.0000e-01    1.5000e+00    2.6000e+00    7.7646e-01   -2.8978e+00   -1.0105e-03    9.2567e-04   -1.3071e-03    1.0094e-03
   5.0000e-01    1.5000e+00    2.6000e+00    9.2705e-01   -2.8532e+00   -1.3726e-03    1.2285e-04   -1.7402e-03    1.6919e-04
   5.0000e-01    1.5000e+00    2.6000e+00    1.0751e+00   -2.8007e+00   -1.1440e-03   -7.8363e-04   -1.6774e-03   -6.8448e-04
   5.0000e-01    1.5000e+00    2.6000e+00    1.2202e+00   -2.7406e+00   -3.3739e-04   -1.3542e-03   -8.7701e-04   -1.2630e-03
   5.0000e-01    1.5000e+00    2.6000e+00    1.3620e+00   -2.6730e+00    6.9868e-04   -1.2190e-03    1.4793e-05   -1.1346e-03
   5.0000e-01    1.5000e+00    2.6000e+00    1.5000e+00   -2.5981e+00    1.3726e-03   -3.4526e-04    7.1390e-04   -3.9038e-04
   5.0000e-01    1.5000e+00    2.6000e+00    1.6339e+00   -2.5160e+00    1.1783e-03    8.0437e-04    4.9687e-04    7.7707e-04
   5.0000e-01    1.5000e+00    2.6000e+00    1.7634e+00   -2.4271e+00    1.3889e-04    1.4315e-03   -5.2844e-04    1.4390e-03
   5.0000e-01    1.5000e+00    2.6000e+00    1.8880e+00   -2.3314e+00   -1.0509e-03    1.0002e-03   -1.6195e-03    9.7098e-04
   5.0000e-01    1.5000e+00    2.6000e+00    2.0074e+00   -2.2294e+00   -1.4371e-03   -2.8278e-04   -1.9880e-03   -4.6060e-04
   5.0000e-01    1.5000e+00    2.6000e+00    2.1213e+00   -2.1213e+00   -5.5625e-04   -1.3704e-03   -9.6212e-04   -1.5206e-03
   5.0000e-01    1.5000e+00    2.6000e+00    2.2294e+00   -2.0074e+00    8.8005e-04   -1.2074e-03    5.9983e-04   -1.3633e-03
   5.0000e-01    1.5000e+00    2.6000e+00    2.3314e+00   -1.8880e+00    1.5025e-03    1.5483e-04    1.3167e-03   -2.1073e-05
   5.0000e-01    1.5000e+00    2.6000e+00    2.4271e+00   -1.7634e+00    5.6453e-04    1.4198e-03    5.0812e-04    1.1991e-03
   5.0000e-01    1.5000e+00    2.6000e+00    2.5160e+00   -1.6339e+00   -1.0478e-03    1.1377e-03   -8.9746e-04    9.4671e-04
   5.0000e-01    1.5000e+00    2.6000e+00    2.5981e+00   -1.5000e+00   -1.4881e-03   -4.9040e-04   -1.3280e-03   -7.9476e-04
   5.0000e-01    1.5000e+00    2.6000e+00    2.6730e+00   -1.3620e+00   -1.2656e-04   -1.5824e-03    2.4054e-04   -1.8370e-03
   5.0000e-01    1.5000e+00    2.6000e+00    2.7406e+00   -1.2202e+00    1.4607e-03   -6.7889e-04    1.8709e-03   -9.1828e-04
   5.0000e-01    1.5000e+00    2.6000e+00    2.8007e+00   -1.0751e+00    1.1381e-03    1.1738e-03    1.6425e-03    9.6117e-04
   5.0000e-01    1.5000e+00    2.6000e+00    2.8532e+00   -9.2705e-01   -7.9794e-04    1.4563e-03   -3.0002e-04    1.2216e-03
   5.0000e-01    1.5000e+00    2.6000e+00    2.8978e+00   -7.7646e-01   -1.6494e-03   -3.5984e-04   -1.1746e-03   -5.3685e-04
   5.0000e-01    1.5000e+00    2.6000e+00    2.9344e+00   -6.2374e-01   -6.6153e-05   -1.7170e-03    5.4457e-04   -1.8538e-03
   5.0000e-01    1.5000e+00    2.6000e+00    2.9631e+00   -4.6930e-01    1.6911e-03   -4.5204e-04    2.2242e-03   -4.7807e-04
   5.0000e-01    1.5000e+00    2.6000e+00    2.9836e+00   -3.1359e-01    7.8773e-04    1.6019e-03    1.3195e-03    1.5415e-03
   5.0000e-01    1.5000e+00    2.6000e+00    2.9959e+00   -1.5701e-01   -1.4612e-03    1.0892e-03   -1.0241e-03    1.0554e-03
   5.0000e-01    0.0000e+00    3.0000e+00    3.0000e+00    0.0000e+00   -1.4821e-03   -5.0938e-04   -1.3515e-03   -2.2979e-04
   5.0000e-01    0.0000e+00    3.0000e+00    2.9959e+00    1.5701e-01   -8.1925e-05   -1.5863e-03    9.2208e-05   -1.3478e-03
   5.0000e-01    0.0000e+00    3.0000e+00    2.9836e+00    3.1359e-01    1.4736e-03   -6.5058e-04    1.6210e-03   -3.4609e-04
   5.0000e-01    0.0000e+00    3.0000e+00    2.9631e+00    4.6930e-01    1.1151e-03    1.1960e-03    1.2371e-03    1.4625e-03
   5.0000e-01    0.0000e+00    3.0000e+00    2.9344e+00    6.2374e-01   -8.2346e-04    1.4429e-03   -7.3491e-04    1.7666e-03
   5.0000e-01    0.0000e+00    3.0000e+00    2.8978e+00    7.7646e-01   -1.6427e-03   -3.9189e-04   -1.5328e-03   -8.1890e-05
   5.0000e-01    0.0000e+00    3.0000e+00    2.8532e+00    9.2705e-01   -3.3507e-05   -1.7183e-03    -7.7008e-06   -1.3756e-03
   5.0000e-01    0.0000e+00    3.0000e+00    2.8007e+00    1.0751e+00    1.6999e-03   -4.2065e-04    1.8053e-03   -1.0632e-04
   5.0000e-01    0.0000e+00    3.0000e+00    2.7406e+00    1.2202e+00    7.7302e-04    1.6098e-03    8.4046e-04    2.0024e-03
   5.0000e-01    0.0000e+00    3.0000e+00    2.6730e+00    1.3620e+00   -1.4785e-03    1.0662e-03   -1.4008e-03    1.4897e-03
   5.0000e-01    0.0000e+00    3.0000e+00    2.5981e+00    1.5000e+00   -1.3169e-03   -1.3184e-03   -1.2868e-03   -8.6958e-04
   5.0000e-01    0.0000e+00    3.0000e+00    2.5160e+00    1.6339e+00    1.1592e-03   -1.5151e-03    1.2057e-03   -1.1284e-03
   5.0000e-01    0.0000e+00    3.0000e+00    2.4271e+00    1.7634e+00    1.6789e-03    1.0026e-03    1.6584e-03    1.4507e-03
   5.0000e-01    0.0000e+00    3.0000e+00    2.3314e+00    1.8880e+00   -8.5223e-04    1.8180e-03   -9.4284e-04    2.2586e-03
   5.0000e-01    0.0000e+00    3.0000e+00    2.2294e+00    2.0074e+00   -1.9317e-03   -7.3287e-04   -2.1179e-03   -2.5047e-04
   5.0000e-01    0.0000e+00    3.0000e+00    2.1213e+00    2.1213e+00    6.4626e-04   -2.0296e-03    5.2178e-04   -1.5440e-03
   5.0000e-01    0.0000e+00    3.0000e+00    2.0074e+00    2.2294e+00    2.1236e-03    5.7803e-04    1.9739e-03    9.6658e-04
   5.0000e-01    0.0000e+00    3.0000e+00    1.8880e+00    2.3314e+00   -5.2629e-04    2.2184e-03   -7.7715e-04    2.6410e-03
   5.0000e-01    0.0000e+00    3.0000e+00    1.7634e+00    2.4271e+00   -2.3119e-03   -5.2017e-04   -2.5620e-03   -2.5744e-04
   5.0000e-01    0.0000e+00    3.0000e+00    1.6339e+00    2.5160e+00    5.5481e-04   -2.4090e-03    1.3225e-04   -2.2181e-03
   5.0000e-01    0.0000e+00    3.0000e+00    1.5000e+00    2.5981e+00    2.5167e-03    6.1142e-04    2.1115e-03    7.0901e-04
   5.0000e-01    0.0000e+00    3.0000e+00   -1.5000e+00    2.5981e+00    2.5167e-03    6.1142e-04    2.1897e-03    6.5110e-04
   5.0000e-01    0.0000e+00    3.0000e+00   -1.6339e+00    2.5160e+00    5.5481e-04   -2.4090e-03    2.3332e-04   -2.2559e-03
   5.0000e-01    0.0000e+00    3.0000e+00   -1.7634e+00    2.4271e+00   -2.3119e-03   -5.2017e-04   -2.5082e-03   -2.2717e-04
   5.0000e-01    0.0000e+00    3.0000e+00   -1.8880e+00    2.3314e+00   -5.2629e-04    2.2184e-03   -7.5278e-04    2.5418e-03
   5.0000e-01    0.0000e+00    3.0000e+00   -2.0074e+00    2.2294e+00    2.1236e-03    5.7803e-04    1.8404e-03    9.5300e-04
   5.0000e-01    0.0000e+00    3.0000e+00   -2.1213e+00    2.1213e+00    6.4626e-04   -2.0296e-03    4.5252e-04   -1.5431e-03
   5.0000e-01    0.0000e+00    3.0000e+00   -2.2294e+00    2.0074e+00   -1.9317e-03   -7.3287e-04   -2.0849e-03   -2.4600e-04
   5.0000e-01    0.0000e+00    3.0000e+00   -2.3314e+00    1.8880e+00   -8.5223e-04    1.8180e-03   -9.0041e-04    2.2669e-03
   5.0000e-01    0.0000e+00    3.0000e+00   -2.4271e+00    1.7634e+00    1.6789e-03    1.0026e-03    1.5511e-03    1.4206e-03
   5.0000e-01    0.0000e+00    3.0000e+00   -2.5160e+00    1.6339e+00    1.1592e-03   -1.5151e-03    1.1910e-03   -1.0761e-03
   5.0000e-01    0.0000e+00    3.0000e+00   -2.5981e+00    1.5000e+00   -1.3169e-03   -1.3184e-03   -1.2920e-03   -9.7868e-04
   5.0000e-01    0.0000e+00    3.0000e+00   -2.6730e+00    1.3620e+00   -1.4785e-03    1.0662e-03   -1.4366e-03    1.4478e-03
   5.0000e-01    0.0000e+00    3.0000e+00   -2.7406e+00    1.2202e+00    7.7302e-04    1.6098e-03    8.0241e-04    1.9788e-03
   5.0000e-01    0.0000e+00    3.0000e+00   -2.8007e+00    1.0751e+00    1.6999e-03   -4.2065e-04    1.7307e-03   -1.6048e-04
   5.0000e-01    0.0000e+00    3.0000e+00   -2.8532e+00    9.2705e-01   -3.3507e-05   -1.7183e-03    9.1756e-06   -1.4184e-03
   5.0000e-01    0.0000e+00    3.0000e+00   -2.8978e+00    7.7646e-01   -1.6427e-03   -3.9189e-04   -1.5149e-03   -4.6012e-05
   5.0000e-01    0.0000e+00    3.0000e+00   -2.9344e+00    6.2374e-01   -8.2346e-04    1.4429e-03   -7.3015e-04    1.7339e-03
   5.0000e-01    0.0000e+00    3.0000e+00   -2.9631e+00    4.6930e-01    1.1151e-03    1.1960e-03    1.2521e-03    1.5569e-03
   5.0000e-01    0.0000e+00    3.0000e+00   -2.9836e+00    3.1359e-01    1.4736e-03   -6.5058e-04    1.5760e-03   -3.8340e-04
   5.0000e-01    0.0000e+00    3.0000e+00   -2.9959e+00    1.5701e-01   -8.1925e-05   -1.5863e-03    1.3212e-04   -1.2958e-03
   5.0000e-01    0.0000e+00    3.0000e+00   -3.0000e+00    0.0000e+00   -1.4821e-03   -5.0938e-04   -1.2940e-03   -2.2220e-04
   5.0000e-01    0.0000e+00    3.0000e+00   -2.9959e+00   -1.5701e-01   -1.0734e-03    1.1146e-03   -8.1666e-04    1.2880e-03
   5.0000e-01    0.0000e+00    3.0000e+00   -2.9836e+00   -3.1359e-01    5.1821e-04    1.4382e-03    7.9430e-04    1.6058e-03
   5.0000e-01    0.0000e+00    3.0000e+00   -2.9631e+00   -4.6930e-01    1.4979e-03    2.0055e-04    1.8522e-03    3.4316e-04
   5.0000e-01    0.0000e+00    3.0000e+00   -2.9344e+00   -6.2374e-01    9.0310e-04   -1.1913e-03    1.2280e-03   -1.1150e-03
   5.0000e-01    0.0000e+00    3.0000e+00   -2.8978e+00   -7.7646e-01   -5.3535e-04   -1.3791e-03   -2.0549e-04   -1.4074e-03
   5.0000e-01    0.0000e+00    3.0000e+00   -2.8532e+00   -9.2705e-01   -1.4285e-03   -3.2559e-04   -1.1846e-03   -3.2156e-04
   5.0000e-01    0.0000e+00    3.0000e+00   -2.8007e+00   -1.0751e+00   -1.0814e-03    9.6874e-04   -7.9136e-04    9.1507e-04
   5.0000e-01    0.0000e+00    3.0000e+00   -2.7406e+00   -1.2202e+00    1.0504e-04    1.4354e-03    2.6399e-04    1.3430e-03
   5.0000e-01    0.0000e+00    3.0000e+00   -2.6730e+00   -1.3620e+00    1.1671e-03    8.2095e-04    1.3710e-03    7.7818e-04
   5.0000e-01    0.0000e+00    3.0000e+00   -2.5981e+00   -1.5000e+00    1.3812e-03   -3.1295e-04    1.4787e-03   -3.7481e-04
   5.0000e-01    0.0000e+00    3.0000e+00   -2.5160e+00   -1.6339e+00    7.3251e-04   -1.1998e-03    7.9707e-04   -1.1943e-03
   5.0000e-01    0.0000e+00    3.0000e+00   -2.4271e+00   -1.7634e+00   -3.0993e-04   -1.3611e-03   -3.3093e-04   -1.3177e-03
   5.0000e-01    0.0000e+00    3.0000e+00   -2.3314e+00   -1.8880e+00   -1.1343e-03   -7.9780e-04   -1.2082e-03   -6.6063e-04
   5.0000e-01    0.0000e+00    3.0000e+00   -2.2294e+00   -2.0074e+00   -1.3755e-03    9.2131e-05   -1.5380e-03    3.5250e-04
   5.0000e-01    0.0000e+00    3.0000e+00   -2.1213e+00   -2.1213e+00   -1.0381e-03    8.9551e-04   -1.2464e-03    1.1728e-03
   5.0000e-01    0.0000e+00    3.0000e+00   -2.0074e+00   -2.2294e+00   -3.2758e-04    1.3239e-03   -6.0048e-04    1.6335e-03
   5.0000e-01    0.0000e+00    3.0000e+00   -1.8880e+00   -2.3314e+00    4.4494e-04    1.2819e-03    2.5966e-04    1.7324e-03
   5.0000e-01    0.0000e+00    3.0000e+00   -1.7634e+00   -2.4271e+00    1.0197e-03    8.8620e-04    8.1287e-04    1.3490e-03
   5.0000e-01    0.0000e+00    3.0000e+00   -1.6339e+00   -2.5160e+00    1.3098e-03    3.0879e-04    1.1338e-03    8.1910e-04
   5.0000e-01    0.0000e+00    3.0000e+00   -1.5000e+00   -2.5981e+00    1.3083e-03   -2.9235e-04    1.2088e-03    2.0832e-04
   5.0000e-01    0.0000e+00    3.0000e+00   -1.3620e+00   -2.6730e+00    1.0822e-03   -7.8348e-04    9.9053e-04   -1.6883e-04
   5.0000e-01    0.0000e+00    3.0000e+00   -1.2202e+00   -2.7406e+00    7.3465e-04   -1.1115e-03    7.7828e-04   -4.3840e-04
   5.0000e-01    0.0000e+00    3.0000e+00   -1.0751e+00   -2.8007e+00    3.4670e-04   -1.2829e-03    4.6858e-04   -5.1879e-04
   5.0000e-01    0.0000e+00    3.0000e+00   -9.2705e-01   -2.8532e+00   -1.8838e-05   -1.3255e-03    1.5570e-04   -6.5815e-04
   5.0000e-01    0.0000e+00    3.0000e+00   -7.7646e-01   -2.8978e+00   -3.3409e-04   -1.2802e-03   -1.2071e-04   -5.5475e-04
   5.0000e-01    0.0000e+00    3.0000e+00   -6.2374e-01   -2.9344e+00   -5.6819e-04   -1.1928e-03   -2.3946e-04   -4.2139e-04
   5.0000e-01    0.0000e+00    3.0000e+00   -4.6930e-01   -2.9631e+00   -7.4048e-04   -1.0921e-03   -4.1529e-04   -2.9753e-04
   5.0000e-01    0.0000e+00    3.0000e+00   -3.1359e-01   -2.9836e+00   -8.4724e-04   -1.0101e-03   -4.6684e-04   -2.5178e-04
   5.0000e-01    0.0000e+00    3.0000e+00   -1.5701e-01   -2.9959e+00   -9.1235e-04   -9.5109e-04   -4.5181e-04   -1.8219e-04
   5.0000e-01    0.0000e+00    3.0000e+00    0.0000e+00   -3.0000e+00   -9.4103e-04   -9.2224e-04   -4.1298e-04   -1.0819e-04
   5.0000e-01    0.0000e+00    3.0000e+00    1.5701e-01   -2.9959e+00   -9.1235e-04   -9.5109e-04   -5.1227e-04   -2.2039e-04
   5.0000e-01    0.0000e+00    3.0000e+00    3.1359e-01   -2.9836e+00   -8.4724e-04   -1.0101e-03   -3.8382e-04   -2.3386e-04
   5.0000e-01    0.0000e+00    3.0000e+00    4.6930e-01   -2.9631e+00   -7.4048e-04   -1.0921e-03   -3.4019e-04   -3.2666e-04
   5.0000e-01    0.0000e+00    3.0000e+00    6.2374e-01   -2.9344e+00   -5.6819e-04   -1.1928e-03   -2.0762e-04   -4.0635e-04
   5.0000e-01    0.0000e+00    3.0000e+00    7.7646e-01   -2.8978e+00   -3.3409e-04   -1.2802e-03   -6.1634e-05   -5.6156e-04
   5.0000e-01    0.0000e+00    3.0000e+00    9.2705e-01   -2.8532e+00   -1.8838e-05   -1.3255e-03    1.6156e-04   -6.5708e-04
   5.0000e-01    0.0000e+00    3.0000e+00    1.0751e+00   -2.8007e+00    3.4670e-04   -1.2829e-03    4.1189e-04   -5.9861e-04
   5.0000e-01    0.0000e+00    3.0000e+00    1.2202e+00   -2.7406e+00    7.3465e-04   -1.1115e-03    6.9882e-04   -4.6674e-04
   5.0000e-01    0.0000e+00    3.0000e+00    1.3620e+00   -2.6730e+00    1.0822e-03   -7.8348e-04    9.2830e-04   -9.0750e-05
   5.0000e-01    0.0000e+00    3.0000e+00    1.5000e+00   -2.5981e+00    1.3083e-03   -2.9235e-04    1.1596e-03    3.0235e-04
   5.0000e-01    0.0000e+00    3.0000e+00    1.6339e+00   -2.5160e+00    1.3098e-03    3.0879e-04    1.1394e-03    8.9804e-04
   5.0000e-01    0.0000e+00    3.0000e+00    1.7634e+00   -2.4271e+00    1.0197e-03    8.8620e-04    8.5592e-04    1.3582e-03
   5.0000e-01    0.0000e+00    3.0000e+00    1.8880e+00   -2.3314e+00    4.4494e-04    1.2819e-03    2.3156e-04    1.6698e-03
   5.0000e-01    0.0000e+00    3.0000e+00    2.0074e+00   -2.2294e+00   -3.2758e-04    1.3239e-03   -5.1286e-04    1.6726e-03
   5.0000e-01    0.0000e+00    3.0000e+00    2.1213e+00   -2.1213e+00   -1.0381e-03    8.9551e-04   -1.1889e-03    1.1981e-03
   5.0000e-01    0.0000e+00    3.0000e+00    2.2294e+00   -2.0074e+00   -1.3755e-03    9.2131e-05   -1.4840e-03    3.0930e-04
   5.0000e-01    0.0000e+00    3.0000e+00    2.3314e+00   -1.8880e+00   -1.1343e-03   -7.9780e-04   -1.2107e-03   -7.1913e-04
   5.0000e-01    0.0000e+00    3.0000e+00    2.4271e+00   -1.7634e+00   -3.0993e-04   -1.3611e-03   -3.1220e-04   -1.2338e-03
   5.0000e-01    0.0000e+00    3.0000e+00    2.5160e+00   -1.6339e+00    7.3251e-04   -1.1998e-03    7.7021e-04   -1.2145e-03
   5.0000e-01    0.0000e+00    3.0000e+00    2.5981e+00   -1.5000e+00    1.3812e-03   -3.1295e-04    1.5270e-03   -2.7496e-04
   5.0000e-01    0.0000e+00    3.0000e+00    2.6730e+00   -1.3620e+00    1.1671e-03    8.2095e-04    1.3105e-03    6.8065e-04
   5.0000e-01    0.0000e+00    3.0000e+00    2.7406e+00   -1.2202e+00    1.0504e-04    1.4354e-03    3.1705e-04    1.3885e-03
   5.0000e-01    0.0000e+00    3.0000e+00    2.8007e+00   -1.0751e+00   -1.0814e-03    9.6874e-04   -8.1217e-04    9.2057e-04
   5.0000e-01    0.0000e+00    3.0000e+00    2.8532e+00   -9.2705e-01   -1.4285e-03   -3.2559e-04   -1.1481e-03   -3.6130e-04
   5.0000e-01    0.0000e+00    3.0000e+00    2.8978e+00   -7.7646e-01   -5.3535e-04   -1.3791e-03   -2.5720e-04   -1.3403e-03
   5.0000e-01    0.0000e+00    3.0000e+00    2.9344e+00   -6.2374e-01    9.0310e-04   -1.1913e-03    1.2315e-03   -1.1809e-03
   5.0000e-01    0.0000e+00    3.0000e+00    2.9631e+00   -4.6930e-01    1.4979e-03    2.0055e-04    1.8495e-03    3.3679e-04
   5.0000e-01    0.0000e+00    3.0000e+00    2.9836e+00   -3.1359e-01    5.1821e-04    1.4382e-03    8.0502e-04    1.5953e-03
   5.0000e-01    0.0000e+00    3.0000e+00    2.9959e+00   -1.5701e-01   -1.0734e-03    1.1146e-03   -8.2805e-04    1.2811e-03
   5.0000e-01   -1.5000e+00    2.6000e+00    3.0000e+00    0.0000e+00    1.3751e-03   -3.3753e-04    1.5363e-03   -5.2086e-04
   5.0000e-01   -1.5000e+00    2.6000e+00    2.9959e+00    1.5701e-01    1.1688e-03    8.1876e-04    1.3107e-03    4.8164e-04
   5.0000e-01   -1.5000e+00    2.6000e+00    2.9836e+00    3.1359e-01    1.1750e-04    1.4338e-03    2.9834e-04    1.1396e-03
   5.0000e-01   -1.5000e+00    2.6000e+00    2.9631e+00    4.6930e-01   -1.0709e-03    9.7946e-04   -8.6260e-04    6.1880e-04
   5.0000e-01   -1.5000e+00    2.6000e+00    2.9344e+00    6.2374e-01   -1.4321e-03   -3.0858e-04   -1.1781e-03   -6.6574e-04
   5.0000e-01   -1.5000e+00    2.6000e+00    2.8978e+00    7.7646e-01   -5.4772e-04   -1.3739e-03   -2.3383e-04   -1.6380e-03
   5.0000e-01   -1.5000e+00    2.6000e+00    2.8532e+00    9.2705e-01    8.9316e-04   -1.1982e-03    1.1915e-03   -1.4836e-03
   5.0000e-01   -1.5000e+00    2.6000e+00    2.8007e+00    1.0751e+00    1.4993e-03    1.8826e-04    1.7813e-03    2.7893e-05
   5.0000e-01   -1.5000e+00    2.6000e+00    2.7406e+00    1.2202e+00    5.4229e-04    1.4291e-03    7.3134e-04    1.3020e-03
   5.0000e-01   -1.5000e+00    2.6000e+00    2.6730e+00    1.3620e+00   -1.0600e-03    1.1265e-03   -7.4749e-04    1.1385e-03
   5.0000e-01   -1.5000e+00    2.6000e+00    2.5981e+00    1.5000e+00   -1.4816e-03   -5.0914e-04   -1.2751e-03   -4.7038e-04
   5.0000e-01   -1.5000e+00    2.6000e+00    2.5160e+00    1.6339e+00   -9.1230e-05   -1.5855e-03    1.7031e-04   -1.4211e-03
   5.0000e-01   -1.5000e+00    2.6000e+00    2.4271e+00    1.7634e+00    1.4697e-03   -6.5840e-04    1.5950e-03   -5.2953e-04
   5.0000e-01   -1.5000e+00    2.6000e+00    2.3314e+00    1.8880e+00    1.1270e-03    1.1839e-03    1.2997e-03    1.4928e-03
   5.0000e-01   -1.5000e+00    2.6000e+00    2.2294e+00    2.0074e+00   -8.0761e-04    1.4513e-03   -6.8418e-04    1.8080e-03
   5.0000e-01   -1.5000e+00    2.6000e+00    2.1213e+00    2.1213e+00   -1.6422e-03   -3.9365e-04   -1.5084e-03    1.0087e-04
   5.0000e-01   -1.5000e+00    2.6000e+00    2.0074e+00    2.2294e+00   -3.1695e-05   -1.7180e-03    -1.1421e-05   -1.2197e-03
   5.0000e-01   -1.5000e+00    2.6000e+00    1.8880e+00    2.3314e+00    1.6948e-03   -4.3737e-04    1.6508e-03    1.6131e-04
   5.0000e-01   -1.5000e+00    2.6000e+00    1.7634e+00    2.4271e+00    7.7948e-04    1.6058e-03    6.7311e-04    2.1210e-03
   5.0000e-01   -1.5000e+00    2.6000e+00    1.6339e+00    2.5160e+00   -1.4775e-03    1.0672e-03   -1.6163e-03    1.5904e-03
   5.0000e-01   -1.5000e+00    2.6000e+00    1.5000e+00    2.5981e+00   -1.3162e-03   -1.3193e-03   -1.4172e-03   -6.7463e-04
   5.0000e-01   -1.5000e+00    2.6000e+00    1.3620e+00    2.6730e+00    1.1473e-03   -1.5231e-03    9.6376e-04   -1.0024e-03
   5.0000e-01   -1.5000e+00    2.6000e+00    1.2202e+00    2.7406e+00    1.6790e-03    1.0031e-03    1.4691e-03    1.4658e-03
   5.0000e-01   -1.5000e+00    2.6000e+00    1.0751e+00    2.8007e+00   -8.5948e-04    1.8151e-03   -1.0825e-03    2.2661e-03
   5.0000e-01   -1.5000e+00    2.6000e+00    9.2705e-01    2.8532e+00   -1.9241e-03   -7.5239e-04   -2.2136e-03   -3.7942e-04
   5.0000e-01   -1.5000e+00    2.6000e+00    7.7646e-01    2.8978e+00    6.4339e-04   -2.0301e-03    3.0781e-04   -1.7467e-03
   5.0000e-01   -1.5000e+00    2.6000e+00    6.2374e-01    2.9344e+00    2.1253e-03    5.7127e-04    1.7789e-03    8.9291e-04
   5.0000e-01   -1.5000e+00    2.6000e+00    4.6930e-01    2.9631e+00   -5.4452e-04    2.2146e-03   -9.7449e-04    2.4081e-03
   5.0000e-01   -1.5000e+00    2.6000e+00    3.1359e-01    2.9836e+00   -2.3052e-03   -5.5173e-04   -2.6897e-03   -3.8428e-04
   5.0000e-01   -1.5000e+00    2.6000e+00    1.5701e-01    2.9959e+00    5.6829e-04   -2.4061e-03    1.9817e-04   -2.2719e-03
   5.0000e-01   -1.5000e+00    2.6000e+00    0.0000e+00    3.0000e+00    2.5114e-03    6.3483e-04    2.1602e-03    7.3588e-04
   5.0000e-01   -1.5000e+00    2.6000e+00   -2.5981e+00    1.5000e+00    2.5249e-03    5.7145e-04    2.1750e-03    5.0130e-04
   5.0000e-01   -1.5000e+00    2.6000e+00   -2.6730e+00    1.3620e+00    5.2353e-04   -2.4153e-03    2.9245e-04   -2.4899e-03
   5.0000e-01   -1.5000e+00    2.6000e+00   -2.7406e+00    1.2202e+00   -2.3185e-03   -4.8996e-04   -2.6439e-03   -5.6360e-04
   5.0000e-01   -1.5000e+00    2.6000e+00   -2.8007e+00    1.0751e+00   -5.0382e-04    2.2239e-03   -7.1038e-04    2.1124e-03
   5.0000e-01   -1.5000e+00    2.6000e+00   -2.8532e+00    9.2705e-01    2.1349e-03    5.3161e-04    1.9600e-03    5.2029e-04
   5.0000e-01   -1.5000e+00    2.6000e+00   -2.8978e+00    7.7646e-01    6.0739e-04   -2.0407e-03    5.5228e-04   -2.0794e-03
   5.0000e-01   -1.5000e+00    2.6000e+00   -2.9344e+00    6.2374e-01   -1.9382e-03   -7.1461e-04   -1.9616e-03   -7.4887e-04
   5.0000e-01   -1.5000e+00    2.6000e+00   -2.9631e+00    4.6930e-01   -8.2701e-04    1.8294e-03   -8.0006e-04    1.8684e-03
   5.0000e-01   -1.5000e+00    2.6000e+00   -2.9836e+00    3.1359e-01    1.6981e-03    9.6838e-04    1.8708e-03    9.8778e-04
   5.0000e-01   -1.5000e+00    2.6000e+00   -2.9959e+00    1.5701e-01    1.1314e-03   -1.5352e-03    1.3424e-03   -1.4805e-03
   5.0000e-01   -1.5000e+00    2.6000e+00   -3.0000e+00    0.0000e+00   -1.3483e-03   -1.2855e-03   -9.8369e-04   -1.3446e-03
   5.0000e-01   -1.5000e+00    2.6000e+00   -2.9959e+00   -1.5701e-01   -1.4612e-03    1.0892e-03   -1.0096e-03    1.0763e-03
   5.0000e-01   -1.5000e+00    2.6000e+00   -2.9836e+00   -3.1359e-01    7.8773e-04    1.6019e-03    1.2798e-03    1.4855e-03
   5.0000e-01   -1.5000e+00    2.6000e+00   -2.9631e+00   -4.6930e-01    1.6911e-03   -4.5204e-04    2.1690e-03   -4.8314e-04
   5.0000e-01   -1.5000e+00    2.6000e+00   -2.9344e+00   -6.2374e-01   -6.6153e-05   -1.7170e-03    4.6818e-04   -1.7866e-03
   5.0000e-01   -1.5000e+00    2.6000e+00   -2.8978e+00   -7.7646e-01   -1.6494e-03   -3.5984e-04   -1.1338e-03   -5.5300e-04
   5.0000e-01   -1.5000e+00    2.6000e+00   -2.8532e+00   -9.2705e-01   -7.9794e-04    1.4563e-03   -1.8107e-04    1.3250e-03
   5.0000e-01   -1.5000e+00    2.6000e+00   -2.8007e+00   -1.0751e+00    1.1381e-03    1.1738e-03    1.6251e-03    9.8563e-04
   5.0000e-01   -1.5000e+00    2.6000e+00   -2.7406e+00   -1.2202e+00    1.4607e-03   -6.7889e-04    1.8487e-03   -8.8591e-04
   5.0000e-01   -1.5000e+00    2.6000e+00   -2.6730e+00   -1.3620e+00   -1.2656e-04   -1.5824e-03    2.3372e-04   -1.8362e-03
   5.0000e-01   -1.5000e+00    2.6000e+00   -2.5981e+00   -1.5000e+00   -1.4881e-03   -4.9040e-04   -1.2691e-03   -7.9899e-04
   5.0000e-01   -1.5000e+00    2.6000e+00   -2.5160e+00   -1.6339e+00   -1.0478e-03    1.1377e-03   -9.0425e-04    9.3577e-04
   5.0000e-01   -1.5000e+00    2.6000e+00   -2.4271e+00   -1.7634e+00    5.6453e-04    1.4198e-03    5.0403e-04    1.1784e-03
   5.0000e-01   -1.5000e+00    2.6000e+00   -2.3314e+00   -1.8880e+00    1.5025e-03    1.5483e-04    1.3648e-03   -7.1164e-05
   5.0000e-01   -1.5000e+00    2.6000e+00   -2.2294e+00   -2.0074e+00    8.8005e-04   -1.2074e-03    5.8090e-04   -1.4006e-03
   5.0000e-01   -1.5000e+00    2.6000e+00   -2.1213e+00   -2.1213e+00   -5.5625e-04   -1.3704e-03   -1.0149e-03   -1.4821e-03
   5.0000e-01   -1.5000e+00    2.6000e+00   -2.0074e+00   -2.2294e+00   -1.4371e-03   -2.8278e-04   -1.9700e-03   -3.7874e-04
   5.0000e-01   -1.5000e+00    2.6000e+00   -1.8880e+00   -2.3314e+00   -1.0509e-03    1.0002e-03   -1.6534e-03    9.2212e-04
   5.0000e-01   -1.5000e+00    2.6000e+00   -1.7634e+00   -2.4271e+00    1.3889e-04    1.4315e-03   -5.0435e-04    1.3638e-03
   5.0000e-01   -1.5000e+00    2.6000e+00   -1.6339e+00   -2.5160e+00    1.1783e-03    8.0437e-04    5.4643e-04    7.8710e-04
   5.0000e-01   -1.5000e+00    2.6000e+00   -1.5000e+00   -2.5981e+00    1.3726e-03   -3.4526e-04    7.4735e-04   -2.9929e-04
   5.0000e-01   -1.5000e+00    2.6000e+00   -1.3620e+00   -2.6730e+00    6.9868e-04   -1.2190e-03    1.1288e-04   -1.1952e-03
   5.0000e-01   -1.5000e+00    2.6000e+00   -1.2202e+00   -2.7406e+00   -3.3739e-04   -1.3542e-03   -8.9713e-04   -1.3021e-03
   5.0000e-01   -1.5000e+00    2.6000e+00   -1.0751e+00   -2.8007e+00   -1.1440e-03   -7.8363e-04   -1.6629e-03   -7.3791e-04
   5.0000e-01   -1.5000e+00    2.6000e+00   -9.2705e-01   -2.8532e+00   -1.3726e-03    1.2285e-04   -1.8244e-03    2.3071e-04
   5.0000e-01   -1.5000e+00    2.6000e+00   -7.7646e-01   -2.8978e+00   -1.0105e-03    9.2567e-04   -1.3594e-03    9.9252e-04
   5.0000e-01   -1.5000e+00    2.6000e+00   -6.2374e-01   -2.9344e+00   -3.0380e-04    1.3292e-03   -5.0037e-04    1.4451e-03
   5.0000e-01   -1.5000e+00    2.6000e+00   -4.6930e-01   -2.9631e+00    4.6082e-04    1.2760e-03    2.9920e-04    1.3923e-03
   5.0000e-01   -1.5000e+00    2.6000e+00   -3.1359e-01   -2.9836e+00    1.0333e-03    8.7002e-04    1.0779e-03    1.0374e-03
   5.0000e-01   -1.5000e+00    2.6000e+00   -1.5701e-01   -2.9959e+00    1.3156e-03    2.8222e-04    1.4125e-03    3.8375e-04
   5.0000e-01   -1.5000e+00    2.6000e+00    0.0000e+00   -3.0000e+00    1.3015e-03   -3.2094e-04    1.5183e-03   -1.0177e-04
   5.0000e-01   -1.5000e+00    2.6000e+00    1.5701e-01   -2.9959e+00    1.0729e-03   -7.9643e-04    1.4362e-03   -6.8025e-04
   5.0000e-01   -1.5000e+00    2.6000e+00    3.1359e-01   -2.9836e+00    7.2163e-04   -1.1196e-03    1.1840e-03   -9.5581e-04
   5.0000e-01   -1.5000e+00    2.6000e+00    4.6930e-01   -2.9631e+00    3.2275e-04   -1.2887e-03    9.1115e-04   -9.5588e-04
   5.0000e-01   -1.5000e+00    2.6000e+00    6.2374e-01   -2.9344e+00   -4.4490e-05   -1.3249e-03    5.2329e-04   -9.5587e-04
   5.0000e-01   -1.5000e+00    2.6000e+00    7.7646e-01   -2.8978e+00   -3.5589e-04   -1.2742e-03    3.0538e-04   -8.5700e-04
   5.0000e-01   -1.5000e+00    2.6000e+00    9.2705e-01   -2.8532e+00   -5.8517e-04   -1.1844e-03    9.9054e-05   -6.6761e-04
   5.0000e-01   -1.5000e+00    2.6000e+00    1.0751e+00   -2.8007e+00   -7.5739e-04   -1.0808e-03   -8.5689e-05   -4.1283e-04
   5.0000e-01   -1.5000e+00    2.6000e+00    1.2202e+00   -2.7406e+00   -8.6842e-04   -9.9226e-04   -2.7093e-04   -2.8971e-04
   5.0000e-01   -1.5000e+00    2.6000e+00    1.3620e+00   -2.6730e+00   -9.3393e-04   -9.2945e-04   -3.3407e-04   -1.4657e-04
   5.0000e-01   -1.5000e+00    2.6000e+00    1.5000e+00   -2.5981e+00   -9.5032e-04   -9.1263e-04   -3.7075e-04    6.5114e-05
   5.0000e-01   -1.5000e+00    2.6000e+00    1.6339e+00   -2.5160e+00   -9.2580e-04   -9.3803e-04   -4.0476e-04    2.0492e-05
   5.0000e-01   -1.5000e+00    2.6000e+00    1.7634e+00   -2.4271e+00   -8.6831e-04   -9.9206e-04   -4.2249e-04    7.2412e-05
   5.0000e-01   -1.5000e+00    2.6000e+00    1.8880e+00   -2.3314e+00   -7.6520e-04   -1.0749e-03   -3.9419e-04    -1.8568e-05
   5.0000e-01   -1.5000e+00    2.6000e+00    2.0074e+00   -2.2294e+00   -5.8581e-04   -1.1844e-03   -2.2734e-04   -3.3844e-05
   5.0000e-01   -1.5000e+00    2.6000e+00    2.1213e+00   -2.1213e+00   -3.3918e-04   -1.2793e-03   -1.4718e-04   -5.0231e-05
   5.0000e-01   -1.5000e+00    2.6000e+00    2.2294e+00   -2.0074e+00   -3.7765e-05   -1.3252e-03    3.0047e-05   -2.2932e-04
   5.0000e-01   -1.5000e+00    2.6000e+00    2.3314e+00   -1.8880e+00    3.1783e-04   -1.2901e-03    2.9871e-04   -1.4865e-04
   5.0000e-01   -1.5000e+00    2.6000e+00    2.4271e+00   -1.7634e+00    7.1905e-04   -1.1216e-03    6.1820e-04   -3.4767e-05
   5.0000e-01   -1.5000e+00    2.6000e+00    2.5160e+00   -1.6339e+00    1.0785e-03   -7.8904e-04    9.0600e-04    1.0619e-04
   5.0000e-01   -1.5000e+00    2.6000e+00    2.5981e+00   -1.5000e+00    1.3052e-03   -3.0681e-04    1.0813e-03    5.7505e-04
   5.0000e-01   -1.5000e+00    2.6000e+00    2.6730e+00   -1.3620e+00    1.3155e-03    2.8246e-04    1.1397e-03    1.0942e-03
   5.0000e-01   -1.5000e+00    2.6000e+00    2.7406e+00   -1.2202e+00    1.0287e-03    8.7632e-04    8.0594e-04    1.5418e-03
   5.0000e-01   -1.5000e+00    2.6000e+00    2.8007e+00   -1.0751e+00    4.4779e-04    1.2814e-03    1.1594e-04    1.8024e-03
   5.0000e-01   -1.5000e+00    2.6000e+00    2.8532e+00   -9.2705e-01   -3.2064e-04    1.3256e-03   -5.2661e-04    1.6929e-03
   5.0000e-01   -1.5000e+00    2.6000e+00    2.8978e+00   -7.7646e-01   -1.0206e-03    9.1513e-04   -1.2145e-03    1.2008e-03
   5.0000e-01   -1.5000e+00    2.6000e+00    2.9344e+00   -6.2374e-01   -1.3743e-03    1.0938e-04   -1.4523e-03    3.1377e-04
   5.0000e-01   -1.5000e+00    2.6000e+00    2.9631e+00   -4.6930e-01   -1.1355e-03   -7.9642e-04   -1.2098e-03   -8.1120e-04
   5.0000e-01   -1.5000e+00    2.6000e+00    2.9836e+00   -3.1359e-01   -3.1029e-04   -1.3610e-03   -2.4644e-04   -1.4579e-03
   5.0000e-01   -1.5000e+00    2.6000e+00    2.9959e+00   -1.5701e-01    7.2073e-04   -1.2068e-03    7.4958e-04   -1.4293e-03
   5.0000e-01   -2.6000e+00    1.5000e+00    3.0000e+00    0.0000e+00    1.3004e-03   -3.2533e-04    1.4373e-03    2.5252e-04
   5.0000e-01   -2.6000e+00    1.5000e+00    2.9959e+00    1.5701e-01    1.3156e-03    2.8222e-04    1.4239e-03    6.7373e-04
   5.0000e-01   -2.6000e+00    1.5000e+00    2.9836e+00    3.1359e-01    1.0333e-03    8.7002e-04    1.0835e-03    1.0970e-03
   5.0000e-01   -2.6000e+00    1.5000e+00    2.9631e+00    4.6930e-01    4.6082e-04    1.2760e-03    4.6097e-04    1.3479e-03
   5.0000e-01   -2.6000e+00    1.5000e+00    2.9344e+00    6.2374e-01   -3.0380e-04    1.3292e-03   -3.4005e-04    1.1879e-03
   5.0000e-01   -2.6000e+00    1.5000e+00    2.8978e+00    7.7646e-01   -1.0105e-03    9.2567e-04   -1.1454e-03    6.4292e-04
   5.0000e-01   -2.6000e+00    1.5000e+00    2.8532e+00    9.2705e-01   -1.3726e-03    1.2285e-04   -1.5426e-03   -3.4897e-04
   5.0000e-01   -2.6000e+00    1.5000e+00    2.8007e+00    1.0751e+00   -1.1440e-03   -7.8363e-04   -1.3441e-03   -1.3024e-03
   5.0000e-01   -2.6000e+00    1.5000e+00    2.7406e+00    1.2202e+00   -3.3739e-04   -1.3542e-03   -5.5745e-04   -2.0402e-03
   5.0000e-01   -2.6000e+00    1.5000e+00    2.6730e+00    1.3620e+00    6.9868e-04   -1.2190e-03    5.4352e-04   -1.9804e-03
   5.0000e-01   -2.6000e+00    1.5000e+00    2.5981e+00    1.5000e+00    1.3726e-03   -3.4526e-04    1.2123e-03   -1.1919e-03
   5.0000e-01   -2.6000e+00    1.5000e+00    2.5160e+00    1.6339e+00    1.1783e-03    8.0437e-04    1.0496e-03   -1.7296e-04
   5.0000e-01   -2.6000e+00    1.5000e+00    2.4271e+00    1.7634e+00    1.3889e-04    1.4315e-03    2.8239e-05    6.2168e-04
   5.0000e-01   -2.6000e+00    1.5000e+00    2.3314e+00    1.8880e+00   -1.0509e-03    1.0002e-03   -1.1182e-03    1.8544e-04
   5.0000e-01   -2.6000e+00    1.5000e+00    2.2294e+00    2.0074e+00   -1.4371e-03   -2.8278e-04   -1.3097e-03   -1.0688e-03
   5.0000e-01   -2.6000e+00    1.5000e+00    2.1213e+00    2.1213e+00   -5.5625e-04   -1.3704e-03   -4.9051e-04   -2.0308e-03
   5.0000e-01   -2.6000e+00    1.5000e+00    2.0074e+00    2.2294e+00    8.8005e-04   -1.2074e-03    9.3515e-04   -1.7729e-03
   5.0000e-01   -2.6000e+00    1.5000e+00    1.8880e+00    2.3314e+00    1.5025e-03    1.5483e-04    1.6193e-03   -2.2437e-04
   5.0000e-01   -2.6000e+00    1.5000e+00    1.7634e+00    2.4271e+00    5.6453e-04    1.4198e-03    7.6359e-04    1.0814e-03
   5.0000e-01   -2.6000e+00    1.5000e+00    1.6339e+00    2.5160e+00   -1.0478e-03    1.1377e-03   -7.8454e-04    1.0638e-03
   5.0000e-01   -2.6000e+00    1.5000e+00    1.5000e+00    2.5981e+00   -1.4881e-03   -4.9040e-04   -1.2588e-03   -4.2715e-04
   5.0000e-01   -2.6000e+00    1.5000e+00    1.3620e+00    2.6730e+00   -1.2656e-04   -1.5824e-03    1.4030e-04   -1.4633e-03
   5.0000e-01   -2.6000e+00    1.5000e+00    1.2202e+00    2.7406e+00    1.4607e-03   -6.7889e-04    1.7062e-03   -4.0363e-04
   5.0000e-01   -2.6000e+00    1.5000e+00    1.0751e+00    2.8007e+00    1.1381e-03    1.1738e-03    1.3237e-03    1.4952e-03
   5.0000e-01   -2.6000e+00    1.5000e+00    9.2705e-01    2.8532e+00   -7.9794e-04    1.4563e-03   -5.8824e-04    1.9763e-03
   5.0000e-01   -2.6000e+00    1.5000e+00    7.7646e-01    2.8978e+00   -1.6494e-03   -3.5984e-04   -1.4806e-03    1.2486e-04
   5.0000e-01   -2.6000e+00    1.5000e+00    6.2374e-01    2.9344e+00   -6.6153e-05   -1.7170e-03    3.3276e-05   -1.2268e-03
   5.0000e-01   -2.6000e+00    1.5000e+00    4.6930e-01    2.9631e+00    1.6911e-03   -4.5204e-04    1.7938e-03    3.4121e-05
   5.0000e-01   -2.6000e+00    1.5000e+00    3.1359e-01    2.9836e+00    7.8773e-04    1.6019e-03    8.4124e-04    2.0814e-03
   5.0000e-01   -2.6000e+00    1.5000e+00    1.5701e-01    2.9959e+00   -1.4612e-03    1.0892e-03   -1.4311e-03    1.5815e-03
   5.0000e-01   -2.6000e+00    1.5000e+00    0.0000e+00    3.0000e+00   -1.3339e-03   -1.3009e-03   -1.2274e-03   -9.3621e-04
   5.0000e-01   -2.6000e+00    1.5000e+00   -1.5701e-01    2.9959e+00    1.1314e-03   -1.5352e-03    1.1150e-03   -1.1839e-03
   5.0000e-01   -2.6000e+00    1.5000e+00   -3.1359e-01    2.9836e+00    1.6981e-03    9.6838e-04    1.6905e-03    1.2083e-03
   5.0000e-01   -2.6000e+00    1.5000e+00   -4.6930e-01    2.9631e+00   -8.2701e-04    1.8294e-03   -9.0544e-04    2.0538e-03
   5.0000e-01   -2.6000e+00    1.5000e+00   -6.2374e-01    2.9344e+00   -1.9382e-03   -7.1461e-04   -2.0869e-03   -4.9350e-04
   5.0000e-01   -2.6000e+00    1.5000e+00   -7.7646e-01    2.8978e+00    6.0739e-04   -2.0407e-03    5.0255e-04   -1.9764e-03
   5.0000e-01   -2.6000e+00    1.5000e+00   -9.2705e-01    2.8532e+00    2.1349e-03    5.3161e-04    1.9798e-03    5.1256e-04
   5.0000e-01   -2.6000e+00    1.5000e+00   -1.0751e+00    2.8007e+00   -5.0382e-04    2.2239e-03   -6.1800e-04    2.1992e-03
   5.0000e-01   -2.6000e+00    1.5000e+00   -1.2202e+00    2.7406e+00   -2.3185e-03   -4.8996e-04   -2.5533e-03   -4.7653e-04
   5.0000e-01   -2.6000e+00    1.5000e+00   -1.3620e+00    2.6730e+00    5.2353e-04   -2.4153e-03    3.1021e-04   -2.4962e-03
   5.0000e-01   -2.6000e+00    1.5000e+00   -1.5000e+00    2.5981e+00    2.5249e-03    5.7145e-04    2.2560e-03    4.7646e-04
   5.0000e-01   -2.6000e+00    1.5000e+00   -3.0000e+00    0.0000e+00    2.5182e-03    6.0279e-04    2.9137e-03    9.6659e-04
   5.0000e-01   -2.6000e+00    1.5000e+00   -2.9959e+00   -1.5701e-01    5.6829e-04   -2.4061e-03    1.0427e-03   -2.0298e-03
   5.0000e-01   -2.6000e+00    1.5000e+00   -2.9836e+00   -3.1359e-01   -2.3052e-03   -5.5173e-04   -1.7205e-03   -3.4569e-04
   5.0000e-01   -2.6000e+00    1.5000e+00   -2.9631e+00   -4.6930e-01   -5.4452e-04    2.2146e-03    8.9221e-05    2.4924e-03
   5.0000e-01   -2.6000e+00    1.5000e+00   -2.9344e+00   -6.2374e-01    2.1253e-03    5.7127e-04    2.6908e-03    7.4642e-04
   5.0000e-01   -2.6000e+00    1.5000e+00   -2.8978e+00   -7.7646e-01    6.4339e-04   -2.0301e-03    1.1428e-03   -1.8380e-03
   5.0000e-01   -2.6000e+00    1.5000e+00   -2.8532e+00   -9.2705e-01   -1.9241e-03   -7.5239e-04   -1.4040e-03   -6.1550e-04
   5.0000e-01   -2.6000e+00    1.5000e+00   -2.8007e+00   -1.0751e+00   -8.5948e-04    1.8151e-03   -3.3467e-04    1.8330e-03
   5.0000e-01   -2.6000e+00    1.5000e+00   -2.7406e+00   -1.2202e+00    1.6790e-03    1.0031e-03    2.2030e-03    1.0794e-03
   5.0000e-01   -2.6000e+00    1.5000e+00   -2.6730e+00   -1.3620e+00    1.1473e-03   -1.5231e-03    1.5779e-03   -1.4483e-03
   5.0000e-01   -2.6000e+00    1.5000e+00   -2.5981e+00   -1.5000e+00   -1.3162e-03   -1.3193e-03   -8.2750e-04   -1.2628e-03
   5.0000e-01   -2.6000e+00    1.5000e+00   -2.5160e+00   -1.6339e+00   -1.4775e-03    1.0672e-03   -1.0912e-03    1.0805e-03
   5.0000e-01   -2.6000e+00    1.5000e+00   -2.4271e+00   -1.7634e+00    7.7948e-04    1.6058e-03    1.0608e-03    1.6373e-03
   5.0000e-01   -2.6000e+00    1.5000e+00   -2.3314e+00   -1.8880e+00    1.6948e-03   -4.3737e-04    1.9744e-03   -3.8070e-04
   5.0000e-01   -2.6000e+00    1.5000e+00   -2.2294e+00   -2.0074e+00   -3.1695e-05   -1.7180e-03    1.9911e-04   -1.5509e-03
   5.0000e-01   -2.6000e+00    1.5000e+00   -2.1213e+00   -2.1213e+00   -1.6422e-03   -3.9365e-04   -1.4124e-03   -3.4604e-04
   5.0000e-01   -2.6000e+00    1.5000e+00   -2.0074e+00   -2.2294e+00   -8.0761e-04    1.4513e-03   -6.6612e-04    1.4777e-03
   5.0000e-01   -2.6000e+00    1.5000e+00   -1.8880e+00   -2.3314e+00    1.1270e-03    1.1839e-03    1.2653e-03    1.3020e-03
   5.0000e-01   -2.6000e+00    1.5000e+00   -1.7634e+00   -2.4271e+00    1.4697e-03   -6.5840e-04    1.6326e-03   -5.8973e-04
   5.0000e-01   -2.6000e+00    1.5000e+00   -1.6339e+00   -2.5160e+00   -9.1230e-05   -1.5855e-03    1.0972e-04   -1.4780e-03
   5.0000e-01   -2.6000e+00    1.5000e+00   -1.5000e+00   -2.5981e+00   -1.4816e-03   -5.0914e-04   -1.2781e-03   -4.4232e-04
   5.0000e-01   -2.6000e+00    1.5000e+00   -1.3620e+00   -2.6730e+00   -1.0600e-03    1.1265e-03   -8.5804e-04    1.1160e-03
   5.0000e-01   -2.6000e+00    1.5000e+00   -1.2202e+00   -2.7406e+00    5.4229e-04    1.4291e-03    6.8987e-04    1.4042e-03
   5.0000e-01   -2.6000e+00    1.5000e+00   -1.0751e+00   -2.8007e+00    1.4993e-03    1.8826e-04    1.7012e-03    1.2103e-04
   5.0000e-01   -2.6000e+00    1.5000e+00   -9.2705e-01   -2.8532e+00    8.9316e-04   -1.1982e-03    1.1295e-03   -1.2999e-03
   5.0000e-01   -2.6000e+00    1.5000e+00   -7.7646e-01   -2.8978e+00   -5.4772e-04   -1.3739e-03   -3.4998e-04   -1.5145e-03
   5.0000e-01   -2.6000e+00    1.5000e+00   -6.2374e-01   -2.9344e+00   -1.4321e-03   -3.0858e-04   -1.1714e-03   -5.1696e-04
   5.0000e-01   -2.6000e+00    1.5000e+00   -4.6930e-01   -2.9631e+00   -1.0709e-03    9.7946e-04   -7.9897e-04    7.4856e-04
   5.0000e-01   -2.6000e+00    1.5000e+00   -3.1359e-01   -2.9836e+00    1.1750e-04    1.4338e-03    3.6067e-04    1.1274e-03
   5.0000e-01   -2.6000e+00    1.5000e+00   -1.5701e-01   -2.9959e+00    1.1688e-03    8.1876e-04    1.3922e-03    5.0771e-04
   5.0000e-01   -2.6000e+00    1.5000e+00    0.0000e+00   -3.0000e+00    1.3774e-03   -3.2854e-04    1.4820e-03   -6.6272e-04
   5.0000e-01   -2.6000e+00    1.5000e+00    1.5701e-01   -2.9959e+00    7.2073e-04   -1.2068e-03    8.5334e-04   -1.5813e-03
   5.0000e-01   -2.6000e+00    1.5000e+00    3.1359e-01   -2.9836e+00   -3.1029e-04   -1.3610e-03   -2.7817e-04   -1.7898e-03
   5.0000e-01   -2.6000e+00    1.5000e+00    4.6930e-01   -2.9631e+00   -1.1355e-03   -7.9642e-04   -1.1165e-03   -1.2133e-03
   5.0000e-01   -2.6000e+00    1.5000e+00    6.2374e-01   -2.9344e+00   -1.3743e-03    1.0938e-04   -1.3171e-03   -2.6839e-04
   5.0000e-01   -2.6000e+00    1.5000e+00    7.7646e-01   -2.8978e+00   -1.0206e-03    9.1513e-04   -1.0034e-03    5.0849e-04
   5.0000e-01   -2.6000e+00    1.5000e+00    9.2705e-01   -2.8532e+00   -3.2064e-04    1.3256e-03   -2.8249e-04    9.6750e-04
   5.0000e-01   -2.6000e+00    1.5000e+00    1.0751e+00   -2.8007e+00    4.4779e-04    1.2814e-03    3.9542e-04    1.0152e-03
   5.0000e-01   -2.6000e+00    1.5000e+00    1.2202e+00   -2.7406e+00    1.0287e-03    8.7632e-04    9.4277e-04    6.7253e-04
   5.0000e-01   -2.6000e+00    1.5000e+00    1.3620e+00   -2.6730e+00    1.3155e-03    2.8246e-04    1.2749e-03    2.6395e-04
   5.0000e-01   -2.6000e+00    1.5000e+00    1.5000e+00   -2.5981e+00    1.3052e-03   -3.0681e-04    1.2111e-03   -2.4428e-04
   5.0000e-01   -2.6000e+00    1.5000e+00    1.6339e+00   -2.5160e+00    1.0785e-03   -7.8904e-04    9.3366e-04   -5.9855e-04
   5.0000e-01   -2.6000e+00    1.5000e+00    1.7634e+00   -2.4271e+00    7.1905e-04   -1.1216e-03    5.7135e-04   -7.8736e-04
   5.0000e-01   -2.6000e+00    1.5000e+00    1.8880e+00   -2.3314e+00    3.1783e-04   -1.2901e-03    2.2241e-04   -8.2742e-04
   5.0000e-01   -2.6000e+00    1.5000e+00    2.0074e+00   -2.2294e+00   -3.7765e-05   -1.3252e-03   -1.3386e-04   -6.9008e-04
   5.0000e-01   -2.6000e+00    1.5000e+00    2.1213e+00   -2.1213e+00   -3.3918e-04   -1.2793e-03   -4.1636e-04   -4.5219e-04
   5.0000e-01   -2.6000e+00    1.5000e+00    2.2294e+00   -2.0074e+00   -5.8581e-04   -1.1844e-03   -7.3097e-04   -3.4769e-04
   5.0000e-01   -2.6000e+00    1.5000e+00    2.3314e+00   -1.8880e+00   -7.6520e-04   -1.0749e-03   -8.7562e-04   -7.7502e-05
   5.0000e-01   -2.6000e+00    1.5000e+00    2.4271e+00   -1.7634e+00   -8.6831e-04   -9.9206e-04   -9.7802e-04    9.7715e-05
   5.0000e-01   -2.6000e+00    1.5000e+00    2.5160e+00   -1.6339e+00   -9.2580e-04   -9.3803e-04   -9.2099e-04    2.8722e-04
   5.0000e-01   -2.6000e+00    1.5000e+00    2.5981e+00   -1.5000e+00   -9.5032e-04   -9.1263e-04   -8.7805e-04    3.8238e-04
   5.0000e-01   -2.6000e+00    1.5000e+00    2.6730e+00   -1.3620e+00   -9.3393e-04   -9.2945e-04   -8.4857e-04    3.5288e-04
   5.0000e-01   -2.6000e+00    1.5000e+00    2.7406e+00   -1.2202e+00   -8.6842e-04   -9.9226e-04   -8.0751e-04    3.5952e-04
   5.0000e-01   -2.6000e+00    1.5000e+00    2.8007e+00   -1.0751e+00   -7.5739e-04   -1.0808e-03   -6.1819e-04    1.5180e-04
   5.0000e-01   -2.6000e+00    1.5000e+00    2.8532e+00   -9.2705e-01   -5.8517e-04   -1.1844e-03   -5.0542e-04    4.5015e-05
   5.0000e-01   -2.6000e+00    1.5000e+00    2.8978e+00   -7.7646e-01   -3.5589e-04   -1.2742e-03   -2.2640e-04   -2.2738e-05
   5.0000e-01   -2.6000e+00    1.5000e+00    2.9344e+00   -6.2374e-01   -4.4490e-05   -1.3249e-03    1.9669e-04   -2.0014e-04
   5.0000e-01   -2.6000e+00    1.5000e+00    2.9631e+00   -4.6930e-01    3.2275e-04   -1.2887e-03    5.1150e-04   -2.1518e-04
   5.0000e-01   -2.6000e+00    1.5000e+00    2.9836e+00   -3.1359e-01    7.2163e-04   -1.1196e-03    9.0165e-04   -2.3102e-04
   5.0000e-01   -2.6000e+00    1.5000e+00    2.9959e+00   -1.5701e-01    1.0729e-03   -7.9643e-04    1.2329e-03   -6.4271e-05
   5.0000e-01   -3.0000e+00    0.0000e+00    3.0000e+00    0.0000e+00   -9.4103e-04   -9.2224e-04   -5.8269e-04   -6.6864e-06
   5.0000e-01   -3.0000e+00    0.0000e+00    2.9959e+00    1.5701e-01   -9.1235e-04   -9.5109e-04   -5.7859e-04    -7.3053e-06
   5.0000e-01   -3.0000e+00    0.0000e+00    2.9836e+00    3.1359e-01   -8.4724e-04   -1.0101e-03   -4.9422e-04    -6.3189e-05
   5.0000e-01   -3.0000e+00    0.0000e+00    2.9631e+00    4.6930e-01   -7.4048e-04   -1.0921e-03   -3.7523e-04   -4.7939e-05
   5.0000e-01   -3.0000e+00    0.0000e+00    2.9344e+00    6.2374e-01   -5.6819e-04   -1.1928e-03   -2.2429e-04   -1.9114e-04
   5.0000e-01   -3.0000e+00    0.0000e+00    2.8978e+00    7.7646e-01   -3.3409e-04   -1.2802e-03   -8.3588e-06   -2.4829e-04
   5.0000e-01   -3.0000e+00    0.0000e+00    2.8532e+00    9.2705e-01   -1.8838e-05   -1.3255e-03    2.4661e-04   -3.3164e-04
   5.0000e-01   -3.0000e+00    0.0000e+00    2.8007e+00    1.0751e+00    3.4670e-04   -1.2829e-03    5.4076e-04   -4.3349e-04
   5.0000e-01   -3.0000e+00    0.0000e+00    2.7406e+00    1.2202e+00    7.3465e-04   -1.1115e-03    9.3588e-04   -3.8885e-04
   5.0000e-01   -3.0000e+00    0.0000e+00    2.6730e+00    1.3620e+00    1.0822e-03   -7.8348e-04    1.2511e-03   -1.6578e-05
   5.0000e-01   -3.0000e+00    0.0000e+00    2.5981e+00    1.5000e+00    1.3083e-03   -2.9235e-04    1.4307e-03    2.9625e-04
   5.0000e-01   -3.0000e+00    0.0000e+00    2.5160e+00    1.6339e+00    1.3098e-03    3.0879e-04    1.4496e-03    7.6454e-04
   5.0000e-01   -3.0000e+00    0.0000e+00    2.4271e+00    1.7634e+00    1.0197e-03    8.8620e-04    1.1658e-03    1.1265e-03
   5.0000e-01   -3.0000e+00    0.0000e+00    2.3314e+00    1.8880e+00    4.4494e-04    1.2819e-03    4.7966e-04    1.4392e-03
   5.0000e-01   -3.0000e+00    0.0000e+00    2.2294e+00    2.0074e+00   -3.2758e-04    1.3239e-03   -3.4675e-04    1.3416e-03
   5.0000e-01   -3.0000e+00    0.0000e+00    2.1213e+00    2.1213e+00   -1.0381e-03    8.9551e-04   -9.8912e-04    8.6035e-04
   5.0000e-01   -3.0000e+00    0.0000e+00    2.0074e+00    2.2294e+00   -1.3755e-03    9.2131e-05   -1.2802e-03   -4.3855e-05
   5.0000e-01   -3.0000e+00    0.0000e+00    1.8880e+00    2.3314e+00   -1.1343e-03   -7.9780e-04   -1.0432e-03   -1.0160e-03
   5.0000e-01   -3.0000e+00    0.0000e+00    1.7634e+00    2.4271e+00   -3.0993e-04   -1.3611e-03   -2.1908e-04   -1.5812e-03
   5.0000e-01   -3.0000e+00    0.0000e+00    1.6339e+00    2.5160e+00    7.3251e-04   -1.1998e-03    8.6587e-04   -1.4806e-03
   5.0000e-01   -3.0000e+00    0.0000e+00    1.5000e+00    2.5981e+00    1.3812e-03   -3.1295e-04    1.5042e-03   -5.5163e-04
   5.0000e-01   -3.0000e+00    0.0000e+00    1.3620e+00    2.6730e+00    1.1671e-03    8.2095e-04    1.2929e-03    6.6523e-04
   5.0000e-01   -3.0000e+00    0.0000e+00    1.2202e+00    2.7406e+00    1.0504e-04    1.4354e-03    2.2052e-04    1.2509e-03
   5.0000e-01   -3.0000e+00    0.0000e+00    1.0751e+00    2.8007e+00   -1.0814e-03    9.6874e-04   -9.8442e-04    8.5710e-04
   5.0000e-01   -3.0000e+00    0.0000e+00    9.2705e-01    2.8532e+00   -1.4285e-03   -3.2559e-04   -1.2673e-03   -3.5730e-04
   5.0000e-01   -3.0000e+00    0.0000e+00    7.7646e-01    2.8978e+00   -5.3535e-04   -1.3791e-03   -4.1459e-04   -1.3122e-03
   5.0000e-01   -3.0000e+00    0.0000e+00    6.2374e-01    2.9344e+00    9.0310e-04   -1.1913e-03    1.0597e-03   -1.0669e-03
   5.0000e-01   -3.0000e+00    0.0000e+00    4.6930e-01    2.9631e+00    1.4979e-03    2.0055e-04    1.7414e-03    4.2280e-04
   5.0000e-01   -3.0000e+00    0.0000e+00    3.1359e-01    2.9836e+00    5.1821e-04    1.4382e-03    7.0147e-04    1.6452e-03
   5.0000e-01   -3.0000e+00    0.0000e+00    1.5701e-01    2.9959e+00   -1.0734e-03    1.1146e-03   -8.4564e-04    1.3889e-03
   5.0000e-01   -3.0000e+00    0.0000e+00    0.0000e+00    3.0000e+00   -1.4775e-03   -5.2313e-04   -1.2863e-03   -3.2707e-04
   5.0000e-01   -3.0000e+00    0.0000e+00   -1.5701e-01    2.9959e+00   -8.1925e-05   -1.5863e-03    1.7367e-04   -1.3253e-03
   5.0000e-01   -3.0000e+00    0.0000e+00   -3.1359e-01    2.9836e+00    1.4736e-03   -6.5058e-04    1.7404e-03   -3.8100e-04
   5.0000e-01   -3.0000e+00    0.0000e+00   -4.6930e-01    2.9631e+00    1.1151e-03    1.1960e-03    1.3548e-03    1.4087e-03
   5.0000e-01   -3.0000e+00    0.0000e+00   -6.2374e-01    2.9344e+00   -8.2346e-04    1.4429e-03   -4.9533e-04    1.6449e-03
   5.0000e-01   -3.0000e+00    0.0000e+00   -7.7646e-01    2.8978e+00   -1.6427e-03   -3.9189e-04   -1.3672e-03   -2.2681e-04
   5.0000e-01   -3.0000e+00    0.0000e+00   -9.2705e-01    2.8532e+00   -3.3507e-05   -1.7183e-03    3.0032e-04   -1.5968e-03
   5.0000e-01   -3.0000e+00    0.0000e+00   -1.0751e+00    2.8007e+00    1.6999e-03   -4.2065e-04    2.0947e-03   -2.8789e-04
   5.0000e-01   -3.0000e+00    0.0000e+00   -1.2202e+00    2.7406e+00    7.7302e-04    1.6098e-03    1.0479e-03    1.6814e-03
   5.0000e-01   -3.0000e+00    0.0000e+00   -1.3620e+00    2.6730e+00   -1.4785e-03    1.0662e-03   -1.0877e-03    1.2184e-03
   5.0000e-01   -3.0000e+00    0.0000e+00   -1.5000e+00    2.5981e+00   -1.3169e-03   -1.3184e-03   -1.0104e-03   -1.3201e-03
   5.0000e-01   -3.0000e+00    0.0000e+00   -1.6339e+00    2.5160e+00    1.1592e-03   -1.5151e-03    1.4224e-03   -1.5154e-03
   5.0000e-01   -3.0000e+00    0.0000e+00   -1.7634e+00    2.4271e+00    1.6789e-03    1.0026e-03    2.0013e-03    9.8116e-04
   5.0000e-01   -3.0000e+00    0.0000e+00   -1.8880e+00    2.3314e+00   -8.5223e-04    1.8180e-03   -6.0049e-04    1.8176e-03
   5.0000e-01   -3.0000e+00    0.0000e+00   -2.0074e+00    2.2294e+00   -1.9317e-03   -7.3287e-04   -1.5756e-03   -6.8971e-04
   5.0000e-01   -3.0000e+00    0.0000e+00   -2.1213e+00    2.1213e+00    6.4626e-04   -2.0296e-03    9.4365e-04   -2.0044e-03
   5.0000e-01   -3.0000e+00    0.0000e+00   -2.2294e+00    2.0074e+00    2.1236e-03    5.7803e-04    2.4465e-03    6.4739e-04
   5.0000e-01   -3.0000e+00    0.0000e+00   -2.3314e+00    1.8880e+00   -5.2629e-04    2.2184e-03   -3.2013e-04    2.2875e-03
   5.0000e-01   -3.0000e+00    0.0000e+00   -2.4271e+00    1.7634e+00   -2.3119e-03   -5.2017e-04   -1.9340e-03   -2.5752e-04
   5.0000e-01   -3.0000e+00    0.0000e+00   -2.5160e+00    1.6339e+00    5.5481e-04   -2.4090e-03    9.0712e-04   -2.1434e-03
   5.0000e-01   -3.0000e+00    0.0000e+00   -2.5981e+00    1.5000e+00    2.5167e-03    6.1142e-04    2.9059e-03    9.4307e-04
   5.0000e-01   -3.0000e+00    0.0000e+00   -2.5981e+00   -1.5000e+00    2.5167e-03    6.1142e-04    2.5624e-03    6.4300e-04
   5.0000e-01   -3.0000e+00    0.0000e+00   -2.5160e+00   -1.6339e+00    5.5481e-04   -2.4090e-03    5.4455e-04   -2.4748e-03
   5.0000e-01   -3.0000e+00    0.0000e+00   -2.4271e+00   -1.7634e+00   -2.3119e-03   -5.2017e-04   -2.3745e-03   -5.3752e-04
   5.0000e-01   -3.0000e+00    0.0000e+00   -2.3314e+00   -1.8880e+00   -5.2629e-04    2.2184e-03   -5.8052e-04    2.2361e-03
   5.0000e-01   -3.0000e+00    0.0000e+00   -2.2294e+00   -2.0074e+00    2.1236e-03    5.7803e-04    2.1049e-03    6.5822e-04
   5.0000e-01   -3.0000e+00    0.0000e+00   -2.1213e+00   -2.1213e+00    6.4626e-04   -2.0296e-03    6.8898e-04   -1.9695e-03
   5.0000e-01   -3.0000e+00    0.0000e+00   -2.0074e+00   -2.2294e+00   -1.9317e-03   -7.3287e-04   -1.9241e-03   -6.6312e-04
   5.0000e-01   -3.0000e+00    0.0000e+00   -1.8880e+00   -2.3314e+00   -8.5223e-04    1.8180e-03   -7.2584e-04    1.9257e-03
   5.0000e-01   -3.0000e+00    0.0000e+00   -1.7634e+00   -2.4271e+00    1.6789e-03    1.0026e-03    1.8667e-03    1.1281e-03
   5.0000e-01   -3.0000e+00    0.0000e+00   -1.6339e+00   -2.5160e+00    1.1592e-03   -1.5151e-03    1.3524e-03   -1.4614e-03
   5.0000e-01   -3.0000e+00    0.0000e+00   -1.5000e+00   -2.5981e+00   -1.3169e-03   -1.3184e-03   -1.0561e-03   -1.1124e-03
   5.0000e-01   -3.0000e+00    0.0000e+00   -1.3620e+00   -2.6730e+00   -1.4785e-03    1.0662e-03   -1.0819e-03    1.2968e-03
   5.0000e-01   -3.0000e+00    0.0000e+00   -1.2202e+00   -2.7406e+00    7.7302e-04    1.6098e-03    1.2070e-03    1.8265e-03
   5.0000e-01   -3.0000e+00    0.0000e+00   -1.0751e+00   -2.8007e+00    1.6999e-03   -4.2065e-04    2.1694e-03   -2.5987e-04
   5.0000e-01   -3.0000e+00    0.0000e+00   -9.2705e-01   -2.8532e+00   -3.3507e-05   -1.7183e-03    4.7904e-04   -1.4995e-03
   5.0000e-01   -3.0000e+00    0.0000e+00   -7.7646e-01   -2.8978e+00   -1.6427e-03   -3.9189e-04   -1.1332e-03   -1.7487e-04
   5.0000e-01   -3.0000e+00    0.0000e+00   -6.2374e-01   -2.9344e+00   -8.2346e-04    1.4429e-03   -2.8016e-04    1.7465e-03
   5.0000e-01   -3.0000e+00    0.0000e+00   -4.6930e-01   -2.9631e+00    1.1151e-03    1.1960e-03    1.6937e-03    1.4349e-03
   5.0000e-01   -3.0000e+00    0.0000e+00   -3.1359e-01   -2.9836e+00    1.4736e-03   -6.5058e-04    2.0198e-03   -3.7143e-04
   5.0000e-01   -3.0000e+00    0.0000e+00   -1.5701e-01   -2.9959e+00   -8.1925e-05   -1.5863e-03    3.5853e-04   -1.2729e-03
   5.0000e-01   -3.0000e+00    0.0000e+00    0.0000e+00   -3.0000e+00   -1.4775e-03   -5.2313e-04   -1.0117e-03   -2.3881e-04
   5.0000e-01   -3.0000e+00    0.0000e+00    1.5701e-01   -2.9959e+00   -1.0734e-03    1.1146e-03   -6.5378e-04    1.3923e-03
   5.0000e-01   -3.0000e+00    0.0000e+00    3.1359e-01   -2.9836e+00    5.1821e-04    1.4382e-03    9.6986e-04    1.6700e-03
   5.0000e-01   -3.0000e+00    0.0000e+00    4.6930e-01   -2.9631e+00    1.4979e-03    2.0055e-04    1.8710e-03    3.5976e-04
   5.0000e-01   -3.0000e+00    0.0000e+00    6.2374e-01   -2.9344e+00    9.0310e-04   -1.1913e-03    1.1844e-03   -1.0926e-03
   5.0000e-01   -3.0000e+00    0.0000e+00    7.7646e-01   -2.8978e+00   -5.3535e-04   -1.3791e-03   -2.6517e-04   -1.2417e-03
   5.0000e-01   -3.0000e+00    0.0000e+00    9.2705e-01   -2.8532e+00   -1.4285e-03   -3.2559e-04   -1.2862e-03   -2.8415e-04
   5.0000e-01   -3.0000e+00    0.0000e+00    1.0751e+00   -2.8007e+00   -1.0814e-03    9.6874e-04   -1.0197e-03    9.0264e-04
   5.0000e-01   -3.0000e+00    0.0000e+00    1.2202e+00   -2.7406e+00    1.0504e-04    1.4354e-03    9.6167e-05    1.3188e-03
   5.0000e-01   -3.0000e+00    0.0000e+00    1.3620e+00   -2.6730e+00    1.1671e-03    8.2095e-04    1.0241e-03    7.1029e-04
   5.0000e-01   -3.0000e+00    0.0000e+00    1.5000e+00   -2.5981e+00    1.3812e-03   -3.1295e-04    1.1956e-03   -4.8195e-04
   5.0000e-01   -3.0000e+00    0.0000e+00    1.6339e+00   -2.5160e+00    7.3251e-04   -1.1998e-03    4.0598e-04   -1.4016e-03
   5.0000e-01   -3.0000e+00    0.0000e+00    1.7634e+00   -2.4271e+00   -3.0993e-04   -1.3611e-03   -6.3667e-04   -1.6151e-03
   5.0000e-01   -3.0000e+00    0.0000e+00    1.8880e+00   -2.3314e+00   -1.1343e-03   -7.9780e-04   -1.4710e-03   -1.0434e-03
   5.0000e-01   -3.0000e+00    0.0000e+00    2.0074e+00   -2.2294e+00   -1.3755e-03    9.2131e-05   -1.7910e-03   -1.5060e-04
   5.0000e-01   -3.0000e+00    0.0000e+00    2.1213e+00   -2.1213e+00   -1.0381e-03    8.9551e-04   -1.4925e-03    6.3026e-04
   5.0000e-01   -3.0000e+00    0.0000e+00    2.2294e+00   -2.0074e+00   -3.2758e-04    1.3239e-03   -8.3501e-04    1.1091e-03
   5.0000e-01   -3.0000e+00    0.0000e+00    2.3314e+00   -1.8880e+00    4.4494e-04    1.2819e-03   -5.2131e-05    1.0967e-03
   5.0000e-01   -3.0000e+00    0.0000e+00    2.4271e+00   -1.7634e+00    1.0197e-03    8.8620e-04    5.2758e-04    7.8869e-04
   5.0000e-01   -3.0000e+00    0.0000e+00    2.5160e+00   -1.6339e+00    1.3098e-03    3.0879e-04    7.8751e-04    2.7567e-04
   5.0000e-01   -3.0000e+00    0.0000e+00    2.5981e+00   -1.5000e+00    1.3083e-03   -2.9235e-04    8.3187e-04   -3.0772e-04
   5.0000e-01   -3.0000e+00    0.0000e+00    2.6730e+00   -1.3620e+00    1.0822e-03   -7.8348e-04    6.4665e-04   -7.3960e-04
   5.0000e-01   -3.0000e+00    0.0000e+00    2.7406e+00   -1.2202e+00    7.3465e-04   -1.1115e-03    4.1231e-04   -9.5434e-04
   5.0000e-01   -3.0000e+00    0.0000e+00    2.8007e+00   -1.0751e+00    3.4670e-04   -1.2829e-03    8.2738e-05   -9.9944e-04
   5.0000e-01   -3.0000e+00    0.0000e+00    2.8532e+00   -9.2705e-01   -1.8838e-05   -1.3255e-03   -1.4736e-04   -9.7998e-04
   5.0000e-01   -3.0000e+00    0.0000e+00    2.8978e+00   -7.7646e-01   -3.3409e-04   -1.2802e-03   -4.7519e-04   -8.2630e-04
   5.0000e-01   -3.0000e+00    0.0000e+00    2.9344e+00   -6.2374e-01   -5.6819e-04   -1.1928e-03   -6.1977e-04   -6.9654e-04
   5.0000e-01   -3.0000e+00    0.0000e+00    2.9631e+00   -4.6930e-01   -7.4048e-04   -1.0921e-03   -6.3592e-04   -4.0657e-04
   5.0000e-01   -3.0000e+00    0.0000e+00    2.9836e+00   -3.1359e-01   -8.4724e-04   -1.0101e-03   -7.5836e-04   -3.4697e-04
   5.0000e-01   -3.0000e+00    0.0000e+00    2.9959e+00   -1.5701e-01   -9.1235e-04   -9.5109e-04   -6.9006e-04   -1.1410e-04
   5.0000e-01   -2.6000e+00   -1.5000e+00    3.0000e+00    0.0000e+00    1.3015e-03   -3.2094e-04    7.7833e-04   -3.3225e-04
   5.0000e-01   -2.6000e+00   -1.5000e+00    2.9959e+00    1.5701e-01    1.0729e-03   -7.9643e-04    7.2739e-04   -6.6548e-04
   5.0000e-01   -2.6000e+00   -1.5000e+00    2.9836e+00    3.1359e-01    7.2163e-04   -1.1196e-03    3.8232e-04   -8.8070e-04
   5.0000e-01   -2.6000e+00   -1.5000e+00    2.9631e+00    4.6930e-01    3.2275e-04   -1.2887e-03    9.0533e-05   -9.9857e-04
   5.0000e-01   -2.6000e+00   -1.5000e+00    2.9344e+00    6.2374e-01   -4.4490e-05   -1.3249e-03   -2.3178e-04   -8.8592e-04
   5.0000e-01   -2.6000e+00   -1.5000e+00    2.8978e+00    7.7646e-01   -3.5589e-04   -1.2742e-03   -4.8854e-04   -6.4656e-04
   5.0000e-01   -2.6000e+00   -1.5000e+00    2.8532e+00    9.2705e-01   -5.8517e-04   -1.1844e-03   -5.8841e-04   -4.8022e-04
   5.0000e-01   -2.6000e+00   -1.5000e+00    2.8007e+00    1.0751e+00   -7.5739e-04   -1.0808e-03   -7.3518e-04   -2.1376e-04
   5.0000e-01   -2.6000e+00   -1.5000e+00    2.7406e+00    1.2202e+00   -8.6842e-04   -9.9226e-04   -8.5405e-04    6.3066e-05
   5.0000e-01   -2.6000e+00   -1.5000e+00    2.6730e+00    1.3620e+00   -9.3393e-04   -9.2945e-04   -8.6974e-04    2.3381e-04
   5.0000e-01   -2.6000e+00   -1.5000e+00    2.5981e+00    1.5000e+00   -9.5032e-04   -9.1263e-04   -9.3134e-04    4.1285e-04
   5.0000e-01   -2.6000e+00   -1.5000e+00    2.5160e+00    1.6339e+00   -9.2580e-04   -9.3803e-04   -8.8560e-04    4.3875e-04
   5.0000e-01   -2.6000e+00   -1.5000e+00    2.4271e+00    1.7634e+00   -8.6831e-04   -9.9206e-04   -8.8781e-04    4.0871e-04
   5.0000e-01   -2.6000e+00   -1.5000e+00    2.3314e+00    1.8880e+00   -7.6520e-04   -1.0749e-03   -7.7765e-04    3.5066e-04
   5.0000e-01   -2.6000e+00   -1.5000e+00    2.2294e+00    2.0074e+00   -5.8581e-04   -1.1844e-03   -7.3697e-04    2.0320e-04
   5.0000e-01   -2.6000e+00   -1.5000e+00    2.1213e+00    2.1213e+00   -3.3918e-04   -1.2793e-03   -4.9099e-04    9.5811e-06
   5.0000e-01   -2.6000e+00   -1.5000e+00    2.0074e+00    2.2294e+00   -3.7765e-05   -1.3252e-03   -2.4626e-04    1.9197e-05
   5.0000e-01   -2.6000e+00   -1.5000e+00    1.8880e+00    2.3314e+00    3.1783e-04   -1.2901e-03    8.0518e-05   -7.4158e-05
   5.0000e-01   -2.6000e+00   -1.5000e+00    1.7634e+00    2.4271e+00    7.1905e-04   -1.1216e-03    5.2086e-04    1.1324e-05
   5.0000e-01   -2.6000e+00   -1.5000e+00    1.6339e+00    2.5160e+00    1.0785e-03   -7.8904e-04    8.3686e-04    1.6648e-04
   5.0000e-01   -2.6000e+00   -1.5000e+00    1.5000e+00    2.5981e+00    1.3052e-03   -3.0681e-04    1.1137e-03    5.3995e-04
   5.0000e-01   -2.6000e+00   -1.5000e+00    1.3620e+00    2.6730e+00    1.3155e-03    2.8246e-04    1.2060e-03    1.0443e-03
   5.0000e-01   -2.6000e+00   -1.5000e+00    1.2202e+00    2.7406e+00    1.0287e-03    8.7632e-04    9.1857e-04    1.4771e-03
   5.0000e-01   -2.6000e+00   -1.5000e+00    1.0751e+00    2.8007e+00    4.4779e-04    1.2814e-03    3.6140e-04    1.9059e-03
   5.0000e-01   -2.6000e+00   -1.5000e+00    9.2705e-01    2.8532e+00   -3.2064e-04    1.3256e-03   -3.9534e-04    1.7076e-03
   5.0000e-01   -2.6000e+00   -1.5000e+00    7.7646e-01    2.8978e+00   -1.0206e-03    9.1513e-04   -1.0097e-03    1.2271e-03
   5.0000e-01   -2.6000e+00   -1.5000e+00    6.2374e-01    2.9344e+00   -1.3743e-03    1.0938e-04   -1.4211e-03    3.0925e-04
   5.0000e-01   -2.6000e+00   -1.5000e+00    4.6930e-01    2.9631e+00   -1.1355e-03   -7.9642e-04   -1.1432e-03   -6.1246e-04
   5.0000e-01   -2.6000e+00   -1.5000e+00    3.1359e-01    2.9836e+00   -3.1029e-04   -1.3610e-03   -2.7403e-04   -1.3012e-03
   5.0000e-01   -2.6000e+00   -1.5000e+00    1.5701e-01    2.9959e+00    7.2073e-04   -1.2068e-03    8.0396e-04   -1.1613e-03
   5.0000e-01   -2.6000e+00   -1.5000e+00    0.0000e+00    3.0000e+00    1.3774e-03   -3.2854e-04    1.5334e-03   -3.1051e-04
   5.0000e-01   -2.6000e+00   -1.5000e+00   -1.5701e-01    2.9959e+00    1.1688e-03    8.1876e-04    1.2990e-03    7.7867e-04
   5.0000e-01   -2.6000e+00   -1.5000e+00   -3.1359e-01    2.9836e+00    1.1750e-04    1.4338e-03    2.4734e-04    1.3753e-03
   5.0000e-01   -2.6000e+00   -1.5000e+00   -4.6930e-01    2.9631e+00   -1.0709e-03    9.7946e-04   -8.7460e-04    8.2468e-04
   5.0000e-01   -2.6000e+00   -1.5000e+00   -6.2374e-01    2.9344e+00   -1.4321e-03   -3.0858e-04   -1.3105e-03   -4.7018e-04
   5.0000e-01   -2.6000e+00   -1.5000e+00   -7.7646e-01    2.8978e+00   -5.4772e-04   -1.3739e-03   -3.7710e-04   -1.6243e-03
   5.0000e-01   -2.6000e+00   -1.5000e+00   -9.2705e-01    2.8532e+00    8.9316e-04   -1.1982e-03    1.0560e-03   -1.4675e-03
   5.0000e-01   -2.6000e+00   -1.5000e+00   -1.0751e+00    2.8007e+00    1.4993e-03    1.8826e-04    1.7148e-03   -5.4087e-05
   5.0000e-01   -2.6000e+00   -1.5000e+00   -1.2202e+00    2.7406e+00    5.4229e-04    1.4291e-03    7.4218e-04    1.2383e-03
   5.0000e-01   -2.6000e+00   -1.5000e+00   -1.3620e+00    2.6730e+00   -1.0600e-03    1.1265e-03   -9.0986e-04    8.7932e-04
   5.0000e-01   -2.6000e+00   -1.5000e+00   -1.5000e+00    2.5981e+00   -1.4816e-03   -5.0914e-04   -1.3314e-03   -7.3102e-04
   5.0000e-01   -2.6000e+00   -1.5000e+00   -1.6339e+00    2.5160e+00   -9.1230e-05   -1.5855e-03    1.3734e-04   -1.8003e-03
   5.0000e-01   -2.6000e+00   -1.5000e+00   -1.7634e+00    2.4271e+00    1.4697e-03   -6.5840e-04    1.7022e-03   -8.2708e-04
   5.0000e-01   -2.6000e+00   -1.5000e+00   -1.8880e+00    2.3314e+00    1.1270e-03    1.1839e-03    1.3694e-03    9.7331e-04
   5.0000e-01   -2.6000e+00   -1.5000e+00   -2.0074e+00    2.2294e+00   -8.0761e-04    1.4513e-03   -5.3189e-04    1.4016e-03
   5.0000e-01   -2.6000e+00   -1.5000e+00   -2.1213e+00    2.1213e+00   -1.6422e-03   -3.9365e-04   -1.3343e-03   -4.7934e-04
   5.0000e-01   -2.6000e+00   -1.5000e+00   -2.2294e+00    2.0074e+00   -3.1695e-05   -1.7180e-03    3.3502e-04   -1.7485e-03
   5.0000e-01   -2.6000e+00   -1.5000e+00   -2.3314e+00    1.8880e+00    1.6948e-03   -4.3737e-04    2.0619e-03   -4.2175e-04
   5.0000e-01   -2.6000e+00   -1.5000e+00   -2.4271e+00    1.7634e+00    7.7948e-04    1.6058e-03    1.1903e-03    1.5615e-03
   5.0000e-01   -2.6000e+00   -1.5000e+00   -2.5160e+00    1.6339e+00   -1.4775e-03    1.0672e-03   -1.1190e-03    1.1217e-03
   5.0000e-01   -2.6000e+00   -1.5000e+00   -2.5981e+00    1.5000e+00   -1.3162e-03   -1.3193e-03   -9.0575e-04   -1.2955e-03
   5.0000e-01   -2.6000e+00   -1.5000e+00   -2.6730e+00    1.3620e+00    1.1473e-03   -1.5231e-03    1.6493e-03   -1.5131e-03
   5.0000e-01   -2.6000e+00   -1.5000e+00   -2.7406e+00    1.2202e+00    1.6790e-03    1.0031e-03    2.1507e-03    1.0369e-03
   5.0000e-01   -2.6000e+00   -1.5000e+00   -2.8007e+00    1.0751e+00   -8.5948e-04    1.8151e-03   -4.0493e-04    1.7252e-03
   5.0000e-01   -2.6000e+00   -1.5000e+00   -2.8532e+00    9.2705e-01   -1.9241e-03   -7.5239e-04   -1.5436e-03   -7.8764e-04
   5.0000e-01   -2.6000e+00   -1.5000e+00   -2.8978e+00    7.7646e-01    6.4339e-04   -2.0301e-03    1.1518e-03   -2.1101e-03
   5.0000e-01   -2.6000e+00   -1.5000e+00   -2.9344e+00    6.2374e-01    2.1253e-03    5.7127e-04    2.5041e-03    5.7969e-04
   5.0000e-01   -2.6000e+00   -1.5000e+00   -2.9631e+00    4.6930e-01   -5.4452e-04    2.2146e-03   -2.2505e-04    2.1507e-03
   5.0000e-01   -2.6000e+00   -1.5000e+00   -2.9836e+00    3.1359e-01   -2.3052e-03   -5.5173e-04   -2.0515e-03   -6.6578e-04
   5.0000e-01   -2.6000e+00   -1.5000e+00   -2.9959e+00    1.5701e-01    5.6829e-04   -2.4061e-03    6.8818e-04   -2.4930e-03
   5.0000e-01   -2.6000e+00   -1.5000e+00   -3.0000e+00    0.0000e+00    2.5114e-03    6.3483e-04    2.5656e-03    5.7022e-04
   5.0000e-01   -2.6000e+00   -1.5000e+00   -1.5000e+00   -2.5981e+00    2.5249e-03    5.7145e-04    2.4301e-03    9.8130e-04
   5.0000e-01   -2.6000e+00   -1.5000e+00   -1.3620e+00   -2.6730e+00    5.2353e-04   -2.4153e-03    5.2717e-04   -1.9892e-03
   5.0000e-01   -2.6000e+00   -1.5000e+00   -1.2202e+00   -2.7406e+00   -2.3185e-03   -4.8996e-04   -2.3603e-03   -2.0328e-04
   5.0000e-01   -2.6000e+00   -1.5000e+00   -1.0751e+00   -2.8007e+00   -5.0382e-04    2.2239e-03   -5.2945e-04    2.4233e-03
   5.0000e-01   -2.6000e+00   -1.5000e+00   -9.2705e-01   -2.8532e+00    2.1349e-03    5.3161e-04    2.1055e-03    7.7571e-04
   5.0000e-01   -2.6000e+00   -1.5000e+00   -7.7646e-01   -2.8978e+00    6.0739e-04   -2.0407e-03    6.5191e-04   -1.8631e-03
   5.0000e-01   -2.6000e+00   -1.5000e+00   -6.2374e-01   -2.9344e+00   -1.9382e-03   -7.1461e-04   -1.8956e-03   -6.9190e-04
   5.0000e-01   -2.6000e+00   -1.5000e+00   -4.6930e-01   -2.9631e+00   -8.2701e-04    1.8294e-03   -6.5606e-04    1.8596e-03
   5.0000e-01   -2.6000e+00   -1.5000e+00   -3.1359e-01   -2.9836e+00    1.6981e-03    9.6838e-04    1.7858e-03    1.0947e-03
   5.0000e-01   -2.6000e+00   -1.5000e+00   -1.5701e-01   -2.9959e+00    1.1314e-03   -1.5352e-03    1.2849e-03   -1.4678e-03
   5.0000e-01   -2.6000e+00   -1.5000e+00    0.0000e+00   -3.0000e+00   -1.3339e-03   -1.3009e-03   -1.1092e-03   -1.2380e-03
   5.0000e-01   -2.6000e+00   -1.5000e+00    1.5701e-01   -2.9959e+00   -1.4612e-03    1.0892e-03   -1.2346e-03    1.1238e-03
   5.0000e-01   -2.6000e+00   -1.5000e+00    3.1359e-01   -2.9836e+00    7.8773e-04    1.6019e-03    1.0612e-03    1.6745e-03
   5.0000e-01   -2.6000e+00   -1.5000e+00    4.6930e-01   -2.9631e+00    1.6911e-03   -4.5204e-04    1.9407e-03   -3.7130e-04
   5.0000e-01   -2.6000e+00   -1.5000e+00    6.2374e-01   -2.9344e+00   -6.6153e-05   -1.7170e-03    1.6866e-04   -1.6003e-03
   5.0000e-01   -2.6000e+00   -1.5000e+00    7.7646e-01   -2.8978e+00   -1.6494e-03   -3.5984e-04   -1.3251e-03   -2.2130e-04
   5.0000e-01   -2.6000e+00   -1.5000e+00    9.2705e-01   -2.8532e+00   -7.9794e-04    1.4563e-03   -4.8062e-04    1.6115e-03
   5.0000e-01   -2.6000e+00   -1.5000e+00    1.0751e+00   -2.8007e+00    1.1381e-03    1.1738e-03    1.5190e-03    1.3154e-03
   5.0000e-01   -2.6000e+00   -1.5000e+00    1.2202e+00   -2.7406e+00    1.4607e-03   -6.7889e-04    1.7438e-03   -4.0187e-04
   5.0000e-01   -2.6000e+00   -1.5000e+00    1.3620e+00   -2.6730e+00   -1.2656e-04   -1.5824e-03    1.5199e-04   -1.2706e-03
   5.0000e-01   -2.6000e+00   -1.5000e+00    1.5000e+00   -2.5981e+00   -1.4881e-03   -4.9040e-04   -1.1206e-03   -2.0383e-04
   5.0000e-01   -2.6000e+00   -1.5000e+00    1.6339e+00   -2.5160e+00   -1.0478e-03    1.1377e-03   -6.6845e-04    1.4046e-03
   5.0000e-01   -2.6000e+00   -1.5000e+00    1.7634e+00   -2.4271e+00    5.6453e-04    1.4198e-03    9.4367e-04    1.8044e-03
   5.0000e-01   -2.6000e+00   -1.5000e+00    1.8880e+00   -2.3314e+00    1.5025e-03    1.5483e-04    1.8910e-03    4.4256e-04
   5.0000e-01   -2.6000e+00   -1.5000e+00    2.0074e+00   -2.2294e+00    8.8005e-04   -1.2074e-03    1.2346e-03   -9.2954e-04
   5.0000e-01   -2.6000e+00   -1.5000e+00    2.1213e+00   -2.1213e+00   -5.5625e-04   -1.3704e-03   -3.0515e-04   -1.0430e-03
   5.0000e-01   -2.6000e+00   -1.5000e+00    2.2294e+00   -2.0074e+00   -1.4371e-03   -2.8278e-04   -1.1871e-03    -2.6748e-05
   5.0000e-01   -2.6000e+00   -1.5000e+00    2.3314e+00   -1.8880e+00   -1.0509e-03    1.0002e-03   -8.7758e-04    1.2726e-03
   5.0000e-01   -2.6000e+00   -1.5000e+00    2.4271e+00   -1.7634e+00    1.3889e-04    1.4315e-03    1.2391e-04    1.7305e-03
   5.0000e-01   -2.6000e+00   -1.5000e+00    2.5160e+00   -1.6339e+00    1.1783e-03    8.0437e-04    1.1172e-03    9.5116e-04
   5.0000e-01   -2.6000e+00   -1.5000e+00    2.5981e+00   -1.5000e+00    1.3726e-03   -3.4526e-04    1.2625e-03   -2.3008e-04
   5.0000e-01   -2.6000e+00   -1.5000e+00    2.6730e+00   -1.3620e+00    6.9868e-04   -1.2190e-03    4.4706e-04   -1.1305e-03
   5.0000e-01   -2.6000e+00   -1.5000e+00    2.7406e+00   -1.2202e+00   -3.3739e-04   -1.3542e-03   -6.9935e-04   -1.2335e-03
   5.0000e-01   -2.6000e+00   -1.5000e+00    2.8007e+00   -1.0751e+00   -1.1440e-03   -7.8363e-04   -1.5337e-03   -8.1343e-04
   5.0000e-01   -2.6000e+00   -1.5000e+00    2.8532e+00   -9.2705e-01   -1.3726e-03    1.2285e-04   -1.8645e-03    1.0643e-04
   5.0000e-01   -2.6000e+00   -1.5000e+00    2.8978e+00   -7.7646e-01   -1.0105e-03    9.2567e-04   -1.4924e-03    8.9007e-04
   5.0000e-01   -2.6000e+00   -1.5000e+00    2.9344e+00   -6.2374e-01   -3.0380e-04    1.3292e-03   -9.1350e-04    1.1999e-03
   5.0000e-01   -2.6000e+00   -1.5000e+00    2.9631e+00   -4.6930e-01    4.6082e-04    1.2760e-03   -8.3514e-05    1.2177e-03
   5.0000e-01   -2.6000e+00   -1.5000e+00    2.9836e+00   -3.1359e-01    1.0333e-03    8.7002e-04    4.5719e-04    7.6736e-04
   5.0000e-01   -2.6000e+00   -1.5000e+00    2.9959e+00   -1.5701e-01    1.3156e-03    2.8222e-04    8.1927e-04    2.5049e-04
   5.0000e-01   -1.5000e+00   -2.6000e+00    3.0000e+00    0.0000e+00    1.3774e-03   -3.2854e-04    1.1262e-03   -5.0273e-04
   5.0000e-01   -1.5000e+00   -2.6000e+00    2.9959e+00    1.5701e-01    7.2073e-04   -1.2068e-03    5.3995e-04   -1.4412e-03
   5.0000e-01   -1.5000e+00   -2.6000e+00    2.9836e+00    3.1359e-01   -3.1029e-04   -1.3610e-03   -5.4256e-04   -1.5909e-03
   5.0000e-01   -1.5000e+00   -2.6000e+00    2.9631e+00    4.6930e-01   -1.1355e-03   -7.9642e-04   -1.4343e-03   -1.0052e-03
   5.0000e-01   -1.5000e+00   -2.6000e+00    2.9344e+00    6.2374e-01   -1.3743e-03    1.0938e-04   -1.7692e-03   -4.6447e-05
   5.0000e-01   -1.5000e+00   -2.6000e+00    2.8978e+00    7.7646e-01   -1.0206e-03    9.1513e-04   -1.3649e-03    8.3019e-04
   5.0000e-01   -1.5000e+00   -2.6000e+00    2.8532e+00    9.2705e-01   -3.2064e-04    1.3256e-03   -6.1628e-04    1.1465e-03
   5.0000e-01   -1.5000e+00   -2.6000e+00    2.8007e+00    1.0751e+00    4.4779e-04    1.2814e-03    1.6448e-04    1.2362e-03
   5.0000e-01   -1.5000e+00   -2.6000e+00    2.7406e+00    1.2202e+00    1.0287e-03    8.7632e-04    8.1586e-04    9.0735e-04
   5.0000e-01   -1.5000e+00   -2.6000e+00    2.6730e+00    1.3620e+00    1.3155e-03    2.8246e-04    1.2129e-03    2.6603e-04
   5.0000e-01   -1.5000e+00   -2.6000e+00    2.5981e+00    1.5000e+00    1.3052e-03   -3.0681e-04    1.2239e-03   -1.4692e-04
   5.0000e-01   -1.5000e+00   -2.6000e+00    2.5160e+00    1.6339e+00    1.0785e-03   -7.8904e-04    1.1228e-03   -6.8132e-04
   5.0000e-01   -1.5000e+00   -2.6000e+00    2.4271e+00    1.7634e+00    7.1905e-04   -1.1216e-03    7.5511e-04   -9.7449e-04
   5.0000e-01   -1.5000e+00   -2.6000e+00    2.3314e+00    1.8880e+00    3.1783e-04   -1.2901e-03    5.3974e-04   -1.0087e-03
   5.0000e-01   -1.5000e+00   -2.6000e+00    2.2294e+00    2.0074e+00   -3.7765e-05   -1.3252e-03    2.4651e-04   -9.7431e-04
   5.0000e-01   -1.5000e+00   -2.6000e+00    2.1213e+00    2.1213e+00   -3.3918e-04   -1.2793e-03    6.2842e-06   -7.8975e-04
   5.0000e-01   -1.5000e+00   -2.6000e+00    2.0074e+00    2.2294e+00   -5.8581e-04   -1.1844e-03   -1.2690e-04   -6.1230e-04
   5.0000e-01   -1.5000e+00   -2.6000e+00    1.8880e+00    2.3314e+00   -7.6520e-04   -1.0749e-03   -2.9877e-04   -3.6460e-04
   5.0000e-01   -1.5000e+00   -2.6000e+00    1.7634e+00    2.4271e+00   -8.6831e-04   -9.9206e-04   -2.5194e-04   -2.1879e-04
   5.0000e-01   -1.5000e+00   -2.6000e+00    1.6339e+00    2.5160e+00   -9.2580e-04   -9.3803e-04   -4.0990e-04   -8.9413e-05
   5.0000e-01   -1.5000e+00   -2.6000e+00    1.5000e+00    2.5981e+00   -9.5032e-04   -9.1263e-04   -3.9824e-04   -1.6885e-05
   5.0000e-01   -1.5000e+00   -2.6000e+00    1.3620e+00    2.6730e+00   -9.3393e-04   -9.2945e-04   -2.9103e-04    4.2386e-05
   5.0000e-01   -1.5000e+00   -2.6000e+00    1.2202e+00    2.7406e+00   -8.6842e-04   -9.9226e-04   -2.7705e-04    4.9203e-05
   5.0000e-01   -1.5000e+00   -2.6000e+00    1.0751e+00    2.8007e+00   -7.5739e-04   -1.0808e-03   -2.3636e-04   -1.2346e-04
   5.0000e-01   -1.5000e+00   -2.6000e+00    9.2705e-01    2.8532e+00   -5.8517e-04   -1.1844e-03   -1.5677e-04   -1.9738e-04
   5.0000e-01   -1.5000e+00   -2.6000e+00    7.7646e-01    2.8978e+00   -3.5589e-04   -1.2742e-03    5.3078e-05   -3.5388e-04
   5.0000e-01   -1.5000e+00   -2.6000e+00    6.2374e-01    2.9344e+00   -4.4490e-05   -1.3249e-03    2.7136e-04   -4.0535e-04
   5.0000e-01   -1.5000e+00   -2.6000e+00    4.6930e-01    2.9631e+00    3.2275e-04   -1.2887e-03    4.9197e-04   -4.6441e-04
   5.0000e-01   -1.5000e+00   -2.6000e+00    3.1359e-01    2.9836e+00    7.2163e-04   -1.1196e-03    7.8219e-04   -3.2263e-04
   5.0000e-01   -1.5000e+00   -2.6000e+00    1.5701e-01    2.9959e+00    1.0729e-03   -7.9643e-04    1.0396e-03   -6.9250e-05
   5.0000e-01   -1.5000e+00   -2.6000e+00    0.0000e+00    3.0000e+00    1.3015e-03   -3.2094e-04    1.1124e-03    2.2684e-04
   5.0000e-01   -1.5000e+00   -2.6000e+00   -1.5701e-01    2.9959e+00    1.3156e-03    2.8222e-04    1.0386e-03    8.2986e-04
   5.0000e-01   -1.5000e+00   -2.6000e+00   -3.1359e-01    2.9836e+00    1.0333e-03    8.7002e-04    6.9019e-04    1.2783e-03
   5.0000e-01   -1.5000e+00   -2.6000e+00   -4.6930e-01    2.9631e+00    4.6082e-04    1.2760e-03    5.5546e-05    1.6176e-03
   5.0000e-01   -1.5000e+00   -2.6000e+00   -6.2374e-01    2.9344e+00   -3.0380e-04    1.3292e-03   -8.3454e-04    1.5071e-03
   5.0000e-01   -1.5000e+00   -2.6000e+00   -7.7646e-01    2.8978e+00   -1.0105e-03    9.2567e-04   -1.6024e-03    1.0302e-03
   5.0000e-01   -1.5000e+00   -2.6000e+00   -9.2705e-01    2.8532e+00   -1.3726e-03    1.2285e-04   -2.0075e-03    1.9533e-04
   5.0000e-01   -1.5000e+00   -2.6000e+00   -1.0751e+00    2.8007e+00   -1.1440e-03   -7.8363e-04   -1.8013e-03   -7.1639e-04
   5.0000e-01   -1.5000e+00   -2.6000e+00   -1.2202e+00    2.7406e+00   -3.3739e-04   -1.3542e-03   -1.0363e-03   -1.2977e-03
   5.0000e-01   -1.5000e+00   -2.6000e+00   -1.3620e+00    2.6730e+00    6.9868e-04   -1.2190e-03    1.2612e-04   -1.2685e-03
   5.0000e-01   -1.5000e+00   -2.6000e+00   -1.5000e+00    2.5981e+00    1.3726e-03   -3.4526e-04    8.0755e-04   -3.6509e-04
   5.0000e-01   -1.5000e+00   -2.6000e+00   -1.6339e+00    2.5160e+00    1.1783e-03    8.0437e-04    5.1102e-04    7.8967e-04
   5.0000e-01   -1.5000e+00   -2.6000e+00   -1.7634e+00    2.4271e+00    1.3889e-04    1.4315e-03   -3.8698e-04    1.4791e-03
   5.0000e-01   -1.5000e+00   -2.6000e+00   -1.8880e+00    2.3314e+00   -1.0509e-03    1.0002e-03   -1.5517e-03    1.0377e-03
   5.0000e-01   -1.5000e+00   -2.6000e+00   -2.0074e+00    2.2294e+00   -1.4371e-03   -2.8278e-04   -1.8549e-03   -1.8781e-04
   5.0000e-01   -1.5000e+00   -2.6000e+00   -2.1213e+00    2.1213e+00   -5.5625e-04   -1.3704e-03   -7.9942e-04   -1.2961e-03
   5.0000e-01   -1.5000e+00   -2.6000e+00   -2.2294e+00    2.0074e+00    8.8005e-04   -1.2074e-03    6.6593e-04   -1.1274e-03
   5.0000e-01   -1.5000e+00   -2.6000e+00   -2.3314e+00    1.8880e+00    1.5025e-03    1.5483e-04    1.3296e-03    2.5003e-04
   5.0000e-01   -1.5000e+00   -2.6000e+00   -2.4271e+00    1.7634e+00    5.6453e-04    1.4198e-03    5.9354e-04    1.4978e-03
   5.0000e-01   -1.5000e+00   -2.6000e+00   -2.5160e+00    1.6339e+00   -1.0478e-03    1.1377e-03   -9.6069e-04    1.2631e-03
   5.0000e-01   -1.5000e+00   -2.6000e+00   -2.5981e+00    1.5000e+00   -1.4881e-03   -4.9040e-04   -1.2872e-03   -4.0831e-04
   5.0000e-01   -1.5000e+00   -2.6000e+00   -2.6730e+00    1.3620e+00   -1.2656e-04   -1.5824e-03    1.5116e-04   -1.5270e-03
   5.0000e-01   -1.5000e+00   -2.6000e+00   -2.7406e+00    1.2202e+00    1.4607e-03   -6.7889e-04    1.8251e-03   -6.9622e-04
   5.0000e-01   -1.5000e+00   -2.6000e+00   -2.8007e+00    1.0751e+00    1.1381e-03    1.1738e-03    1.4917e-03    1.1092e-03
   5.0000e-01   -1.5000e+00   -2.6000e+00   -2.8532e+00    9.2705e-01   -7.9794e-04    1.4563e-03   -4.3305e-04    1.5501e-03
   5.0000e-01   -1.5000e+00   -2.6000e+00   -2.8978e+00    7.7646e-01   -1.6494e-03   -3.5984e-04   -1.3053e-03   -3.8600e-04
   5.0000e-01   -1.5000e+00   -2.6000e+00   -2.9344e+00    6.2374e-01   -6.6153e-05   -1.7170e-03    3.2450e-04   -1.6555e-03
   5.0000e-01   -1.5000e+00   -2.6000e+00   -2.9631e+00    4.6930e-01    1.6911e-03   -4.5204e-04    2.1000e-03   -4.2391e-04
   5.0000e-01   -1.5000e+00   -2.6000e+00   -2.9836e+00    3.1359e-01    7.8773e-04    1.6019e-03    1.2157e-03    1.6810e-03
   5.0000e-01   -1.5000e+00   -2.6000e+00   -2.9959e+00    1.5701e-01   -1.4612e-03    1.0892e-03   -1.0805e-03    1.2691e-03
   5.0000e-01   -1.5000e+00   -2.6000e+00   -3.0000e+00    0.0000e+00   -1.3339e-03   -1.3009e-03   -1.0642e-03   -1.1975e-03
   5.0000e-01   -1.5000e+00   -2.6000e+00   -2.9959e+00   -1.5701e-01    1.1314e-03   -1.5352e-03    1.4239e-03   -1.3163e-03
   5.0000e-01   -1.5000e+00   -2.6000e+00   -2.9836e+00   -3.1359e-01    1.6981e-03    9.6838e-04    1.9349e-03    1.2401e-03
   5.0000e-01   -1.5000e+00   -2.6000e+00   -2.9631e+00   -4.6930e-01   -8.2701e-04    1.8294e-03   -6.3052e-04    2.1966e-03
   5.0000e-01   -1.5000e+00   -2.6000e+00   -2.9344e+00   -6.2374e-01   -1.9382e-03   -7.1461e-04   -1.8903e-03   -3.1616e-04
   5.0000e-01   -1.5000e+00   -2.6000e+00   -2.8978e+00   -7.7646e-01    6.0739e-04   -2.0407e-03    7.4522e-04   -1.6619e-03
   5.0000e-01   -1.5000e+00   -2.6000e+00   -2.8532e+00   -9.2705e-01    2.1349e-03    5.3161e-04    2.1858e-03    9.8836e-04
   5.0000e-01   -1.5000e+00   -2.6000e+00   -2.8007e+00   -1.0751e+00   -5.0382e-04    2.2239e-03   -4.9777e-04    2.6519e-03
   5.0000e-01   -1.5000e+00   -2.6000e+00   -2.7406e+00   -1.2202e+00   -2.3185e-03   -4.8996e-04   -2.2640e-03   -1.2668e-04
   5.0000e-01   -1.5000e+00   -2.6000e+00   -2.6730e+00   -1.3620e+00    5.2353e-04   -2.4153e-03    5.0610e-04   -1.9850e-03
   5.0000e-01   -1.5000e+00   -2.6000e+00   -2.5981e+00   -1.5000e+00    2.5249e-03    5.7145e-04    2.4654e-03    9.5299e-04
   5.0000e-01   -1.5000e+00   -2.6000e+00    0.0000e+00   -3.0000e+00    2.5114e-03    6.3483e-04    2.1384e-03    7.9244e-04
   5.0000e-01   -1.5000e+00   -2.6000e+00    1.5701e-01   -2.9959e+00    5.6829e-04   -2.4061e-03    2.3182e-04   -2.1606e-03
   5.0000e-01   -1.5000e+00   -2.6000e+00    3.1359e-01   -2.9836e+00   -2.3052e-03   -5.5173e-04   -2.5999e-03   -3.5969e-04
   5.0000e-01   -1.5000e+00   -2.6000e+00    4.6930e-01   -2.9631e+00   -5.4452e-04    2.2146e-03   -6.7242e-04    2.4790e-03
   5.0000e-01   -1.5000e+00   -2.6000e+00    6.2374e-01   -2.9344e+00    2.1253e-03    5.7127e-04    1.9903e-03    8.7855e-04
   5.0000e-01   -1.5000e+00   -2.6000e+00    7.7646e-01   -2.8978e+00    6.4339e-04   -2.0301e-03    6.7569e-04   -1.6272e-03
   5.0000e-01   -1.5000e+00   -2.6000e+00    9.2705e-01   -2.8532e+00   -1.9241e-03   -7.5239e-04   -1.9199e-03   -4.0870e-04
   5.0000e-01   -1.5000e+00   -2.6000e+00    1.0751e+00   -2.8007e+00   -8.5948e-04    1.8151e-03   -6.9896e-04    2.2774e-03
   5.0000e-01   -1.5000e+00   -2.6000e+00    1.2202e+00   -2.7406e+00    1.6790e-03    1.0031e-03    1.8227e-03    1.4512e-03
   5.0000e-01   -1.5000e+00   -2.6000e+00    1.3620e+00   -2.6730e+00    1.1473e-03   -1.5231e-03    1.2799e-03   -1.0695e-03
   5.0000e-01   -1.5000e+00   -2.6000e+00    1.5000e+00   -2.5981e+00   -1.3162e-03   -1.3193e-03   -1.0514e-03   -8.1896e-04
   5.0000e-01   -1.5000e+00   -2.6000e+00    1.6339e+00   -2.5160e+00   -1.4775e-03    1.0672e-03   -1.1275e-03    1.6294e-03
   5.0000e-01   -1.5000e+00   -2.6000e+00    1.7634e+00   -2.4271e+00    7.7948e-04    1.6058e-03    1.0760e-03    2.0938e-03
   5.0000e-01   -1.5000e+00   -2.6000e+00    1.8880e+00   -2.3314e+00    1.6948e-03   -4.3737e-04    2.0910e-03    5.9673e-05
   5.0000e-01   -1.5000e+00   -2.6000e+00    2.0074e+00   -2.2294e+00   -3.1695e-05   -1.7180e-03    4.3039e-04   -1.2167e-03
   5.0000e-01   -1.5000e+00   -2.6000e+00    2.1213e+00   -2.1213e+00   -1.6422e-03   -3.9365e-04   -1.3234e-03    4.1645e-06
   5.0000e-01   -1.5000e+00   -2.6000e+00    2.2294e+00   -2.0074e+00   -8.0761e-04    1.4513e-03   -4.5297e-04    1.9502e-03
   5.0000e-01   -1.5000e+00   -2.6000e+00    2.3314e+00   -1.8880e+00    1.1270e-03    1.1839e-03    1.5079e-03    1.4919e-03
   5.0000e-01   -1.5000e+00   -2.6000e+00    2.4271e+00   -1.7634e+00    1.4697e-03   -6.5840e-04    1.8324e-03   -3.0394e-04
   5.0000e-01   -1.5000e+00   -2.6000e+00    2.5160e+00   -1.6339e+00   -9.1230e-05   -1.5855e-03    3.4024e-04   -1.2473e-03
   5.0000e-01   -1.5000e+00   -2.6000e+00    2.5981e+00   -1.5000e+00   -1.4816e-03   -5.0914e-04   -1.1192e-03   -2.2745e-04
   5.0000e-01   -1.5000e+00   -2.6000e+00    2.6730e+00   -1.3620e+00   -1.0600e-03    1.1265e-03   -6.2494e-04    1.3839e-03
   5.0000e-01   -1.5000e+00   -2.6000e+00    2.7406e+00   -1.2202e+00    5.4229e-04    1.4291e-03    8.3562e-04    1.6196e-03
   5.0000e-01   -1.5000e+00   -2.6000e+00    2.8007e+00   -1.0751e+00    1.4993e-03    1.8826e-04    1.8290e-03    3.8788e-04
   5.0000e-01   -1.5000e+00   -2.6000e+00    2.8532e+00   -9.2705e-01    8.9316e-04   -1.1982e-03    1.1459e-03   -1.1533e-03
   5.0000e-01   -1.5000e+00   -2.6000e+00    2.8978e+00   -7.7646e-01   -5.4772e-04   -1.3739e-03   -3.4484e-04   -1.3866e-03
   5.0000e-01   -1.5000e+00   -2.6000e+00    2.9344e+00   -6.2374e-01   -1.4321e-03   -3.0858e-04   -1.2975e-03   -3.7965e-04
   5.0000e-01   -1.5000e+00   -2.6000e+00    2.9631e+00   -4.6930e-01   -1.0709e-03    9.7946e-04   -1.0082e-03    8.4183e-04
   5.0000e-01   -1.5000e+00   -2.6000e+00    2.9836e+00   -3.1359e-01    1.1750e-04    1.4338e-03    1.4160e-04    1.3475e-03
   5.0000e-01   -1.5000e+00   -2.6000e+00    2.9959e+00   -1.5701e-01    1.1688e-03    8.1876e-04    1.0256e-03    7.0245e-04
   5.0000e-01    0.0000e+00   -3.0000e+00    3.0000e+00    0.0000e+00   -1.4775e-03   -5.2313e-04   -1.0085e-03   -2.0679e-04
   5.0000e-01    0.0000e+00   -3.0000e+00    2.9959e+00    1.5701e-01   -1.0734e-03    1.1146e-03   -5.6274e-04    1.3798e-03
   5.0000e-01    0.0000e+00   -3.0000e+00    2.9836e+00    3.1359e-01    5.1821e-04    1.4382e-03    9.9061e-04    1.5660e-03
   5.0000e-01    0.0000e+00   -3.0000e+00    2.9631e+00    4.6930e-01    1.4979e-03    2.0055e-04    1.8415e-03    3.0287e-04
   5.0000e-01    0.0000e+00   -3.0000e+00    2.9344e+00    6.2374e-01    9.0310e-04   -1.1913e-03    1.2463e-03   -1.1630e-03
   5.0000e-01    0.0000e+00   -3.0000e+00    2.8978e+00    7.7646e-01   -5.3535e-04   -1.3791e-03   -2.3468e-04   -1.4094e-03
   5.0000e-01    0.0000e+00   -3.0000e+00    2.8532e+00    9.2705e-01   -1.4285e-03   -3.2559e-04   -1.0860e-03   -5.1250e-04
   5.0000e-01    0.0000e+00   -3.0000e+00    2.8007e+00    1.0751e+00   -1.0814e-03    9.6874e-04   -8.3231e-04    7.7112e-04
   5.0000e-01    0.0000e+00   -3.0000e+00    2.7406e+00    1.2202e+00    1.0504e-04    1.4354e-03    3.8951e-04    1.1640e-03
   5.0000e-01    0.0000e+00   -3.0000e+00    2.6730e+00    1.3620e+00    1.1671e-03    8.2095e-04    1.3559e-03    4.9242e-04
   5.0000e-01    0.0000e+00   -3.0000e+00    2.5981e+00    1.5000e+00    1.3812e-03   -3.1295e-04    1.5590e-03   -7.0495e-04
   5.0000e-01    0.0000e+00   -3.0000e+00    2.5160e+00    1.6339e+00    7.3251e-04   -1.1998e-03    8.4140e-04   -1.5883e-03
   5.0000e-01    0.0000e+00   -3.0000e+00    2.4271e+00    1.7634e+00   -3.0993e-04   -1.3611e-03   -2.0024e-04   -1.7566e-03
   5.0000e-01    0.0000e+00   -3.0000e+00    2.3314e+00    1.8880e+00   -1.1343e-03   -7.9780e-04   -1.0864e-03   -1.1373e-03
   5.0000e-01    0.0000e+00   -3.0000e+00    2.2294e+00    2.0074e+00   -1.3755e-03    9.2131e-05   -1.2747e-03   -2.3650e-04
   5.0000e-01    0.0000e+00   -3.0000e+00    2.1213e+00    2.1213e+00   -1.0381e-03    8.9551e-04   -8.5519e-04    6.8077e-04
   5.0000e-01    0.0000e+00   -3.0000e+00    2.0074e+00    2.2294e+00   -3.2758e-04    1.3239e-03   -1.6978e-04    1.0815e-03
   5.0000e-01    0.0000e+00   -3.0000e+00    1.8880e+00    2.3314e+00    4.4494e-04    1.2819e-03    5.8851e-04    1.1727e-03
   5.0000e-01    0.0000e+00   -3.0000e+00    1.7634e+00    2.4271e+00    1.0197e-03    8.8620e-04    1.1997e-03    8.6470e-04
   5.0000e-01    0.0000e+00   -3.0000e+00    1.6339e+00    2.5160e+00    1.3098e-03    3.0879e-04    1.5376e-03    4.0674e-04
   5.0000e-01    0.0000e+00   -3.0000e+00    1.5000e+00    2.5981e+00    1.3083e-03   -2.9235e-04    1.5824e-03   -8.8527e-05
   5.0000e-01    0.0000e+00   -3.0000e+00    1.3620e+00    2.6730e+00    1.0822e-03   -7.8348e-04    1.3168e-03   -5.2517e-04
   5.0000e-01    0.0000e+00   -3.0000e+00    1.2202e+00    2.7406e+00    7.3465e-04   -1.1115e-03    1.0285e-03   -7.2803e-04
   5.0000e-01    0.0000e+00   -3.0000e+00    1.0751e+00    2.8007e+00    3.4670e-04   -1.2829e-03    6.5565e-04   -8.2655e-04
   5.0000e-01    0.0000e+00   -3.0000e+00    9.2705e-01    2.8532e+00   -1.8838e-05   -1.3255e-03    3.2754e-04   -8.0801e-04
   5.0000e-01    0.0000e+00   -3.0000e+00    7.7646e-01    2.8978e+00   -3.3409e-04   -1.2802e-03    7.3392e-05   -6.3956e-04
   5.0000e-01    0.0000e+00   -3.0000e+00    6.2374e-01    2.9344e+00   -5.6819e-04   -1.1928e-03   -8.5429e-05   -4.8762e-04
   5.0000e-01    0.0000e+00   -3.0000e+00    4.6930e-01    2.9631e+00   -7.4048e-04   -1.0921e-03   -3.1999e-04   -3.3088e-04
   5.0000e-01    0.0000e+00   -3.0000e+00    3.1359e-01    2.9836e+00   -8.4724e-04   -1.0101e-03   -4.5555e-04   -2.4545e-04
   5.0000e-01    0.0000e+00   -3.0000e+00    1.5701e-01    2.9959e+00   -9.1235e-04   -9.5109e-04   -4.7619e-04   -2.0419e-04
   5.0000e-01    0.0000e+00   -3.0000e+00    0.0000e+00    3.0000e+00   -9.4103e-04   -9.2224e-04   -3.9718e-04   -1.6803e-04
   5.0000e-01    0.0000e+00   -3.0000e+00   -1.5701e-01    2.9959e+00   -9.1235e-04   -9.5109e-04   -4.4531e-04   -1.6041e-04
   5.0000e-01    0.0000e+00   -3.0000e+00   -3.1359e-01    2.9836e+00   -8.4724e-04   -1.0101e-03   -4.0165e-04   -3.1359e-04
   5.0000e-01    0.0000e+00   -3.0000e+00   -4.6930e-01    2.9631e+00   -7.4048e-04   -1.0921e-03   -2.9236e-04   -3.9276e-04
   5.0000e-01    0.0000e+00   -3.0000e+00   -6.2374e-01    2.9344e+00   -5.6819e-04   -1.1928e-03   -1.5747e-04   -5.2773e-04
   5.0000e-01    0.0000e+00   -3.0000e+00   -7.7646e-01    2.8978e+00   -3.3409e-04   -1.2802e-03    7.5054e-05   -6.5870e-04
   5.0000e-01    0.0000e+00   -3.0000e+00   -9.2705e-01    2.8532e+00   -1.8838e-05   -1.3255e-03    2.8203e-04   -7.7908e-04
   5.0000e-01    0.0000e+00   -3.0000e+00   -1.0751e+00    2.8007e+00    3.4670e-04   -1.2829e-03    7.4217e-04   -8.9931e-04
   5.0000e-01    0.0000e+00   -3.0000e+00   -1.2202e+00    2.7406e+00    7.3465e-04   -1.1115e-03    9.9347e-04   -7.7033e-04
   5.0000e-01    0.0000e+00   -3.0000e+00   -1.3620e+00    2.6730e+00    1.0822e-03   -7.8348e-04    1.2672e-03   -5.8313e-04
   5.0000e-01    0.0000e+00   -3.0000e+00   -1.5000e+00    2.5981e+00    1.3083e-03   -2.9235e-04    1.4988e-03   -7.6011e-05
   5.0000e-01    0.0000e+00   -3.0000e+00   -1.6339e+00    2.5160e+00    1.3098e-03    3.0879e-04    1.4920e-03    3.4571e-04
   5.0000e-01    0.0000e+00   -3.0000e+00   -1.7634e+00    2.4271e+00    1.0197e-03    8.8620e-04    1.1830e-03    8.7806e-04
   5.0000e-01    0.0000e+00   -3.0000e+00   -1.8880e+00    2.3314e+00    4.4494e-04    1.2819e-03    6.1051e-04    1.1628e-03
   5.0000e-01    0.0000e+00   -3.0000e+00   -2.0074e+00    2.2294e+00   -3.2758e-04    1.3239e-03   -9.3849e-05    1.1308e-03
   5.0000e-01    0.0000e+00   -3.0000e+00   -2.1213e+00    2.1213e+00   -1.0381e-03    8.9551e-04   -8.9610e-04    6.0083e-04
   5.0000e-01    0.0000e+00   -3.0000e+00   -2.2294e+00    2.0074e+00   -1.3755e-03    9.2131e-05   -1.2862e-03   -2.8421e-04
   5.0000e-01    0.0000e+00   -3.0000e+00   -2.3314e+00    1.8880e+00   -1.1343e-03   -7.9780e-04   -1.0587e-03   -1.1483e-03
   5.0000e-01    0.0000e+00   -3.0000e+00   -2.4271e+00    1.7634e+00   -3.0993e-04   -1.3611e-03   -1.6262e-04   -1.7759e-03
   5.0000e-01    0.0000e+00   -3.0000e+00   -2.5160e+00    1.6339e+00    7.3251e-04   -1.1998e-03    8.8197e-04   -1.5493e-03
   5.0000e-01    0.0000e+00   -3.0000e+00   -2.5981e+00    1.5000e+00    1.3812e-03   -3.1295e-04    1.5598e-03   -6.8314e-04
   5.0000e-01    0.0000e+00   -3.0000e+00   -2.6730e+00    1.3620e+00    1.1671e-03    8.2095e-04    1.3936e-03    5.0527e-04
   5.0000e-01    0.0000e+00   -3.0000e+00   -2.7406e+00    1.2202e+00    1.0504e-04    1.4354e-03    3.2655e-04    1.0607e-03
   5.0000e-01    0.0000e+00   -3.0000e+00   -2.8007e+00    1.0751e+00   -1.0814e-03    9.6874e-04   -8.7012e-04    7.6841e-04
   5.0000e-01    0.0000e+00   -3.0000e+00   -2.8532e+00    9.2705e-01   -1.4285e-03   -3.2559e-04   -1.1279e-03   -4.7654e-04
   5.0000e-01    0.0000e+00   -3.0000e+00   -2.8978e+00    7.7646e-01   -5.3535e-04   -1.3791e-03   -2.4346e-04   -1.4701e-03
   5.0000e-01    0.0000e+00   -3.0000e+00   -2.9344e+00    6.2374e-01    9.0310e-04   -1.1913e-03    1.2997e-03   -1.1688e-03
   5.0000e-01    0.0000e+00   -3.0000e+00   -2.9631e+00    4.6930e-01    1.4979e-03    2.0055e-04    1.8798e-03    2.5338e-04
   5.0000e-01    0.0000e+00   -3.0000e+00   -2.9836e+00    3.1359e-01    5.1821e-04    1.4382e-03    1.0419e-03    1.5964e-03
   5.0000e-01    0.0000e+00   -3.0000e+00   -2.9959e+00    1.5701e-01   -1.0734e-03    1.1146e-03   -6.0545e-04    1.2866e-03
   5.0000e-01    0.0000e+00   -3.0000e+00   -3.0000e+00    0.0000e+00   -1.4775e-03   -5.2313e-04   -1.0169e-03   -2.7162e-04
   5.0000e-01    0.0000e+00   -3.0000e+00   -2.9959e+00   -1.5701e-01   -8.1925e-05   -1.5863e-03    3.7084e-04   -1.2880e-03
   5.0000e-01    0.0000e+00   -3.0000e+00   -2.9836e+00   -3.1359e-01    1.4736e-03   -6.5058e-04    1.9262e-03   -3.7038e-04
   5.0000e-01    0.0000e+00   -3.0000e+00   -2.9631e+00   -4.6930e-01    1.1151e-03    1.1960e-03    1.5749e-03    1.4364e-03
   5.0000e-01    0.0000e+00   -3.0000e+00   -2.9344e+00   -6.2374e-01   -8.2346e-04    1.4429e-03   -4.1138e-04    1.7370e-03
   5.0000e-01    0.0000e+00   -3.0000e+00   -2.8978e+00   -7.7646e-01   -1.6427e-03   -3.9189e-04   -1.2364e-03   -1.3663e-04
   5.0000e-01    0.0000e+00   -3.0000e+00   -2.8532e+00   -9.2705e-01   -3.3507e-05   -1.7183e-03    3.6769e-04   -1.4739e-03
   5.0000e-01    0.0000e+00   -3.0000e+00   -2.8007e+00   -1.0751e+00    1.6999e-03   -4.2065e-04    2.0909e-03   -2.5284e-04
   5.0000e-01    0.0000e+00   -3.0000e+00   -2.7406e+00   -1.2202e+00    7.7302e-04    1.6098e-03    1.0327e-03    1.7697e-03
   5.0000e-01    0.0000e+00   -3.0000e+00   -2.6730e+00   -1.3620e+00   -1.4785e-03    1.0662e-03   -1.2050e-03    1.1651e-03
   5.0000e-01    0.0000e+00   -3.0000e+00   -2.5981e+00   -1.5000e+00   -1.3169e-03   -1.3184e-03   -1.1478e-03   -1.2484e-03
   5.0000e-01    0.0000e+00   -3.0000e+00   -2.5160e+00   -1.6339e+00    1.1592e-03   -1.5151e-03    1.2520e-03   -1.4430e-03
   5.0000e-01    0.0000e+00   -3.0000e+00   -2.4271e+00   -1.7634e+00    1.6789e-03    1.0026e-03    1.6882e-03    1.0500e-03
   5.0000e-01    0.0000e+00   -3.0000e+00   -2.3314e+00   -1.8880e+00   -8.5223e-04    1.8180e-03   -8.8431e-04    1.9097e-03
   5.0000e-01    0.0000e+00   -3.0000e+00   -2.2294e+00   -2.0074e+00   -1.9317e-03   -7.3287e-04   -2.0773e-03   -6.8710e-04
   5.0000e-01    0.0000e+00   -3.0000e+00   -2.1213e+00   -2.1213e+00    6.4626e-04   -2.0296e-03    4.9408e-04   -2.0750e-03
   5.0000e-01    0.0000e+00   -3.0000e+00   -2.0074e+00   -2.2294e+00    2.1236e-03    5.7803e-04    1.9037e-03    6.1304e-04
   5.0000e-01    0.0000e+00   -3.0000e+00   -1.8880e+00   -2.3314e+00   -5.2629e-04    2.2184e-03   -8.4182e-04    2.1541e-03
   5.0000e-01    0.0000e+00   -3.0000e+00   -1.7634e+00   -2.4271e+00   -2.3119e-03   -5.2017e-04   -2.6187e-03   -5.1978e-04
   5.0000e-01    0.0000e+00   -3.0000e+00   -1.6339e+00   -2.5160e+00    5.5481e-04   -2.4090e-03    1.7732e-04   -2.4013e-03
   5.0000e-01    0.0000e+00   -3.0000e+00   -1.5000e+00   -2.5981e+00    2.5167e-03    6.1142e-04    2.1419e-03    6.5010e-04
   5.0000e-01    0.0000e+00   -3.0000e+00    1.5000e+00   -2.5981e+00    2.5167e-03    6.1142e-04    2.0966e-03    6.9886e-04
   5.0000e-01    0.0000e+00   -3.0000e+00    1.6339e+00   -2.5160e+00    5.5481e-04   -2.4090e-03    1.8366e-04   -2.3901e-03
   5.0000e-01    0.0000e+00   -3.0000e+00    1.7634e+00   -2.4271e+00   -2.3119e-03   -5.2017e-04   -2.6297e-03   -4.5151e-04
   5.0000e-01    0.0000e+00   -3.0000e+00    1.8880e+00   -2.3314e+00   -5.2629e-04    2.2184e-03   -8.3239e-04    2.2376e-03
   5.0000e-01    0.0000e+00   -3.0000e+00    2.0074e+00   -2.2294e+00    2.1236e-03    5.7803e-04    1.7764e-03    6.5115e-04
   5.0000e-01    0.0000e+00   -3.0000e+00    2.1213e+00   -2.1213e+00    6.4626e-04   -2.0296e-03    4.5459e-04   -2.0033e-03
   5.0000e-01    0.0000e+00   -3.0000e+00    2.2294e+00   -2.0074e+00   -1.9317e-03   -7.3287e-04   -2.0426e-03   -7.2907e-04
   5.0000e-01    0.0000e+00   -3.0000e+00    2.3314e+00   -1.8880e+00   -8.5223e-04    1.8180e-03   -8.7378e-04    1.8027e-03
   5.0000e-01    0.0000e+00   -3.0000e+00    2.4271e+00   -1.7634e+00    1.6789e-03    1.0026e-03    1.7428e-03    1.0872e-03
   5.0000e-01    0.0000e+00   -3.0000e+00    2.5160e+00   -1.6339e+00    1.1592e-03   -1.5151e-03    1.2656e-03   -1.4733e-03
   5.0000e-01    0.0000e+00   -3.0000e+00    2.5981e+00   -1.5000e+00   -1.3169e-03   -1.3184e-03   -1.1078e-03   -1.2251e-03
   5.0000e-01    0.0000e+00   -3.0000e+00    2.6730e+00   -1.3620e+00   -1.4785e-03    1.0662e-03   -1.2522e-03    1.1652e-03
   5.0000e-01    0.0000e+00   -3.0000e+00    2.7406e+00   -1.2202e+00    7.7302e-04    1.6098e-03    1.0817e-03    1.7914e-03
   5.0000e-01    0.0000e+00   -3.0000e+00    2.8007e+00   -1.0751e+00    1.6999e-03   -4.2065e-04    2.0404e-03   -1.9770e-04
   5.0000e-01    0.0000e+00   -3.0000e+00    2.8532e+00   -9.2705e-01   -3.3507e-05   -1.7183e-03    4.4855e-04   -1.4639e-03
   5.0000e-01    0.0000e+00   -3.0000e+00    2.8978e+00   -7.7646e-01   -1.6427e-03   -3.9189e-04   -1.1993e-03   -1.0769e-04
   5.0000e-01    0.0000e+00   -3.0000e+00    2.9344e+00   -6.2374e-01   -8.2346e-04    1.4429e-03   -3.6780e-04    1.6895e-03
   5.0000e-01    0.0000e+00   -3.0000e+00    2.9631e+00   -4.6930e-01    1.1151e-03    1.1960e-03    1.5764e-03    1.4476e-03
   5.0000e-01    0.0000e+00   -3.0000e+00    2.9836e+00   -3.1359e-01    1.4736e-03   -6.5058e-04    2.0074e-03   -3.6014e-04
   5.0000e-01    0.0000e+00   -3.0000e+00    2.9959e+00   -1.5701e-01   -8.1925e-05   -1.5863e-03    3.4398e-04   -1.2719e-03
   5.0000e-01    1.5000e+00   -2.6000e+00    3.0000e+00    0.0000e+00   -1.3339e-03   -1.3009e-03   -1.0126e-03   -1.1286e-03
   5.0000e-01    1.5000e+00   -2.6000e+00    2.9959e+00    1.5701e-01   -1.4612e-03    1.0892e-03   -1.1756e-03    1.1651e-03
   5.0000e-01    1.5000e+00   -2.6000e+00    2.9836e+00    3.1359e-01    7.8773e-04    1.6019e-03    1.2182e-03    1.6600e-03
   5.0000e-01    1.5000e+00   -2.6000e+00    2.9631e+00    4.6930e-01    1.6911e-03   -4.5204e-04    2.0914e-03   -3.9834e-04
   5.0000e-01    1.5000e+00   -2.6000e+00    2.9344e+00    6.2374e-01   -6.6153e-05   -1.7170e-03    2.7422e-04   -1.7451e-03
   5.0000e-01    1.5000e+00   -2.6000e+00    2.8978e+00    7.7646e-01   -1.6494e-03   -3.5984e-04   -1.2370e-03   -3.5559e-04
   5.0000e-01    1.5000e+00   -2.6000e+00    2.8532e+00    9.2705e-01   -7.9794e-04    1.4563e-03   -4.2775e-04    1.5133e-03
   5.0000e-01    1.5000e+00   -2.6000e+00    2.8007e+00    1.0751e+00    1.1381e-03    1.1738e-03    1.4306e-03    1.1945e-03
   5.0000e-01    1.5000e+00   -2.6000e+00    2.7406e+00    1.2202e+00    1.4607e-03   -6.7889e-04    1.8196e-03   -6.1135e-04
   5.0000e-01    1.5000e+00   -2.6000e+00    2.6730e+00    1.3620e+00   -1.2656e-04   -1.5824e-03    1.2127e-04   -1.5145e-03
   5.0000e-01    1.5000e+00   -2.6000e+00    2.5981e+00    1.5000e+00   -1.4881e-03   -4.9040e-04   -1.2753e-03   -4.5676e-04
   5.0000e-01    1.5000e+00   -2.6000e+00    2.5160e+00    1.6339e+00   -1.0478e-03    1.1377e-03   -9.9801e-04    1.2533e-03
   5.0000e-01    1.5000e+00   -2.6000e+00    2.4271e+00    1.7634e+00    5.6453e-04    1.4198e-03    5.8090e-04    1.5818e-03
   5.0000e-01    1.5000e+00   -2.6000e+00    2.3314e+00    1.8880e+00    1.5025e-03    1.5483e-04    1.3934e-03    2.9031e-04
   5.0000e-01    1.5000e+00   -2.6000e+00    2.2294e+00    2.0074e+00    8.8005e-04   -1.2074e-03    7.2383e-04   -1.0941e-03
   5.0000e-01    1.5000e+00   -2.6000e+00    2.1213e+00    2.1213e+00   -5.5625e-04   -1.3704e-03   -8.4645e-04   -1.3226e-03
   5.0000e-01    1.5000e+00   -2.6000e+00    2.0074e+00    2.2294e+00   -1.4371e-03   -2.8278e-04   -1.8370e-03   -2.2943e-04
   5.0000e-01    1.5000e+00   -2.6000e+00    1.8880e+00    2.3314e+00   -1.0509e-03    1.0002e-03   -1.5270e-03    1.0198e-03
   5.0000e-01    1.5000e+00   -2.6000e+00    1.7634e+00    2.4271e+00    1.3889e-04    1.4315e-03   -4.0570e-04    1.5392e-03
   5.0000e-01    1.5000e+00   -2.6000e+00    1.6339e+00    2.5160e+00    1.1783e-03    8.0437e-04    5.2930e-04    8.4691e-04
   5.0000e-01    1.5000e+00   -2.6000e+00    1.5000e+00    2.5981e+00    1.3726e-03   -3.4526e-04    6.4195e-04   -3.0855e-04
   5.0000e-01    1.5000e+00   -2.6000e+00    1.3620e+00    2.6730e+00    6.9868e-04   -1.2190e-03    2.7370e-05   -1.2326e-03
   5.0000e-01    1.5000e+00   -2.6000e+00    1.2202e+00    2.7406e+00   -3.3739e-04   -1.3542e-03   -1.0012e-03   -1.3180e-03
   5.0000e-01    1.5000e+00   -2.6000e+00    1.0751e+00    2.8007e+00   -1.1440e-03   -7.8363e-04   -1.7429e-03   -7.1957e-04
   5.0000e-01    1.5000e+00   -2.6000e+00    9.2705e-01    2.8532e+00   -1.3726e-03    1.2285e-04   -1.9898e-03    2.1913e-04
   5.0000e-01    1.5000e+00   -2.6000e+00    7.7646e-01    2.8978e+00   -1.0105e-03    9.2567e-04   -1.6316e-03    1.1886e-03
   5.0000e-01    1.5000e+00   -2.6000e+00    6.2374e-01    2.9344e+00   -3.0380e-04    1.3292e-03   -8.0706e-04    1.5735e-03
   5.0000e-01    1.5000e+00   -2.6000e+00    4.6930e-01    2.9631e+00    4.6082e-04    1.2760e-03    3.6099e-05    1.5361e-03
   5.0000e-01    1.5000e+00   -2.6000e+00    3.1359e-01    2.9836e+00    1.0333e-03    8.7002e-04    6.4336e-04    1.2126e-03
   5.0000e-01    1.5000e+00   -2.6000e+00    1.5701e-01    2.9959e+00    1.3156e-03    2.8222e-04    1.1291e-03    8.0657e-04
   5.0000e-01    1.5000e+00   -2.6000e+00    0.0000e+00    3.0000e+00    1.3004e-03   -3.2533e-04    1.1610e-03    2.2470e-04
   5.0000e-01    1.5000e+00   -2.6000e+00   -1.5701e-01    2.9959e+00    1.0729e-03   -7.9643e-04    1.0152e-03   -1.0217e-04
   5.0000e-01    1.5000e+00   -2.6000e+00   -3.1359e-01    2.9836e+00    7.2163e-04   -1.1196e-03    7.5295e-04   -3.0086e-04
   5.0000e-01    1.5000e+00   -2.6000e+00   -4.6930e-01    2.9631e+00    3.2275e-04   -1.2887e-03    4.7877e-04   -4.3939e-04
   5.0000e-01    1.5000e+00   -2.6000e+00   -6.2374e-01    2.9344e+00   -4.4490e-05   -1.3249e-03    2.3624e-04   -4.8834e-04
   5.0000e-01    1.5000e+00   -2.6000e+00   -7.7646e-01    2.8978e+00   -3.5589e-04   -1.2742e-03    5.1944e-05   -3.1158e-04
   5.0000e-01    1.5000e+00   -2.6000e+00   -9.2705e-01    2.8532e+00   -5.8517e-04   -1.1844e-03   -2.2151e-04   -2.1311e-04
   5.0000e-01    1.5000e+00   -2.6000e+00   -1.0751e+00    2.8007e+00   -7.5739e-04   -1.0808e-03   -2.5551e-04   -1.3217e-04
   5.0000e-01    1.5000e+00   -2.6000e+00   -1.2202e+00    2.7406e+00   -8.6842e-04   -9.9226e-04   -2.9153e-04    2.4338e-05
   5.0000e-01    1.5000e+00   -2.6000e+00   -1.3620e+00    2.6730e+00   -9.3393e-04   -9.2945e-04   -3.2233e-04    -5.2840e-05
   5.0000e-01    1.5000e+00   -2.6000e+00   -1.5000e+00    2.5981e+00   -9.5032e-04   -9.1263e-04   -3.6924e-04   -1.0922e-04
   5.0000e-01    1.5000e+00   -2.6000e+00   -1.6339e+00    2.5160e+00   -9.2580e-04   -9.3803e-04   -3.2306e-04   -1.6186e-04
   5.0000e-01    1.5000e+00   -2.6000e+00   -1.7634e+00    2.4271e+00   -8.6831e-04   -9.9206e-04   -2.8658e-04   -2.2912e-04
   5.0000e-01    1.5000e+00   -2.6000e+00   -1.8880e+00    2.3314e+00   -7.6520e-04   -1.0749e-03   -2.0229e-04   -4.2528e-04
   5.0000e-01    1.5000e+00   -2.6000e+00   -2.0074e+00    2.2294e+00   -5.8581e-04   -1.1844e-03   -1.3565e-04   -6.9102e-04
   5.0000e-01    1.5000e+00   -2.6000e+00   -2.1213e+00    2.1213e+00   -3.3918e-04   -1.2793e-03    1.2295e-04   -7.2867e-04
   5.0000e-01    1.5000e+00   -2.6000e+00   -2.2294e+00    2.0074e+00   -3.7765e-05   -1.3252e-03    2.4996e-04   -9.3552e-04
   5.0000e-01    1.5000e+00   -2.6000e+00   -2.3314e+00    1.8880e+00    3.1783e-04   -1.2901e-03    4.7046e-04   -1.0195e-03
   5.0000e-01    1.5000e+00   -2.6000e+00   -2.4271e+00    1.7634e+00    7.1905e-04   -1.1216e-03    8.1459e-04   -9.3743e-04
   5.0000e-01    1.5000e+00   -2.6000e+00   -2.5160e+00    1.6339e+00    1.0785e-03   -7.8904e-04    1.1412e-03   -6.4367e-04
   5.0000e-01    1.5000e+00   -2.6000e+00   -2.5981e+00    1.5000e+00    1.3052e-03   -3.0681e-04    1.1852e-03   -2.5468e-04
   5.0000e-01    1.5000e+00   -2.6000e+00   -2.6730e+00    1.3620e+00    1.3155e-03    2.8246e-04    1.1473e-03    2.3208e-04
   5.0000e-01    1.5000e+00   -2.6000e+00   -2.7406e+00    1.2202e+00    1.0287e-03    8.7632e-04    8.0180e-04    8.3447e-04
   5.0000e-01    1.5000e+00   -2.6000e+00   -2.8007e+00    1.0751e+00    4.4779e-04    1.2814e-03    1.8636e-04    1.2122e-03
   5.0000e-01    1.5000e+00   -2.6000e+00   -2.8532e+00    9.2705e-01   -3.2064e-04    1.3256e-03   -6.7324e-04    1.1817e-03
   5.0000e-01    1.5000e+00   -2.6000e+00   -2.8978e+00    7.7646e-01   -1.0206e-03    9.1513e-04   -1.3078e-03    7.8826e-04
   5.0000e-01    1.5000e+00   -2.6000e+00   -2.9344e+00    6.2374e-01   -1.3743e-03    1.0938e-04   -1.6845e-03   -3.2143e-05
   5.0000e-01    1.5000e+00   -2.6000e+00   -2.9631e+00    4.6930e-01   -1.1355e-03   -7.9642e-04   -1.4467e-03   -1.0147e-03
   5.0000e-01    1.5000e+00   -2.6000e+00   -2.9836e+00    3.1359e-01   -3.1029e-04   -1.3610e-03   -5.0696e-04   -1.5504e-03
   5.0000e-01    1.5000e+00   -2.6000e+00   -2.9959e+00    1.5701e-01    7.2073e-04   -1.2068e-03    5.5778e-04   -1.3877e-03
   5.0000e-01    1.5000e+00   -2.6000e+00   -3.0000e+00    0.0000e+00    1.3774e-03   -3.2854e-04    1.2696e-03   -5.2555e-04
   5.0000e-01    1.5000e+00   -2.6000e+00   -2.9959e+00   -1.5701e-01    1.1688e-03    8.1876e-04    1.0384e-03    6.6307e-04
   5.0000e-01    1.5000e+00   -2.6000e+00   -2.9836e+00   -3.1359e-01    1.1750e-04    1.4338e-03    9.0727e-05    1.3423e-03
   5.0000e-01    1.5000e+00   -2.6000e+00   -2.9631e+00   -4.6930e-01   -1.0709e-03    9.7946e-04   -9.9592e-04    8.3839e-04
   5.0000e-01    1.5000e+00   -2.6000e+00   -2.9344e+00   -6.2374e-01   -1.4321e-03   -3.0858e-04   -1.3317e-03   -4.0242e-04
   5.0000e-01    1.5000e+00   -2.6000e+00   -2.8978e+00   -7.7646e-01   -5.4772e-04   -1.3739e-03   -3.8727e-04   -1.3719e-03
   5.0000e-01    1.5000e+00   -2.6000e+00   -2.8532e+00   -9.2705e-01    8.9316e-04   -1.1982e-03    1.1111e-03   -1.0962e-03
   5.0000e-01    1.5000e+00   -2.6000e+00   -2.8007e+00   -1.0751e+00    1.4993e-03    1.8826e-04    1.8016e-03    2.6595e-04
   5.0000e-01    1.5000e+00   -2.6000e+00   -2.7406e+00   -1.2202e+00    5.4229e-04    1.4291e-03    9.1344e-04    1.6283e-03
   5.0000e-01    1.5000e+00   -2.6000e+00   -2.6730e+00   -1.3620e+00   -1.0600e-03    1.1265e-03   -7.0275e-04    1.3293e-03
   5.0000e-01    1.5000e+00   -2.6000e+00   -2.5981e+00   -1.5000e+00   -1.4816e-03   -5.0914e-04   -1.0391e-03   -2.0847e-04
   5.0000e-01    1.5000e+00   -2.6000e+00   -2.5160e+00   -1.6339e+00   -9.1230e-05   -1.5855e-03    2.4647e-04   -1.2577e-03
   5.0000e-01    1.5000e+00   -2.6000e+00   -2.4271e+00   -1.7634e+00    1.4697e-03   -6.5840e-04    1.8245e-03   -2.5849e-04
   5.0000e-01    1.5000e+00   -2.6000e+00   -2.3314e+00   -1.8880e+00    1.1270e-03    1.1839e-03    1.4779e-03    1.5634e-03
   5.0000e-01    1.5000e+00   -2.6000e+00   -2.2294e+00   -2.0074e+00   -8.0761e-04    1.4513e-03   -4.4845e-04    1.9132e-03
   5.0000e-01    1.5000e+00   -2.6000e+00   -2.1213e+00   -2.1213e+00   -1.6422e-03   -3.9365e-04   -1.3113e-03    8.2734e-05
   5.0000e-01    1.5000e+00   -2.6000e+00   -2.0074e+00   -2.2294e+00   -3.1695e-05   -1.7180e-03    2.4650e-04   -1.1878e-03
   5.0000e-01    1.5000e+00   -2.6000e+00   -1.8880e+00   -2.3314e+00    1.6948e-03   -4.3737e-04    1.9385e-03    8.0761e-05
   5.0000e-01    1.5000e+00   -2.6000e+00   -1.7634e+00   -2.4271e+00    7.7948e-04    1.6058e-03    1.1083e-03    2.1102e-03
   5.0000e-01    1.5000e+00   -2.6000e+00   -1.6339e+00   -2.5160e+00   -1.4775e-03    1.0672e-03   -1.1484e-03    1.6375e-03
   5.0000e-01    1.5000e+00   -2.6000e+00   -1.5000e+00   -2.5981e+00   -1.3162e-03   -1.3193e-03   -1.0217e-03   -7.5652e-04
   5.0000e-01    1.5000e+00   -2.6000e+00   -1.3620e+00   -2.6730e+00    1.1473e-03   -1.5231e-03    1.3720e-03   -1.0334e-03
   5.0000e-01    1.5000e+00   -2.6000e+00   -1.2202e+00   -2.7406e+00    1.6790e-03    1.0031e-03    1.8490e-03    1.5282e-03
   5.0000e-01    1.5000e+00   -2.6000e+00   -1.0751e+00   -2.8007e+00   -8.5948e-04    1.8151e-03   -7.5823e-04    2.1759e-03
   5.0000e-01    1.5000e+00   -2.6000e+00   -9.2705e-01   -2.8532e+00   -1.9241e-03   -7.5239e-04   -1.9488e-03   -2.6772e-04
   5.0000e-01    1.5000e+00   -2.6000e+00   -7.7646e-01   -2.8978e+00    6.4339e-04   -2.0301e-03    5.8603e-04   -1.6810e-03
   5.0000e-01    1.5000e+00   -2.6000e+00   -6.2374e-01   -2.9344e+00    2.1253e-03    5.7127e-04    2.0624e-03    9.3007e-04
   5.0000e-01    1.5000e+00   -2.6000e+00   -4.6930e-01   -2.9631e+00   -5.4452e-04    2.2146e-03   -6.9713e-04    2.4928e-03
   5.0000e-01    1.5000e+00   -2.6000e+00   -3.1359e-01   -2.9836e+00   -2.3052e-03   -5.5173e-04   -2.6377e-03   -2.4857e-04
   5.0000e-01    1.5000e+00   -2.6000e+00   -1.5701e-01   -2.9959e+00    5.6829e-04   -2.4061e-03    2.2881e-04   -2.1987e-03
   5.0000e-01    1.5000e+00   -2.6000e+00    0.0000e+00   -3.0000e+00    2.5182e-03    6.0279e-04    2.1287e-03    7.0042e-04
   5.0000e-01    1.5000e+00   -2.6000e+00    2.5981e+00   -1.5000e+00    2.5249e-03    5.7145e-04    2.4388e-03    9.6436e-04
   5.0000e-01    1.5000e+00   -2.6000e+00    2.6730e+00   -1.3620e+00    5.2353e-04   -2.4153e-03    5.5730e-04   -2.0465e-03
   5.0000e-01    1.5000e+00   -2.6000e+00    2.7406e+00   -1.2202e+00   -2.3185e-03   -4.8996e-04   -2.2924e-03    6.0740e-06
   5.0000e-01    1.5000e+00   -2.6000e+00    2.8007e+00   -1.0751e+00   -5.0382e-04    2.2239e-03   -4.7281e-04    2.6491e-03
   5.0000e-01    1.5000e+00   -2.6000e+00    2.8532e+00   -9.2705e-01    2.1349e-03    5.3161e-04    2.1782e-03    1.0042e-03
   5.0000e-01    1.5000e+00   -2.6000e+00    2.8978e+00   -7.7646e-01    6.0739e-04   -2.0407e-03    6.9181e-04   -1.6322e-03
   5.0000e-01    1.5000e+00   -2.6000e+00    2.9344e+00   -6.2374e-01   -1.9382e-03   -7.1461e-04   -1.8502e-03   -3.9797e-04
   5.0000e-01    1.5000e+00   -2.6000e+00    2.9631e+00   -4.6930e-01   -8.2701e-04    1.8294e-03   -6.1815e-04    2.0940e-03
   5.0000e-01    1.5000e+00   -2.6000e+00    2.9836e+00   -3.1359e-01    1.6981e-03    9.6838e-04    1.9238e-03    1.1784e-03
   5.0000e-01    1.5000e+00   -2.6000e+00    2.9959e+00   -1.5701e-01    1.1314e-03   -1.5352e-03    1.4067e-03   -1.3687e-03
   5.0000e-01    2.6000e+00   -1.5000e+00    3.0000e+00    0.0000e+00    2.5114e-03    6.3483e-04    2.5252e-03    6.0855e-04
   5.0000e-01    2.6000e+00   -1.5000e+00    2.9959e+00    1.5701e-01    5.6829e-04   -2.4061e-03    6.4803e-04   -2.4495e-03
   5.0000e-01    2.6000e+00   -1.5000e+00    2.9836e+00    3.1359e-01   -2.3052e-03   -5.5173e-04   -2.0948e-03   -5.7240e-04
   5.0000e-01    2.6000e+00   -1.5000e+00    2.9631e+00    4.6930e-01   -5.4452e-04    2.2146e-03   -2.4667e-04    2.0974e-03
   5.0000e-01    2.6000e+00   -1.5000e+00    2.9344e+00    6.2374e-01    2.1253e-03    5.7127e-04    2.5091e-03    5.3824e-04
   5.0000e-01    2.6000e+00   -1.5000e+00    2.8978e+00    7.7646e-01    6.4339e-04   -2.0301e-03    9.7398e-04   -2.1071e-03
   5.0000e-01    2.6000e+00   -1.5000e+00    2.8532e+00    9.2705e-01   -1.9241e-03   -7.5239e-04   -1.4240e-03   -8.1761e-04
   5.0000e-01    2.6000e+00   -1.5000e+00    2.8007e+00    1.0751e+00   -8.5948e-04    1.8151e-03   -4.4303e-04    1.7529e-03
   5.0000e-01    2.6000e+00   -1.5000e+00    2.7406e+00    1.2202e+00    1.6790e-03    1.0031e-03    2.1255e-03    9.7433e-04
   5.0000e-01    2.6000e+00   -1.5000e+00    2.6730e+00    1.3620e+00    1.1473e-03   -1.5231e-03    1.6088e-03   -1.5492e-03
   5.0000e-01    2.6000e+00   -1.5000e+00    2.5981e+00    1.5000e+00   -1.3162e-03   -1.3193e-03   -9.1487e-04   -1.2890e-03
   5.0000e-01    2.6000e+00   -1.5000e+00    2.5160e+00    1.6339e+00   -1.4775e-03    1.0672e-03   -1.1120e-03    1.0925e-03
   5.0000e-01    2.6000e+00   -1.5000e+00    2.4271e+00    1.7634e+00    7.7948e-04    1.6058e-03    1.0981e-03    1.5885e-03
   5.0000e-01    2.6000e+00   -1.5000e+00    2.3314e+00    1.8880e+00    1.6948e-03   -4.3737e-04    2.0640e-03   -4.3168e-04
   5.0000e-01    2.6000e+00   -1.5000e+00    2.2294e+00    2.0074e+00   -3.1695e-05   -1.7180e-03    2.7581e-04   -1.7175e-03
   5.0000e-01    2.6000e+00   -1.5000e+00    2.1213e+00    2.1213e+00   -1.6422e-03   -3.9365e-04   -1.3619e-03   -4.8108e-04
   5.0000e-01    2.6000e+00   -1.5000e+00    2.0074e+00    2.2294e+00   -8.0761e-04    1.4513e-03   -5.4332e-04    1.3251e-03
   5.0000e-01    2.6000e+00   -1.5000e+00    1.8880e+00    2.3314e+00    1.1270e-03    1.1839e-03    1.4178e-03    1.0344e-03
   5.0000e-01    2.6000e+00   -1.5000e+00    1.7634e+00    2.4271e+00    1.4697e-03   -6.5840e-04    1.6846e-03   -7.8954e-04
   5.0000e-01    2.6000e+00   -1.5000e+00    1.6339e+00    2.5160e+00   -9.1230e-05   -1.5855e-03    1.4699e-04   -1.8325e-03
   5.0000e-01    2.6000e+00   -1.5000e+00    1.5000e+00    2.5981e+00   -1.4816e-03   -5.0914e-04   -1.2622e-03   -8.0173e-04
   5.0000e-01    2.6000e+00   -1.5000e+00    1.3620e+00    2.6730e+00   -1.0600e-03    1.1265e-03   -8.7145e-04    8.7508e-04
   5.0000e-01    2.6000e+00   -1.5000e+00    1.2202e+00    2.7406e+00    5.4229e-04    1.4291e-03    7.4557e-04    1.1602e-03
   5.0000e-01    2.6000e+00   -1.5000e+00    1.0751e+00    2.8007e+00    1.4993e-03    1.8826e-04    1.6593e-03   -5.5166e-05
   5.0000e-01    2.6000e+00   -1.5000e+00    9.2705e-01    2.8532e+00    8.9316e-04   -1.1982e-03    1.1088e-03   -1.4701e-03
   5.0000e-01    2.6000e+00   -1.5000e+00    7.7646e-01    2.8978e+00   -5.4772e-04   -1.3739e-03   -3.6001e-04   -1.5820e-03
   5.0000e-01    2.6000e+00   -1.5000e+00    6.2374e-01    2.9344e+00   -1.4321e-03   -3.0858e-04   -1.2307e-03   -4.9394e-04
   5.0000e-01    2.6000e+00   -1.5000e+00    4.6930e-01    2.9631e+00   -1.0709e-03    9.7946e-04   -8.8019e-04    8.3766e-04
   5.0000e-01    2.6000e+00   -1.5000e+00    3.1359e-01    2.9836e+00    1.1750e-04    1.4338e-03    3.0530e-04    1.3272e-03
   5.0000e-01    2.6000e+00   -1.5000e+00    1.5701e-01    2.9959e+00    1.1688e-03    8.1876e-04    1.2922e-03    7.5254e-04
   5.0000e-01    2.6000e+00   -1.5000e+00    0.0000e+00    3.0000e+00    1.3751e-03   -3.3753e-04    1.4713e-03   -3.8877e-04
   5.0000e-01    2.6000e+00   -1.5000e+00   -1.5701e-01    2.9959e+00    7.2073e-04   -1.2068e-03    8.3135e-04   -1.1753e-03
   5.0000e-01    2.6000e+00   -1.5000e+00   -3.1359e-01    2.9836e+00   -3.1029e-04   -1.3610e-03   -2.6738e-04   -1.2464e-03
   5.0000e-01    2.6000e+00   -1.5000e+00   -4.6930e-01    2.9631e+00   -1.1355e-03   -7.9642e-04   -1.1269e-03   -6.1483e-04
   5.0000e-01    2.6000e+00   -1.5000e+00   -6.2374e-01    2.9344e+00   -1.3743e-03    1.0938e-04   -1.4227e-03    4.0320e-04
   5.0000e-01    2.6000e+00   -1.5000e+00   -7.7646e-01    2.8978e+00   -1.0206e-03    9.1513e-04   -1.0347e-03    1.2631e-03
   5.0000e-01    2.6000e+00   -1.5000e+00   -9.2705e-01    2.8532e+00   -3.2064e-04    1.3256e-03   -3.9255e-04    1.6997e-03
   5.0000e-01    2.6000e+00   -1.5000e+00   -1.0751e+00    2.8007e+00    4.4779e-04    1.2814e-03    2.7473e-04    1.8132e-03
   5.0000e-01    2.6000e+00   -1.5000e+00   -1.2202e+00    2.7406e+00    1.0287e-03    8.7632e-04    8.7162e-04    1.5278e-03
   5.0000e-01    2.6000e+00   -1.5000e+00   -1.3620e+00    2.6730e+00    1.3155e-03    2.8246e-04    1.1864e-03    1.0532e-03
   5.0000e-01    2.6000e+00   -1.5000e+00   -1.5000e+00    2.5981e+00    1.3052e-03   -3.0681e-04    1.0749e-03    5.8840e-04
   5.0000e-01    2.6000e+00   -1.5000e+00   -1.6339e+00    2.5160e+00    1.0785e-03   -7.8904e-04    8.4328e-04    2.1165e-04
   5.0000e-01    2.6000e+00   -1.5000e+00   -1.7634e+00    2.4271e+00    7.1905e-04   -1.1216e-03    5.3178e-04   -4.5612e-05
   5.0000e-01    2.6000e+00   -1.5000e+00   -1.8880e+00    2.3314e+00    3.1783e-04   -1.2901e-03    1.8014e-04   -1.0680e-04
   5.0000e-01    2.6000e+00   -1.5000e+00   -2.0074e+00    2.2294e+00   -3.7765e-05   -1.3252e-03   -2.2296e-04    2.3564e-06
   5.0000e-01    2.6000e+00   -1.5000e+00   -2.1213e+00    2.1213e+00   -3.3918e-04   -1.2793e-03   -4.9958e-04    3.1103e-05
   5.0000e-01    2.6000e+00   -1.5000e+00   -2.2294e+00    2.0074e+00   -5.8581e-04   -1.1844e-03   -7.2435e-04    2.0801e-04
   5.0000e-01    2.6000e+00   -1.5000e+00   -2.3314e+00    1.8880e+00   -7.6520e-04   -1.0749e-03   -8.5753e-04    3.0289e-04
   5.0000e-01    2.6000e+00   -1.5000e+00   -2.4271e+00    1.7634e+00   -8.6831e-04   -9.9206e-04   -8.8027e-04    3.8179e-04
   5.0000e-01    2.6000e+00   -1.5000e+00   -2.5160e+00    1.6339e+00   -9.2580e-04   -9.3803e-04   -8.8089e-04    3.9219e-04
   5.0000e-01    2.6000e+00   -1.5000e+00   -2.5981e+00    1.5000e+00   -9.5032e-04   -9.1263e-04   -9.8004e-04    3.4095e-04
   5.0000e-01    2.6000e+00   -1.5000e+00   -2.6730e+00    1.3620e+00   -9.3393e-04   -9.2945e-04   -8.7291e-04    2.1253e-04
   5.0000e-01    2.6000e+00   -1.5000e+00   -2.7406e+00    1.2202e+00   -8.6842e-04   -9.9226e-04   -8.0839e-04    5.1694e-05
   5.0000e-01    2.6000e+00   -1.5000e+00   -2.8007e+00    1.0751e+00   -7.5739e-04   -1.0808e-03   -7.4558e-04   -2.0154e-04
   5.0000e-01    2.6000e+00   -1.5000e+00   -2.8532e+00    9.2705e-01   -5.8517e-04   -1.1844e-03   -6.2591e-04   -4.2520e-04
   5.0000e-01    2.6000e+00   -1.5000e+00   -2.8978e+00    7.7646e-01   -3.5589e-04   -1.2742e-03   -4.0695e-04   -6.8201e-04
   5.0000e-01    2.6000e+00   -1.5000e+00   -2.9344e+00    6.2374e-01   -4.4490e-05   -1.3249e-03   -2.6434e-04   -9.0417e-04
   5.0000e-01    2.6000e+00   -1.5000e+00   -2.9631e+00    4.6930e-01    3.2275e-04   -1.2887e-03    6.1224e-05   -9.3938e-04
   5.0000e-01    2.6000e+00   -1.5000e+00   -2.9836e+00    3.1359e-01    7.2163e-04   -1.1196e-03    3.7133e-04   -9.5716e-04
   5.0000e-01    2.6000e+00   -1.5000e+00   -2.9959e+00    1.5701e-01    1.0729e-03   -7.9643e-04    6.6919e-04   -7.0006e-04
   5.0000e-01    2.6000e+00   -1.5000e+00   -3.0000e+00    0.0000e+00    1.3015e-03   -3.2094e-04    8.3758e-04   -3.5080e-04
   5.0000e-01    2.6000e+00   -1.5000e+00   -2.9959e+00   -1.5701e-01    1.3156e-03    2.8222e-04    7.8768e-04    2.7592e-04
   5.0000e-01    2.6000e+00   -1.5000e+00   -2.9836e+00   -3.1359e-01    1.0333e-03    8.7002e-04    4.9529e-04    8.0607e-04
   5.0000e-01    2.6000e+00   -1.5000e+00   -2.9631e+00   -4.6930e-01    4.6082e-04    1.2760e-03   -1.3810e-04    1.1776e-03
   5.0000e-01    2.6000e+00   -1.5000e+00   -2.9344e+00   -6.2374e-01   -3.0380e-04    1.3292e-03   -9.1502e-04    1.2712e-03
   5.0000e-01    2.6000e+00   -1.5000e+00   -2.8978e+00   -7.7646e-01   -1.0105e-03    9.2567e-04   -1.5120e-03    8.6352e-04
   5.0000e-01    2.6000e+00   -1.5000e+00   -2.8532e+00   -9.2705e-01   -1.3726e-03    1.2285e-04   -1.8704e-03    7.1836e-05
   5.0000e-01    2.6000e+00   -1.5000e+00   -2.8007e+00   -1.0751e+00   -1.1440e-03   -7.8363e-04   -1.5627e-03   -6.9164e-04
   5.0000e-01    2.6000e+00   -1.5000e+00   -2.7406e+00   -1.2202e+00   -3.3739e-04   -1.3542e-03   -6.9581e-04   -1.2669e-03
   5.0000e-01    2.6000e+00   -1.5000e+00   -2.6730e+00   -1.3620e+00    6.9868e-04   -1.2190e-03    4.9643e-04   -1.0910e-03
   5.0000e-01    2.6000e+00   -1.5000e+00   -2.5981e+00   -1.5000e+00    1.3726e-03   -3.4526e-04    1.1817e-03   -1.5242e-04
   5.0000e-01    2.6000e+00   -1.5000e+00   -2.5160e+00   -1.6339e+00    1.1783e-03    8.0437e-04    1.1918e-03    1.0339e-03
   5.0000e-01    2.6000e+00   -1.5000e+00   -2.4271e+00   -1.7634e+00    1.3889e-04    1.4315e-03    1.8527e-04    1.6902e-03
   5.0000e-01    2.6000e+00   -1.5000e+00   -2.3314e+00   -1.8880e+00   -1.0509e-03    1.0002e-03   -9.9955e-04    1.3005e-03
   5.0000e-01    2.6000e+00   -1.5000e+00   -2.2294e+00   -2.0074e+00   -1.4371e-03   -2.8278e-04   -1.2533e-03    -8.6415e-06
   5.0000e-01    2.6000e+00   -1.5000e+00   -2.1213e+00   -2.1213e+00   -5.5625e-04   -1.3704e-03   -2.4947e-04   -1.0852e-03
   5.0000e-01    2.6000e+00   -1.5000e+00   -2.0074e+00   -2.2294e+00    8.8005e-04   -1.2074e-03    1.1907e-03   -9.3211e-04
   5.0000e-01    2.6000e+00   -1.5000e+00   -1.8880e+00   -2.3314e+00    1.5025e-03    1.5483e-04    1.8571e-03    4.1589e-04
   5.0000e-01    2.6000e+00   -1.5000e+00   -1.7634e+00   -2.4271e+00    5.6453e-04    1.4198e-03    9.3231e-04    1.7308e-03
   5.0000e-01    2.6000e+00   -1.5000e+00   -1.6339e+00   -2.5160e+00   -1.0478e-03    1.1377e-03   -6.5262e-04    1.3800e-03
   5.0000e-01    2.6000e+00   -1.5000e+00   -1.5000e+00   -2.5981e+00   -1.4881e-03   -4.9040e-04   -1.1368e-03   -2.5211e-04
   5.0000e-01    2.6000e+00   -1.5000e+00   -1.3620e+00   -2.6730e+00   -1.2656e-04   -1.5824e-03    2.6252e-04   -1.4030e-03
   5.0000e-01    2.6000e+00   -1.5000e+00   -1.2202e+00   -2.7406e+00    1.4607e-03   -6.7889e-04    1.7931e-03   -4.3747e-04
   5.0000e-01    2.6000e+00   -1.5000e+00   -1.0751e+00   -2.8007e+00    1.1381e-03    1.1738e-03    1.4749e-03    1.3127e-03
   5.0000e-01    2.6000e+00   -1.5000e+00   -9.2705e-01   -2.8532e+00   -7.9794e-04    1.4563e-03   -4.4539e-04    1.6319e-03
   5.0000e-01    2.6000e+00   -1.5000e+00   -7.7646e-01   -2.8978e+00   -1.6494e-03   -3.5984e-04   -1.3220e-03   -2.2813e-04
   5.0000e-01    2.6000e+00   -1.5000e+00   -6.2374e-01   -2.9344e+00   -6.6153e-05   -1.7170e-03    2.0122e-04   -1.5821e-03
   5.0000e-01    2.6000e+00   -1.5000e+00   -4.6930e-01   -2.9631e+00    1.6911e-03   -4.5204e-04    1.9170e-03   -2.5889e-04
   5.0000e-01    2.6000e+00   -1.5000e+00   -3.1359e-01   -2.9836e+00    7.8773e-04    1.6019e-03    9.9606e-04    1.7088e-03
   5.0000e-01    2.6000e+00   -1.5000e+00   -1.5701e-01   -2.9959e+00   -1.4612e-03    1.0892e-03   -1.2900e-03    1.1499e-03
   5.0000e-01    2.6000e+00   -1.5000e+00    0.0000e+00   -3.0000e+00   -1.3483e-03   -1.2855e-03   -1.1803e-03   -1.2392e-03
   5.0000e-01    2.6000e+00   -1.5000e+00    1.5701e-01   -2.9959e+00    1.1314e-03   -1.5352e-03    1.2451e-03   -1.4593e-03
   5.0000e-01    2.6000e+00   -1.5000e+00    3.1359e-01   -2.9836e+00    1.6981e-03    9.6838e-04    1.8095e-03    1.1302e-03
   5.0000e-01    2.6000e+00   -1.5000e+00    4.6930e-01   -2.9631e+00   -8.2701e-04    1.8294e-03   -7.2860e-04    1.8963e-03
   5.0000e-01    2.6000e+00   -1.5000e+00    6.2374e-01   -2.9344e+00   -1.9382e-03   -7.1461e-04   -1.8316e-03   -5.3484e-04
   5.0000e-01    2.6000e+00   -1.5000e+00    7.7646e-01   -2.8978e+00    6.0739e-04   -2.0407e-03    6.0672e-04   -1.8528e-03
   5.0000e-01    2.6000e+00   -1.5000e+00    9.2705e-01   -2.8532e+00    2.1349e-03    5.3161e-04    2.1309e-03    6.9065e-04
   5.0000e-01    2.6000e+00   -1.5000e+00    1.0751e+00   -2.8007e+00   -5.0382e-04    2.2239e-03   -5.4514e-04    2.4290e-03
   5.0000e-01    2.6000e+00   -1.5000e+00    1.2202e+00   -2.7406e+00   -2.3185e-03   -4.8996e-04   -2.3862e-03   -2.3750e-04
   5.0000e-01    2.6000e+00   -1.5000e+00    1.3620e+00   -2.6730e+00    5.2353e-04   -2.4153e-03    4.6822e-04   -2.0853e-03
   5.0000e-01    2.6000e+00   -1.5000e+00    1.5000e+00   -2.5981e+00    2.5249e-03    5.7145e-04    2.4587e-03    9.8147e-04
