   3.0000e-01    3.0000e+00    0.0000e+00    2.5981e+00    1.5000e+00    1.7913e-03    9.0077e-04    1.7380e-03    9.0503e-04
   3.0000e-01    3.0000e+00    0.0000e+00    2.5160e+00    1.6339e+00    1.6940e-03   -8.9140e-04    1.6818e-03   -8.5002e-04
   3.0000e-01    3.0000e+00    0.0000e+00    2.4271e+00    1.7634e+00    2.5666e-04   -1.8170e-03    2.8191e-04   -1.8294e-03
   3.0000e-01    3.0000e+00    0.0000e+00    2.3314e+00    1.8880e+00   -1.2613e-03   -1.2357e-03   -1.1884e-03   -1.2024e-03
   3.0000e-01    3.0000e+00    0.0000e+00    2.2294e+00    2.0074e+00   -1.6858e-03    2.5140e-04   -1.6004e-03    3.0485e-04
   3.0000e-01    3.0000e+00    0.0000e+00    2.1213e+00    2.1213e+00   -7.9867e-04    1.4433e-03   -6.7721e-04    1.5350e-03
   3.0000e-01    3.0000e+00    0.0000e+00    2.0074e+00    2.2294e+00    6.3001e-04    1.4707e-03    7.8044e-04    1.5363e-03
   3.0000e-01    3.0000e+00    0.0000e+00    1.8880e+00    2.3314e+00    1.4992e-03    4.1292e-04    1.6178e-03    4.4807e-04
   3.0000e-01    3.0000e+00    0.0000e+00    1.7634e+00    2.4271e+00    1.2379e-03   -8.7250e-04    1.3861e-03   -7.6714e-04
   3.0000e-01    3.0000e+00    0.0000e+00    1.6339e+00    2.5160e+00    1.2244e-04   -1.4723e-03    2.5744e-04   -1.4092e-03
   3.0000e-01    3.0000e+00    0.0000e+00    1.5000e+00    2.5981e+00   -1.0149e-03   -1.0260e-03   -8.8045e-04   -1.0062e-03
   3.0000e-01    3.0000e+00    0.0000e+00    1.3620e+00    2.6730e+00   -1.4096e-03    7.8720e-05   -1.3228e-03    1.5004e-04
   3.0000e-01    3.0000e+00    0.0000e+00    1.2202e+00    2.7406e+00   -8.6808e-04    1.0765e-03   -7.7704e-04    1.1189e-03
   3.0000e-01    3.0000e+00    0.0000e+00    1.0751e+00    2.8007e+00    1.9048e-04    1.3427e-03    2.2982e-04    1.3898e-03
   3.0000e-01    3.0000e+00    0.0000e+00    9.2705e-01    2.8532e+00    1.0825e-03    7.7461e-04    1.0906e-03    7.7012e-04
   3.0000e-01    3.0000e+00    0.0000e+00    7.7646e-01    2.8978e+00    1.2893e-03   -2.2034e-04    1.2436e-03   -2.4955e-04
   3.0000e-01    3.0000e+00    0.0000e+00    6.2374e-01    2.9344e+00    7.5756e-04   -1.0399e-03    5.6688e-04   -1.0570e-03
   3.0000e-01    3.0000e+00    0.0000e+00    4.6930e-01    2.9631e+00   -1.6658e-04   -1.2554e-03   -3.6087e-04   -1.2444e-03
   3.0000e-01    3.0000e+00    0.0000e+00    3.1359e-01    2.9836e+00   -9.5654e-04   -8.0100e-04   -1.1588e-03   -8.6866e-04
   3.0000e-01    3.0000e+00    0.0000e+00    1.5701e-01    2.9959e+00   -1.2297e-03    3.3121e-05   -1.4801e-03   -4.4460e-05
   3.0000e-01    3.0000e+00    0.0000e+00    0.0000e+00    3.0000e+00   -8.9633e-04    8.1823e-04   -1.2260e-03    7.4670e-04
   3.0000e-01    3.0000e+00    0.0000e+00   -1.5701e-01    2.9959e+00   -1.7874e-04    1.1850e-03   -5.4979e-04    1.1283e-03
   3.0000e-01    3.0000e+00    0.0000e+00   -3.1359e-01    2.9836e+00    5.8602e-04    1.0288e-03    1.8792e-04    9.4262e-04
   3.0000e-01    3.0000e+00    0.0000e+00   -4.6930e-01    2.9631e+00    1.0790e-03    4.5350e-04    6.4450e-04    3.5875e-04
   3.0000e-01    3.0000e+00    0.0000e+00   -6.2374e-01    2.9344e+00    1.1258e-03   -2.6989e-04    6.2492e-04   -4.1188e-04
   3.0000e-01    3.0000e+00    0.0000e+00   -7.7646e-01    2.8978e+00    7.5908e-04   -8.5828e-04    2.4240e-04   -9.7314e-04
   3.0000e-01    3.0000e+00    0.0000e+00   -9.2705e-01    2.8532e+00    1.5644e-04   -1.1239e-03   -3.6419e-04   -1.1937e-03
   3.0000e-01    3.0000e+00    0.0000e+00   -1.0751e+00    2.8007e+00   -4.7323e-04   -1.0199e-03   -1.0117e-03   -1.1945e-03
   3.0000e-01    3.0000e+00    0.0000e+00   -1.2202e+00    2.7406e+00   -9.2712e-04   -6.1857e-04   -1.4095e-03   -7.1998e-04
   3.0000e-01    3.0000e+00    0.0000e+00   -1.3620e+00    2.6730e+00   -1.1034e-03   -6.3558e-05   -1.5737e-03   -1.7838e-04
   3.0000e-01    3.0000e+00    0.0000e+00   -1.5000e+00    2.5981e+00   -9.9048e-04    4.7103e-04   -1.4034e-03    3.3413e-04
   3.0000e-01    3.0000e+00    0.0000e+00   -1.6339e+00    2.5160e+00   -6.5633e-04    8.6867e-04   -1.1123e-03    7.2765e-04
   3.0000e-01    3.0000e+00    0.0000e+00   -1.7634e+00    2.4271e+00   -1.9768e-04    1.0630e-03   -5.3433e-04    9.1023e-04
   3.0000e-01    3.0000e+00    0.0000e+00   -1.8880e+00    2.3314e+00    2.7247e-04    1.0390e-03   -3.3164e-05    9.5512e-04
   3.0000e-01    3.0000e+00    0.0000e+00   -2.0074e+00    2.2294e+00    6.5832e-04    8.4073e-04    4.0891e-04    7.9010e-04
   3.0000e-01    3.0000e+00    0.0000e+00   -2.1213e+00    2.1213e+00    9.2174e-04    5.2726e-04    7.7174e-04    5.4741e-04
   3.0000e-01    3.0000e+00    0.0000e+00   -2.2294e+00    2.0074e+00    1.0445e-03    1.5764e-04    9.7371e-04    1.1955e-04
   3.0000e-01    3.0000e+00    0.0000e+00   -2.3314e+00    1.8880e+00    1.0309e-03   -2.0482e-04    1.0074e-03   -2.1981e-04
   3.0000e-01    3.0000e+00    0.0000e+00   -2.4271e+00    1.7634e+00    9.1390e-04   -5.0977e-04    1.0192e-03   -4.8559e-04
   3.0000e-01    3.0000e+00    0.0000e+00   -2.5160e+00    1.6339e+00    7.2687e-04   -7.4705e-04    8.8736e-04   -6.5093e-04
   3.0000e-01    3.0000e+00    0.0000e+00   -2.5981e+00    1.5000e+00    4.9869e-04   -9.1080e-04    7.2484e-04   -8.1264e-04
   3.0000e-01    3.0000e+00    0.0000e+00   -2.6730e+00    1.3620e+00    2.6298e-04   -1.0010e-03    5.3859e-04   -8.9372e-04
   3.0000e-01    3.0000e+00    0.0000e+00   -2.7406e+00    1.2202e+00    4.2211e-05   -1.0311e-03    4.3375e-04   -8.4670e-04
   3.0000e-01    3.0000e+00    0.0000e+00   -2.8007e+00    1.0751e+00   -1.5492e-04   -1.0176e-03    3.6148e-04   -8.1537e-04
   3.0000e-01    3.0000e+00    0.0000e+00   -2.8532e+00    9.2705e-01   -3.2103e-04   -9.7542e-04    2.3453e-04   -7.3910e-04
   3.0000e-01    3.0000e+00    0.0000e+00   -2.8978e+00    7.7646e-01   -4.5735e-04   -9.1719e-04    1.8164e-04   -6.3673e-04
   3.0000e-01    3.0000e+00    0.0000e+00   -2.9344e+00    6.2374e-01   -5.5748e-04   -8.5822e-04    1.0662e-04   -6.1110e-04
   3.0000e-01    3.0000e+00    0.0000e+00   -2.9631e+00    4.6930e-01   -6.3216e-04   -8.0316e-04    9.0176e-05   -4.9801e-04
   3.0000e-01    3.0000e+00    0.0000e+00   -2.9836e+00    3.1359e-01   -6.7957e-04   -7.6235e-04    8.0167e-05   -4.5422e-04
   3.0000e-01    3.0000e+00    0.0000e+00   -2.9959e+00    1.5701e-01   -7.0919e-04   -7.3424e-04    8.9793e-05   -4.2911e-04
   3.0000e-01    3.0000e+00    0.0000e+00   -3.0000e+00    0.0000e+00   -7.2250e-04   -7.2081e-04    7.3419e-05   -4.0340e-04
   3.0000e-01    3.0000e+00    0.0000e+00   -2.9959e+00   -1.5701e-01   -7.0919e-04   -7.3424e-04    1.7191e-05   -4.5174e-04
   3.0000e-01    3.0000e+00    0.0000e+00   -2.9836e+00   -3.1359e-01   -6.7957e-04   -7.6235e-04    3.9654e-05   -4.1149e-04
   3.0000e-01    3.0000e+00    0.0000e+00   -2.9631e+00   -4.6930e-01   -6.3216e-04   -8.0316e-04    8.7618e-05   -4.8896e-04
   3.0000e-01    3.0000e+00    0.0000e+00   -2.9344e+00   -6.2374e-01   -5.5748e-04   -8.5822e-04    2.8725e-05   -5.6048e-04
   3.0000e-01    3.0000e+00    0.0000e+00   -2.8978e+00   -7.7646e-01   -4.5735e-04   -9.1719e-04    1.6609e-04   -6.7917e-04
   3.0000e-01    3.0000e+00    0.0000e+00   -2.8532e+00   -9.2705e-01   -3.2103e-04   -9.7542e-04    2.0840e-04   -7.4411e-04
   3.0000e-01    3.0000e+00    0.0000e+00   -2.8007e+00   -1.0751e+00   -1.5492e-04   -1.0176e-03    3.7710e-04   -8.4585e-04
   3.0000e-01    3.0000e+00    0.0000e+00   -2.7406e+00   -1.2202e+00    4.2211e-05   -1.0311e-03    4.3786e-04   -8.1888e-04
   3.0000e-01    3.0000e+00    0.0000e+00   -2.6730e+00   -1.3620e+00    2.6298e-04   -1.0010e-03    5.7961e-04   -8.7260e-04
   3.0000e-01    3.0000e+00    0.0000e+00   -2.5981e+00   -1.5000e+00    4.9869e-04   -9.1080e-04    7.4898e-04   -8.4051e-04
   3.0000e-01    3.0000e+00    0.0000e+00   -2.5160e+00   -1.6339e+00    7.2687e-04   -7.4705e-04    8.9590e-04   -7.0852e-04
   3.0000e-01    3.0000e+00    0.0000e+00   -2.4271e+00   -1.7634e+00    9.1390e-04   -5.0977e-04    1.0172e-03   -4.6883e-04
   3.0000e-01    3.0000e+00    0.0000e+00   -2.3314e+00   -1.8880e+00    1.0309e-03   -2.0482e-04    1.0910e-03   -1.8710e-04
   3.0000e-01    3.0000e+00    0.0000e+00   -2.2294e+00   -2.0074e+00    1.0445e-03    1.5764e-04    9.9563e-04    9.9153e-05
   3.0000e-01    3.0000e+00    0.0000e+00   -2.1213e+00   -2.1213e+00    9.2174e-04    5.2726e-04    7.5107e-04    4.8866e-04
   3.0000e-01    3.0000e+00    0.0000e+00   -2.0074e+00   -2.2294e+00    6.5832e-04    8.4073e-04    4.6952e-04    7.1940e-04
   3.0000e-01    3.0000e+00    0.0000e+00   -1.8880e+00   -2.3314e+00    2.7247e-04    1.0390e-03   -5.0248e-06    9.6506e-04
   3.0000e-01    3.0000e+00    0.0000e+00   -1.7634e+00   -2.4271e+00   -1.9768e-04    1.0630e-03   -5.1726e-04    9.7362e-04
   3.0000e-01    3.0000e+00    0.0000e+00   -1.6339e+00   -2.5160e+00   -6.5633e-04    8.6867e-04   -1.0690e-03    7.2795e-04
   3.0000e-01    3.0000e+00    0.0000e+00   -1.5000e+00   -2.5981e+00   -9.9048e-04    4.7103e-04   -1.4820e-03    3.4264e-04
   3.0000e-01    3.0000e+00    0.0000e+00   -1.3620e+00   -2.6730e+00   -1.1034e-03   -6.3558e-05   -1.5942e-03   -1.4355e-04
   3.0000e-01    3.0000e+00    0.0000e+00   -1.2202e+00   -2.7406e+00   -9.2712e-04   -6.1857e-04   -1.4501e-03   -7.5236e-04
   3.0000e-01    3.0000e+00    0.0000e+00   -1.0751e+00   -2.8007e+00   -4.7323e-04   -1.0199e-03   -1.0337e-03   -1.1738e-03
   3.0000e-01    3.0000e+00    0.0000e+00   -9.2705e-01   -2.8532e+00    1.5644e-04   -1.1239e-03   -3.4916e-04   -1.2382e-03
   3.0000e-01    3.0000e+00    0.0000e+00   -7.7646e-01   -2.8978e+00    7.5908e-04   -8.5828e-04    2.9880e-04   -9.8912e-04
   3.0000e-01    3.0000e+00    0.0000e+00   -6.2374e-01   -2.9344e+00    1.1258e-03   -2.6989e-04    6.1050e-04   -3.7733e-04
   3.0000e-01    3.0000e+00    0.0000e+00   -4.6930e-01   -2.9631e+00    1.0790e-03    4.5350e-04    6.4059e-04    3.5914e-04
   3.0000e-01    3.0000e+00    0.0000e+00   -3.1359e-01   -2.9836e+00    5.8602e-04    1.0288e-03    1.4856e-04    9.6565e-04
   3.0000e-01    3.0000e+00    0.0000e+00   -1.5701e-01   -2.9959e+00   -1.7874e-04    1.1850e-03   -5.5057e-04    1.1248e-03
   3.0000e-01    3.0000e+00    0.0000e+00    0.0000e+00   -3.0000e+00   -8.9633e-04    8.1823e-04   -1.1860e-03    7.7325e-04
   3.0000e-01    3.0000e+00    0.0000e+00    1.5701e-01   -2.9959e+00   -1.2297e-03    3.3121e-05   -1.4966e-03    4.8300e-05
   3.0000e-01    3.0000e+00    0.0000e+00    3.1359e-01   -2.9836e+00   -9.5654e-04   -8.0100e-04   -1.1711e-03   -8.4152e-04
   3.0000e-01    3.0000e+00    0.0000e+00    4.6930e-01   -2.9631e+00   -1.6658e-04   -1.2554e-03   -3.3065e-04   -1.2266e-03
   3.0000e-01    3.0000e+00    0.0000e+00    6.2374e-01   -2.9344e+00    7.5756e-04   -1.0399e-03    6.4740e-04   -1.0239e-03
   3.0000e-01    3.0000e+00    0.0000e+00    7.7646e-01   -2.8978e+00    1.2893e-03   -2.2034e-04    1.2621e-03   -2.2010e-04
   3.0000e-01    3.0000e+00    0.0000e+00    9.2705e-01   -2.8532e+00    1.0825e-03    7.7461e-04    1.0168e-03    8.1165e-04
   3.0000e-01    3.0000e+00    0.0000e+00    1.0751e+00   -2.8007e+00    1.9048e-04    1.3427e-03    2.2550e-04    1.3646e-03
   3.0000e-01    3.0000e+00    0.0000e+00    1.2202e+00   -2.7406e+00   -8.6808e-04    1.0765e-03   -7.7711e-04    1.1439e-03
   3.0000e-01    3.0000e+00    0.0000e+00    1.3620e+00   -2.6730e+00   -1.4096e-03    7.8720e-05   -1.3429e-03    1.5086e-04
   3.0000e-01    3.0000e+00    0.0000e+00    1.5000e+00   -2.5981e+00   -1.0149e-03   -1.0260e-03   -9.0185e-04   -1.0071e-03
   3.0000e-01    3.0000e+00    0.0000e+00    1.6339e+00   -2.5160e+00    1.2244e-04   -1.4723e-03    2.6954e-04   -1.4074e-03
   3.0000e-01    3.0000e+00    0.0000e+00    1.7634e+00   -2.4271e+00    1.2379e-03   -8.7250e-04    1.3570e-03   -7.9031e-04
   3.0000e-01    3.0000e+00    0.0000e+00    1.8880e+00   -2.3314e+00    1.4992e-03    4.1292e-04    1.6539e-03    4.6092e-04
   3.0000e-01    3.0000e+00    0.0000e+00    2.0074e+00   -2.2294e+00    6.3001e-04    1.4707e-03    7.7290e-04    1.5629e-03
   3.0000e-01    3.0000e+00    0.0000e+00    2.1213e+00   -2.1213e+00   -7.9867e-04    1.4433e-03   -7.0499e-04    1.5120e-03
   3.0000e-01    3.0000e+00    0.0000e+00    2.2294e+00   -2.0074e+00   -1.6858e-03    2.5140e-04   -1.5939e-03    3.6806e-04
   3.0000e-01    3.0000e+00    0.0000e+00    2.3314e+00   -1.8880e+00   -1.2613e-03   -1.2357e-03   -1.2530e-03   -1.1741e-03
   3.0000e-01    3.0000e+00    0.0000e+00    2.4271e+00   -1.7634e+00    2.5666e-04   -1.8170e-03    2.7666e-04   -1.7883e-03
   3.0000e-01    3.0000e+00    0.0000e+00    2.5160e+00   -1.6339e+00    1.6940e-03   -8.9140e-04    1.7410e-03   -8.7091e-04
   3.0000e-01    3.0000e+00    0.0000e+00    2.5981e+00   -1.5000e+00    1.7913e-03    9.0077e-04    1.8081e-03    8.9711e-04
   3.0000e-01    2.6000e+00    1.5000e+00    3.0000e+00    0.0000e+00    1.7929e-03    8.9701e-04    1.7538e-03    8.9255e-04
   3.0000e-01    2.6000e+00    1.5000e+00    1.5000e+00    2.5981e+00    1.7992e-03    8.8287e-04    1.9680e-03    8.7518e-04
   3.0000e-01    2.6000e+00    1.5000e+00    1.3620e+00    2.6730e+00    1.6862e-03   -9.0466e-04    1.8397e-03   -9.0025e-04
   3.0000e-01    2.6000e+00    1.5000e+00    1.2202e+00    2.7406e+00    2.4186e-04   -1.8186e-03    3.1377e-04   -1.7539e-03
   3.0000e-01    2.6000e+00    1.5000e+00    1.0751e+00    2.8007e+00   -1.2689e-03   -1.2275e-03   -1.1681e-03   -1.1654e-03
   3.0000e-01    2.6000e+00    1.5000e+00    9.2705e-01    2.8532e+00   -1.6815e-03    2.7364e-04   -1.6331e-03    2.9547e-04
   3.0000e-01    2.6000e+00    1.5000e+00    7.7646e-01    2.8978e+00   -7.8153e-04    1.4519e-03   -6.3700e-04    1.4384e-03
   3.0000e-01    2.6000e+00    1.5000e+00    6.2374e-01    2.9344e+00    6.3846e-04    1.4667e-03    6.2084e-04    1.4583e-03
   3.0000e-01    2.6000e+00    1.5000e+00    4.6930e-01    2.9631e+00    1.5023e-03    4.0018e-04    1.5192e-03    4.1944e-04
   3.0000e-01    2.6000e+00    1.5000e+00    3.1359e-01    2.9836e+00    1.2268e-03   -8.8720e-04    1.2467e-03   -9.0943e-04
   3.0000e-01    2.6000e+00    1.5000e+00    1.5701e-01    2.9959e+00    1.0645e-04   -1.4730e-03    2.3274e-05   -1.5189e-03
   3.0000e-01    2.6000e+00    1.5000e+00    0.0000e+00    3.0000e+00   -1.0295e-03   -1.0107e-03   -1.0446e-03   -1.0534e-03
   3.0000e-01    2.6000e+00    1.5000e+00   -1.5701e-01    2.9959e+00   -1.4085e-03    9.1961e-05   -1.5291e-03    5.6757e-06
   3.0000e-01    2.6000e+00    1.5000e+00   -3.1359e-01    2.9836e+00   -8.6198e-04    1.0810e-03   -8.9235e-04    1.0245e-03
   3.0000e-01    2.6000e+00    1.5000e+00   -4.6930e-01    2.9631e+00    2.0512e-04    1.3401e-03    1.4451e-04    1.1918e-03
   3.0000e-01    2.6000e+00    1.5000e+00   -6.2374e-01    2.9344e+00    1.0907e-03    7.6233e-04    9.7534e-04    5.3726e-04
   3.0000e-01    2.6000e+00    1.5000e+00   -7.7646e-01    2.8978e+00    1.2864e-03   -2.3480e-04    1.2097e-03   -4.6646e-04
   3.0000e-01    2.6000e+00    1.5000e+00   -9.2705e-01    2.8532e+00    7.4694e-04   -1.0471e-03    6.9125e-04   -1.3571e-03
   3.0000e-01    2.6000e+00    1.5000e+00   -1.0751e+00    2.8007e+00   -1.8057e-04   -1.2532e-03   -2.8030e-04   -1.6235e-03
   3.0000e-01    2.6000e+00    1.5000e+00   -1.2202e+00    2.7406e+00   -9.6513e-04   -7.9030e-04   -1.0556e-03   -1.1710e-03
   3.0000e-01    2.6000e+00    1.5000e+00   -1.3620e+00    2.6730e+00   -1.2285e-03    5.3084e-05   -1.3427e-03   -4.0828e-04
   3.0000e-01    2.6000e+00    1.5000e+00   -1.5000e+00    2.5981e+00   -8.9054e-04    8.2425e-04   -9.0986e-04    3.6704e-04
   3.0000e-01    2.6000e+00    1.5000e+00   -1.6339e+00    2.5160e+00   -1.6376e-04    1.1868e-03   -1.7863e-04    6.6651e-04
   3.0000e-01    2.6000e+00    1.5000e+00   -1.7634e+00    2.4271e+00    6.0493e-04    1.0173e-03    5.8920e-04    4.0225e-04
   3.0000e-01    2.6000e+00    1.5000e+00   -1.8880e+00    2.3314e+00    1.0863e-03    4.3454e-04    1.0745e-03   -1.5160e-04
   3.0000e-01    2.6000e+00    1.5000e+00   -2.0074e+00    2.2294e+00    1.1227e-03   -2.8146e-04    1.1780e-03   -9.2948e-04
   3.0000e-01    2.6000e+00    1.5000e+00   -2.1213e+00    2.1213e+00    7.5188e-04   -8.6435e-04    8.9314e-04   -1.5511e-03
   3.0000e-01    2.6000e+00    1.5000e+00   -2.2294e+00    2.0074e+00    1.3736e-04   -1.1261e-03    2.1062e-04   -1.8174e-03
   3.0000e-01    2.6000e+00    1.5000e+00   -2.3314e+00    1.8880e+00   -4.9042e-04   -1.0112e-03   -4.3195e-04   -1.6484e-03
   3.0000e-01    2.6000e+00    1.5000e+00   -2.4271e+00    1.7634e+00   -9.3491e-04   -6.0601e-04   -8.0929e-04   -1.3466e-03
   3.0000e-01    2.6000e+00    1.5000e+00   -2.5160e+00    1.6339e+00   -1.1037e-03   -5.5297e-05   -1.0194e-03   -7.2542e-04
   3.0000e-01    2.6000e+00    1.5000e+00   -2.5981e+00    1.5000e+00   -9.8379e-04    4.8397e-04   -8.5426e-04   -2.1099e-04
   3.0000e-01    2.6000e+00    1.5000e+00   -2.6730e+00    1.3620e+00   -6.4232e-04    8.7864e-04   -5.9109e-04    2.0564e-04
   3.0000e-01    2.6000e+00    1.5000e+00   -2.7406e+00    1.2202e+00   -1.8553e-04    1.0650e-03   -5.6059e-05    4.9481e-04
   3.0000e-01    2.6000e+00    1.5000e+00   -2.8007e+00    1.0751e+00    2.7941e-04    1.0371e-03    4.3386e-04    5.0697e-04
   3.0000e-01    2.6000e+00    1.5000e+00   -2.8532e+00    9.2705e-01    6.6882e-04    8.3204e-04    7.9064e-04    3.3462e-04
   3.0000e-01    2.6000e+00    1.5000e+00   -2.8978e+00    7.7646e-01    9.3042e-04    5.1102e-04    1.1102e-03    1.6068e-04
   3.0000e-01    2.6000e+00    1.5000e+00   -2.9344e+00    6.2374e-01    1.0458e-03    1.4689e-04    1.2603e-03   -1.0626e-04
   3.0000e-01    2.6000e+00    1.5000e+00   -2.9631e+00    4.6930e-01    1.0293e-03   -2.1214e-04    1.2242e-03   -3.5809e-04
   3.0000e-01    2.6000e+00    1.5000e+00   -2.9836e+00    3.1359e-01    9.0911e-04   -5.1803e-04    1.1217e-03   -6.2735e-04
   3.0000e-01    2.6000e+00    1.5000e+00   -2.9959e+00    1.5701e-01    7.1774e-04   -7.5562e-04    9.3488e-04   -7.6586e-04
   3.0000e-01    2.6000e+00    1.5000e+00   -3.0000e+00    0.0000e+00    4.8474e-04   -9.1813e-04    6.7032e-04   -8.0947e-04
   3.0000e-01    2.6000e+00    1.5000e+00   -2.9959e+00   -1.5701e-01    2.5568e-04   -1.0028e-03    5.2769e-04   -8.1107e-04
   3.0000e-01    2.6000e+00    1.5000e+00   -2.9836e+00   -3.1359e-01    3.4806e-05   -1.0312e-03    2.9347e-04   -7.2288e-04
   3.0000e-01    2.6000e+00    1.5000e+00   -2.9631e+00   -4.6930e-01   -1.6660e-04   -1.0155e-03    1.7913e-04   -6.2715e-04
   3.0000e-01    2.6000e+00    1.5000e+00   -2.9344e+00   -6.2374e-01   -3.3277e-04   -9.7141e-04   -3.9442e-05   -5.1639e-04
   3.0000e-01    2.6000e+00    1.5000e+00   -2.8978e+00   -7.7646e-01   -4.6719e-04   -9.1211e-04   -1.4893e-04   -4.0017e-04
   3.0000e-01    2.6000e+00    1.5000e+00   -2.8532e+00   -9.2705e-01   -5.6536e-04   -8.5288e-04   -2.4244e-04   -2.3164e-04
   3.0000e-01    2.6000e+00    1.5000e+00   -2.8007e+00   -1.0751e+00   -6.4018e-04   -7.9672e-04   -2.5350e-04   -8.9631e-05
   3.0000e-01    2.6000e+00    1.5000e+00   -2.7406e+00   -1.2202e+00   -6.8973e-04   -7.5306e-04   -3.2488e-04   -4.5122e-05
   3.0000e-01    2.6000e+00    1.5000e+00   -2.6730e+00   -1.3620e+00   -7.1986e-04   -7.2346e-04   -3.6570e-04    9.9850e-06
   3.0000e-01    2.6000e+00    1.5000e+00   -2.5981e+00   -1.5000e+00   -7.2759e-04   -7.1560e-04   -3.9129e-04    9.2034e-05
   3.0000e-01    2.6000e+00    1.5000e+00   -2.5160e+00   -1.6339e+00   -7.1621e-04   -7.2733e-04   -4.2403e-04    1.4433e-04
   3.0000e-01    2.6000e+00    1.5000e+00   -2.4271e+00   -1.7634e+00   -6.8991e-04   -7.5288e-04   -3.7032e-04    8.4268e-06
   3.0000e-01    2.6000e+00    1.5000e+00   -2.3314e+00   -1.8880e+00   -6.4391e-04   -7.9355e-04   -3.3935e-04    4.9547e-06
   3.0000e-01    2.6000e+00    1.5000e+00   -2.2294e+00   -2.0074e+00   -5.6603e-04   -8.5245e-04   -3.0391e-04   -4.2224e-05
   3.0000e-01    2.6000e+00    1.5000e+00   -2.1213e+00   -2.1213e+00   -4.6059e-04   -9.1562e-04   -2.1561e-04   -2.0326e-04
   3.0000e-01    2.6000e+00    1.5000e+00   -2.0074e+00   -2.2294e+00   -3.3049e-04   -9.7226e-04   -1.5720e-04   -2.1203e-04
   3.0000e-01    2.6000e+00    1.5000e+00   -1.8880e+00   -2.3314e+00   -1.6975e-04   -1.0150e-03    4.7750e-05   -2.6399e-04
   3.0000e-01    2.6000e+00    1.5000e+00   -1.7634e+00   -2.4271e+00    3.2403e-05   -1.0313e-03    2.2745e-04   -4.4369e-04
   3.0000e-01    2.6000e+00    1.5000e+00   -1.6339e+00   -2.5160e+00    2.5896e-04   -1.0020e-03    3.8578e-04   -4.6332e-04
   3.0000e-01    2.6000e+00    1.5000e+00   -1.5000e+00   -2.5981e+00    4.9173e-04   -9.1455e-04    6.0776e-04   -3.6993e-04
   3.0000e-01    2.6000e+00    1.5000e+00   -1.3620e+00   -2.6730e+00    7.1703e-04   -7.5625e-04    7.1486e-04   -2.2032e-04
   3.0000e-01    2.6000e+00    1.5000e+00   -1.2202e+00   -2.7406e+00    9.1049e-04   -5.1596e-04    9.2077e-04   -1.5697e-04
   3.0000e-01    2.6000e+00    1.5000e+00   -1.0751e+00   -2.8007e+00    1.0306e-03   -2.0695e-04    9.9180e-04    1.2351e-04
   3.0000e-01    2.6000e+00    1.5000e+00   -9.2705e-01   -2.8532e+00    1.0450e-03    1.5364e-04    9.6199e-04    4.2945e-04
   3.0000e-01    2.6000e+00    1.5000e+00   -7.7646e-01   -2.8978e+00    9.2785e-04    5.1601e-04    8.4515e-04    7.0375e-04
   3.0000e-01    2.6000e+00    1.5000e+00   -6.2374e-01   -2.9344e+00    6.6498e-04    8.3541e-04    5.1371e-04    1.0603e-03
   3.0000e-01    2.6000e+00    1.5000e+00   -4.6930e-01   -2.9631e+00    2.7365e-04    1.0388e-03    5.2517e-05    1.1619e-03
   3.0000e-01    2.6000e+00    1.5000e+00   -3.1359e-01   -2.9836e+00   -1.9724e-04    1.0630e-03   -4.2355e-04    1.1084e-03
   3.0000e-01    2.6000e+00    1.5000e+00   -1.5701e-01   -2.9959e+00   -6.5106e-04    8.7255e-04   -8.9796e-04    8.9582e-04
   3.0000e-01    2.6000e+00    1.5000e+00    0.0000e+00   -3.0000e+00   -9.8520e-04    4.8154e-04   -1.3115e-03    5.1510e-04
   3.0000e-01    2.6000e+00    1.5000e+00    1.5701e-01   -2.9959e+00   -1.1035e-03   -6.2410e-05   -1.4104e-03   -1.2245e-04
   3.0000e-01    2.6000e+00    1.5000e+00    3.1359e-01   -2.9836e+00   -9.3007e-04   -6.1379e-04   -1.3093e-03   -7.2186e-04
   3.0000e-01    2.6000e+00    1.5000e+00    4.6930e-01   -2.9631e+00   -4.7914e-04   -1.0169e-03   -8.3328e-04   -1.1287e-03
   3.0000e-01    2.6000e+00    1.5000e+00    6.2374e-01   -2.9344e+00    1.4886e-04   -1.1248e-03   -2.5637e-04   -1.2559e-03
   3.0000e-01    2.6000e+00    1.5000e+00    7.7646e-01   -2.8978e+00    7.5473e-04   -8.6193e-04    3.2682e-04   -1.0025e-03
   3.0000e-01    2.6000e+00    1.5000e+00    9.2705e-01   -2.8532e+00    1.1245e-03   -2.7469e-04    6.7563e-04   -4.2630e-04
   3.0000e-01    2.6000e+00    1.5000e+00    1.0751e+00   -2.8007e+00    1.0809e-03    4.4881e-04    6.0929e-04    3.2012e-04
   3.0000e-01    2.6000e+00    1.5000e+00    1.2202e+00   -2.7406e+00    5.9562e-04    1.0231e-03    7.3471e-05    8.5117e-04
   3.0000e-01    2.6000e+00    1.5000e+00    1.3620e+00   -2.6730e+00   -1.7128e-04    1.1858e-03   -7.3883e-04    1.0244e-03
   3.0000e-01    2.6000e+00    1.5000e+00    1.5000e+00   -2.5981e+00   -8.9682e-04    8.1751e-04   -1.4839e-03    7.1114e-04
   3.0000e-01    2.6000e+00    1.5000e+00    1.6339e+00   -2.5160e+00   -1.2295e-03    3.6530e-05   -1.8047e-03   -3.9311e-05
   3.0000e-01    2.6000e+00    1.5000e+00    1.7634e+00   -2.4271e+00   -9.5842e-04   -7.9852e-04   -1.4784e-03   -9.0440e-04
   3.0000e-01    2.6000e+00    1.5000e+00    1.8880e+00   -2.3314e+00   -1.7340e-04   -1.2542e-03   -8.1562e-04   -1.3542e-03
   3.0000e-01    2.6000e+00    1.5000e+00    2.0074e+00   -2.2294e+00    7.5145e-04   -1.0441e-03    1.4750e-04   -1.1638e-03
   3.0000e-01    2.6000e+00    1.5000e+00    2.1213e+00   -2.1213e+00    1.2896e-03   -2.1856e-04    6.7965e-04   -2.7189e-04
   3.0000e-01    2.6000e+00    1.5000e+00    2.2294e+00   -2.0074e+00    1.0814e-03    7.7600e-04    4.6898e-04    7.1008e-04
   3.0000e-01    2.6000e+00    1.5000e+00    2.3314e+00   -1.8880e+00    1.9757e-04    1.3413e-03   -4.1467e-04    1.3690e-03
   3.0000e-01    2.6000e+00    1.5000e+00    2.4271e+00   -1.7634e+00   -8.6586e-04    1.0780e-03   -1.4460e-03    1.0404e-03
   3.0000e-01    2.6000e+00    1.5000e+00    2.5160e+00   -1.6339e+00   -1.4095e-03    7.8570e-05   -1.9760e-03    1.0480e-04
   3.0000e-01    2.6000e+00    1.5000e+00    2.5981e+00   -1.5000e+00   -1.0140e-03   -1.0270e-03   -1.5639e-03   -1.0018e-03
   3.0000e-01    2.6000e+00    1.5000e+00    2.6730e+00   -1.3620e+00    1.1651e-04   -1.4724e-03   -3.6073e-04   -1.4293e-03
   3.0000e-01    2.6000e+00    1.5000e+00    2.7406e+00   -1.2202e+00    1.2384e-03   -8.7194e-04    8.1741e-04   -8.6117e-04
   3.0000e-01    2.6000e+00    1.5000e+00    2.8007e+00   -1.0751e+00    1.4983e-03    4.1698e-04    1.1108e-03    4.2539e-04
   3.0000e-01    2.6000e+00    1.5000e+00    2.8532e+00   -9.2705e-01    6.2070e-04    1.4748e-03    2.3423e-04    1.5441e-03
   3.0000e-01    2.6000e+00    1.5000e+00    2.8978e+00   -7.7646e-01   -7.9776e-04    1.4436e-03   -1.0988e-03    1.4794e-03
   3.0000e-01    2.6000e+00    1.5000e+00    2.9344e+00   -6.2374e-01   -1.6852e-03    2.5429e-04   -1.9930e-03    3.0414e-04
   3.0000e-01    2.6000e+00    1.5000e+00    2.9631e+00   -4.6930e-01   -1.2553e-03   -1.2422e-03   -1.4915e-03   -1.2397e-03
   3.0000e-01    2.6000e+00    1.5000e+00    2.9836e+00   -3.1359e-01    2.7172e-04   -1.8154e-03    9.1124e-05   -1.7843e-03
   3.0000e-01    2.6000e+00    1.5000e+00    2.9959e+00   -1.5701e-01    1.6972e-03   -8.8578e-04    1.5297e-03   -8.5768e-04
   3.0000e-01    1.5000e+00    2.6000e+00    3.0000e+00    0.0000e+00   -1.0295e-03   -1.0107e-03   -9.0510e-04   -9.6691e-04
   3.0000e-01    1.5000e+00    2.6000e+00    2.9959e+00    1.5701e-01    1.0645e-04   -1.4730e-03    3.0499e-04   -1.3904e-03
   3.0000e-01    1.5000e+00    2.6000e+00    2.9836e+00    3.1359e-01    1.2268e-03   -8.8720e-04    1.4169e-03   -8.4211e-04
   3.0000e-01    1.5000e+00    2.6000e+00    2.9631e+00    4.6930e-01    1.5023e-03    4.0018e-04    1.7614e-03    4.1651e-04
   3.0000e-01    1.5000e+00    2.6000e+00    2.9344e+00    6.2374e-01    6.3846e-04    1.4667e-03    8.8785e-04    1.5032e-03
   3.0000e-01    1.5000e+00    2.6000e+00    2.8978e+00    7.7646e-01   -7.8153e-04    1.4519e-03   -5.0986e-04    1.5046e-03
   3.0000e-01    1.5000e+00    2.6000e+00    2.8532e+00    9.2705e-01   -1.6815e-03    2.7364e-04   -1.4103e-03    3.4470e-04
   3.0000e-01    1.5000e+00    2.6000e+00    2.8007e+00    1.0751e+00   -1.2689e-03   -1.2275e-03   -1.0007e-03   -1.2104e-03
   3.0000e-01    1.5000e+00    2.6000e+00    2.7406e+00    1.2202e+00    2.4186e-04   -1.8186e-03    4.5063e-04   -1.7830e-03
   3.0000e-01    1.5000e+00    2.6000e+00    2.6730e+00    1.3620e+00    1.6862e-03   -9.0466e-04    1.9213e-03   -8.6028e-04
   3.0000e-01    1.5000e+00    2.6000e+00    2.5981e+00    1.5000e+00    1.7992e-03    8.8287e-04    1.9659e-03    8.7408e-04
   3.0000e-01    1.5000e+00    2.6000e+00    0.0000e+00    3.0000e+00    1.7929e-03    8.9701e-04    1.8221e-03    9.4966e-04
   3.0000e-01    1.5000e+00    2.6000e+00   -1.5701e-01    2.9959e+00    1.6972e-03   -8.8578e-04    1.7733e-03   -8.8610e-04
   3.0000e-01    1.5000e+00    2.6000e+00   -3.1359e-01    2.9836e+00    2.7172e-04   -1.8154e-03    4.1802e-04   -1.7558e-03
   3.0000e-01    1.5000e+00    2.6000e+00   -4.6930e-01    2.9631e+00   -1.2553e-03   -1.2422e-03   -1.0539e-03   -1.1508e-03
   3.0000e-01    1.5000e+00    2.6000e+00   -6.2374e-01    2.9344e+00   -1.6852e-03    2.5429e-04   -1.4822e-03    2.5907e-04
   3.0000e-01    1.5000e+00    2.6000e+00   -7.7646e-01    2.8978e+00   -7.9776e-04    1.4436e-03   -5.4424e-04    1.4819e-03
   3.0000e-01    1.5000e+00    2.6000e+00   -9.2705e-01    2.8532e+00    6.2070e-04    1.4748e-03    8.5958e-04    1.4427e-03
   3.0000e-01    1.5000e+00    2.6000e+00   -1.0751e+00    2.8007e+00    1.4983e-03    4.1698e-04    1.7758e-03    2.6157e-04
   3.0000e-01    1.5000e+00    2.6000e+00   -1.2202e+00    2.7406e+00    1.2384e-03   -8.7194e-04    1.5237e-03   -1.0284e-03
   3.0000e-01    1.5000e+00    2.6000e+00   -1.3620e+00    2.6730e+00    1.1651e-04   -1.4724e-03    5.0836e-04   -1.6540e-03
   3.0000e-01    1.5000e+00    2.6000e+00   -1.5000e+00    2.5981e+00   -1.0140e-03   -1.0270e-03   -6.5249e-04   -1.2577e-03
   3.0000e-01    1.5000e+00    2.6000e+00   -1.6339e+00    2.5160e+00   -1.4095e-03    7.8570e-05   -1.0243e-03   -1.9180e-04
   3.0000e-01    1.5000e+00    2.6000e+00   -1.7634e+00    2.4271e+00   -8.6586e-04    1.0780e-03   -4.7203e-04    7.6700e-04
   3.0000e-01    1.5000e+00    2.6000e+00   -1.8880e+00    2.3314e+00    1.9757e-04    1.3413e-03    5.0764e-04    1.0200e-03
   3.0000e-01    1.5000e+00    2.6000e+00   -2.0074e+00    2.2294e+00    1.0814e-03    7.7600e-04    1.3859e-03    4.5496e-04
   3.0000e-01    1.5000e+00    2.6000e+00   -2.1213e+00    2.1213e+00    1.2896e-03   -2.1856e-04    1.5589e-03   -6.5282e-04
   3.0000e-01    1.5000e+00    2.6000e+00   -2.2294e+00    2.0074e+00    7.5145e-04   -1.0441e-03    9.5143e-04   -1.4931e-03
   3.0000e-01    1.5000e+00    2.6000e+00   -2.3314e+00    1.8880e+00   -1.7340e-04   -1.2542e-03    7.1320e-06   -1.7032e-03
   3.0000e-01    1.5000e+00    2.6000e+00   -2.4271e+00    1.7634e+00   -9.5842e-04   -7.9852e-04   -8.6134e-04   -1.2537e-03
   3.0000e-01    1.5000e+00    2.6000e+00   -2.5160e+00    1.6339e+00   -1.2295e-03    3.6530e-05   -1.2081e-03   -4.6247e-04
   3.0000e-01    1.5000e+00    2.6000e+00   -2.5981e+00    1.5000e+00   -8.9682e-04    8.1751e-04   -9.2379e-04    3.6075e-04
   3.0000e-01    1.5000e+00    2.6000e+00   -2.6730e+00    1.3620e+00   -1.7128e-04    1.1858e-03   -2.7560e-04    6.7549e-04
   3.0000e-01    1.5000e+00    2.6000e+00   -2.7406e+00    1.2202e+00    5.9562e-04    1.0231e-03    3.9729e-04    5.5272e-04
   3.0000e-01    1.5000e+00    2.6000e+00   -2.8007e+00    1.0751e+00    1.0809e-03    4.4881e-04    8.3211e-04   -1.3268e-05
   3.0000e-01    1.5000e+00    2.6000e+00   -2.8532e+00    9.2705e-01    1.1245e-03   -2.7469e-04    7.7821e-04   -6.8939e-04
   3.0000e-01    1.5000e+00    2.6000e+00   -2.8978e+00    7.7646e-01    7.5473e-04   -8.6193e-04    3.7163e-04   -1.2939e-03
   3.0000e-01    1.5000e+00    2.6000e+00   -2.9344e+00    6.2374e-01    1.4886e-04   -1.1248e-03   -2.0691e-04   -1.5309e-03
   3.0000e-01    1.5000e+00    2.6000e+00   -2.9631e+00    4.6930e-01   -4.7914e-04   -1.0169e-03   -9.0269e-04   -1.3309e-03
   3.0000e-01    1.5000e+00    2.6000e+00   -2.9836e+00    3.1359e-01   -9.3007e-04   -6.1379e-04   -1.4032e-03   -8.3502e-04
   3.0000e-01    1.5000e+00    2.6000e+00   -2.9959e+00    1.5701e-01   -1.1035e-03   -6.2410e-05   -1.5154e-03   -3.1813e-04
   3.0000e-01    1.5000e+00    2.6000e+00   -3.0000e+00    0.0000e+00   -9.8520e-04    4.8154e-04   -1.4844e-03    3.7739e-04
   3.0000e-01    1.5000e+00    2.6000e+00   -2.9959e+00   -1.5701e-01   -6.5106e-04    8.7255e-04   -1.1332e-03    8.0088e-04
   3.0000e-01    1.5000e+00    2.6000e+00   -2.9836e+00   -3.1359e-01   -1.9724e-04    1.0630e-03   -6.1350e-04    1.0953e-03
   3.0000e-01    1.5000e+00    2.6000e+00   -2.9631e+00   -4.6930e-01    2.7365e-04    1.0388e-03   -1.1764e-04    1.1291e-03
   3.0000e-01    1.5000e+00    2.6000e+00   -2.9344e+00   -6.2374e-01    6.6498e-04    8.3541e-04    3.0294e-04    1.0350e-03
   3.0000e-01    1.5000e+00    2.6000e+00   -2.8978e+00   -7.7646e-01    9.2785e-04    5.1601e-04    6.2898e-04    7.6047e-04
   3.0000e-01    1.5000e+00    2.6000e+00   -2.8532e+00   -9.2705e-01    1.0450e-03    1.5364e-04    8.0654e-04    4.6009e-04
   3.0000e-01    1.5000e+00    2.6000e+00   -2.8007e+00   -1.0751e+00    1.0306e-03   -2.0695e-04    8.7090e-04    1.5842e-04
   3.0000e-01    1.5000e+00    2.6000e+00   -2.7406e+00   -1.2202e+00    9.1049e-04   -5.1596e-04    7.9839e-04   -6.0813e-05
   3.0000e-01    1.5000e+00    2.6000e+00   -2.6730e+00   -1.3620e+00    7.1703e-04   -7.5625e-04    7.5284e-04   -2.6127e-04
   3.0000e-01    1.5000e+00    2.6000e+00   -2.5981e+00   -1.5000e+00    4.9173e-04   -9.1455e-04    5.8208e-04   -3.5281e-04
   3.0000e-01    1.5000e+00    2.6000e+00   -2.5160e+00   -1.6339e+00    2.5896e-04   -1.0020e-03    4.2810e-04   -4.1335e-04
   3.0000e-01    1.5000e+00    2.6000e+00   -2.4271e+00   -1.7634e+00    3.2403e-05   -1.0313e-03    2.5437e-04   -3.9227e-04
   3.0000e-01    1.5000e+00    2.6000e+00   -2.3314e+00   -1.8880e+00   -1.6975e-04   -1.0150e-03    1.1849e-04   -4.0529e-04
   3.0000e-01    1.5000e+00    2.6000e+00   -2.2294e+00   -2.0074e+00   -3.3049e-04   -9.7226e-04    1.5033e-05   -3.7025e-04
   3.0000e-01    1.5000e+00    2.6000e+00   -2.1213e+00   -2.1213e+00   -4.6059e-04   -9.1562e-04   -6.3268e-05   -2.3547e-04
   3.0000e-01    1.5000e+00    2.6000e+00   -2.0074e+00   -2.2294e+00   -5.6603e-04   -8.5245e-04   -8.2721e-05   -1.8133e-04
   3.0000e-01    1.5000e+00    2.6000e+00   -1.8880e+00   -2.3314e+00   -6.4391e-04   -7.9355e-04   -1.2832e-04   -1.3785e-04
   3.0000e-01    1.5000e+00    2.6000e+00   -1.7634e+00   -2.4271e+00   -6.8991e-04   -7.5288e-04   -2.0610e-04   -1.5296e-04
   3.0000e-01    1.5000e+00    2.6000e+00   -1.6339e+00   -2.5160e+00   -7.1621e-04   -7.2733e-04   -2.1405e-04   -1.4889e-04
   3.0000e-01    1.5000e+00    2.6000e+00   -1.5000e+00   -2.5981e+00   -7.2759e-04   -7.1560e-04   -1.6824e-04   -1.3646e-04
   3.0000e-01    1.5000e+00    2.6000e+00   -1.3620e+00   -2.6730e+00   -7.1986e-04   -7.2346e-04   -1.6340e-04   -1.7538e-04
   3.0000e-01    1.5000e+00    2.6000e+00   -1.2202e+00   -2.7406e+00   -6.8973e-04   -7.5306e-04   -1.3295e-04   -2.1891e-04
   3.0000e-01    1.5000e+00    2.6000e+00   -1.0751e+00   -2.8007e+00   -6.4018e-04   -7.9672e-04   -1.5533e-04   -3.5098e-04
   3.0000e-01    1.5000e+00    2.6000e+00   -9.2705e-01   -2.8532e+00   -5.6536e-04   -8.5288e-04   -1.0940e-04   -5.0012e-04
   3.0000e-01    1.5000e+00    2.6000e+00   -7.7646e-01   -2.8978e+00   -4.6719e-04   -9.1211e-04   -1.4995e-05   -5.3495e-04
   3.0000e-01    1.5000e+00    2.6000e+00   -6.2374e-01   -2.9344e+00   -3.3277e-04   -9.7141e-04    4.9870e-05   -7.0162e-04
   3.0000e-01    1.5000e+00    2.6000e+00   -4.6930e-01   -2.9631e+00   -1.6660e-04   -1.0155e-03    1.9171e-04   -8.6073e-04
   3.0000e-01    1.5000e+00    2.6000e+00   -3.1359e-01   -2.9836e+00    3.4806e-05   -1.0312e-03    3.0254e-04   -8.6315e-04
   3.0000e-01    1.5000e+00    2.6000e+00   -1.5701e-01   -2.9959e+00    2.5568e-04   -1.0028e-03    4.3328e-04   -8.5837e-04
   3.0000e-01    1.5000e+00    2.6000e+00    0.0000e+00   -3.0000e+00    4.8474e-04   -9.1813e-04    6.3522e-04   -8.8118e-04
   3.0000e-01    1.5000e+00    2.6000e+00    1.5701e-01   -2.9959e+00    7.1774e-04   -7.5562e-04    7.6019e-04   -7.7791e-04
   3.0000e-01    1.5000e+00    2.6000e+00    3.1359e-01   -2.9836e+00    9.0911e-04   -5.1803e-04    8.6058e-04   -6.2005e-04
   3.0000e-01    1.5000e+00    2.6000e+00    4.6930e-01   -2.9631e+00    1.0293e-03   -2.1214e-04    9.5615e-04   -2.9406e-04
   3.0000e-01    1.5000e+00    2.6000e+00    6.2374e-01   -2.9344e+00    1.0458e-03    1.4689e-04    8.7571e-04   -4.1500e-05
   3.0000e-01    1.5000e+00    2.6000e+00    7.7646e-01   -2.8978e+00    9.3042e-04    5.1102e-04    7.1971e-04    3.7505e-04
   3.0000e-01    1.5000e+00    2.6000e+00    9.2705e-01   -2.8532e+00    6.6882e-04    8.3204e-04    3.2814e-04    5.7722e-04
   3.0000e-01    1.5000e+00    2.6000e+00    1.0751e+00   -2.8007e+00    2.7941e-04    1.0371e-03   -1.6400e-04    7.9423e-04
   3.0000e-01    1.5000e+00    2.6000e+00    1.2202e+00   -2.7406e+00   -1.8553e-04    1.0650e-03   -6.9620e-04    7.8798e-04
   3.0000e-01    1.5000e+00    2.6000e+00    1.3620e+00   -2.6730e+00   -6.4232e-04    8.7864e-04   -1.1545e-03    5.4506e-04
   3.0000e-01    1.5000e+00    2.6000e+00    1.5000e+00   -2.5981e+00   -9.8379e-04    4.8397e-04   -1.5201e-03    2.3120e-04
   3.0000e-01    1.5000e+00    2.6000e+00    1.6339e+00   -2.5160e+00   -1.1037e-03   -5.5297e-05   -1.7778e-03   -4.0012e-04
   3.0000e-01    1.5000e+00    2.6000e+00    1.7634e+00   -2.4271e+00   -9.3491e-04   -6.0601e-04   -1.6156e-03   -9.3445e-04
   3.0000e-01    1.5000e+00    2.6000e+00    1.8880e+00   -2.3314e+00   -4.9042e-04   -1.0112e-03   -1.1954e-03   -1.3736e-03
   3.0000e-01    1.5000e+00    2.6000e+00    2.0074e+00   -2.2294e+00    1.3736e-04   -1.1261e-03   -5.7797e-04   -1.3500e-03
   3.0000e-01    1.5000e+00    2.6000e+00    2.1213e+00   -2.1213e+00    7.5188e-04   -8.6435e-04    9.5290e-06   -1.1344e-03
   3.0000e-01    1.5000e+00    2.6000e+00    2.2294e+00   -2.0074e+00    1.1227e-03   -2.8146e-04    3.7785e-04   -5.0099e-04
   3.0000e-01    1.5000e+00    2.6000e+00    2.3314e+00   -1.8880e+00    1.0863e-03    4.3454e-04    3.9807e-04    2.8079e-04
   3.0000e-01    1.5000e+00    2.6000e+00    2.4271e+00   -1.7634e+00    6.0493e-04    1.0173e-03   -3.8680e-05    8.1850e-04
   3.0000e-01    1.5000e+00    2.6000e+00    2.5160e+00   -1.6339e+00   -1.6376e-04    1.1868e-03   -7.5572e-04    1.0098e-03
   3.0000e-01    1.5000e+00    2.6000e+00    2.5981e+00   -1.5000e+00   -8.9054e-04    8.2425e-04   -1.4883e-03    7.0112e-04
   3.0000e-01    1.5000e+00    2.6000e+00    2.6730e+00   -1.3620e+00   -1.2285e-03    5.3084e-05   -1.7342e-03   -4.4898e-05
   3.0000e-01    1.5000e+00    2.6000e+00    2.7406e+00   -1.2202e+00   -9.6513e-04   -7.9030e-04   -1.3896e-03   -8.8177e-04
   3.0000e-01    1.5000e+00    2.6000e+00    2.8007e+00   -1.0751e+00   -1.8057e-04   -1.2532e-03   -5.3396e-04   -1.2524e-03
   3.0000e-01    1.5000e+00    2.6000e+00    2.8532e+00   -9.2705e-01    7.4694e-04   -1.0471e-03    4.2211e-04   -1.0219e-03
   3.0000e-01    1.5000e+00    2.6000e+00    2.8978e+00   -7.7646e-01    1.2864e-03   -2.3480e-04    1.0616e-03   -2.6031e-04
   3.0000e-01    1.5000e+00    2.6000e+00    2.9344e+00   -6.2374e-01    1.0907e-03    7.6233e-04    1.0189e-03    7.8280e-04
   3.0000e-01    1.5000e+00    2.6000e+00    2.9631e+00   -4.6930e-01    2.0512e-04    1.3401e-03    1.7513e-04    1.3964e-03
   3.0000e-01    1.5000e+00    2.6000e+00    2.9836e+00   -3.1359e-01   -8.6198e-04    1.0810e-03   -9.1266e-04    1.1300e-03
   3.0000e-01    1.5000e+00    2.6000e+00    2.9959e+00   -1.5701e-01   -1.4085e-03    9.1961e-05   -1.3616e-03    1.0776e-04
   3.0000e-01    0.0000e+00    3.0000e+00    3.0000e+00    0.0000e+00   -8.9633e-04    8.1823e-04   -1.2755e-03    7.5843e-04
   3.0000e-01    0.0000e+00    3.0000e+00    2.9959e+00    1.5701e-01   -1.2297e-03    3.3121e-05   -1.5163e-03   -2.2763e-05
   3.0000e-01    0.0000e+00    3.0000e+00    2.9836e+00    3.1359e-01   -9.5654e-04   -8.0100e-04   -1.2439e-03   -8.9447e-04
   3.0000e-01    0.0000e+00    3.0000e+00    2.9631e+00    4.6930e-01   -1.6658e-04   -1.2554e-03   -4.4623e-04   -1.3424e-03
   3.0000e-01    0.0000e+00    3.0000e+00    2.9344e+00    6.2374e-01    7.5756e-04   -1.0399e-03    5.0605e-04   -1.1177e-03
   3.0000e-01    0.0000e+00    3.0000e+00    2.8978e+00    7.7646e-01    1.2893e-03   -2.2034e-04    1.0975e-03   -3.1827e-04
   3.0000e-01    0.0000e+00    3.0000e+00    2.8532e+00    9.2705e-01    1.0825e-03    7.7461e-04    9.1507e-04    6.8073e-04
   3.0000e-01    0.0000e+00    3.0000e+00    2.8007e+00    1.0751e+00    1.9048e-04    1.3427e-03    5.9646e-05    1.2880e-03
   3.0000e-01    0.0000e+00    3.0000e+00    2.7406e+00    1.2202e+00   -8.6808e-04    1.0765e-03   -9.6496e-04    1.0238e-03
   3.0000e-01    0.0000e+00    3.0000e+00    2.6730e+00    1.3620e+00   -1.4096e-03    7.8720e-05   -1.5335e-03    5.3489e-06
   3.0000e-01    0.0000e+00    3.0000e+00    2.5981e+00    1.5000e+00   -1.0149e-03   -1.0260e-03   -1.0575e-03   -1.0641e-03
   3.0000e-01    0.0000e+00    3.0000e+00    2.5160e+00    1.6339e+00    1.2244e-04   -1.4723e-03    4.6860e-05   -1.5179e-03
   3.0000e-01    0.0000e+00    3.0000e+00    2.4271e+00    1.7634e+00    1.2379e-03   -8.7250e-04    1.2636e-03   -9.1986e-04
   3.0000e-01    0.0000e+00    3.0000e+00    2.3314e+00    1.8880e+00    1.4992e-03    4.1292e-04    1.5022e-03    3.9334e-04
   3.0000e-01    0.0000e+00    3.0000e+00    2.2294e+00    2.0074e+00    6.3001e-04    1.4707e-03    6.5562e-04    1.4681e-03
   3.0000e-01    0.0000e+00    3.0000e+00    2.1213e+00    2.1213e+00   -7.9867e-04    1.4433e-03   -7.6904e-04    1.4371e-03
   3.0000e-01    0.0000e+00    3.0000e+00    2.0074e+00    2.2294e+00   -1.6858e-03    2.5140e-04   -1.6754e-03    2.4804e-04
   3.0000e-01    0.0000e+00    3.0000e+00    1.8880e+00    2.3314e+00   -1.2613e-03   -1.2357e-03   -1.1881e-03   -1.2271e-03
   3.0000e-01    0.0000e+00    3.0000e+00    1.7634e+00    2.4271e+00    2.5666e-04   -1.8170e-03    2.8811e-04   -1.8033e-03
   3.0000e-01    0.0000e+00    3.0000e+00    1.6339e+00    2.5160e+00    1.6940e-03   -8.9140e-04    1.7511e-03   -8.7450e-04
   3.0000e-01    0.0000e+00    3.0000e+00    1.5000e+00    2.5981e+00    1.7913e-03    9.0077e-04    1.8482e-03    9.2881e-04
   3.0000e-01    0.0000e+00    3.0000e+00   -1.5000e+00    2.5981e+00    1.7913e-03    9.0077e-04    1.7903e-03    9.6241e-04
   3.0000e-01    0.0000e+00    3.0000e+00   -1.6339e+00    2.5160e+00    1.6940e-03   -8.9140e-04    1.7318e-03   -8.4062e-04
   3.0000e-01    0.0000e+00    3.0000e+00   -1.7634e+00    2.4271e+00    2.5666e-04   -1.8170e-03    3.2431e-04   -1.8009e-03
   3.0000e-01    0.0000e+00    3.0000e+00   -1.8880e+00    2.3314e+00   -1.2613e-03   -1.2357e-03   -1.2119e-03   -1.2478e-03
   3.0000e-01    0.0000e+00    3.0000e+00   -2.0074e+00    2.2294e+00   -1.6858e-03    2.5140e-04   -1.6154e-03    2.7164e-04
   3.0000e-01    0.0000e+00    3.0000e+00   -2.1213e+00    2.1213e+00   -7.9867e-04    1.4433e-03   -7.5540e-04    1.4381e-03
   3.0000e-01    0.0000e+00    3.0000e+00   -2.2294e+00    2.0074e+00    6.3001e-04    1.4707e-03    6.2525e-04    1.4387e-03
   3.0000e-01    0.0000e+00    3.0000e+00   -2.3314e+00    1.8880e+00    1.4992e-03    4.1292e-04    1.5198e-03    3.7954e-04
   3.0000e-01    0.0000e+00    3.0000e+00   -2.4271e+00    1.7634e+00    1.2379e-03   -8.7250e-04    1.2317e-03   -9.5459e-04
   3.0000e-01    0.0000e+00    3.0000e+00   -2.5160e+00    1.6339e+00    1.2244e-04   -1.4723e-03    9.9167e-05   -1.5429e-03
   3.0000e-01    0.0000e+00    3.0000e+00   -2.5981e+00    1.5000e+00   -1.0149e-03   -1.0260e-03   -1.0975e-03   -1.0875e-03
   3.0000e-01    0.0000e+00    3.0000e+00   -2.6730e+00    1.3620e+00   -1.4096e-03    7.8720e-05   -1.5395e-03    3.7022e-05
   3.0000e-01    0.0000e+00    3.0000e+00   -2.7406e+00    1.2202e+00   -8.6808e-04    1.0765e-03   -9.4515e-04    1.0083e-03
   3.0000e-01    0.0000e+00    3.0000e+00   -2.8007e+00    1.0751e+00    1.9048e-04    1.3427e-03    3.0559e-05    1.2453e-03
   3.0000e-01    0.0000e+00    3.0000e+00   -2.8532e+00    9.2705e-01    1.0825e-03    7.7461e-04    9.1745e-04    6.3182e-04
   3.0000e-01    0.0000e+00    3.0000e+00   -2.8978e+00    7.7646e-01    1.2893e-03   -2.2034e-04    1.1035e-03   -2.7240e-04
   3.0000e-01    0.0000e+00    3.0000e+00   -2.9344e+00    6.2374e-01    7.5756e-04   -1.0399e-03    5.2725e-04   -1.1262e-03
   3.0000e-01    0.0000e+00    3.0000e+00   -2.9631e+00    4.6930e-01   -1.6658e-04   -1.2554e-03   -4.1187e-04   -1.3158e-03
   3.0000e-01    0.0000e+00    3.0000e+00   -2.9836e+00    3.1359e-01   -9.5654e-04   -8.0100e-04   -1.2027e-03   -8.7045e-04
   3.0000e-01    0.0000e+00    3.0000e+00   -2.9959e+00    1.5701e-01   -1.2297e-03    3.3121e-05   -1.5540e-03   -4.7811e-05
   3.0000e-01    0.0000e+00    3.0000e+00   -3.0000e+00    0.0000e+00   -8.9633e-04    8.1823e-04   -1.2181e-03    8.0117e-04
   3.0000e-01    0.0000e+00    3.0000e+00   -2.9959e+00   -1.5701e-01   -1.7874e-04    1.1850e-03   -5.3399e-04    1.0925e-03
   3.0000e-01    0.0000e+00    3.0000e+00   -2.9836e+00   -3.1359e-01    5.8602e-04    1.0288e-03    1.9967e-04    9.0845e-04
   3.0000e-01    0.0000e+00    3.0000e+00   -2.9631e+00   -4.6930e-01    1.0790e-03    4.5350e-04    7.1723e-04    3.5966e-04
   3.0000e-01    0.0000e+00    3.0000e+00   -2.9344e+00   -6.2374e-01    1.1258e-03   -2.6989e-04    7.1253e-04   -3.7798e-04
   3.0000e-01    0.0000e+00    3.0000e+00   -2.8978e+00   -7.7646e-01    7.5908e-04   -8.5828e-04    3.4882e-04   -8.8667e-04
   3.0000e-01    0.0000e+00    3.0000e+00   -2.8532e+00   -9.2705e-01    1.5644e-04   -1.1239e-03   -2.5432e-04   -1.2175e-03
   3.0000e-01    0.0000e+00    3.0000e+00   -2.8007e+00   -1.0751e+00   -4.7323e-04   -1.0199e-03   -8.2967e-04   -1.0673e-03
   3.0000e-01    0.0000e+00    3.0000e+00   -2.7406e+00   -1.2202e+00   -9.2712e-04   -6.1857e-04   -1.2602e-03   -6.2943e-04
   3.0000e-01    0.0000e+00    3.0000e+00   -2.6730e+00   -1.3620e+00   -1.1034e-03   -6.3558e-05   -1.4281e-03   -1.2855e-04
   3.0000e-01    0.0000e+00    3.0000e+00   -2.5981e+00   -1.5000e+00   -9.9048e-04    4.7103e-04   -1.2925e-03    4.6344e-04
   3.0000e-01    0.0000e+00    3.0000e+00   -2.5160e+00   -1.6339e+00   -6.5633e-04    8.6867e-04   -9.4106e-04    8.0879e-04
   3.0000e-01    0.0000e+00    3.0000e+00   -2.4271e+00   -1.7634e+00   -1.9768e-04    1.0630e-03   -3.9789e-04    1.0398e-03
   3.0000e-01    0.0000e+00    3.0000e+00   -2.3314e+00   -1.8880e+00    2.7247e-04    1.0390e-03    6.6300e-05    1.0356e-03
   3.0000e-01    0.0000e+00    3.0000e+00   -2.2294e+00   -2.0074e+00    6.5832e-04    8.4073e-04    5.3592e-04    8.4998e-04
   3.0000e-01    0.0000e+00    3.0000e+00   -2.1213e+00   -2.1213e+00    9.2174e-04    5.2726e-04    8.0313e-04    5.5528e-04
   3.0000e-01    0.0000e+00    3.0000e+00   -2.0074e+00   -2.2294e+00    1.0445e-03    1.5764e-04    1.0444e-03    2.1397e-04
   3.0000e-01    0.0000e+00    3.0000e+00   -1.8880e+00   -2.3314e+00    1.0309e-03   -2.0482e-04    1.0340e-03   -2.1480e-04
   3.0000e-01    0.0000e+00    3.0000e+00   -1.7634e+00   -2.4271e+00    9.1390e-04   -5.0977e-04    1.0540e-03   -5.1449e-04
   3.0000e-01    0.0000e+00    3.0000e+00   -1.6339e+00   -2.5160e+00    7.2687e-04   -7.4705e-04    7.9182e-04   -7.2915e-04
   3.0000e-01    0.0000e+00    3.0000e+00   -1.5000e+00   -2.5981e+00    4.9869e-04   -9.1080e-04    6.6735e-04   -8.5248e-04
   3.0000e-01    0.0000e+00    3.0000e+00   -1.3620e+00   -2.6730e+00    2.6298e-04   -1.0010e-03    3.8469e-04   -9.3985e-04
   3.0000e-01    0.0000e+00    3.0000e+00   -1.2202e+00   -2.7406e+00    4.2211e-05   -1.0311e-03    2.6227e-04   -9.7937e-04
   3.0000e-01    0.0000e+00    3.0000e+00   -1.0751e+00   -2.8007e+00   -1.5492e-04   -1.0176e-03    5.0177e-05   -9.7074e-04
   3.0000e-01    0.0000e+00    3.0000e+00   -9.2705e-01   -2.8532e+00   -3.2103e-04   -9.7542e-04   -5.9558e-05   -8.9990e-04
   3.0000e-01    0.0000e+00    3.0000e+00   -7.7646e-01   -2.8978e+00   -4.5735e-04   -9.1719e-04   -1.6916e-04   -8.1603e-04
   3.0000e-01    0.0000e+00    3.0000e+00   -6.2374e-01   -2.9344e+00   -5.5748e-04   -8.5822e-04   -2.5778e-04   -8.2400e-04
   3.0000e-01    0.0000e+00    3.0000e+00   -4.6930e-01   -2.9631e+00   -6.3216e-04   -8.0316e-04   -3.0689e-04   -6.7445e-04
   3.0000e-01    0.0000e+00    3.0000e+00   -3.1359e-01   -2.9836e+00   -6.7957e-04   -7.6235e-04   -3.3569e-04   -6.0033e-04
   3.0000e-01    0.0000e+00    3.0000e+00   -1.5701e-01   -2.9959e+00   -7.0919e-04   -7.3424e-04   -3.2542e-04   -6.7400e-04
   3.0000e-01    0.0000e+00    3.0000e+00    0.0000e+00   -3.0000e+00   -7.2250e-04   -7.2081e-04   -3.7440e-04   -6.2066e-04
   3.0000e-01    0.0000e+00    3.0000e+00    1.5701e-01   -2.9959e+00   -7.0919e-04   -7.3424e-04   -3.7449e-04   -5.6994e-04
   3.0000e-01    0.0000e+00    3.0000e+00    3.1359e-01   -2.9836e+00   -6.7957e-04   -7.6235e-04   -3.4797e-04   -6.4913e-04
   3.0000e-01    0.0000e+00    3.0000e+00    4.6930e-01   -2.9631e+00   -6.3216e-04   -8.0316e-04   -2.4222e-04   -7.1732e-04
   3.0000e-01    0.0000e+00    3.0000e+00    6.2374e-01   -2.9344e+00   -5.5748e-04   -8.5822e-04   -2.5913e-04   -7.8113e-04
   3.0000e-01    0.0000e+00    3.0000e+00    7.7646e-01   -2.8978e+00   -4.5735e-04   -9.1719e-04   -1.4322e-04   -8.1190e-04
   3.0000e-01    0.0000e+00    3.0000e+00    9.2705e-01   -2.8532e+00   -3.2103e-04   -9.7542e-04   -4.5046e-05   -9.4174e-04
   3.0000e-01    0.0000e+00    3.0000e+00    1.0751e+00   -2.8007e+00   -1.5492e-04   -1.0176e-03    8.7296e-05   -9.6922e-04
   3.0000e-01    0.0000e+00    3.0000e+00    1.2202e+00   -2.7406e+00    4.2211e-05   -1.0311e-03    1.8200e-04   -9.9052e-04
   3.0000e-01    0.0000e+00    3.0000e+00    1.3620e+00   -2.6730e+00    2.6298e-04   -1.0010e-03    3.8453e-04   -9.3047e-04
   3.0000e-01    0.0000e+00    3.0000e+00    1.5000e+00   -2.5981e+00    4.9869e-04   -9.1080e-04    6.7668e-04   -8.1019e-04
   3.0000e-01    0.0000e+00    3.0000e+00    1.6339e+00   -2.5160e+00    7.2687e-04   -7.4705e-04    7.8590e-04   -7.2231e-04
   3.0000e-01    0.0000e+00    3.0000e+00    1.7634e+00   -2.4271e+00    9.1390e-04   -5.0977e-04    9.6397e-04   -4.4805e-04
   3.0000e-01    0.0000e+00    3.0000e+00    1.8880e+00   -2.3314e+00    1.0309e-03   -2.0482e-04    1.0019e-03   -1.8599e-04
   3.0000e-01    0.0000e+00    3.0000e+00    2.0074e+00   -2.2294e+00    1.0445e-03    1.5764e-04    1.0462e-03    1.7001e-04
   3.0000e-01    0.0000e+00    3.0000e+00    2.1213e+00   -2.1213e+00    9.2174e-04    5.2726e-04    7.9866e-04    5.3875e-04
   3.0000e-01    0.0000e+00    3.0000e+00    2.2294e+00   -2.0074e+00    6.5832e-04    8.4073e-04    5.2266e-04    8.1219e-04
   3.0000e-01    0.0000e+00    3.0000e+00    2.3314e+00   -1.8880e+00    2.7247e-04    1.0390e-03    7.1029e-05    1.0008e-03
   3.0000e-01    0.0000e+00    3.0000e+00    2.4271e+00   -1.7634e+00   -1.9768e-04    1.0630e-03   -4.3849e-04    1.1072e-03
   3.0000e-01    0.0000e+00    3.0000e+00    2.5160e+00   -1.6339e+00   -6.5633e-04    8.6867e-04   -9.0211e-04    8.4833e-04
   3.0000e-01    0.0000e+00    3.0000e+00    2.5981e+00   -1.5000e+00   -9.9048e-04    4.7103e-04   -1.3163e-03    4.3957e-04
   3.0000e-01    0.0000e+00    3.0000e+00    2.6730e+00   -1.3620e+00   -1.1034e-03   -6.3558e-05   -1.3970e-03   -1.0691e-04
   3.0000e-01    0.0000e+00    3.0000e+00    2.7406e+00   -1.2202e+00   -9.2712e-04   -6.1857e-04   -1.2303e-03   -6.9159e-04
   3.0000e-01    0.0000e+00    3.0000e+00    2.8007e+00   -1.0751e+00   -4.7323e-04   -1.0199e-03   -8.4344e-04   -1.0061e-03
   3.0000e-01    0.0000e+00    3.0000e+00    2.8532e+00   -9.2705e-01    1.5644e-04   -1.1239e-03   -2.7479e-04   -1.1312e-03
   3.0000e-01    0.0000e+00    3.0000e+00    2.8978e+00   -7.7646e-01    7.5908e-04   -8.5828e-04    3.2726e-04   -9.0603e-04
   3.0000e-01    0.0000e+00    3.0000e+00    2.9344e+00   -6.2374e-01    1.1258e-03   -2.6989e-04    7.4373e-04   -2.9564e-04
   3.0000e-01    0.0000e+00    3.0000e+00    2.9631e+00   -4.6930e-01    1.0790e-03    4.5350e-04    6.1478e-04    3.4329e-04
   3.0000e-01    0.0000e+00    3.0000e+00    2.9836e+00   -3.1359e-01    5.8602e-04    1.0288e-03    2.0861e-04    9.7116e-04
   3.0000e-01    0.0000e+00    3.0000e+00    2.9959e+00   -1.5701e-01   -1.7874e-04    1.1850e-03   -5.5083e-04    1.1169e-03
   3.0000e-01   -1.5000e+00    2.6000e+00    3.0000e+00    0.0000e+00   -9.8520e-04    4.8154e-04   -1.4767e-03    3.4183e-04
   3.0000e-01   -1.5000e+00    2.6000e+00    2.9959e+00    1.5701e-01   -1.1035e-03   -6.2410e-05   -1.5844e-03   -2.5299e-04
   3.0000e-01   -1.5000e+00    2.6000e+00    2.9836e+00    3.1359e-01   -9.3007e-04   -6.1379e-04   -1.3567e-03   -8.3237e-04
   3.0000e-01   -1.5000e+00    2.6000e+00    2.9631e+00    4.6930e-01   -4.7914e-04   -1.0169e-03   -9.1965e-04   -1.3424e-03
   3.0000e-01   -1.5000e+00    2.6000e+00    2.9344e+00    6.2374e-01    1.4886e-04   -1.1248e-03   -2.3663e-04   -1.5004e-03
   3.0000e-01   -1.5000e+00    2.6000e+00    2.8978e+00    7.7646e-01    7.5473e-04   -8.6193e-04    4.0926e-04   -1.3169e-03
   3.0000e-01   -1.5000e+00    2.6000e+00    2.8532e+00    9.2705e-01    1.1245e-03   -2.7469e-04    8.4505e-04   -7.4697e-04
   3.0000e-01   -1.5000e+00    2.6000e+00    2.8007e+00    1.0751e+00    1.0809e-03    4.4881e-04    8.2125e-04   -7.0066e-05
   3.0000e-01   -1.5000e+00    2.6000e+00    2.7406e+00    1.2202e+00    5.9562e-04    1.0231e-03    4.6217e-04    5.2842e-04
   3.0000e-01   -1.5000e+00    2.6000e+00    2.6730e+00    1.3620e+00   -1.7128e-04    1.1858e-03   -2.3890e-04    6.9381e-04
   3.0000e-01   -1.5000e+00    2.6000e+00    2.5981e+00    1.5000e+00   -8.9682e-04    8.1751e-04   -9.7918e-04    2.8396e-04
   3.0000e-01   -1.5000e+00    2.6000e+00    2.5160e+00    1.6339e+00   -1.2295e-03    3.6530e-05   -1.1703e-03   -4.8097e-04
   3.0000e-01   -1.5000e+00    2.6000e+00    2.4271e+00    1.7634e+00   -9.5842e-04   -7.9852e-04   -8.8989e-04   -1.2846e-03
   3.0000e-01   -1.5000e+00    2.6000e+00    2.3314e+00    1.8880e+00   -1.7340e-04   -1.2542e-03   -1.9388e-05   -1.7442e-03
   3.0000e-01   -1.5000e+00    2.6000e+00    2.2294e+00    2.0074e+00    7.5145e-04   -1.0441e-03    9.5831e-04   -1.4904e-03
   3.0000e-01   -1.5000e+00    2.6000e+00    2.1213e+00    2.1213e+00    1.2896e-03   -2.1856e-04    1.4793e-03   -6.0253e-04
   3.0000e-01   -1.5000e+00    2.6000e+00    2.0074e+00    2.2294e+00    1.0814e-03    7.7600e-04    1.3613e-03    4.5142e-04
   3.0000e-01   -1.5000e+00    2.6000e+00    1.8880e+00    2.3314e+00    1.9757e-04    1.3413e-03    4.9632e-04    9.6996e-04
   3.0000e-01   -1.5000e+00    2.6000e+00    1.7634e+00    2.4271e+00   -8.6586e-04    1.0780e-03   -4.7585e-04    7.4960e-04
   3.0000e-01   -1.5000e+00    2.6000e+00    1.6339e+00    2.5160e+00   -1.4095e-03    7.8570e-05   -1.0610e-03   -1.4184e-04
   3.0000e-01   -1.5000e+00    2.6000e+00    1.5000e+00    2.5981e+00   -1.0140e-03   -1.0270e-03   -6.5549e-04   -1.2722e-03
   3.0000e-01   -1.5000e+00    2.6000e+00    1.3620e+00    2.6730e+00    1.1651e-04   -1.4724e-03    4.8246e-04   -1.6342e-03
   3.0000e-01   -1.5000e+00    2.6000e+00    1.2202e+00    2.7406e+00    1.2384e-03   -8.7194e-04    1.6208e-03   -9.7048e-04
   3.0000e-01   -1.5000e+00    2.6000e+00    1.0751e+00    2.8007e+00    1.4983e-03    4.1698e-04    1.9083e-03    2.8908e-04
   3.0000e-01   -1.5000e+00    2.6000e+00    9.2705e-01    2.8532e+00    6.2070e-04    1.4748e-03    9.0984e-04    1.3970e-03
   3.0000e-01   -1.5000e+00    2.6000e+00    7.7646e-01    2.8978e+00   -7.9776e-04    1.4436e-03   -5.1058e-04    1.4490e-03
   3.0000e-01   -1.5000e+00    2.6000e+00    6.2374e-01    2.9344e+00   -1.6852e-03    2.5429e-04   -1.4506e-03    2.3728e-04
   3.0000e-01   -1.5000e+00    2.6000e+00    4.6930e-01    2.9631e+00   -1.2553e-03   -1.2422e-03   -1.1090e-03   -1.2766e-03
   3.0000e-01   -1.5000e+00    2.6000e+00    3.1359e-01    2.9836e+00    2.7172e-04   -1.8154e-03    4.4402e-04   -1.7601e-03
   3.0000e-01   -1.5000e+00    2.6000e+00    1.5701e-01    2.9959e+00    1.6972e-03   -8.8578e-04    1.7653e-03   -8.0824e-04
   3.0000e-01   -1.5000e+00    2.6000e+00    0.0000e+00    3.0000e+00    1.7867e-03    9.1095e-04    1.8394e-03    9.9488e-04
   3.0000e-01   -1.5000e+00    2.6000e+00   -2.5981e+00    1.5000e+00    1.7992e-03    8.8287e-04    1.9402e-03    8.5231e-04
   3.0000e-01   -1.5000e+00    2.6000e+00   -2.6730e+00    1.3620e+00    1.6862e-03   -9.0466e-04    1.9115e-03   -8.9249e-04
   3.0000e-01   -1.5000e+00    2.6000e+00   -2.7406e+00    1.2202e+00    2.4186e-04   -1.8186e-03    5.1437e-04   -1.8339e-03
   3.0000e-01   -1.5000e+00    2.6000e+00   -2.8007e+00    1.0751e+00   -1.2689e-03   -1.2275e-03   -1.0037e-03   -1.1363e-03
   3.0000e-01   -1.5000e+00    2.6000e+00   -2.8532e+00    9.2705e-01   -1.6815e-03    2.7364e-04   -1.3911e-03    3.3693e-04
   3.0000e-01   -1.5000e+00    2.6000e+00   -2.8978e+00    7.7646e-01   -7.8153e-04    1.4519e-03   -5.1247e-04    1.5210e-03
   3.0000e-01   -1.5000e+00    2.6000e+00   -2.9344e+00    6.2374e-01    6.3846e-04    1.4667e-03    9.5067e-04    1.5249e-03
   3.0000e-01   -1.5000e+00    2.6000e+00   -2.9631e+00    4.6930e-01    1.5023e-03    4.0018e-04    1.7770e-03    4.3535e-04
   3.0000e-01   -1.5000e+00    2.6000e+00   -2.9836e+00    3.1359e-01    1.2268e-03   -8.8720e-04    1.4520e-03   -7.9583e-04
   3.0000e-01   -1.5000e+00    2.6000e+00   -2.9959e+00    1.5701e-01    1.0645e-04   -1.4730e-03    2.5239e-04   -1.3761e-03
   3.0000e-01   -1.5000e+00    2.6000e+00   -3.0000e+00    0.0000e+00   -1.0295e-03   -1.0107e-03   -9.3006e-04   -9.7339e-04
   3.0000e-01   -1.5000e+00    2.6000e+00   -2.9959e+00   -1.5701e-01   -1.4085e-03    9.1961e-05   -1.3462e-03    2.0401e-04
   3.0000e-01   -1.5000e+00    2.6000e+00   -2.9836e+00   -3.1359e-01   -8.6198e-04    1.0810e-03   -8.5416e-04    1.1539e-03
   3.0000e-01   -1.5000e+00    2.6000e+00   -2.9631e+00   -4.6930e-01    2.0512e-04    1.3401e-03    1.1332e-04    1.3747e-03
   3.0000e-01   -1.5000e+00    2.6000e+00   -2.9344e+00   -6.2374e-01    1.0907e-03    7.6233e-04    9.1293e-04    7.6145e-04
   3.0000e-01   -1.5000e+00    2.6000e+00   -2.8978e+00   -7.7646e-01    1.2864e-03   -2.3480e-04    1.0933e-03   -2.3890e-04
   3.0000e-01   -1.5000e+00    2.6000e+00   -2.8532e+00   -9.2705e-01    7.4694e-04   -1.0471e-03    4.9735e-04   -1.0790e-03
   3.0000e-01   -1.5000e+00    2.6000e+00   -2.8007e+00   -1.0751e+00   -1.8057e-04   -1.2532e-03   -5.5217e-04   -1.2660e-03
   3.0000e-01   -1.5000e+00    2.6000e+00   -2.7406e+00   -1.2202e+00   -9.6513e-04   -7.9030e-04   -1.4197e-03   -9.1145e-04
   3.0000e-01   -1.5000e+00    2.6000e+00   -2.6730e+00   -1.3620e+00   -1.2285e-03    5.3084e-05   -1.6908e-03   -3.7610e-05
   3.0000e-01   -1.5000e+00    2.6000e+00   -2.5981e+00   -1.5000e+00   -8.9054e-04    8.2425e-04   -1.5126e-03    6.9355e-04
   3.0000e-01   -1.5000e+00    2.6000e+00   -2.5160e+00   -1.6339e+00   -1.6376e-04    1.1868e-03   -7.8377e-04    1.0760e-03
   3.0000e-01   -1.5000e+00    2.6000e+00   -2.4271e+00   -1.7634e+00    6.0493e-04    1.0173e-03   -6.6194e-05    8.1236e-04
   3.0000e-01   -1.5000e+00    2.6000e+00   -2.3314e+00   -1.8880e+00    1.0863e-03    4.3454e-04    3.7792e-04    1.9274e-04
   3.0000e-01   -1.5000e+00    2.6000e+00   -2.2294e+00   -2.0074e+00    1.1227e-03   -2.8146e-04    4.0105e-04   -5.6197e-04
   3.0000e-01   -1.5000e+00    2.6000e+00   -2.1213e+00   -2.1213e+00    7.5188e-04   -8.6435e-04    1.2040e-05   -1.1736e-03
   3.0000e-01   -1.5000e+00    2.6000e+00   -2.0074e+00   -2.2294e+00    1.3736e-04   -1.1261e-03   -6.1527e-04   -1.4489e-03
   3.0000e-01   -1.5000e+00    2.6000e+00   -1.8880e+00   -2.3314e+00   -4.9042e-04   -1.0112e-03   -1.2029e-03   -1.3178e-03
   3.0000e-01   -1.5000e+00    2.6000e+00   -1.7634e+00   -2.4271e+00   -9.3491e-04   -6.0601e-04   -1.6434e-03   -8.9007e-04
   3.0000e-01   -1.5000e+00    2.6000e+00   -1.6339e+00   -2.5160e+00   -1.1037e-03   -5.5297e-05   -1.7428e-03   -3.7126e-04
   3.0000e-01   -1.5000e+00    2.6000e+00   -1.5000e+00   -2.5981e+00   -9.8379e-04    4.8397e-04   -1.5927e-03    2.3197e-04
   3.0000e-01   -1.5000e+00    2.6000e+00   -1.3620e+00   -2.6730e+00   -6.4232e-04    8.7864e-04   -1.1794e-03    6.0334e-04
   3.0000e-01   -1.5000e+00    2.6000e+00   -1.2202e+00   -2.7406e+00   -1.8553e-04    1.0650e-03   -7.4539e-04    7.6977e-04
   3.0000e-01   -1.5000e+00    2.6000e+00   -1.0751e+00   -2.8007e+00    2.7941e-04    1.0371e-03   -2.0236e-04    7.6939e-04
   3.0000e-01   -1.5000e+00    2.6000e+00   -9.2705e-01   -2.8532e+00    6.6882e-04    8.3204e-04    3.3359e-04    5.8398e-04
   3.0000e-01   -1.5000e+00    2.6000e+00   -7.7646e-01   -2.8978e+00    9.3042e-04    5.1102e-04    6.7378e-04    2.8676e-04
   3.0000e-01   -1.5000e+00    2.6000e+00   -6.2374e-01   -2.9344e+00    1.0458e-03    1.4689e-04    8.6917e-04   -5.5003e-05
   3.0000e-01   -1.5000e+00    2.6000e+00   -4.6930e-01   -2.9631e+00    1.0293e-03   -2.1214e-04    9.0789e-04   -3.1194e-04
   3.0000e-01   -1.5000e+00    2.6000e+00   -3.1359e-01   -2.9836e+00    9.0911e-04   -5.1803e-04    8.9140e-04   -5.8533e-04
   3.0000e-01   -1.5000e+00    2.6000e+00   -1.5701e-01   -2.9959e+00    7.1774e-04   -7.5562e-04    8.1977e-04   -7.7868e-04
   3.0000e-01   -1.5000e+00    2.6000e+00    0.0000e+00   -3.0000e+00    4.8662e-04   -9.1717e-04    5.9470e-04   -9.5412e-04
   3.0000e-01   -1.5000e+00    2.6000e+00    1.5701e-01   -2.9959e+00    2.5568e-04   -1.0028e-03    5.0207e-04   -9.1013e-04
   3.0000e-01   -1.5000e+00    2.6000e+00    3.1359e-01   -2.9836e+00    3.4806e-05   -1.0312e-03    2.6274e-04   -8.2852e-04
   3.0000e-01   -1.5000e+00    2.6000e+00    4.6930e-01   -2.9631e+00   -1.6660e-04   -1.0155e-03    1.9597e-04   -7.8861e-04
   3.0000e-01   -1.5000e+00    2.6000e+00    6.2374e-01   -2.9344e+00   -3.3277e-04   -9.7141e-04    7.8708e-06   -6.7480e-04
   3.0000e-01   -1.5000e+00    2.6000e+00    7.7646e-01   -2.8978e+00   -4.6719e-04   -9.1211e-04   -5.3117e-05   -6.0432e-04
   3.0000e-01   -1.5000e+00    2.6000e+00    9.2705e-01   -2.8532e+00   -5.6536e-04   -8.5288e-04   -6.3059e-05   -5.1515e-04
   3.0000e-01   -1.5000e+00    2.6000e+00    1.0751e+00   -2.8007e+00   -6.4018e-04   -7.9672e-04   -1.1968e-04   -3.2940e-04
   3.0000e-01   -1.5000e+00    2.6000e+00    1.2202e+00   -2.7406e+00   -6.8973e-04   -7.5306e-04   -1.0335e-04   -2.4052e-04
   3.0000e-01   -1.5000e+00    2.6000e+00    1.3620e+00   -2.6730e+00   -7.1986e-04   -7.2346e-04   -2.4069e-04   -2.0212e-04
   3.0000e-01   -1.5000e+00    2.6000e+00    1.5000e+00   -2.5981e+00   -7.2759e-04   -7.1560e-04   -1.8497e-04   -1.1991e-04
   3.0000e-01   -1.5000e+00    2.6000e+00    1.6339e+00   -2.5160e+00   -7.1621e-04   -7.2733e-04   -1.5670e-04   -1.6634e-04
   3.0000e-01   -1.5000e+00    2.6000e+00    1.7634e+00   -2.4271e+00   -6.8991e-04   -7.5288e-04   -1.8571e-04   -8.2945e-05
   3.0000e-01   -1.5000e+00    2.6000e+00    1.8880e+00   -2.3314e+00   -6.4391e-04   -7.9355e-04   -1.1022e-04   -8.3114e-05
   3.0000e-01   -1.5000e+00    2.6000e+00    2.0074e+00   -2.2294e+00   -5.6603e-04   -8.5245e-04   -1.3053e-04   -1.5351e-04
   3.0000e-01   -1.5000e+00    2.6000e+00    2.1213e+00   -2.1213e+00   -4.6059e-04   -9.1562e-04   -1.2769e-05   -2.1240e-04
   3.0000e-01   -1.5000e+00    2.6000e+00    2.2294e+00   -2.0074e+00   -3.3049e-04   -9.7226e-04    3.5609e-05   -2.9039e-04
   3.0000e-01   -1.5000e+00    2.6000e+00    2.3314e+00   -1.8880e+00   -1.6975e-04   -1.0150e-03    9.3247e-05   -4.1921e-04
   3.0000e-01   -1.5000e+00    2.6000e+00    2.4271e+00   -1.7634e+00    3.2403e-05   -1.0313e-03    2.7703e-04   -4.2787e-04
   3.0000e-01   -1.5000e+00    2.6000e+00    2.5160e+00   -1.6339e+00    2.5896e-04   -1.0020e-03    3.9999e-04   -4.3928e-04
   3.0000e-01   -1.5000e+00    2.6000e+00    2.5981e+00   -1.5000e+00    4.9173e-04   -9.1455e-04    5.4900e-04   -3.7061e-04
   3.0000e-01   -1.5000e+00    2.6000e+00    2.6730e+00   -1.3620e+00    7.1703e-04   -7.5625e-04    6.8123e-04   -2.6641e-04
   3.0000e-01   -1.5000e+00    2.6000e+00    2.7406e+00   -1.2202e+00    9.1049e-04   -5.1596e-04    8.3543e-04   -8.6502e-05
   3.0000e-01   -1.5000e+00    2.6000e+00    2.8007e+00   -1.0751e+00    1.0306e-03   -2.0695e-04    8.5398e-04    1.8633e-04
   3.0000e-01   -1.5000e+00    2.6000e+00    2.8532e+00   -9.2705e-01    1.0450e-03    1.5364e-04    8.7664e-04    4.3928e-04
   3.0000e-01   -1.5000e+00    2.6000e+00    2.8978e+00   -7.7646e-01    9.2785e-04    5.1601e-04    6.7983e-04    7.7663e-04
   3.0000e-01   -1.5000e+00    2.6000e+00    2.9344e+00   -6.2374e-01    6.6498e-04    8.3541e-04    2.4777e-04    9.7459e-04
   3.0000e-01   -1.5000e+00    2.6000e+00    2.9631e+00   -4.6930e-01    2.7365e-04    1.0388e-03   -1.2977e-04    1.1493e-03
   3.0000e-01   -1.5000e+00    2.6000e+00    2.9836e+00   -3.1359e-01   -1.9724e-04    1.0630e-03   -6.1177e-04    1.0889e-03
   3.0000e-01   -1.5000e+00    2.6000e+00    2.9959e+00   -1.5701e-01   -6.5106e-04    8.7255e-04   -1.0762e-03    7.8588e-04
   3.0000e-01   -2.6000e+00    1.5000e+00    3.0000e+00    0.0000e+00    4.8474e-04   -9.1813e-04    7.1204e-04   -8.5002e-04
   3.0000e-01   -2.6000e+00    1.5000e+00    2.9959e+00    1.5701e-01    7.1774e-04   -7.5562e-04    9.4518e-04   -7.5217e-04
   3.0000e-01   -2.6000e+00    1.5000e+00    2.9836e+00    3.1359e-01    9.0911e-04   -5.1803e-04    1.1307e-03   -6.2930e-04
   3.0000e-01   -2.6000e+00    1.5000e+00    2.9631e+00    4.6930e-01    1.0293e-03   -2.1214e-04    1.2565e-03   -3.7080e-04
   3.0000e-01   -2.6000e+00    1.5000e+00    2.9344e+00    6.2374e-01    1.0458e-03    1.4689e-04    1.2766e-03   -1.0860e-04
   3.0000e-01   -2.6000e+00    1.5000e+00    2.8978e+00    7.7646e-01    9.3042e-04    5.1102e-04    1.1060e-03    1.6957e-04
   3.0000e-01   -2.6000e+00    1.5000e+00    2.8532e+00    9.2705e-01    6.6882e-04    8.3204e-04    8.4456e-04    3.7494e-04
   3.0000e-01   -2.6000e+00    1.5000e+00    2.8007e+00    1.0751e+00    2.7941e-04    1.0371e-03    4.6162e-04    5.8013e-04
   3.0000e-01   -2.6000e+00    1.5000e+00    2.7406e+00    1.2202e+00   -1.8553e-04    1.0650e-03    4.1565e-06    4.9888e-04
   3.0000e-01   -2.6000e+00    1.5000e+00    2.6730e+00    1.3620e+00   -6.4232e-04    8.7864e-04   -5.1524e-04    2.7393e-04
   3.0000e-01   -2.6000e+00    1.5000e+00    2.5981e+00    1.5000e+00   -9.8379e-04    4.8397e-04   -8.7736e-04   -1.5313e-04
   3.0000e-01   -2.6000e+00    1.5000e+00    2.5160e+00    1.6339e+00   -1.1037e-03   -5.5297e-05   -1.0112e-03   -7.4371e-04
   3.0000e-01   -2.6000e+00    1.5000e+00    2.4271e+00    1.7634e+00   -9.3491e-04   -6.0601e-04   -8.0187e-04   -1.3007e-03
   3.0000e-01   -2.6000e+00    1.5000e+00    2.3314e+00    1.8880e+00   -4.9042e-04   -1.0112e-03   -4.2346e-04   -1.6906e-03
   3.0000e-01   -2.6000e+00    1.5000e+00    2.2294e+00    2.0074e+00    1.3736e-04   -1.1261e-03    1.9680e-04   -1.8178e-03
   3.0000e-01   -2.6000e+00    1.5000e+00    2.1213e+00    2.1213e+00    7.5188e-04   -8.6435e-04    7.9336e-04   -1.5860e-03
   3.0000e-01   -2.6000e+00    1.5000e+00    2.0074e+00    2.2294e+00    1.1227e-03   -2.8146e-04    1.1479e-03   -9.7724e-04
   3.0000e-01   -2.6000e+00    1.5000e+00    1.8880e+00    2.3314e+00    1.0863e-03    4.3454e-04    1.1005e-03   -2.3125e-04
   3.0000e-01   -2.6000e+00    1.5000e+00    1.7634e+00    2.4271e+00    6.0493e-04    1.0173e-03    6.2788e-04    4.4617e-04
   3.0000e-01   -2.6000e+00    1.5000e+00    1.6339e+00    2.5160e+00   -1.6376e-04    1.1868e-03   -1.7249e-04    6.3413e-04
   3.0000e-01   -2.6000e+00    1.5000e+00    1.5000e+00    2.5981e+00   -8.9054e-04    8.2425e-04   -9.1085e-04    2.6452e-04
   3.0000e-01   -2.6000e+00    1.5000e+00    1.3620e+00    2.6730e+00   -1.2285e-03    5.3084e-05   -1.3069e-03   -4.0285e-04
   3.0000e-01   -2.6000e+00    1.5000e+00    1.2202e+00    2.7406e+00   -9.6513e-04   -7.9030e-04   -1.0114e-03   -1.1922e-03
   3.0000e-01   -2.6000e+00    1.5000e+00    1.0751e+00    2.8007e+00   -1.8057e-04   -1.2532e-03   -2.7597e-04   -1.5967e-03
   3.0000e-01   -2.6000e+00    1.5000e+00    9.2705e-01    2.8532e+00    7.4694e-04   -1.0471e-03    6.6085e-04   -1.3744e-03
   3.0000e-01   -2.6000e+00    1.5000e+00    7.7646e-01    2.8978e+00    1.2864e-03   -2.3480e-04    1.2180e-03   -4.8742e-04
   3.0000e-01   -2.6000e+00    1.5000e+00    6.2374e-01    2.9344e+00    1.0907e-03    7.6233e-04    1.0470e-03    5.8162e-04
   3.0000e-01   -2.6000e+00    1.5000e+00    4.6930e-01    2.9631e+00    2.0512e-04    1.3401e-03    1.4960e-04    1.1922e-03
   3.0000e-01   -2.6000e+00    1.5000e+00    3.1359e-01    2.9836e+00   -8.6198e-04    1.0810e-03   -9.5831e-04    9.3445e-04
   3.0000e-01   -2.6000e+00    1.5000e+00    1.5701e-01    2.9959e+00   -1.4085e-03    9.1961e-05   -1.5149e-03    9.1352e-05
   3.0000e-01   -2.6000e+00    1.5000e+00    0.0000e+00    3.0000e+00   -1.0227e-03   -1.0178e-03   -1.1059e-03   -1.0802e-03
   3.0000e-01   -2.6000e+00    1.5000e+00   -1.5701e-01    2.9959e+00    1.0645e-04   -1.4730e-03    5.9786e-05   -1.5144e-03
   3.0000e-01   -2.6000e+00    1.5000e+00   -3.1359e-01    2.9836e+00    1.2268e-03   -8.8720e-04    1.1916e-03   -9.5680e-04
   3.0000e-01   -2.6000e+00    1.5000e+00   -4.6930e-01    2.9631e+00    1.5023e-03    4.0018e-04    1.4760e-03    3.5817e-04
   3.0000e-01   -2.6000e+00    1.5000e+00   -6.2374e-01    2.9344e+00    6.3846e-04    1.4667e-03    6.6107e-04    1.4543e-03
   3.0000e-01   -2.6000e+00    1.5000e+00   -7.7646e-01    2.8978e+00   -7.8153e-04    1.4519e-03   -7.5025e-04    1.4703e-03
   3.0000e-01   -2.6000e+00    1.5000e+00   -9.2705e-01    2.8532e+00   -1.6815e-03    2.7364e-04   -1.6206e-03    3.1427e-04
   3.0000e-01   -2.6000e+00    1.5000e+00   -1.0751e+00    2.8007e+00   -1.2689e-03   -1.2275e-03   -1.1746e-03   -1.2100e-03
   3.0000e-01   -2.6000e+00    1.5000e+00   -1.2202e+00    2.7406e+00    2.4186e-04   -1.8186e-03    3.3669e-04   -1.7935e-03
   3.0000e-01   -2.6000e+00    1.5000e+00   -1.3620e+00    2.6730e+00    1.6862e-03   -9.0466e-04    1.8361e-03   -8.9418e-04
   3.0000e-01   -2.6000e+00    1.5000e+00   -1.5000e+00    2.5981e+00    1.7992e-03    8.8287e-04    1.9980e-03    8.6824e-04
   3.0000e-01   -2.6000e+00    1.5000e+00   -3.0000e+00    0.0000e+00    1.7929e-03    8.9701e-04    1.7499e-03    8.9565e-04
   3.0000e-01   -2.6000e+00    1.5000e+00   -2.9959e+00   -1.5701e-01    1.6972e-03   -8.8578e-04    1.6317e-03   -8.4082e-04
   3.0000e-01   -2.6000e+00    1.5000e+00   -2.9836e+00   -3.1359e-01    2.7172e-04   -1.8154e-03    1.2437e-04   -1.8262e-03
   3.0000e-01   -2.6000e+00    1.5000e+00   -2.9631e+00   -4.6930e-01   -1.2553e-03   -1.2422e-03   -1.5053e-03   -1.2320e-03
   3.0000e-01   -2.6000e+00    1.5000e+00   -2.9344e+00   -6.2374e-01   -1.6852e-03    2.5429e-04   -1.9652e-03    3.0080e-04
   3.0000e-01   -2.6000e+00    1.5000e+00   -2.8978e+00   -7.7646e-01   -7.9776e-04    1.4436e-03   -1.1494e-03    1.5139e-03
   3.0000e-01   -2.6000e+00    1.5000e+00   -2.8532e+00   -9.2705e-01    6.2070e-04    1.4748e-03    2.4600e-04    1.4497e-03
   3.0000e-01   -2.6000e+00    1.5000e+00   -2.8007e+00   -1.0751e+00    1.4983e-03    4.1698e-04    1.0635e-03    3.7269e-04
   3.0000e-01   -2.6000e+00    1.5000e+00   -2.7406e+00   -1.2202e+00    1.2384e-03   -8.7194e-04    7.5416e-04   -8.6113e-04
   3.0000e-01   -2.6000e+00    1.5000e+00   -2.6730e+00   -1.3620e+00    1.1651e-04   -1.4724e-03   -4.0008e-04   -1.4609e-03
   3.0000e-01   -2.6000e+00    1.5000e+00   -2.5981e+00   -1.5000e+00   -1.0140e-03   -1.0270e-03   -1.5554e-03   -1.0335e-03
   3.0000e-01   -2.6000e+00    1.5000e+00   -2.5160e+00   -1.6339e+00   -1.4095e-03    7.8570e-05   -1.9208e-03    1.1246e-04
   3.0000e-01   -2.6000e+00    1.5000e+00   -2.4271e+00   -1.7634e+00   -8.6586e-04    1.0780e-03   -1.4749e-03    1.1017e-03
   3.0000e-01   -2.6000e+00    1.5000e+00   -2.3314e+00   -1.8880e+00    1.9757e-04    1.3413e-03   -4.4003e-04    1.2925e-03
   3.0000e-01   -2.6000e+00    1.5000e+00   -2.2294e+00   -2.0074e+00    1.0814e-03    7.7600e-04    5.2733e-04    6.6682e-04
   3.0000e-01   -2.6000e+00    1.5000e+00   -2.1213e+00   -2.1213e+00    1.2896e-03   -2.1856e-04    7.0391e-04   -3.1718e-04
   3.0000e-01   -2.6000e+00    1.5000e+00   -2.0074e+00   -2.2294e+00    7.5145e-04   -1.0441e-03    1.4549e-04   -1.1253e-03
   3.0000e-01   -2.6000e+00    1.5000e+00   -1.8880e+00   -2.3314e+00   -1.7340e-04   -1.2542e-03   -7.2021e-04   -1.3668e-03
   3.0000e-01   -2.6000e+00    1.5000e+00   -1.7634e+00   -2.4271e+00   -9.5842e-04   -7.9852e-04   -1.5474e-03   -8.8667e-04
   3.0000e-01   -2.6000e+00    1.5000e+00   -1.6339e+00   -2.5160e+00   -1.2295e-03    3.6530e-05   -1.8107e-03   -1.0964e-04
   3.0000e-01   -2.6000e+00    1.5000e+00   -1.5000e+00   -2.5981e+00   -8.9682e-04    8.1751e-04   -1.4567e-03    6.8843e-04
   3.0000e-01   -2.6000e+00    1.5000e+00   -1.3620e+00   -2.6730e+00   -1.7128e-04    1.1858e-03   -6.8520e-04    1.0185e-03
   3.0000e-01   -2.6000e+00    1.5000e+00   -1.2202e+00   -2.7406e+00    5.9562e-04    1.0231e-03    6.3694e-05    8.8594e-04
   3.0000e-01   -2.6000e+00    1.5000e+00   -1.0751e+00   -2.8007e+00    1.0809e-03    4.4881e-04    5.7999e-04    2.9490e-04
   3.0000e-01   -2.6000e+00    1.5000e+00   -9.2705e-01   -2.8532e+00    1.1245e-03   -2.7469e-04    6.5267e-04   -4.4137e-04
   3.0000e-01   -2.6000e+00    1.5000e+00   -7.7646e-01   -2.8978e+00    7.5473e-04   -8.6193e-04    2.8519e-04   -9.8616e-04
   3.0000e-01   -2.6000e+00    1.5000e+00   -6.2374e-01   -2.9344e+00    1.4886e-04   -1.1248e-03   -3.0208e-04   -1.2162e-03
   3.0000e-01   -2.6000e+00    1.5000e+00   -4.6930e-01   -2.9631e+00   -4.7914e-04   -1.0169e-03   -8.6308e-04   -1.1619e-03
   3.0000e-01   -2.6000e+00    1.5000e+00   -3.1359e-01   -2.9836e+00   -9.3007e-04   -6.1379e-04   -1.2823e-03   -6.9388e-04
   3.0000e-01   -2.6000e+00    1.5000e+00   -1.5701e-01   -2.9959e+00   -1.1035e-03   -6.2410e-05   -1.4113e-03   -8.3469e-05
   3.0000e-01   -2.6000e+00    1.5000e+00    0.0000e+00   -3.0000e+00   -9.8714e-04    4.7770e-04   -1.2968e-03    4.3834e-04
   3.0000e-01   -2.6000e+00    1.5000e+00    1.5701e-01   -2.9959e+00   -6.5106e-04    8.7255e-04   -9.3483e-04    8.6412e-04
   3.0000e-01   -2.6000e+00    1.5000e+00    3.1359e-01   -2.9836e+00   -1.9724e-04    1.0630e-03   -4.5144e-04    1.1371e-03
   3.0000e-01   -2.6000e+00    1.5000e+00    4.6930e-01   -2.9631e+00    2.7365e-04    1.0388e-03    7.7279e-05    1.1413e-03
   3.0000e-01   -2.6000e+00    1.5000e+00    6.2374e-01   -2.9344e+00    6.6498e-04    8.3541e-04    4.8267e-04    1.0172e-03
   3.0000e-01   -2.6000e+00    1.5000e+00    7.7646e-01   -2.8978e+00    9.2785e-04    5.1601e-04    7.9002e-04    7.1502e-04
   3.0000e-01   -2.6000e+00    1.5000e+00    9.2705e-01   -2.8532e+00    1.0450e-03    1.5364e-04    9.5426e-04    4.3535e-04
   3.0000e-01   -2.6000e+00    1.5000e+00    1.0751e+00   -2.8007e+00    1.0306e-03   -2.0695e-04    9.5171e-04    1.6933e-04
   3.0000e-01   -2.6000e+00    1.5000e+00    1.2202e+00   -2.7406e+00    9.1049e-04   -5.1596e-04    9.2671e-04   -1.0017e-04
   3.0000e-01   -2.6000e+00    1.5000e+00    1.3620e+00   -2.6730e+00    7.1703e-04   -7.5625e-04    7.5226e-04   -2.6391e-04
   3.0000e-01   -2.6000e+00    1.5000e+00    1.5000e+00   -2.5981e+00    4.9173e-04   -9.1455e-04    5.5941e-04   -3.5118e-04
   3.0000e-01   -2.6000e+00    1.5000e+00    1.6339e+00   -2.5160e+00    2.5896e-04   -1.0020e-03    4.1185e-04   -4.0461e-04
   3.0000e-01   -2.6000e+00    1.5000e+00    1.7634e+00   -2.4271e+00    3.2403e-05   -1.0313e-03    1.8737e-04   -3.5758e-04
   3.0000e-01   -2.6000e+00    1.5000e+00    1.8880e+00   -2.3314e+00   -1.6975e-04   -1.0150e-03    -4.4551e-07   -3.5311e-04
   3.0000e-01   -2.6000e+00    1.5000e+00    2.0074e+00   -2.2294e+00   -3.3049e-04   -9.7226e-04   -9.6503e-05   -2.8087e-04
   3.0000e-01   -2.6000e+00    1.5000e+00    2.1213e+00   -2.1213e+00   -4.6059e-04   -9.1562e-04   -1.7450e-04   -1.1772e-04
   3.0000e-01   -2.6000e+00    1.5000e+00    2.2294e+00   -2.0074e+00   -5.6603e-04   -8.5245e-04   -2.9843e-04   -5.4416e-05
   3.0000e-01   -2.6000e+00    1.5000e+00    2.3314e+00   -1.8880e+00   -6.4391e-04   -7.9355e-04   -3.0411e-04    -1.0887e-05
   3.0000e-01   -2.6000e+00    1.5000e+00    2.4271e+00   -1.7634e+00   -6.8991e-04   -7.5288e-04   -4.2111e-04    4.6783e-05
   3.0000e-01   -2.6000e+00    1.5000e+00    2.5160e+00   -1.6339e+00   -7.1621e-04   -7.2733e-04   -4.0920e-04    5.5954e-05
   3.0000e-01   -2.6000e+00    1.5000e+00    2.5981e+00   -1.5000e+00   -7.2759e-04   -7.1560e-04   -3.9594e-04    8.3720e-05
   3.0000e-01   -2.6000e+00    1.5000e+00    2.6730e+00   -1.3620e+00   -7.1986e-04   -7.2346e-04   -4.0933e-04    9.0615e-05
   3.0000e-01   -2.6000e+00    1.5000e+00    2.7406e+00   -1.2202e+00   -6.8973e-04   -7.5306e-04   -3.9621e-04   -6.1698e-05
   3.0000e-01   -2.6000e+00    1.5000e+00    2.8007e+00   -1.0751e+00   -6.4018e-04   -7.9672e-04   -2.9668e-04   -1.2347e-04
   3.0000e-01   -2.6000e+00    1.5000e+00    2.8532e+00   -9.2705e-01   -5.6536e-04   -8.5288e-04   -2.2648e-04   -2.5164e-04
   3.0000e-01   -2.6000e+00    1.5000e+00    2.8978e+00   -7.7646e-01   -4.6719e-04   -9.1211e-04   -1.7726e-04   -3.8196e-04
   3.0000e-01   -2.6000e+00    1.5000e+00    2.9344e+00   -6.2374e-01   -3.3277e-04   -9.7141e-04   -4.4615e-05   -4.8356e-04
   3.0000e-01   -2.6000e+00    1.5000e+00    2.9631e+00   -4.6930e-01   -1.6660e-04   -1.0155e-03    1.1454e-04   -6.0588e-04
   3.0000e-01   -2.6000e+00    1.5000e+00    2.9836e+00   -3.1359e-01    3.4806e-05   -1.0312e-03    3.3175e-04   -7.0322e-04
   3.0000e-01   -2.6000e+00    1.5000e+00    2.9959e+00   -1.5701e-01    2.5568e-04   -1.0028e-03    5.4682e-04   -7.7736e-04
   3.0000e-01   -3.0000e+00    0.0000e+00    3.0000e+00    0.0000e+00   -7.2250e-04   -7.2081e-04    4.9215e-05   -4.2197e-04
   3.0000e-01   -3.0000e+00    0.0000e+00    2.9959e+00    1.5701e-01   -7.0919e-04   -7.3424e-04    2.4670e-05   -4.7237e-04
   3.0000e-01   -3.0000e+00    0.0000e+00    2.9836e+00    3.1359e-01   -6.7957e-04   -7.6235e-04    5.2672e-05   -4.7315e-04
   3.0000e-01   -3.0000e+00    0.0000e+00    2.9631e+00    4.6930e-01   -6.3216e-04   -8.0316e-04    7.5422e-05   -4.9370e-04
   3.0000e-01   -3.0000e+00    0.0000e+00    2.9344e+00    6.2374e-01   -5.5748e-04   -8.5822e-04    5.8825e-05   -6.1119e-04
   3.0000e-01   -3.0000e+00    0.0000e+00    2.8978e+00    7.7646e-01   -4.5735e-04   -9.1719e-04    1.3948e-04   -6.7822e-04
   3.0000e-01   -3.0000e+00    0.0000e+00    2.8532e+00    9.2705e-01   -3.2103e-04   -9.7542e-04    2.3176e-04   -7.7801e-04
   3.0000e-01   -3.0000e+00    0.0000e+00    2.8007e+00    1.0751e+00   -1.5492e-04   -1.0176e-03    3.2778e-04   -8.6447e-04
   3.0000e-01   -3.0000e+00    0.0000e+00    2.7406e+00    1.2202e+00    4.2211e-05   -1.0311e-03    3.8708e-04   -8.3785e-04
   3.0000e-01   -3.0000e+00    0.0000e+00    2.6730e+00    1.3620e+00    2.6298e-04   -1.0010e-03    5.5435e-04   -8.7835e-04
   3.0000e-01   -3.0000e+00    0.0000e+00    2.5981e+00    1.5000e+00    4.9869e-04   -9.1080e-04    7.0444e-04   -8.4543e-04
   3.0000e-01   -3.0000e+00    0.0000e+00    2.5160e+00    1.6339e+00    7.2687e-04   -7.4705e-04    8.7770e-04   -6.8502e-04
   3.0000e-01   -3.0000e+00    0.0000e+00    2.4271e+00    1.7634e+00    9.1390e-04   -5.0977e-04    1.0201e-03   -4.5570e-04
   3.0000e-01   -3.0000e+00    0.0000e+00    2.3314e+00    1.8880e+00    1.0309e-03   -2.0482e-04    1.0162e-03   -1.7308e-04
   3.0000e-01   -3.0000e+00    0.0000e+00    2.2294e+00    2.0074e+00    1.0445e-03    1.5764e-04    9.8831e-04    1.4956e-04
   3.0000e-01   -3.0000e+00    0.0000e+00    2.1213e+00    2.1213e+00    9.2174e-04    5.2726e-04    7.4271e-04    5.0911e-04
   3.0000e-01   -3.0000e+00    0.0000e+00    2.0074e+00    2.2294e+00    6.5832e-04    8.4073e-04    4.7019e-04    7.8824e-04
   3.0000e-01   -3.0000e+00    0.0000e+00    1.8880e+00    2.3314e+00    2.7247e-04    1.0390e-03    1.7910e-05    9.7491e-04
   3.0000e-01   -3.0000e+00    0.0000e+00    1.7634e+00    2.4271e+00   -1.9768e-04    1.0630e-03   -5.3739e-04    9.2063e-04
   3.0000e-01   -3.0000e+00    0.0000e+00    1.6339e+00    2.5160e+00   -6.5633e-04    8.6867e-04   -1.1032e-03    7.4184e-04
   3.0000e-01   -3.0000e+00    0.0000e+00    1.5000e+00    2.5981e+00   -9.9048e-04    4.7103e-04   -1.4944e-03    3.1946e-04
   3.0000e-01   -3.0000e+00    0.0000e+00    1.3620e+00    2.6730e+00   -1.1034e-03   -6.3558e-05   -1.5631e-03   -2.2251e-04
   3.0000e-01   -3.0000e+00    0.0000e+00    1.2202e+00    2.7406e+00   -9.2712e-04   -6.1857e-04   -1.4164e-03   -8.0151e-04
   3.0000e-01   -3.0000e+00    0.0000e+00    1.0751e+00    2.8007e+00   -4.7323e-04   -1.0199e-03   -1.0021e-03   -1.1321e-03
   3.0000e-01   -3.0000e+00    0.0000e+00    9.2705e-01    2.8532e+00    1.5644e-04   -1.1239e-03   -3.5071e-04   -1.2539e-03
   3.0000e-01   -3.0000e+00    0.0000e+00    7.7646e-01    2.8978e+00    7.5908e-04   -8.5828e-04    3.0634e-04   -9.4969e-04
   3.0000e-01   -3.0000e+00    0.0000e+00    6.2374e-01    2.9344e+00    1.1258e-03   -2.6989e-04    6.1757e-04   -3.5204e-04
   3.0000e-01   -3.0000e+00    0.0000e+00    4.6930e-01    2.9631e+00    1.0790e-03    4.5350e-04    6.0730e-04    3.4416e-04
   3.0000e-01   -3.0000e+00    0.0000e+00    3.1359e-01    2.9836e+00    5.8602e-04    1.0288e-03    1.6960e-04    9.6388e-04
   3.0000e-01   -3.0000e+00    0.0000e+00    1.5701e-01    2.9959e+00   -1.7874e-04    1.1850e-03   -5.8635e-04    1.1175e-03
   3.0000e-01   -3.0000e+00    0.0000e+00    0.0000e+00    3.0000e+00   -9.0095e-04    8.1333e-04   -1.2124e-03    7.7442e-04
   3.0000e-01   -3.0000e+00    0.0000e+00   -1.5701e-01    2.9959e+00   -1.2297e-03    3.3121e-05   -1.5112e-03    1.4507e-05
   3.0000e-01   -3.0000e+00    0.0000e+00   -3.1359e-01    2.9836e+00   -9.5654e-04   -8.0100e-04   -1.1992e-03   -7.9910e-04
   3.0000e-01   -3.0000e+00    0.0000e+00   -4.6930e-01    2.9631e+00   -1.6658e-04   -1.2554e-03   -3.2358e-04   -1.3114e-03
   3.0000e-01   -3.0000e+00    0.0000e+00   -6.2374e-01    2.9344e+00    7.5756e-04   -1.0399e-03    6.5590e-04   -1.0339e-03
   3.0000e-01   -3.0000e+00    0.0000e+00   -7.7646e-01    2.8978e+00    1.2893e-03   -2.2034e-04    1.2164e-03   -2.2667e-04
   3.0000e-01   -3.0000e+00    0.0000e+00   -9.2705e-01    2.8532e+00    1.0825e-03    7.7461e-04    1.0605e-03    7.6045e-04
   3.0000e-01   -3.0000e+00    0.0000e+00   -1.0751e+00    2.8007e+00    1.9048e-04    1.3427e-03    2.6846e-04    1.3493e-03
   3.0000e-01   -3.0000e+00    0.0000e+00   -1.2202e+00    2.7406e+00   -8.6808e-04    1.0765e-03   -8.2216e-04    1.1597e-03
   3.0000e-01   -3.0000e+00    0.0000e+00   -1.3620e+00    2.6730e+00   -1.4096e-03    7.8720e-05   -1.2964e-03    1.5680e-04
   3.0000e-01   -3.0000e+00    0.0000e+00   -1.5000e+00    2.5981e+00   -1.0149e-03   -1.0260e-03   -8.5149e-04   -9.7266e-04
   3.0000e-01   -3.0000e+00    0.0000e+00   -1.6339e+00    2.5160e+00    1.2244e-04   -1.4723e-03    2.2545e-04   -1.3813e-03
   3.0000e-01   -3.0000e+00    0.0000e+00   -1.7634e+00    2.4271e+00    1.2379e-03   -8.7250e-04    1.4023e-03   -8.1530e-04
   3.0000e-01   -3.0000e+00    0.0000e+00   -1.8880e+00    2.3314e+00    1.4992e-03    4.1292e-04    1.6023e-03    5.1433e-04
   3.0000e-01   -3.0000e+00    0.0000e+00   -2.0074e+00    2.2294e+00    6.3001e-04    1.4707e-03    7.7806e-04    1.4927e-03
   3.0000e-01   -3.0000e+00    0.0000e+00   -2.1213e+00    2.1213e+00   -7.9867e-04    1.4433e-03   -6.6111e-04    1.4584e-03
   3.0000e-01   -3.0000e+00    0.0000e+00   -2.2294e+00    2.0074e+00   -1.6858e-03    2.5140e-04   -1.6082e-03    2.6841e-04
   3.0000e-01   -3.0000e+00    0.0000e+00   -2.3314e+00    1.8880e+00   -1.2613e-03   -1.2357e-03   -1.2170e-03   -1.2190e-03
   3.0000e-01   -3.0000e+00    0.0000e+00   -2.4271e+00    1.7634e+00    2.5666e-04   -1.8170e-03    2.6763e-04   -1.7641e-03
   3.0000e-01   -3.0000e+00    0.0000e+00   -2.5160e+00    1.6339e+00    1.6940e-03   -8.9140e-04    1.6938e-03   -8.5217e-04
   3.0000e-01   -3.0000e+00    0.0000e+00   -2.5981e+00    1.5000e+00    1.7913e-03    9.0077e-04    1.7743e-03    8.9915e-04
   3.0000e-01   -3.0000e+00    0.0000e+00   -2.5981e+00   -1.5000e+00    1.7913e-03    9.0077e-04    1.7445e-03    9.2593e-04
   3.0000e-01   -3.0000e+00    0.0000e+00   -2.5160e+00   -1.6339e+00    1.6940e-03   -8.9140e-04    1.7353e-03   -8.4423e-04
   3.0000e-01   -3.0000e+00    0.0000e+00   -2.4271e+00   -1.7634e+00    2.5666e-04   -1.8170e-03    3.2628e-04   -1.7554e-03
   3.0000e-01   -3.0000e+00    0.0000e+00   -2.3314e+00   -1.8880e+00   -1.2613e-03   -1.2357e-03   -1.1671e-03   -1.2470e-03
   3.0000e-01   -3.0000e+00    0.0000e+00   -2.2294e+00   -2.0074e+00   -1.6858e-03    2.5140e-04   -1.5681e-03    3.0770e-04
   3.0000e-01   -3.0000e+00    0.0000e+00   -2.1213e+00   -2.1213e+00   -7.9867e-04    1.4433e-03   -6.8245e-04    1.4853e-03
   3.0000e-01   -3.0000e+00    0.0000e+00   -2.0074e+00   -2.2294e+00    6.3001e-04    1.4707e-03    7.4863e-04    1.5453e-03
   3.0000e-01   -3.0000e+00    0.0000e+00   -1.8880e+00   -2.3314e+00    1.4992e-03    4.1292e-04    1.6642e-03    4.3386e-04
   3.0000e-01   -3.0000e+00    0.0000e+00   -1.7634e+00   -2.4271e+00    1.2379e-03   -8.7250e-04    1.3853e-03   -8.2217e-04
   3.0000e-01   -3.0000e+00    0.0000e+00   -1.6339e+00   -2.5160e+00    1.2244e-04   -1.4723e-03    2.2827e-04   -1.3946e-03
   3.0000e-01   -3.0000e+00    0.0000e+00   -1.5000e+00   -2.5981e+00   -1.0149e-03   -1.0260e-03   -9.0574e-04   -9.8286e-04
   3.0000e-01   -3.0000e+00    0.0000e+00   -1.3620e+00   -2.6730e+00   -1.4096e-03    7.8720e-05   -1.3362e-03    1.4389e-04
   3.0000e-01   -3.0000e+00    0.0000e+00   -1.2202e+00   -2.7406e+00   -8.6808e-04    1.0765e-03   -8.0302e-04    1.0939e-03
   3.0000e-01   -3.0000e+00    0.0000e+00   -1.0751e+00   -2.8007e+00    1.9048e-04    1.3427e-03    1.9402e-04    1.3771e-03
   3.0000e-01   -3.0000e+00    0.0000e+00   -9.2705e-01   -2.8532e+00    1.0825e-03    7.7461e-04    1.0795e-03    7.7199e-04
   3.0000e-01   -3.0000e+00    0.0000e+00   -7.7646e-01   -2.8978e+00    1.2893e-03   -2.2034e-04    1.2413e-03   -2.2925e-04
   3.0000e-01   -3.0000e+00    0.0000e+00   -6.2374e-01   -2.9344e+00    7.5756e-04   -1.0399e-03    7.2411e-04   -1.0669e-03
   3.0000e-01   -3.0000e+00    0.0000e+00   -4.6930e-01   -2.9631e+00   -1.6658e-04   -1.2554e-03   -3.5717e-04   -1.2645e-03
   3.0000e-01   -3.0000e+00    0.0000e+00   -3.1359e-01   -2.9836e+00   -9.5654e-04   -8.0100e-04   -1.2048e-03   -8.0849e-04
   3.0000e-01   -3.0000e+00    0.0000e+00   -1.5701e-01   -2.9959e+00   -1.2297e-03    3.3121e-05   -1.4520e-03   -2.6390e-05
   3.0000e-01   -3.0000e+00    0.0000e+00    0.0000e+00   -3.0000e+00   -9.0095e-04    8.1333e-04   -1.2227e-03    7.3534e-04
   3.0000e-01   -3.0000e+00    0.0000e+00    1.5701e-01   -2.9959e+00   -1.7874e-04    1.1850e-03   -5.5315e-04    1.1463e-03
   3.0000e-01   -3.0000e+00    0.0000e+00    3.1359e-01   -2.9836e+00    5.8602e-04    1.0288e-03    1.9544e-04    9.0574e-04
   3.0000e-01   -3.0000e+00    0.0000e+00    4.6930e-01   -2.9631e+00    1.0790e-03    4.5350e-04    6.7084e-04    3.7885e-04
   3.0000e-01   -3.0000e+00    0.0000e+00    6.2374e-01   -2.9344e+00    1.1258e-03   -2.6989e-04    6.5765e-04   -4.1017e-04
   3.0000e-01   -3.0000e+00    0.0000e+00    7.7646e-01   -2.8978e+00    7.5908e-04   -8.5828e-04    2.5815e-04   -1.0112e-03
   3.0000e-01   -3.0000e+00    0.0000e+00    9.2705e-01   -2.8532e+00    1.5644e-04   -1.1239e-03   -3.4309e-04   -1.2717e-03
   3.0000e-01   -3.0000e+00    0.0000e+00    1.0751e+00   -2.8007e+00   -4.7323e-04   -1.0199e-03   -1.0533e-03   -1.1350e-03
   3.0000e-01   -3.0000e+00    0.0000e+00    1.2202e+00   -2.7406e+00   -9.2712e-04   -6.1857e-04   -1.4265e-03   -7.3007e-04
   3.0000e-01   -3.0000e+00    0.0000e+00    1.3620e+00   -2.6730e+00   -1.1034e-03   -6.3558e-05   -1.5926e-03   -1.9741e-04
   3.0000e-01   -3.0000e+00    0.0000e+00    1.5000e+00   -2.5981e+00   -9.9048e-04    4.7103e-04   -1.4125e-03    3.4829e-04
   3.0000e-01   -3.0000e+00    0.0000e+00    1.6339e+00   -2.5160e+00   -6.5633e-04    8.6867e-04   -1.0620e-03    8.3780e-04
   3.0000e-01   -3.0000e+00    0.0000e+00    1.7634e+00   -2.4271e+00   -1.9768e-04    1.0630e-03   -5.6732e-04    9.5765e-04
   3.0000e-01   -3.0000e+00    0.0000e+00    1.8880e+00   -2.3314e+00    2.7247e-04    1.0390e-03    1.6832e-05    9.2400e-04
   3.0000e-01   -3.0000e+00    0.0000e+00    2.0074e+00   -2.2294e+00    6.5832e-04    8.4073e-04    3.8758e-04    7.2672e-04
   3.0000e-01   -3.0000e+00    0.0000e+00    2.1213e+00   -2.1213e+00    9.2174e-04    5.2726e-04    7.7035e-04    4.9755e-04
   3.0000e-01   -3.0000e+00    0.0000e+00    2.2294e+00   -2.0074e+00    1.0445e-03    1.5764e-04    9.7728e-04    9.7674e-05
   3.0000e-01   -3.0000e+00    0.0000e+00    2.3314e+00   -1.8880e+00    1.0309e-03   -2.0482e-04    1.0535e-03   -1.6016e-04
   3.0000e-01   -3.0000e+00    0.0000e+00    2.4271e+00   -1.7634e+00    9.1390e-04   -5.0977e-04    9.8832e-04   -4.6796e-04
   3.0000e-01   -3.0000e+00    0.0000e+00    2.5160e+00   -1.6339e+00    7.2687e-04   -7.4705e-04    9.0929e-04   -6.6217e-04
   3.0000e-01   -3.0000e+00    0.0000e+00    2.5981e+00   -1.5000e+00    4.9869e-04   -9.1080e-04    7.6498e-04   -8.3594e-04
   3.0000e-01   -3.0000e+00    0.0000e+00    2.6730e+00   -1.3620e+00    2.6298e-04   -1.0010e-03    5.8760e-04   -8.9754e-04
   3.0000e-01   -3.0000e+00    0.0000e+00    2.7406e+00   -1.2202e+00    4.2211e-05   -1.0311e-03    4.6900e-04   -8.4333e-04
   3.0000e-01   -3.0000e+00    0.0000e+00    2.8007e+00   -1.0751e+00   -1.5492e-04   -1.0176e-03    3.2348e-04   -8.0610e-04
   3.0000e-01   -3.0000e+00    0.0000e+00    2.8532e+00   -9.2705e-01   -3.2103e-04   -9.7542e-04    1.8109e-04   -7.1882e-04
   3.0000e-01   -3.0000e+00    0.0000e+00    2.8978e+00   -7.7646e-01   -4.5735e-04   -9.1719e-04    1.3601e-04   -6.5921e-04
   3.0000e-01   -3.0000e+00    0.0000e+00    2.9344e+00   -6.2374e-01   -5.5748e-04   -8.5822e-04    1.3137e-04   -6.0362e-04
   3.0000e-01   -3.0000e+00    0.0000e+00    2.9631e+00   -4.6930e-01   -6.3216e-04   -8.0316e-04    9.8816e-05   -5.0556e-04
   3.0000e-01   -3.0000e+00    0.0000e+00    2.9836e+00   -3.1359e-01   -6.7957e-04   -7.6235e-04    4.4923e-05   -4.3699e-04
   3.0000e-01   -3.0000e+00    0.0000e+00    2.9959e+00   -1.5701e-01   -7.0919e-04   -7.3424e-04    -4.2938e-06   -4.0109e-04
   3.0000e-01   -2.6000e+00   -1.5000e+00    3.0000e+00    0.0000e+00    4.8662e-04   -9.1717e-04    7.3755e-04   -7.8342e-04
   3.0000e-01   -2.6000e+00   -1.5000e+00    2.9959e+00    1.5701e-01    2.5568e-04   -1.0028e-03    5.1397e-04   -8.1110e-04
   3.0000e-01   -2.6000e+00   -1.5000e+00    2.9836e+00    3.1359e-01    3.4806e-05   -1.0312e-03    3.2533e-04   -7.3556e-04
   3.0000e-01   -2.6000e+00   -1.5000e+00    2.9631e+00    4.6930e-01   -1.6660e-04   -1.0155e-03    9.4134e-05   -6.3397e-04
   3.0000e-01   -2.6000e+00   -1.5000e+00    2.9344e+00    6.2374e-01   -3.3277e-04   -9.7141e-04    1.2753e-05   -5.0174e-04
   3.0000e-01   -2.6000e+00   -1.5000e+00    2.8978e+00    7.7646e-01   -4.6719e-04   -9.1211e-04   -1.7247e-04   -3.4193e-04
   3.0000e-01   -2.6000e+00   -1.5000e+00    2.8532e+00    9.2705e-01   -5.6536e-04   -8.5288e-04   -2.9325e-04   -2.9578e-04
   3.0000e-01   -2.6000e+00   -1.5000e+00    2.8007e+00    1.0751e+00   -6.4018e-04   -7.9672e-04   -3.0786e-04   -1.1205e-04
   3.0000e-01   -2.6000e+00   -1.5000e+00    2.7406e+00    1.2202e+00   -6.8973e-04   -7.5306e-04   -3.4880e-04   -5.0410e-05
   3.0000e-01   -2.6000e+00   -1.5000e+00    2.6730e+00    1.3620e+00   -7.1986e-04   -7.2346e-04   -3.8982e-04    2.3598e-06
   3.0000e-01   -2.6000e+00   -1.5000e+00    2.5981e+00    1.5000e+00   -7.2759e-04   -7.1560e-04   -3.9400e-04    3.2231e-05
   3.0000e-01   -2.6000e+00   -1.5000e+00    2.5160e+00    1.6339e+00   -7.1621e-04   -7.2733e-04   -4.0589e-04    9.3236e-05
   3.0000e-01   -2.6000e+00   -1.5000e+00    2.4271e+00    1.7634e+00   -6.8991e-04   -7.5288e-04   -4.3865e-04    4.9007e-05
   3.0000e-01   -2.6000e+00   -1.5000e+00    2.3314e+00    1.8880e+00   -6.4391e-04   -7.9355e-04   -3.3243e-04    6.2474e-05
   3.0000e-01   -2.6000e+00   -1.5000e+00    2.2294e+00    2.0074e+00   -5.6603e-04   -8.5245e-04   -3.4817e-04   -4.5924e-05
   3.0000e-01   -2.6000e+00   -1.5000e+00    2.1213e+00    2.1213e+00   -4.6059e-04   -9.1562e-04   -2.6343e-04   -1.8286e-04
   3.0000e-01   -2.6000e+00   -1.5000e+00    2.0074e+00    2.2294e+00   -3.3049e-04   -9.7226e-04   -7.6214e-05   -2.1510e-04
   3.0000e-01   -2.6000e+00   -1.5000e+00    1.8880e+00    2.3314e+00   -1.6975e-04   -1.0150e-03    -1.4151e-05   -3.1350e-04
   3.0000e-01   -2.6000e+00   -1.5000e+00    1.7634e+00    2.4271e+00    3.2403e-05   -1.0313e-03    1.9330e-04   -3.7793e-04
   3.0000e-01   -2.6000e+00   -1.5000e+00    1.6339e+00    2.5160e+00    2.5896e-04   -1.0020e-03    4.2923e-04   -3.8917e-04
   3.0000e-01   -2.6000e+00   -1.5000e+00    1.5000e+00    2.5981e+00    4.9173e-04   -9.1455e-04    4.7232e-04   -3.8591e-04
   3.0000e-01   -2.6000e+00   -1.5000e+00    1.3620e+00    2.6730e+00    7.1703e-04   -7.5625e-04    7.2675e-04   -2.8541e-04
   3.0000e-01   -2.6000e+00   -1.5000e+00    1.2202e+00    2.7406e+00    9.1049e-04   -5.1596e-04    9.0224e-04   -1.2051e-04
   3.0000e-01   -2.6000e+00   -1.5000e+00    1.0751e+00    2.8007e+00    1.0306e-03   -2.0695e-04    9.5127e-04    1.8510e-04
   3.0000e-01   -2.6000e+00   -1.5000e+00    9.2705e-01    2.8532e+00    1.0450e-03    1.5364e-04    9.7628e-04    4.2341e-04
   3.0000e-01   -2.6000e+00   -1.5000e+00    7.7646e-01    2.8978e+00    9.2785e-04    5.1601e-04    8.2475e-04    7.6545e-04
   3.0000e-01   -2.6000e+00   -1.5000e+00    6.2374e-01    2.9344e+00    6.6498e-04    8.3541e-04    5.4164e-04    9.7597e-04
   3.0000e-01   -2.6000e+00   -1.5000e+00    4.6930e-01    2.9631e+00    2.7365e-04    1.0388e-03    9.9759e-05    1.1378e-03
   3.0000e-01   -2.6000e+00   -1.5000e+00    3.1359e-01    2.9836e+00   -1.9724e-04    1.0630e-03   -3.9553e-04    1.1230e-03
   3.0000e-01   -2.6000e+00   -1.5000e+00    1.5701e-01    2.9959e+00   -6.5106e-04    8.7255e-04   -9.8380e-04    8.9401e-04
   3.0000e-01   -2.6000e+00   -1.5000e+00    0.0000e+00    3.0000e+00   -9.8714e-04    4.7770e-04   -1.3385e-03    4.5277e-04
   3.0000e-01   -2.6000e+00   -1.5000e+00   -1.5701e-01    2.9959e+00   -1.1035e-03   -6.2410e-05   -1.4354e-03   -1.2934e-04
   3.0000e-01   -2.6000e+00   -1.5000e+00   -3.1359e-01    2.9836e+00   -9.3007e-04   -6.1379e-04   -1.3343e-03   -7.3160e-04
   3.0000e-01   -2.6000e+00   -1.5000e+00   -4.6930e-01    2.9631e+00   -4.7914e-04   -1.0169e-03   -8.9430e-04   -1.1317e-03
   3.0000e-01   -2.6000e+00   -1.5000e+00   -6.2374e-01    2.9344e+00    1.4886e-04   -1.1248e-03   -2.3200e-04   -1.2297e-03
   3.0000e-01   -2.6000e+00   -1.5000e+00   -7.7646e-01    2.8978e+00    7.5473e-04   -8.6193e-04    2.9482e-04   -9.6167e-04
   3.0000e-01   -2.6000e+00   -1.5000e+00   -9.2705e-01    2.8532e+00    1.1245e-03   -2.7469e-04    6.1295e-04   -4.0077e-04
   3.0000e-01   -2.6000e+00   -1.5000e+00   -1.0751e+00    2.8007e+00    1.0809e-03    4.4881e-04    5.7975e-04    3.0730e-04
   3.0000e-01   -2.6000e+00   -1.5000e+00   -1.2202e+00    2.7406e+00    5.9562e-04    1.0231e-03    9.5670e-05    8.5647e-04
   3.0000e-01   -2.6000e+00   -1.5000e+00   -1.3620e+00    2.6730e+00   -1.7128e-04    1.1858e-03   -6.8764e-04    1.0459e-03
   3.0000e-01   -2.6000e+00   -1.5000e+00   -1.5000e+00    2.5981e+00   -8.9682e-04    8.1751e-04   -1.3841e-03    6.7673e-04
   3.0000e-01   -2.6000e+00   -1.5000e+00   -1.6339e+00    2.5160e+00   -1.2295e-03    3.6530e-05   -1.7660e-03   -6.6449e-05
   3.0000e-01   -2.6000e+00   -1.5000e+00   -1.7634e+00    2.4271e+00   -9.5842e-04   -7.9852e-04   -1.5799e-03   -8.6511e-04
   3.0000e-01   -2.6000e+00   -1.5000e+00   -1.8880e+00    2.3314e+00   -1.7340e-04   -1.2542e-03   -8.0129e-04   -1.4086e-03
   3.0000e-01   -2.6000e+00   -1.5000e+00   -2.0074e+00    2.2294e+00    7.5145e-04   -1.0441e-03    1.7481e-04   -1.0886e-03
   3.0000e-01   -2.6000e+00   -1.5000e+00   -2.1213e+00    2.1213e+00    1.2896e-03   -2.1856e-04    6.8854e-04   -2.8800e-04
   3.0000e-01   -2.6000e+00   -1.5000e+00   -2.2294e+00    2.0074e+00    1.0814e-03    7.7600e-04    5.2905e-04    7.5360e-04
   3.0000e-01   -2.6000e+00   -1.5000e+00   -2.3314e+00    1.8880e+00    1.9757e-04    1.3413e-03   -4.1164e-04    1.3380e-03
   3.0000e-01   -2.6000e+00   -1.5000e+00   -2.4271e+00    1.7634e+00   -8.6586e-04    1.0780e-03   -1.4779e-03    1.0484e-03
   3.0000e-01   -2.6000e+00   -1.5000e+00   -2.5160e+00    1.6339e+00   -1.4095e-03    7.8570e-05   -1.9959e-03    1.2057e-05
   3.0000e-01   -2.6000e+00   -1.5000e+00   -2.5981e+00    1.5000e+00   -1.0140e-03   -1.0270e-03   -1.5784e-03   -9.8006e-04
   3.0000e-01   -2.6000e+00   -1.5000e+00   -2.6730e+00    1.3620e+00    1.1651e-04   -1.4724e-03   -4.1441e-04   -1.4675e-03
   3.0000e-01   -2.6000e+00   -1.5000e+00   -2.7406e+00    1.2202e+00    1.2384e-03   -8.7194e-04    7.4213e-04   -8.1954e-04
   3.0000e-01   -2.6000e+00   -1.5000e+00   -2.8007e+00    1.0751e+00    1.4983e-03    4.1698e-04    1.0775e-03    4.6313e-04
   3.0000e-01   -2.6000e+00   -1.5000e+00   -2.8532e+00    9.2705e-01    6.2070e-04    1.4748e-03    2.4278e-04    1.4745e-03
   3.0000e-01   -2.6000e+00   -1.5000e+00   -2.8978e+00    7.7646e-01   -7.9776e-04    1.4436e-03   -1.1516e-03    1.5039e-03
   3.0000e-01   -2.6000e+00   -1.5000e+00   -2.9344e+00    6.2374e-01   -1.6852e-03    2.5429e-04   -1.9597e-03    3.1040e-04
   3.0000e-01   -2.6000e+00   -1.5000e+00   -2.9631e+00    4.6930e-01   -1.2553e-03   -1.2422e-03   -1.5660e-03   -1.1799e-03
   3.0000e-01   -2.6000e+00   -1.5000e+00   -2.9836e+00    3.1359e-01    2.7172e-04   -1.8154e-03    9.5657e-05   -1.7276e-03
   3.0000e-01   -2.6000e+00   -1.5000e+00   -2.9959e+00    1.5701e-01    1.6972e-03   -8.8578e-04    1.5771e-03   -8.6746e-04
   3.0000e-01   -2.6000e+00   -1.5000e+00   -3.0000e+00    0.0000e+00    1.7867e-03    9.1095e-04    1.7572e-03    8.9510e-04
   3.0000e-01   -2.6000e+00   -1.5000e+00   -1.5000e+00   -2.5981e+00    1.7992e-03    8.8287e-04    2.0140e-03    8.5437e-04
   3.0000e-01   -2.6000e+00   -1.5000e+00   -1.3620e+00   -2.6730e+00    1.6862e-03   -9.0466e-04    1.8859e-03   -8.8288e-04
   3.0000e-01   -2.6000e+00   -1.5000e+00   -1.2202e+00   -2.7406e+00    2.4186e-04   -1.8186e-03    3.9023e-04   -1.8341e-03
   3.0000e-01   -2.6000e+00   -1.5000e+00   -1.0751e+00   -2.8007e+00   -1.2689e-03   -1.2275e-03   -1.1694e-03   -1.2078e-03
   3.0000e-01   -2.6000e+00   -1.5000e+00   -9.2705e-01   -2.8532e+00   -1.6815e-03    2.7364e-04   -1.6633e-03    2.7065e-04
   3.0000e-01   -2.6000e+00   -1.5000e+00   -7.7646e-01   -2.8978e+00   -7.8153e-04    1.4519e-03   -7.0247e-04    1.4267e-03
   3.0000e-01   -2.6000e+00   -1.5000e+00   -6.2374e-01   -2.9344e+00    6.3846e-04    1.4667e-03    7.0240e-04    1.4559e-03
   3.0000e-01   -2.6000e+00   -1.5000e+00   -4.6930e-01   -2.9631e+00    1.5023e-03    4.0018e-04    1.5148e-03    3.6532e-04
   3.0000e-01   -2.6000e+00   -1.5000e+00   -3.1359e-01   -2.9836e+00    1.2268e-03   -8.8720e-04    1.2230e-03   -8.8827e-04
   3.0000e-01   -2.6000e+00   -1.5000e+00   -1.5701e-01   -2.9959e+00    1.0645e-04   -1.4730e-03    1.0379e-04   -1.4663e-03
   3.0000e-01   -2.6000e+00   -1.5000e+00    0.0000e+00   -3.0000e+00   -1.0227e-03   -1.0178e-03   -1.0373e-03   -1.0679e-03
   3.0000e-01   -2.6000e+00   -1.5000e+00    1.5701e-01   -2.9959e+00   -1.4085e-03    9.1961e-05   -1.5077e-03    4.5626e-05
   3.0000e-01   -2.6000e+00   -1.5000e+00    3.1359e-01   -2.9836e+00   -8.6198e-04    1.0810e-03   -9.7180e-04    9.4906e-04
   3.0000e-01   -2.6000e+00   -1.5000e+00    4.6930e-01   -2.9631e+00    2.0512e-04    1.3401e-03    1.4967e-04    1.1957e-03
   3.0000e-01   -2.6000e+00   -1.5000e+00    6.2374e-01   -2.9344e+00    1.0907e-03    7.6233e-04    1.0586e-03    5.6193e-04
   3.0000e-01   -2.6000e+00   -1.5000e+00    7.7646e-01   -2.8978e+00    1.2864e-03   -2.3480e-04    1.1586e-03   -4.8934e-04
   3.0000e-01   -2.6000e+00   -1.5000e+00    9.2705e-01   -2.8532e+00    7.4694e-04   -1.0471e-03    6.7931e-04   -1.3533e-03
   3.0000e-01   -2.6000e+00   -1.5000e+00    1.0751e+00   -2.8007e+00   -1.8057e-04   -1.2532e-03   -2.0490e-04   -1.6079e-03
   3.0000e-01   -2.6000e+00   -1.5000e+00    1.2202e+00   -2.7406e+00   -9.6513e-04   -7.9030e-04   -1.0638e-03   -1.1762e-03
   3.0000e-01   -2.6000e+00   -1.5000e+00    1.3620e+00   -2.6730e+00   -1.2285e-03    5.3084e-05   -1.3084e-03   -3.4850e-04
   3.0000e-01   -2.6000e+00   -1.5000e+00    1.5000e+00   -2.5981e+00   -8.9054e-04    8.2425e-04   -9.1515e-04    2.8103e-04
   3.0000e-01   -2.6000e+00   -1.5000e+00    1.6339e+00   -2.5160e+00   -1.6376e-04    1.1868e-03   -1.4899e-04    7.0673e-04
   3.0000e-01   -2.6000e+00   -1.5000e+00    1.7634e+00   -2.4271e+00    6.0493e-04    1.0173e-03    5.4201e-04    4.5069e-04
   3.0000e-01   -2.6000e+00   -1.5000e+00    1.8880e+00   -2.3314e+00    1.0863e-03    4.3454e-04    1.1085e-03   -1.9134e-04
   3.0000e-01   -2.6000e+00   -1.5000e+00    2.0074e+00   -2.2294e+00    1.1227e-03   -2.8146e-04    1.1589e-03   -9.2935e-04
   3.0000e-01   -2.6000e+00   -1.5000e+00    2.1213e+00   -2.1213e+00    7.5188e-04   -8.6435e-04    7.7485e-04   -1.5086e-03
   3.0000e-01   -2.6000e+00   -1.5000e+00    2.2294e+00   -2.0074e+00    1.3736e-04   -1.1261e-03    1.5270e-04   -1.7688e-03
   3.0000e-01   -2.6000e+00   -1.5000e+00    2.3314e+00   -1.8880e+00   -4.9042e-04   -1.0112e-03   -3.8051e-04   -1.7514e-03
   3.0000e-01   -2.6000e+00   -1.5000e+00    2.4271e+00   -1.7634e+00   -9.3491e-04   -6.0601e-04   -8.5375e-04   -1.2638e-03
   3.0000e-01   -2.6000e+00   -1.5000e+00    2.5160e+00   -1.6339e+00   -1.1037e-03   -5.5297e-05   -1.0220e-03   -7.4278e-04
   3.0000e-01   -2.6000e+00   -1.5000e+00    2.5981e+00   -1.5000e+00   -9.8379e-04    4.8397e-04   -8.8912e-04   -1.3702e-04
   3.0000e-01   -2.6000e+00   -1.5000e+00    2.6730e+00   -1.3620e+00   -6.4232e-04    8.7864e-04   -5.4264e-04    2.6140e-04
   3.0000e-01   -2.6000e+00   -1.5000e+00    2.7406e+00   -1.2202e+00   -1.8553e-04    1.0650e-03   -3.8085e-05    4.9174e-04
   3.0000e-01   -2.6000e+00   -1.5000e+00    2.8007e+00   -1.0751e+00    2.7941e-04    1.0371e-03    3.9824e-04    4.9016e-04
   3.0000e-01   -2.6000e+00   -1.5000e+00    2.8532e+00   -9.2705e-01    6.6882e-04    8.3204e-04    7.8199e-04    3.5941e-04
   3.0000e-01   -2.6000e+00   -1.5000e+00    2.8978e+00   -7.7646e-01    9.3042e-04    5.1102e-04    1.0499e-03    1.2843e-04
   3.0000e-01   -2.6000e+00   -1.5000e+00    2.9344e+00   -6.2374e-01    1.0458e-03    1.4689e-04    1.2399e-03   -1.2792e-04
   3.0000e-01   -2.6000e+00   -1.5000e+00    2.9631e+00   -4.6930e-01    1.0293e-03   -2.1214e-04    1.2055e-03   -4.2769e-04
   3.0000e-01   -2.6000e+00   -1.5000e+00    2.9836e+00   -3.1359e-01    9.0911e-04   -5.1803e-04    1.0965e-03   -6.4873e-04
   3.0000e-01   -2.6000e+00   -1.5000e+00    2.9959e+00   -1.5701e-01    7.1774e-04   -7.5562e-04    9.1385e-04   -7.2767e-04
   3.0000e-01   -1.5000e+00   -2.6000e+00    3.0000e+00    0.0000e+00   -9.8714e-04    4.7770e-04   -1.4851e-03    3.4975e-04
   3.0000e-01   -1.5000e+00   -2.6000e+00    2.9959e+00    1.5701e-01   -6.5106e-04    8.7255e-04   -1.1131e-03    8.8369e-04
   3.0000e-01   -1.5000e+00   -2.6000e+00    2.9836e+00    3.1359e-01   -1.9724e-04    1.0630e-03   -6.7014e-04    1.0807e-03
   3.0000e-01   -1.5000e+00   -2.6000e+00    2.9631e+00    4.6930e-01    2.7365e-04    1.0388e-03   -1.2089e-04    1.1036e-03
   3.0000e-01   -1.5000e+00   -2.6000e+00    2.9344e+00    6.2374e-01    6.6498e-04    8.3541e-04    3.3505e-04    1.0015e-03
   3.0000e-01   -1.5000e+00   -2.6000e+00    2.8978e+00    7.7646e-01    9.2785e-04    5.1601e-04    6.1211e-04    7.6301e-04
   3.0000e-01   -1.5000e+00   -2.6000e+00    2.8532e+00    9.2705e-01    1.0450e-03    1.5364e-04    8.3302e-04    4.9546e-04
   3.0000e-01   -1.5000e+00   -2.6000e+00    2.8007e+00    1.0751e+00    1.0306e-03   -2.0695e-04    8.5791e-04    2.0643e-04
   3.0000e-01   -1.5000e+00   -2.6000e+00    2.7406e+00    1.2202e+00    9.1049e-04   -5.1596e-04    8.2241e-04   -1.4232e-04
   3.0000e-01   -1.5000e+00   -2.6000e+00    2.6730e+00    1.3620e+00    7.1703e-04   -7.5625e-04    7.2665e-04   -2.7082e-04
   3.0000e-01   -1.5000e+00   -2.6000e+00    2.5981e+00    1.5000e+00    4.9173e-04   -9.1455e-04    5.3461e-04   -3.5001e-04
   3.0000e-01   -1.5000e+00   -2.6000e+00    2.5160e+00    1.6339e+00    2.5896e-04   -1.0020e-03    3.8695e-04   -3.9237e-04
   3.0000e-01   -1.5000e+00   -2.6000e+00    2.4271e+00    1.7634e+00    3.2403e-05   -1.0313e-03    2.4570e-04   -3.9561e-04
   3.0000e-01   -1.5000e+00   -2.6000e+00    2.3314e+00    1.8880e+00   -1.6975e-04   -1.0150e-03    1.3645e-04   -3.6275e-04
   3.0000e-01   -1.5000e+00   -2.6000e+00    2.2294e+00    2.0074e+00   -3.3049e-04   -9.7226e-04    -1.6011e-05   -2.8769e-04
   3.0000e-01   -1.5000e+00   -2.6000e+00    2.1213e+00    2.1213e+00   -4.6059e-04   -9.1562e-04   -6.2455e-05   -1.8875e-04
   3.0000e-01   -1.5000e+00   -2.6000e+00    2.0074e+00    2.2294e+00   -5.6603e-04   -8.5245e-04   -1.0499e-04   -1.6370e-04
   3.0000e-01   -1.5000e+00   -2.6000e+00    1.8880e+00    2.3314e+00   -6.4391e-04   -7.9355e-04   -1.7810e-04   -1.4977e-04
   3.0000e-01   -1.5000e+00   -2.6000e+00    1.7634e+00    2.4271e+00   -6.8991e-04   -7.5288e-04   -1.7317e-04   -1.4587e-04
   3.0000e-01   -1.5000e+00   -2.6000e+00    1.6339e+00    2.5160e+00   -7.1621e-04   -7.2733e-04   -2.1995e-04   -1.1191e-04
   3.0000e-01   -1.5000e+00   -2.6000e+00    1.5000e+00    2.5981e+00   -7.2759e-04   -7.1560e-04   -1.8916e-04   -1.2442e-04
   3.0000e-01   -1.5000e+00   -2.6000e+00    1.3620e+00    2.6730e+00   -7.1986e-04   -7.2346e-04   -1.4733e-04   -1.8931e-04
   3.0000e-01   -1.5000e+00   -2.6000e+00    1.2202e+00    2.7406e+00   -6.8973e-04   -7.5306e-04   -1.4363e-04   -2.5433e-04
   3.0000e-01   -1.5000e+00   -2.6000e+00    1.0751e+00    2.8007e+00   -6.4018e-04   -7.9672e-04   -1.4206e-04   -3.3535e-04
   3.0000e-01   -1.5000e+00   -2.6000e+00    9.2705e-01    2.8532e+00   -5.6536e-04   -8.5288e-04   -1.5453e-04   -4.5050e-04
   3.0000e-01   -1.5000e+00   -2.6000e+00    7.7646e-01    2.8978e+00   -4.6719e-04   -9.1211e-04   -5.3612e-05   -5.9724e-04
   3.0000e-01   -1.5000e+00   -2.6000e+00    6.2374e-01    2.9344e+00   -3.3277e-04   -9.7141e-04    -5.4205e-06   -7.0014e-04
   3.0000e-01   -1.5000e+00   -2.6000e+00    4.6930e-01    2.9631e+00   -1.6660e-04   -1.0155e-03    1.0444e-04   -7.6621e-04
   3.0000e-01   -1.5000e+00   -2.6000e+00    3.1359e-01    2.9836e+00    3.4806e-05   -1.0312e-03    2.9028e-04   -9.1681e-04
   3.0000e-01   -1.5000e+00   -2.6000e+00    1.5701e-01    2.9959e+00    2.5568e-04   -1.0028e-03    4.3026e-04   -8.7708e-04
   3.0000e-01   -1.5000e+00   -2.6000e+00    0.0000e+00    3.0000e+00    4.8662e-04   -9.1717e-04    5.9047e-04   -8.8126e-04
   3.0000e-01   -1.5000e+00   -2.6000e+00   -1.5701e-01    2.9959e+00    7.1774e-04   -7.5562e-04    7.5189e-04   -7.7027e-04
   3.0000e-01   -1.5000e+00   -2.6000e+00   -3.1359e-01    2.9836e+00    9.0911e-04   -5.1803e-04    8.2567e-04   -5.8293e-04
   3.0000e-01   -1.5000e+00   -2.6000e+00   -4.6930e-01    2.9631e+00    1.0293e-03   -2.1214e-04    8.9917e-04   -2.3744e-04
   3.0000e-01   -1.5000e+00   -2.6000e+00   -6.2374e-01    2.9344e+00    1.0458e-03    1.4689e-04    8.4598e-04   -2.2721e-05
   3.0000e-01   -1.5000e+00   -2.6000e+00   -7.7646e-01    2.8978e+00    9.3042e-04    5.1102e-04    6.8759e-04    3.1224e-04
   3.0000e-01   -1.5000e+00   -2.6000e+00   -9.2705e-01    2.8532e+00    6.6882e-04    8.3204e-04    3.3006e-04    5.7811e-04
   3.0000e-01   -1.5000e+00   -2.6000e+00   -1.0751e+00    2.8007e+00    2.7941e-04    1.0371e-03   -9.2805e-05    7.6347e-04
   3.0000e-01   -1.5000e+00   -2.6000e+00   -1.2202e+00    2.7406e+00   -1.8553e-04    1.0650e-03   -6.5832e-04    8.2228e-04
   3.0000e-01   -1.5000e+00   -2.6000e+00   -1.3620e+00    2.6730e+00   -6.4232e-04    8.7864e-04   -1.1955e-03    5.8936e-04
   3.0000e-01   -1.5000e+00   -2.6000e+00   -1.5000e+00    2.5981e+00   -9.8379e-04    4.8397e-04   -1.5619e-03    2.0521e-04
   3.0000e-01   -1.5000e+00   -2.6000e+00   -1.6339e+00    2.5160e+00   -1.1037e-03   -5.5297e-05   -1.7735e-03   -3.5322e-04
   3.0000e-01   -1.5000e+00   -2.6000e+00   -1.7634e+00    2.4271e+00   -9.3491e-04   -6.0601e-04   -1.6351e-03   -9.2604e-04
   3.0000e-01   -1.5000e+00   -2.6000e+00   -1.8880e+00    2.3314e+00   -4.9042e-04   -1.0112e-03   -1.2067e-03   -1.2619e-03
   3.0000e-01   -1.5000e+00   -2.6000e+00   -2.0074e+00    2.2294e+00    1.3736e-04   -1.1261e-03   -5.2431e-04   -1.3264e-03
   3.0000e-01   -1.5000e+00   -2.6000e+00   -2.1213e+00    2.1213e+00    7.5188e-04   -8.6435e-04    4.0695e-05   -1.1511e-03
   3.0000e-01   -1.5000e+00   -2.6000e+00   -2.2294e+00    2.0074e+00    1.1227e-03   -2.8146e-04    3.9315e-04   -4.7249e-04
   3.0000e-01   -1.5000e+00   -2.6000e+00   -2.3314e+00    1.8880e+00    1.0863e-03    4.3454e-04    3.5946e-04    2.1441e-04
   3.0000e-01   -1.5000e+00   -2.6000e+00   -2.4271e+00    1.7634e+00    6.0493e-04    1.0173e-03   -6.1404e-05    8.8089e-04
   3.0000e-01   -1.5000e+00   -2.6000e+00   -2.5160e+00    1.6339e+00   -1.6376e-04    1.1868e-03   -8.0169e-04    1.0571e-03
   3.0000e-01   -1.5000e+00   -2.6000e+00   -2.5981e+00    1.5000e+00   -8.9054e-04    8.2425e-04   -1.4103e-03    6.8734e-04
   3.0000e-01   -1.5000e+00   -2.6000e+00   -2.6730e+00    1.3620e+00   -1.2285e-03    5.3084e-05   -1.7154e-03   -9.5028e-05
   3.0000e-01   -1.5000e+00   -2.6000e+00   -2.7406e+00    1.2202e+00   -9.6513e-04   -7.9030e-04   -1.4032e-03   -8.7309e-04
   3.0000e-01   -1.5000e+00   -2.6000e+00   -2.8007e+00    1.0751e+00   -1.8057e-04   -1.2532e-03   -6.2219e-04   -1.2913e-03
   3.0000e-01   -1.5000e+00   -2.6000e+00   -2.8532e+00    9.2705e-01    7.4694e-04   -1.0471e-03    4.6512e-04   -1.1228e-03
   3.0000e-01   -1.5000e+00   -2.6000e+00   -2.8978e+00    7.7646e-01    1.2864e-03   -2.3480e-04    1.0272e-03   -2.5980e-04
   3.0000e-01   -1.5000e+00   -2.6000e+00   -2.9344e+00    6.2374e-01    1.0907e-03    7.6233e-04    9.3196e-04    7.6923e-04
   3.0000e-01   -1.5000e+00   -2.6000e+00   -2.9631e+00    4.6930e-01    2.0512e-04    1.3401e-03    1.0667e-04    1.3428e-03
   3.0000e-01   -1.5000e+00   -2.6000e+00   -2.9836e+00    3.1359e-01   -8.6198e-04    1.0810e-03   -8.5424e-04    1.1124e-03
   3.0000e-01   -1.5000e+00   -2.6000e+00   -2.9959e+00    1.5701e-01   -1.4085e-03    9.1961e-05   -1.3493e-03    1.4046e-04
   3.0000e-01   -1.5000e+00   -2.6000e+00   -3.0000e+00    0.0000e+00   -1.0227e-03   -1.0178e-03   -8.8963e-04   -9.6138e-04
   3.0000e-01   -1.5000e+00   -2.6000e+00   -2.9959e+00   -1.5701e-01    1.0645e-04   -1.4730e-03    2.9983e-04   -1.4054e-03
   3.0000e-01   -1.5000e+00   -2.6000e+00   -2.9836e+00   -3.1359e-01    1.2268e-03   -8.8720e-04    1.4608e-03   -7.8574e-04
   3.0000e-01   -1.5000e+00   -2.6000e+00   -2.9631e+00   -4.6930e-01    1.5023e-03    4.0018e-04    1.6981e-03    4.8819e-04
   3.0000e-01   -1.5000e+00   -2.6000e+00   -2.9344e+00   -6.2374e-01    6.3846e-04    1.4667e-03    9.5005e-04    1.4932e-03
   3.0000e-01   -1.5000e+00   -2.6000e+00   -2.8978e+00   -7.7646e-01   -7.8153e-04    1.4519e-03   -5.1285e-04    1.4879e-03
   3.0000e-01   -1.5000e+00   -2.6000e+00   -2.8532e+00   -9.2705e-01   -1.6815e-03    2.7364e-04   -1.3984e-03    3.2662e-04
   3.0000e-01   -1.5000e+00   -2.6000e+00   -2.8007e+00   -1.0751e+00   -1.2689e-03   -1.2275e-03   -1.0271e-03   -1.1625e-03
   3.0000e-01   -1.5000e+00   -2.6000e+00   -2.7406e+00   -1.2202e+00    2.4186e-04   -1.8186e-03    4.6104e-04   -1.8083e-03
   3.0000e-01   -1.5000e+00   -2.6000e+00   -2.6730e+00   -1.3620e+00    1.6862e-03   -9.0466e-04    1.9359e-03   -8.4551e-04
   3.0000e-01   -1.5000e+00   -2.6000e+00   -2.5981e+00   -1.5000e+00    1.7992e-03    8.8287e-04    1.9728e-03    8.9630e-04
   3.0000e-01   -1.5000e+00   -2.6000e+00    0.0000e+00   -3.0000e+00    1.7867e-03    9.1095e-04    1.8238e-03    9.1968e-04
   3.0000e-01   -1.5000e+00   -2.6000e+00    1.5701e-01   -2.9959e+00    1.6972e-03   -8.8578e-04    1.7449e-03   -8.7111e-04
   3.0000e-01   -1.5000e+00   -2.6000e+00    3.1359e-01   -2.9836e+00    2.7172e-04   -1.8154e-03    3.7896e-04   -1.7873e-03
   3.0000e-01   -1.5000e+00   -2.6000e+00    4.6930e-01   -2.9631e+00   -1.2553e-03   -1.2422e-03   -1.0863e-03   -1.1793e-03
   3.0000e-01   -1.5000e+00   -2.6000e+00    6.2374e-01   -2.9344e+00   -1.6852e-03    2.5429e-04   -1.4604e-03    3.3813e-04
   3.0000e-01   -1.5000e+00   -2.6000e+00    7.7646e-01   -2.8978e+00   -7.9776e-04    1.4436e-03   -5.5169e-04    1.4480e-03
   3.0000e-01   -1.5000e+00   -2.6000e+00    9.2705e-01   -2.8532e+00    6.2070e-04    1.4748e-03    9.2266e-04    1.4727e-03
   3.0000e-01   -1.5000e+00   -2.6000e+00    1.0751e+00   -2.8007e+00    1.4983e-03    4.1698e-04    1.8079e-03    3.6232e-04
   3.0000e-01   -1.5000e+00   -2.6000e+00    1.2202e+00   -2.7406e+00    1.2384e-03   -8.7194e-04    1.6310e-03   -1.0090e-03
   3.0000e-01   -1.5000e+00   -2.6000e+00    1.3620e+00   -2.6730e+00    1.1651e-04   -1.4724e-03    4.7473e-04   -1.6137e-03
   3.0000e-01   -1.5000e+00   -2.6000e+00    1.5000e+00   -2.5981e+00   -1.0140e-03   -1.0270e-03   -6.5858e-04   -1.2492e-03
   3.0000e-01   -1.5000e+00   -2.6000e+00    1.6339e+00   -2.5160e+00   -1.4095e-03    7.8570e-05   -9.8842e-04   -1.6615e-04
   3.0000e-01   -1.5000e+00   -2.6000e+00    1.7634e+00   -2.4271e+00   -8.6586e-04    1.0780e-03   -4.5979e-04    7.8125e-04
   3.0000e-01   -1.5000e+00   -2.6000e+00    1.8880e+00   -2.3314e+00    1.9757e-04    1.3413e-03    5.2404e-04    1.0398e-03
   3.0000e-01   -1.5000e+00   -2.6000e+00    2.0074e+00   -2.2294e+00    1.0814e-03    7.7600e-04    1.3791e-03    3.8664e-04
   3.0000e-01   -1.5000e+00   -2.6000e+00    2.1213e+00   -2.1213e+00    1.2896e-03   -2.1856e-04    1.5342e-03   -6.0929e-04
   3.0000e-01   -1.5000e+00   -2.6000e+00    2.2294e+00   -2.0074e+00    7.5145e-04   -1.0441e-03    9.4832e-04   -1.4737e-03
   3.0000e-01   -1.5000e+00   -2.6000e+00    2.3314e+00   -1.8880e+00   -1.7340e-04   -1.2542e-03   -8.0552e-05   -1.7309e-03
   3.0000e-01   -1.5000e+00   -2.6000e+00    2.4271e+00   -1.7634e+00   -9.5842e-04   -7.9852e-04   -8.6313e-04   -1.2944e-03
   3.0000e-01   -1.5000e+00   -2.6000e+00    2.5160e+00   -1.6339e+00   -1.2295e-03    3.6530e-05   -1.2218e-03   -4.8444e-04
   3.0000e-01   -1.5000e+00   -2.6000e+00    2.5981e+00   -1.5000e+00   -8.9682e-04    8.1751e-04   -9.2703e-04    3.5954e-04
   3.0000e-01   -1.5000e+00   -2.6000e+00    2.6730e+00   -1.3620e+00   -1.7128e-04    1.1858e-03   -3.1382e-04    6.7768e-04
   3.0000e-01   -1.5000e+00   -2.6000e+00    2.7406e+00   -1.2202e+00    5.9562e-04    1.0231e-03    4.5677e-04    5.4238e-04
   3.0000e-01   -1.5000e+00   -2.6000e+00    2.8007e+00   -1.0751e+00    1.0809e-03    4.4881e-04    8.4663e-04   -3.6624e-05
   3.0000e-01   -1.5000e+00   -2.6000e+00    2.8532e+00   -9.2705e-01    1.1245e-03   -2.7469e-04    8.3451e-04   -7.2303e-04
   3.0000e-01   -1.5000e+00   -2.6000e+00    2.8978e+00   -7.7646e-01    7.5473e-04   -8.6193e-04    3.4651e-04   -1.2920e-03
   3.0000e-01   -1.5000e+00   -2.6000e+00    2.9344e+00   -6.2374e-01    1.4886e-04   -1.1248e-03   -2.9535e-04   -1.4537e-03
   3.0000e-01   -1.5000e+00   -2.6000e+00    2.9631e+00   -4.6930e-01   -4.7914e-04   -1.0169e-03   -8.7616e-04   -1.3563e-03
   3.0000e-01   -1.5000e+00   -2.6000e+00    2.9836e+00   -3.1359e-01   -9.3007e-04   -6.1379e-04   -1.3501e-03   -8.0251e-04
   3.0000e-01   -1.5000e+00   -2.6000e+00    2.9959e+00   -1.5701e-01   -1.1035e-03   -6.2410e-05   -1.5778e-03   -2.2196e-04
   3.0000e-01    0.0000e+00   -3.0000e+00    3.0000e+00    0.0000e+00   -9.0095e-04    8.1333e-04   -1.2172e-03    7.4353e-04
   3.0000e-01    0.0000e+00   -3.0000e+00    2.9959e+00    1.5701e-01   -1.7874e-04    1.1850e-03   -5.5708e-04    1.1071e-03
   3.0000e-01    0.0000e+00   -3.0000e+00    2.9836e+00    3.1359e-01    5.8602e-04    1.0288e-03    2.1364e-04    9.0199e-04
   3.0000e-01    0.0000e+00   -3.0000e+00    2.9631e+00    4.6930e-01    1.0790e-03    4.5350e-04    7.2313e-04    3.9022e-04
   3.0000e-01    0.0000e+00   -3.0000e+00    2.9344e+00    6.2374e-01    1.1258e-03   -2.6989e-04    7.6230e-04   -3.3221e-04
   3.0000e-01    0.0000e+00   -3.0000e+00    2.8978e+00    7.7646e-01    7.5908e-04   -8.5828e-04    4.6984e-04   -9.5211e-04
   3.0000e-01    0.0000e+00   -3.0000e+00    2.8532e+00    9.2705e-01    1.5644e-04   -1.1239e-03   -2.4319e-04   -1.1454e-03
   3.0000e-01    0.0000e+00   -3.0000e+00    2.8007e+00    1.0751e+00   -4.7323e-04   -1.0199e-03   -7.6557e-04   -1.0865e-03
   3.0000e-01    0.0000e+00   -3.0000e+00    2.7406e+00    1.2202e+00   -9.2712e-04   -6.1857e-04   -1.2191e-03   -6.7816e-04
   3.0000e-01    0.0000e+00   -3.0000e+00    2.6730e+00    1.3620e+00   -1.1034e-03   -6.3558e-05   -1.3899e-03   -8.8181e-05
   3.0000e-01    0.0000e+00   -3.0000e+00    2.5981e+00    1.5000e+00   -9.9048e-04    4.7103e-04   -1.2233e-03    5.0112e-04
   3.0000e-01    0.0000e+00   -3.0000e+00    2.5160e+00    1.6339e+00   -6.5633e-04    8.6867e-04   -9.4296e-04    9.3736e-04
   3.0000e-01    0.0000e+00   -3.0000e+00    2.4271e+00    1.7634e+00   -1.9768e-04    1.0630e-03   -4.6336e-04    1.0428e-03
   3.0000e-01    0.0000e+00   -3.0000e+00    2.3314e+00    1.8880e+00    2.7247e-04    1.0390e-03    1.3149e-04    1.0135e-03
   3.0000e-01    0.0000e+00   -3.0000e+00    2.2294e+00    2.0074e+00    6.5832e-04    8.4073e-04    4.8676e-04    8.4607e-04
   3.0000e-01    0.0000e+00   -3.0000e+00    2.1213e+00    2.1213e+00    9.2174e-04    5.2726e-04    8.2623e-04    5.4660e-04
   3.0000e-01    0.0000e+00   -3.0000e+00    2.0074e+00    2.2294e+00    1.0445e-03    1.5764e-04    9.5938e-04    1.7896e-04
   3.0000e-01    0.0000e+00   -3.0000e+00    1.8880e+00    2.3314e+00    1.0309e-03   -2.0482e-04    1.0329e-03   -1.3758e-04
   3.0000e-01    0.0000e+00   -3.0000e+00    1.7634e+00    2.4271e+00    9.1390e-04   -5.0977e-04    9.5337e-04   -5.1609e-04
   3.0000e-01    0.0000e+00   -3.0000e+00    1.6339e+00    2.5160e+00    7.2687e-04   -7.4705e-04    8.0359e-04   -7.2682e-04
   3.0000e-01    0.0000e+00   -3.0000e+00    1.5000e+00    2.5981e+00    4.9869e-04   -9.1080e-04    6.5830e-04   -9.1410e-04
   3.0000e-01    0.0000e+00   -3.0000e+00    1.3620e+00    2.6730e+00    2.6298e-04   -1.0010e-03    4.4311e-04   -9.7904e-04
   3.0000e-01    0.0000e+00   -3.0000e+00    1.2202e+00    2.7406e+00    4.2211e-05   -1.0311e-03    2.8359e-04   -9.4734e-04
   3.0000e-01    0.0000e+00   -3.0000e+00    1.0751e+00    2.8007e+00   -1.5492e-04   -1.0176e-03    9.2501e-05   -9.3457e-04
   3.0000e-01    0.0000e+00   -3.0000e+00    9.2705e-01    2.8532e+00   -3.2103e-04   -9.7542e-04   -5.6619e-05   -8.8070e-04
   3.0000e-01    0.0000e+00   -3.0000e+00    7.7646e-01    2.8978e+00   -4.5735e-04   -9.1719e-04   -1.5533e-04   -8.1615e-04
   3.0000e-01    0.0000e+00   -3.0000e+00    6.2374e-01    2.9344e+00   -5.5748e-04   -8.5822e-04   -2.2813e-04   -8.4605e-04
   3.0000e-01    0.0000e+00   -3.0000e+00    4.6930e-01    2.9631e+00   -6.3216e-04   -8.0316e-04   -3.0025e-04   -6.6949e-04
   3.0000e-01    0.0000e+00   -3.0000e+00    3.1359e-01    2.9836e+00   -6.7957e-04   -7.6235e-04   -2.7613e-04   -6.6608e-04
   3.0000e-01    0.0000e+00   -3.0000e+00    1.5701e-01    2.9959e+00   -7.0919e-04   -7.3424e-04   -3.4358e-04   -6.4962e-04
   3.0000e-01    0.0000e+00   -3.0000e+00    0.0000e+00    3.0000e+00   -7.2250e-04   -7.2081e-04   -3.3133e-04   -6.1080e-04
   3.0000e-01    0.0000e+00   -3.0000e+00   -1.5701e-01    2.9959e+00   -7.0919e-04   -7.3424e-04   -3.6866e-04   -6.2031e-04
   3.0000e-01    0.0000e+00   -3.0000e+00   -3.1359e-01    2.9836e+00   -6.7957e-04   -7.6235e-04   -2.8259e-04   -6.9722e-04
   3.0000e-01    0.0000e+00   -3.0000e+00   -4.6930e-01    2.9631e+00   -6.3216e-04   -8.0316e-04   -2.9064e-04   -7.0048e-04
   3.0000e-01    0.0000e+00   -3.0000e+00   -6.2374e-01    2.9344e+00   -5.5748e-04   -8.5822e-04   -2.0860e-04   -7.8546e-04
   3.0000e-01    0.0000e+00   -3.0000e+00   -7.7646e-01    2.8978e+00   -4.5735e-04   -9.1719e-04   -1.6941e-04   -8.5129e-04
   3.0000e-01    0.0000e+00   -3.0000e+00   -9.2705e-01    2.8532e+00   -3.2103e-04   -9.7542e-04   -3.5388e-05   -8.8795e-04
   3.0000e-01    0.0000e+00   -3.0000e+00   -1.0751e+00    2.8007e+00   -1.5492e-04   -1.0176e-03    8.5481e-05   -9.8953e-04
   3.0000e-01    0.0000e+00   -3.0000e+00   -1.2202e+00    2.7406e+00    4.2211e-05   -1.0311e-03    2.1414e-04   -9.5129e-04
   3.0000e-01    0.0000e+00   -3.0000e+00   -1.3620e+00    2.6730e+00    2.6298e-04   -1.0010e-03    3.9075e-04   -9.4106e-04
   3.0000e-01    0.0000e+00   -3.0000e+00   -1.5000e+00    2.5981e+00    4.9869e-04   -9.1080e-04    6.0891e-04   -8.8255e-04
   3.0000e-01    0.0000e+00   -3.0000e+00   -1.6339e+00    2.5160e+00    7.2687e-04   -7.4705e-04    8.0353e-04   -6.5928e-04
   3.0000e-01    0.0000e+00   -3.0000e+00   -1.7634e+00    2.4271e+00    9.1390e-04   -5.0977e-04    9.5221e-04   -4.8794e-04
   3.0000e-01    0.0000e+00   -3.0000e+00   -1.8880e+00    2.3314e+00    1.0309e-03   -2.0482e-04    9.7088e-04   -1.6674e-04
   3.0000e-01    0.0000e+00   -3.0000e+00   -2.0074e+00    2.2294e+00    1.0445e-03    1.5764e-04    1.0147e-03    1.9103e-04
   3.0000e-01    0.0000e+00   -3.0000e+00   -2.1213e+00    2.1213e+00    9.2174e-04    5.2726e-04    8.4721e-04    5.4923e-04
   3.0000e-01    0.0000e+00   -3.0000e+00   -2.2294e+00    2.0074e+00    6.5832e-04    8.4073e-04    4.6730e-04    8.4091e-04
   3.0000e-01    0.0000e+00   -3.0000e+00   -2.3314e+00    1.8880e+00    2.7247e-04    1.0390e-03    9.3764e-05    1.0563e-03
   3.0000e-01    0.0000e+00   -3.0000e+00   -2.4271e+00    1.7634e+00   -1.9768e-04    1.0630e-03   -4.4481e-04    1.0501e-03
   3.0000e-01    0.0000e+00   -3.0000e+00   -2.5160e+00    1.6339e+00   -6.5633e-04    8.6867e-04   -9.1316e-04    8.8843e-04
   3.0000e-01    0.0000e+00   -3.0000e+00   -2.5981e+00    1.5000e+00   -9.9048e-04    4.7103e-04   -1.2593e-03    4.6773e-04
   3.0000e-01    0.0000e+00   -3.0000e+00   -2.6730e+00    1.3620e+00   -1.1034e-03   -6.3558e-05   -1.4163e-03   -1.2054e-04
   3.0000e-01    0.0000e+00   -3.0000e+00   -2.7406e+00    1.2202e+00   -9.2712e-04   -6.1857e-04   -1.3053e-03   -6.5390e-04
   3.0000e-01    0.0000e+00   -3.0000e+00   -2.8007e+00    1.0751e+00   -4.7323e-04   -1.0199e-03   -8.0429e-04   -1.0457e-03
   3.0000e-01    0.0000e+00   -3.0000e+00   -2.8532e+00    9.2705e-01    1.5644e-04   -1.1239e-03   -1.9926e-04   -1.2102e-03
   3.0000e-01    0.0000e+00   -3.0000e+00   -2.8978e+00    7.7646e-01    7.5908e-04   -8.5828e-04    3.3872e-04   -8.7045e-04
   3.0000e-01    0.0000e+00   -3.0000e+00   -2.9344e+00    6.2374e-01    1.1258e-03   -2.6989e-04    7.4778e-04   -3.5850e-04
   3.0000e-01    0.0000e+00   -3.0000e+00   -2.9631e+00    4.6930e-01    1.0790e-03    4.5350e-04    7.3347e-04    4.0727e-04
   3.0000e-01    0.0000e+00   -3.0000e+00   -2.9836e+00    3.1359e-01    5.8602e-04    1.0288e-03    3.1203e-04    1.0068e-03
   3.0000e-01    0.0000e+00   -3.0000e+00   -2.9959e+00    1.5701e-01   -1.7874e-04    1.1850e-03   -5.1438e-04    1.1190e-03
   3.0000e-01    0.0000e+00   -3.0000e+00   -3.0000e+00    0.0000e+00   -9.0095e-04    8.1333e-04   -1.2211e-03    7.4747e-04
   3.0000e-01    0.0000e+00   -3.0000e+00   -2.9959e+00   -1.5701e-01   -1.2297e-03    3.3121e-05   -1.5760e-03   -6.9789e-06
   3.0000e-01    0.0000e+00   -3.0000e+00   -2.9836e+00   -3.1359e-01   -9.5654e-04   -8.0100e-04   -1.2268e-03   -9.5198e-04
   3.0000e-01    0.0000e+00   -3.0000e+00   -2.9631e+00   -4.6930e-01   -1.6658e-04   -1.2554e-03   -4.3591e-04   -1.3505e-03
   3.0000e-01    0.0000e+00   -3.0000e+00   -2.9344e+00   -6.2374e-01    7.5756e-04   -1.0399e-03    5.6526e-04   -1.1130e-03
   3.0000e-01    0.0000e+00   -3.0000e+00   -2.8978e+00   -7.7646e-01    1.2893e-03   -2.2034e-04    1.1419e-03   -3.3872e-04
   3.0000e-01    0.0000e+00   -3.0000e+00   -2.8532e+00   -9.2705e-01    1.0825e-03    7.7461e-04    8.9026e-04    7.3445e-04
   3.0000e-01    0.0000e+00   -3.0000e+00   -2.8007e+00   -1.0751e+00    1.9048e-04    1.3427e-03    4.0513e-05    1.2420e-03
   3.0000e-01    0.0000e+00   -3.0000e+00   -2.7406e+00   -1.2202e+00   -8.6808e-04    1.0765e-03   -9.8568e-04    9.8756e-04
   3.0000e-01    0.0000e+00   -3.0000e+00   -2.6730e+00   -1.3620e+00   -1.4096e-03    7.8720e-05   -1.4690e-03    4.9358e-05
   3.0000e-01    0.0000e+00   -3.0000e+00   -2.5981e+00   -1.5000e+00   -1.0149e-03   -1.0260e-03   -1.1123e-03   -1.0915e-03
   3.0000e-01    0.0000e+00   -3.0000e+00   -2.5160e+00   -1.6339e+00    1.2244e-04   -1.4723e-03    9.4262e-05   -1.5202e-03
   3.0000e-01    0.0000e+00   -3.0000e+00   -2.4271e+00   -1.7634e+00    1.2379e-03   -8.7250e-04    1.2526e-03   -9.1109e-04
   3.0000e-01    0.0000e+00   -3.0000e+00   -2.3314e+00   -1.8880e+00    1.4992e-03    4.1292e-04    1.4880e-03    3.4741e-04
   3.0000e-01    0.0000e+00   -3.0000e+00   -2.2294e+00   -2.0074e+00    6.3001e-04    1.4707e-03    5.9470e-04    1.4374e-03
   3.0000e-01    0.0000e+00   -3.0000e+00   -2.1213e+00   -2.1213e+00   -7.9867e-04    1.4433e-03   -7.7075e-04    1.4597e-03
   3.0000e-01    0.0000e+00   -3.0000e+00   -2.0074e+00   -2.2294e+00   -1.6858e-03    2.5140e-04   -1.6635e-03    3.2137e-04
   3.0000e-01    0.0000e+00   -3.0000e+00   -1.8880e+00   -2.3314e+00   -1.2613e-03   -1.2357e-03   -1.2271e-03   -1.2353e-03
   3.0000e-01    0.0000e+00   -3.0000e+00   -1.7634e+00   -2.4271e+00    2.5666e-04   -1.8170e-03    3.0426e-04   -1.8173e-03
   3.0000e-01    0.0000e+00   -3.0000e+00   -1.6339e+00   -2.5160e+00    1.6940e-03   -8.9140e-04    1.7341e-03   -9.1006e-04
   3.0000e-01    0.0000e+00   -3.0000e+00   -1.5000e+00   -2.5981e+00    1.7913e-03    9.0077e-04    1.8413e-03    9.5832e-04
   3.0000e-01    0.0000e+00   -3.0000e+00    1.5000e+00   -2.5981e+00    1.7913e-03    9.0077e-04    1.8276e-03    9.6091e-04
   3.0000e-01    0.0000e+00   -3.0000e+00    1.6339e+00   -2.5160e+00    1.6940e-03   -8.9140e-04    1.6906e-03   -8.7579e-04
   3.0000e-01    0.0000e+00   -3.0000e+00    1.7634e+00   -2.4271e+00    2.5666e-04   -1.8170e-03    3.3912e-04   -1.7743e-03
   3.0000e-01    0.0000e+00   -3.0000e+00    1.8880e+00   -2.3314e+00   -1.2613e-03   -1.2357e-03   -1.2425e-03   -1.2087e-03
   3.0000e-01    0.0000e+00   -3.0000e+00    2.0074e+00   -2.2294e+00   -1.6858e-03    2.5140e-04   -1.6404e-03    3.1051e-04
   3.0000e-01    0.0000e+00   -3.0000e+00    2.1213e+00   -2.1213e+00   -7.9867e-04    1.4433e-03   -7.3852e-04    1.4447e-03
   3.0000e-01    0.0000e+00   -3.0000e+00    2.2294e+00   -2.0074e+00    6.3001e-04    1.4707e-03    6.3514e-04    1.5007e-03
   3.0000e-01    0.0000e+00   -3.0000e+00    2.3314e+00   -1.8880e+00    1.4992e-03    4.1292e-04    1.5020e-03    3.5451e-04
   3.0000e-01    0.0000e+00   -3.0000e+00    2.4271e+00   -1.7634e+00    1.2379e-03   -8.7250e-04    1.1922e-03   -9.3997e-04
   3.0000e-01    0.0000e+00   -3.0000e+00    2.5160e+00   -1.6339e+00    1.2244e-04   -1.4723e-03    8.3139e-05   -1.5001e-03
   3.0000e-01    0.0000e+00   -3.0000e+00    2.5981e+00   -1.5000e+00   -1.0149e-03   -1.0260e-03   -1.0388e-03   -1.0492e-03
   3.0000e-01    0.0000e+00   -3.0000e+00    2.6730e+00   -1.3620e+00   -1.4096e-03    7.8720e-05   -1.4804e-03    4.0930e-05
   3.0000e-01    0.0000e+00   -3.0000e+00    2.7406e+00   -1.2202e+00   -8.6808e-04    1.0765e-03   -9.0377e-04    1.0367e-03
   3.0000e-01    0.0000e+00   -3.0000e+00    2.8007e+00   -1.0751e+00    1.9048e-04    1.3427e-03    1.0690e-04    1.2287e-03
   3.0000e-01    0.0000e+00   -3.0000e+00    2.8532e+00   -9.2705e-01    1.0825e-03    7.7461e-04    9.0008e-04    6.8100e-04
   3.0000e-01    0.0000e+00   -3.0000e+00    2.8978e+00   -7.7646e-01    1.2893e-03   -2.2034e-04    1.0195e-03   -2.8976e-04
   3.0000e-01    0.0000e+00   -3.0000e+00    2.9344e+00   -6.2374e-01    7.5756e-04   -1.0399e-03    5.7736e-04   -1.1274e-03
   3.0000e-01    0.0000e+00   -3.0000e+00    2.9631e+00   -4.6930e-01   -1.6658e-04   -1.2554e-03   -4.1147e-04   -1.3512e-03
   3.0000e-01    0.0000e+00   -3.0000e+00    2.9836e+00   -3.1359e-01   -9.5654e-04   -8.0100e-04   -1.2494e-03   -8.6260e-04
   3.0000e-01    0.0000e+00   -3.0000e+00    2.9959e+00   -1.5701e-01   -1.2297e-03    3.3121e-05   -1.5689e-03    2.6878e-07
   3.0000e-01    1.5000e+00   -2.6000e+00    3.0000e+00    0.0000e+00   -1.0227e-03   -1.0178e-03   -9.5948e-04   -9.4737e-04
   3.0000e-01    1.5000e+00   -2.6000e+00    2.9959e+00    1.5701e-01   -1.4085e-03    9.1961e-05   -1.3607e-03    1.9099e-04
   3.0000e-01    1.5000e+00   -2.6000e+00    2.9836e+00    3.1359e-01   -8.6198e-04    1.0810e-03   -8.4085e-04    1.0651e-03
   3.0000e-01    1.5000e+00   -2.6000e+00    2.9631e+00    4.6930e-01    2.0512e-04    1.3401e-03    6.3619e-05    1.3430e-03
   3.0000e-01    1.5000e+00   -2.6000e+00    2.9344e+00    6.2374e-01    1.0907e-03    7.6233e-04    9.3275e-04    7.7268e-04
   3.0000e-01    1.5000e+00   -2.6000e+00    2.8978e+00    7.7646e-01    1.2864e-03   -2.3480e-04    1.0696e-03   -2.1797e-04
   3.0000e-01    1.5000e+00   -2.6000e+00    2.8532e+00    9.2705e-01    7.4694e-04   -1.0471e-03    4.1452e-04   -1.1259e-03
   3.0000e-01    1.5000e+00   -2.6000e+00    2.8007e+00    1.0751e+00   -1.8057e-04   -1.2532e-03   -5.3893e-04   -1.3141e-03
   3.0000e-01    1.5000e+00   -2.6000e+00    2.7406e+00    1.2202e+00   -9.6513e-04   -7.9030e-04   -1.4036e-03   -8.8564e-04
   3.0000e-01    1.5000e+00   -2.6000e+00    2.6730e+00    1.3620e+00   -1.2285e-03    5.3084e-05   -1.7342e-03   -6.0832e-06
   3.0000e-01    1.5000e+00   -2.6000e+00    2.5981e+00    1.5000e+00   -8.9054e-04    8.2425e-04   -1.4966e-03    6.5621e-04
   3.0000e-01    1.5000e+00   -2.6000e+00    2.5160e+00    1.6339e+00   -1.6376e-04    1.1868e-03   -7.5304e-04    1.0708e-03
   3.0000e-01    1.5000e+00   -2.6000e+00    2.4271e+00    1.7634e+00    6.0493e-04    1.0173e-03   -5.0807e-05    7.9231e-04
   3.0000e-01    1.5000e+00   -2.6000e+00    2.3314e+00    1.8880e+00    1.0863e-03    4.3454e-04    3.4586e-04    2.3139e-04
   3.0000e-01    1.5000e+00   -2.6000e+00    2.2294e+00    2.0074e+00    1.1227e-03   -2.8146e-04    3.8492e-04   -4.5579e-04
   3.0000e-01    1.5000e+00   -2.6000e+00    2.1213e+00    2.1213e+00    7.5188e-04   -8.6435e-04    1.1120e-04   -1.1197e-03
   3.0000e-01    1.5000e+00   -2.6000e+00    2.0074e+00    2.2294e+00    1.3736e-04   -1.1261e-03   -5.5698e-04   -1.4065e-03
   3.0000e-01    1.5000e+00   -2.6000e+00    1.8880e+00    2.3314e+00   -4.9042e-04   -1.0112e-03   -1.1540e-03   -1.2978e-03
   3.0000e-01    1.5000e+00   -2.6000e+00    1.7634e+00    2.4271e+00   -9.3491e-04   -6.0601e-04   -1.6054e-03   -8.6413e-04
   3.0000e-01    1.5000e+00   -2.6000e+00    1.6339e+00    2.5160e+00   -1.1037e-03   -5.5297e-05   -1.7230e-03   -2.9591e-04
   3.0000e-01    1.5000e+00   -2.6000e+00    1.5000e+00    2.5981e+00   -9.8379e-04    4.8397e-04   -1.6272e-03    1.6881e-04
   3.0000e-01    1.5000e+00   -2.6000e+00    1.3620e+00    2.6730e+00   -6.4232e-04    8.7864e-04   -1.2131e-03    6.1411e-04
   3.0000e-01    1.5000e+00   -2.6000e+00    1.2202e+00    2.7406e+00   -1.8553e-04    1.0650e-03   -6.8387e-04    8.0670e-04
   3.0000e-01    1.5000e+00   -2.6000e+00    1.0751e+00    2.8007e+00    2.7941e-04    1.0371e-03   -1.7290e-04    7.7915e-04
   3.0000e-01    1.5000e+00   -2.6000e+00    9.2705e-01    2.8532e+00    6.6882e-04    8.3204e-04    3.9014e-04    6.5198e-04
   3.0000e-01    1.5000e+00   -2.6000e+00    7.7646e-01    2.8978e+00    9.3042e-04    5.1102e-04    6.0330e-04    3.2755e-04
   3.0000e-01    1.5000e+00   -2.6000e+00    6.2374e-01    2.9344e+00    1.0458e-03    1.4689e-04    8.7654e-04   -2.3832e-05
   3.0000e-01    1.5000e+00   -2.6000e+00    4.6930e-01    2.9631e+00    1.0293e-03   -2.1214e-04    8.8317e-04   -3.0482e-04
   3.0000e-01    1.5000e+00   -2.6000e+00    3.1359e-01    2.9836e+00    9.0911e-04   -5.1803e-04    8.7860e-04   -5.6534e-04
   3.0000e-01    1.5000e+00   -2.6000e+00    1.5701e-01    2.9959e+00    7.1774e-04   -7.5562e-04    7.5809e-04   -6.9796e-04
   3.0000e-01    1.5000e+00   -2.6000e+00    0.0000e+00    3.0000e+00    4.8474e-04   -9.1813e-04    5.7981e-04   -8.8808e-04
   3.0000e-01    1.5000e+00   -2.6000e+00   -1.5701e-01    2.9959e+00    2.5568e-04   -1.0028e-03    4.6520e-04   -8.7777e-04
   3.0000e-01    1.5000e+00   -2.6000e+00   -3.1359e-01    2.9836e+00    3.4806e-05   -1.0312e-03    2.5678e-04   -8.2922e-04
   3.0000e-01    1.5000e+00   -2.6000e+00   -4.6930e-01    2.9631e+00   -1.6660e-04   -1.0155e-03    1.1677e-04   -7.9160e-04
   3.0000e-01    1.5000e+00   -2.6000e+00   -6.2374e-01    2.9344e+00   -3.3277e-04   -9.7141e-04    4.1032e-05   -7.0792e-04
   3.0000e-01    1.5000e+00   -2.6000e+00   -7.7646e-01    2.8978e+00   -4.6719e-04   -9.1211e-04   -1.5283e-06   -6.3891e-04
   3.0000e-01    1.5000e+00   -2.6000e+00   -9.2705e-01    2.8532e+00   -5.6536e-04   -8.5288e-04   -1.1522e-04   -4.7899e-04
   3.0000e-01    1.5000e+00   -2.6000e+00   -1.0751e+00    2.8007e+00   -6.4018e-04   -7.9672e-04   -1.1064e-04   -2.9733e-04
   3.0000e-01    1.5000e+00   -2.6000e+00   -1.2202e+00    2.7406e+00   -6.8973e-04   -7.5306e-04   -1.4085e-04   -2.0906e-04
   3.0000e-01    1.5000e+00   -2.6000e+00   -1.3620e+00    2.6730e+00   -7.1986e-04   -7.2346e-04   -2.4557e-04   -1.7273e-04
   3.0000e-01    1.5000e+00   -2.6000e+00   -1.5000e+00    2.5981e+00   -7.2759e-04   -7.1560e-04   -2.2753e-04   -1.4138e-04
   3.0000e-01    1.5000e+00   -2.6000e+00   -1.6339e+00    2.5160e+00   -7.1621e-04   -7.2733e-04   -1.7835e-04   -1.0594e-04
   3.0000e-01    1.5000e+00   -2.6000e+00   -1.7634e+00    2.4271e+00   -6.8991e-04   -7.5288e-04   -1.3556e-04   -1.6963e-04
   3.0000e-01    1.5000e+00   -2.6000e+00   -1.8880e+00    2.3314e+00   -6.4391e-04   -7.9355e-04   -1.8018e-04   -1.8136e-04
   3.0000e-01    1.5000e+00   -2.6000e+00   -2.0074e+00    2.2294e+00   -5.6603e-04   -8.5245e-04   -1.6724e-04   -1.5621e-04
   3.0000e-01    1.5000e+00   -2.6000e+00   -2.1213e+00    2.1213e+00   -4.6059e-04   -9.1562e-04   -5.7732e-05   -2.0185e-04
   3.0000e-01    1.5000e+00   -2.6000e+00   -2.2294e+00    2.0074e+00   -3.3049e-04   -9.7226e-04    4.9178e-05   -3.1273e-04
   3.0000e-01    1.5000e+00   -2.6000e+00   -2.3314e+00    1.8880e+00   -1.6975e-04   -1.0150e-03    8.7962e-05   -3.4750e-04
   3.0000e-01    1.5000e+00   -2.6000e+00   -2.4271e+00    1.7634e+00    3.2403e-05   -1.0313e-03    2.2780e-04   -4.5293e-04
   3.0000e-01    1.5000e+00   -2.6000e+00   -2.5160e+00    1.6339e+00    2.5896e-04   -1.0020e-03    3.6700e-04   -4.1869e-04
   3.0000e-01    1.5000e+00   -2.6000e+00   -2.5981e+00    1.5000e+00    4.9173e-04   -9.1455e-04    5.9776e-04   -3.7590e-04
   3.0000e-01    1.5000e+00   -2.6000e+00   -2.6730e+00    1.3620e+00    7.1703e-04   -7.5625e-04    7.4727e-04   -2.6573e-04
   3.0000e-01    1.5000e+00   -2.6000e+00   -2.7406e+00    1.2202e+00    9.1049e-04   -5.1596e-04    8.1566e-04   -4.2227e-06
   3.0000e-01    1.5000e+00   -2.6000e+00   -2.8007e+00    1.0751e+00    1.0306e-03   -2.0695e-04    9.2938e-04    1.6899e-04
   3.0000e-01    1.5000e+00   -2.6000e+00   -2.8532e+00    9.2705e-01    1.0450e-03    1.5364e-04    7.9711e-04    4.0965e-04
   3.0000e-01    1.5000e+00   -2.6000e+00   -2.8978e+00    7.7646e-01    9.2785e-04    5.1601e-04    6.5534e-04    7.4297e-04
   3.0000e-01    1.5000e+00   -2.6000e+00   -2.9344e+00    6.2374e-01    6.6498e-04    8.3541e-04    3.3951e-04    1.0065e-03
   3.0000e-01    1.5000e+00   -2.6000e+00   -2.9631e+00    4.6930e-01    2.7365e-04    1.0388e-03   -9.8253e-05    1.1599e-03
   3.0000e-01    1.5000e+00   -2.6000e+00   -2.9836e+00    3.1359e-01   -1.9724e-04    1.0630e-03   -6.0807e-04    1.0537e-03
   3.0000e-01    1.5000e+00   -2.6000e+00   -2.9959e+00    1.5701e-01   -6.5106e-04    8.7255e-04   -1.1176e-03    8.2945e-04
   3.0000e-01    1.5000e+00   -2.6000e+00   -3.0000e+00    0.0000e+00   -9.8714e-04    4.7770e-04   -1.4753e-03    3.7036e-04
   3.0000e-01    1.5000e+00   -2.6000e+00   -2.9959e+00   -1.5701e-01   -1.1035e-03   -6.2410e-05   -1.5385e-03   -2.6145e-04
   3.0000e-01    1.5000e+00   -2.6000e+00   -2.9836e+00   -3.1359e-01   -9.3007e-04   -6.1379e-04   -1.3968e-03   -9.2673e-04
   3.0000e-01    1.5000e+00   -2.6000e+00   -2.9631e+00   -4.6930e-01   -4.7914e-04   -1.0169e-03   -9.3340e-04   -1.3809e-03
   3.0000e-01    1.5000e+00   -2.6000e+00   -2.9344e+00   -6.2374e-01    1.4886e-04   -1.1248e-03   -2.3725e-04   -1.5047e-03
   3.0000e-01    1.5000e+00   -2.6000e+00   -2.8978e+00   -7.7646e-01    7.5473e-04   -8.6193e-04    3.8372e-04   -1.2453e-03
   3.0000e-01    1.5000e+00   -2.6000e+00   -2.8532e+00   -9.2705e-01    1.1245e-03   -2.7469e-04    8.3792e-04   -7.1866e-04
   3.0000e-01    1.5000e+00   -2.6000e+00   -2.8007e+00   -1.0751e+00    1.0809e-03    4.4881e-04    8.6580e-04    7.0998e-06
   3.0000e-01    1.5000e+00   -2.6000e+00   -2.7406e+00   -1.2202e+00    5.9562e-04    1.0231e-03    3.8092e-04    5.5333e-04
   3.0000e-01    1.5000e+00   -2.6000e+00   -2.6730e+00   -1.3620e+00   -1.7128e-04    1.1858e-03   -3.2588e-04    6.6244e-04
   3.0000e-01    1.5000e+00   -2.6000e+00   -2.5981e+00   -1.5000e+00   -8.9682e-04    8.1751e-04   -8.9934e-04    3.3614e-04
   3.0000e-01    1.5000e+00   -2.6000e+00   -2.5160e+00   -1.6339e+00   -1.2295e-03    3.6530e-05   -1.1731e-03   -4.5311e-04
   3.0000e-01    1.5000e+00   -2.6000e+00   -2.4271e+00   -1.7634e+00   -9.5842e-04   -7.9852e-04   -8.1629e-04   -1.3246e-03
   3.0000e-01    1.5000e+00   -2.6000e+00   -2.3314e+00   -1.8880e+00   -1.7340e-04   -1.2542e-03   -2.3157e-05   -1.7131e-03
   3.0000e-01    1.5000e+00   -2.6000e+00   -2.2294e+00   -2.0074e+00    7.5145e-04   -1.0441e-03    1.0277e-03   -1.4461e-03
   3.0000e-01    1.5000e+00   -2.6000e+00   -2.1213e+00   -2.1213e+00    1.2896e-03   -2.1856e-04    1.5859e-03   -6.3969e-04
   3.0000e-01    1.5000e+00   -2.6000e+00   -2.0074e+00   -2.2294e+00    1.0814e-03    7.7600e-04    1.4513e-03    4.2694e-04
   3.0000e-01    1.5000e+00   -2.6000e+00   -1.8880e+00   -2.3314e+00    1.9757e-04    1.3413e-03    5.0055e-04    1.0854e-03
   3.0000e-01    1.5000e+00   -2.6000e+00   -1.7634e+00   -2.4271e+00   -8.6586e-04    1.0780e-03   -5.5272e-04    7.7066e-04
   3.0000e-01    1.5000e+00   -2.6000e+00   -1.6339e+00   -2.5160e+00   -1.4095e-03    7.8570e-05   -1.0492e-03   -1.8823e-04
   3.0000e-01    1.5000e+00   -2.6000e+00   -1.5000e+00   -2.5981e+00   -1.0140e-03   -1.0270e-03   -6.3030e-04   -1.2154e-03
   3.0000e-01    1.5000e+00   -2.6000e+00   -1.3620e+00   -2.6730e+00    1.1651e-04   -1.4724e-03    4.8027e-04   -1.5728e-03
   3.0000e-01    1.5000e+00   -2.6000e+00   -1.2202e+00   -2.7406e+00    1.2384e-03   -8.7194e-04    1.5351e-03   -9.4762e-04
   3.0000e-01    1.5000e+00   -2.6000e+00   -1.0751e+00   -2.8007e+00    1.4983e-03    4.1698e-04    1.7948e-03    3.8046e-04
   3.0000e-01    1.5000e+00   -2.6000e+00   -9.2705e-01   -2.8532e+00    6.2070e-04    1.4748e-03    9.6650e-04    1.4961e-03
   3.0000e-01    1.5000e+00   -2.6000e+00   -7.7646e-01   -2.8978e+00   -7.9776e-04    1.4436e-03   -5.5013e-04    1.3906e-03
   3.0000e-01    1.5000e+00   -2.6000e+00   -6.2374e-01   -2.9344e+00   -1.6852e-03    2.5429e-04   -1.4632e-03    2.5856e-04
   3.0000e-01    1.5000e+00   -2.6000e+00   -4.6930e-01   -2.9631e+00   -1.2553e-03   -1.2422e-03   -1.1389e-03   -1.1953e-03
   3.0000e-01    1.5000e+00   -2.6000e+00   -3.1359e-01   -2.9836e+00    2.7172e-04   -1.8154e-03    3.6663e-04   -1.7326e-03
   3.0000e-01    1.5000e+00   -2.6000e+00   -1.5701e-01   -2.9959e+00    1.6972e-03   -8.8578e-04    1.8014e-03   -8.4396e-04
   3.0000e-01    1.5000e+00   -2.6000e+00    0.0000e+00   -3.0000e+00    1.7929e-03    8.9701e-04    1.8249e-03    9.4511e-04
   3.0000e-01    1.5000e+00   -2.6000e+00    2.5981e+00   -1.5000e+00    1.7992e-03    8.8287e-04    1.9745e-03    9.6439e-04
   3.0000e-01    1.5000e+00   -2.6000e+00    2.6730e+00   -1.3620e+00    1.6862e-03   -9.0466e-04    1.8783e-03   -9.0131e-04
   3.0000e-01    1.5000e+00   -2.6000e+00    2.7406e+00   -1.2202e+00    2.4186e-04   -1.8186e-03    5.1538e-04   -1.8155e-03
   3.0000e-01    1.5000e+00   -2.6000e+00    2.8007e+00   -1.0751e+00   -1.2689e-03   -1.2275e-03   -1.0259e-03   -1.2402e-03
   3.0000e-01    1.5000e+00   -2.6000e+00    2.8532e+00   -9.2705e-01   -1.6815e-03    2.7364e-04   -1.3764e-03    3.3226e-04
   3.0000e-01    1.5000e+00   -2.6000e+00    2.8978e+00   -7.7646e-01   -7.8153e-04    1.4519e-03   -4.9809e-04    1.4540e-03
   3.0000e-01    1.5000e+00   -2.6000e+00    2.9344e+00   -6.2374e-01    6.3846e-04    1.4667e-03    9.1244e-04    1.5302e-03
   3.0000e-01    1.5000e+00   -2.6000e+00    2.9631e+00   -4.6930e-01    1.5023e-03    4.0018e-04    1.7311e-03    4.2060e-04
   3.0000e-01    1.5000e+00   -2.6000e+00    2.9836e+00   -3.1359e-01    1.2268e-03   -8.8720e-04    1.4330e-03   -8.4801e-04
   3.0000e-01    1.5000e+00   -2.6000e+00    2.9959e+00   -1.5701e-01    1.0645e-04   -1.4730e-03    2.7685e-04   -1.4065e-03
   3.0000e-01    2.6000e+00   -1.5000e+00    3.0000e+00    0.0000e+00    1.7867e-03    9.1095e-04    1.7279e-03    9.4678e-04
   3.0000e-01    2.6000e+00   -1.5000e+00    2.9959e+00    1.5701e-01    1.6972e-03   -8.8578e-04    1.5902e-03   -8.5273e-04
   3.0000e-01    2.6000e+00   -1.5000e+00    2.9836e+00    3.1359e-01    2.7172e-04   -1.8154e-03    1.2248e-04   -1.7619e-03
   3.0000e-01    2.6000e+00   -1.5000e+00    2.9631e+00    4.6930e-01   -1.2553e-03   -1.2422e-03   -1.5013e-03   -1.2227e-03
   3.0000e-01    2.6000e+00   -1.5000e+00    2.9344e+00    6.2374e-01   -1.6852e-03    2.5429e-04   -1.9309e-03    2.9214e-04
   3.0000e-01    2.6000e+00   -1.5000e+00    2.8978e+00    7.7646e-01   -7.9776e-04    1.4436e-03   -1.0899e-03    1.5012e-03
   3.0000e-01    2.6000e+00   -1.5000e+00    2.8532e+00    9.2705e-01    6.2070e-04    1.4748e-03    2.3282e-04    1.5348e-03
   3.0000e-01    2.6000e+00   -1.5000e+00    2.8007e+00    1.0751e+00    1.4983e-03    4.1698e-04    1.0699e-03    4.7683e-04
   3.0000e-01    2.6000e+00   -1.5000e+00    2.7406e+00    1.2202e+00    1.2384e-03   -8.7194e-04    8.3076e-04   -8.1290e-04
   3.0000e-01    2.6000e+00   -1.5000e+00    2.6730e+00    1.3620e+00    1.1651e-04   -1.4724e-03   -3.1482e-04   -1.4969e-03
   3.0000e-01    2.6000e+00   -1.5000e+00    2.5981e+00    1.5000e+00   -1.0140e-03   -1.0270e-03   -1.5599e-03   -1.0238e-03
   3.0000e-01    2.6000e+00   -1.5000e+00    2.5160e+00    1.6339e+00   -1.4095e-03    7.8570e-05   -1.9768e-03    8.7690e-05
   3.0000e-01    2.6000e+00   -1.5000e+00    2.4271e+00    1.7634e+00   -8.6586e-04    1.0780e-03   -1.4521e-03    1.0973e-03
   3.0000e-01    2.6000e+00   -1.5000e+00    2.3314e+00    1.8880e+00    1.9757e-04    1.3413e-03   -3.6341e-04    1.3287e-03
   3.0000e-01    2.6000e+00   -1.5000e+00    2.2294e+00    2.0074e+00    1.0814e-03    7.7600e-04    4.5273e-04    7.4876e-04
   3.0000e-01    2.6000e+00   -1.5000e+00    2.1213e+00    2.1213e+00    1.2896e-03   -2.1856e-04    7.0683e-04   -2.6993e-04
   3.0000e-01    2.6000e+00   -1.5000e+00    2.0074e+00    2.2294e+00    7.5145e-04   -1.0441e-03    1.5060e-04   -1.0788e-03
   3.0000e-01    2.6000e+00   -1.5000e+00    1.8880e+00    2.3314e+00   -1.7340e-04   -1.2542e-03   -7.8623e-04   -1.3538e-03
   3.0000e-01    2.6000e+00   -1.5000e+00    1.7634e+00    2.4271e+00   -9.5842e-04   -7.9852e-04   -1.5258e-03   -8.8950e-04
   3.0000e-01    2.6000e+00   -1.5000e+00    1.6339e+00    2.5160e+00   -1.2295e-03    3.6530e-05   -1.7782e-03   -9.3824e-05
   3.0000e-01    2.6000e+00   -1.5000e+00    1.5000e+00    2.5981e+00   -8.9682e-04    8.1751e-04   -1.4937e-03    6.4929e-04
   3.0000e-01    2.6000e+00   -1.5000e+00    1.3620e+00    2.6730e+00   -1.7128e-04    1.1858e-03   -7.2391e-04    1.0695e-03
   3.0000e-01    2.6000e+00   -1.5000e+00    1.2202e+00    2.7406e+00    5.9562e-04    1.0231e-03    1.0019e-04    8.2306e-04
   3.0000e-01    2.6000e+00   -1.5000e+00    1.0751e+00    2.8007e+00    1.0809e-03    4.4881e-04    6.0060e-04    2.9779e-04
   3.0000e-01    2.6000e+00   -1.5000e+00    9.2705e-01    2.8532e+00    1.1245e-03   -2.7469e-04    6.2253e-04   -3.5650e-04
   3.0000e-01    2.6000e+00   -1.5000e+00    7.7646e-01    2.8978e+00    7.5473e-04   -8.6193e-04    3.1646e-04   -9.7479e-04
   3.0000e-01    2.6000e+00   -1.5000e+00    6.2374e-01    2.9344e+00    1.4886e-04   -1.1248e-03   -1.9439e-04   -1.2676e-03
   3.0000e-01    2.6000e+00   -1.5000e+00    4.6930e-01    2.9631e+00   -4.7914e-04   -1.0169e-03   -8.8114e-04   -1.0806e-03
   3.0000e-01    2.6000e+00   -1.5000e+00    3.1359e-01    2.9836e+00   -9.3007e-04   -6.1379e-04   -1.3290e-03   -6.9663e-04
   3.0000e-01    2.6000e+00   -1.5000e+00    1.5701e-01    2.9959e+00   -1.1035e-03   -6.2410e-05   -1.4323e-03   -8.9016e-05
   3.0000e-01    2.6000e+00   -1.5000e+00    0.0000e+00    3.0000e+00   -9.8520e-04    4.8154e-04   -1.2719e-03    4.3644e-04
   3.0000e-01    2.6000e+00   -1.5000e+00   -1.5701e-01    2.9959e+00   -6.5106e-04    8.7255e-04   -8.8842e-04    9.1782e-04
   3.0000e-01    2.6000e+00   -1.5000e+00   -3.1359e-01    2.9836e+00   -1.9724e-04    1.0630e-03   -4.6039e-04    1.1085e-03
   3.0000e-01    2.6000e+00   -1.5000e+00   -4.6930e-01    2.9631e+00    2.7365e-04    1.0388e-03    6.1371e-05    1.1219e-03
   3.0000e-01    2.6000e+00   -1.5000e+00   -6.2374e-01    2.9344e+00    6.6498e-04    8.3541e-04    5.3568e-04    9.9748e-04
   3.0000e-01    2.6000e+00   -1.5000e+00   -7.7646e-01    2.8978e+00    9.2785e-04    5.1601e-04    7.9660e-04    7.1509e-04
   3.0000e-01    2.6000e+00   -1.5000e+00   -9.2705e-01    2.8532e+00    1.0450e-03    1.5364e-04    9.4712e-04    4.8679e-04
   3.0000e-01    2.6000e+00   -1.5000e+00   -1.0751e+00    2.8007e+00    1.0306e-03   -2.0695e-04    1.0052e-03    9.7457e-05
   3.0000e-01    2.6000e+00   -1.5000e+00   -1.2202e+00    2.7406e+00    9.1049e-04   -5.1596e-04    8.7274e-04   -8.2683e-05
   3.0000e-01    2.6000e+00   -1.5000e+00   -1.3620e+00    2.6730e+00    7.1703e-04   -7.5625e-04    7.3376e-04   -2.9568e-04
   3.0000e-01    2.6000e+00   -1.5000e+00   -1.5000e+00    2.5981e+00    4.9173e-04   -9.1455e-04    5.3502e-04   -4.1651e-04
   3.0000e-01    2.6000e+00   -1.5000e+00   -1.6339e+00    2.5160e+00    2.5896e-04   -1.0020e-03    3.6596e-04   -4.1816e-04
   3.0000e-01    2.6000e+00   -1.5000e+00   -1.7634e+00    2.4271e+00    3.2403e-05   -1.0313e-03    2.0796e-04   -3.8522e-04
   3.0000e-01    2.6000e+00   -1.5000e+00   -1.8880e+00    2.3314e+00   -1.6975e-04   -1.0150e-03    -1.8884e-05   -2.9954e-04
   3.0000e-01    2.6000e+00   -1.5000e+00   -2.0074e+00    2.2294e+00   -3.3049e-04   -9.7226e-04   -8.3562e-05   -2.5638e-04
   3.0000e-01    2.6000e+00   -1.5000e+00   -2.1213e+00    2.1213e+00   -4.6059e-04   -9.1562e-04   -2.7715e-04   -1.5739e-04
   3.0000e-01    2.6000e+00   -1.5000e+00   -2.2294e+00    2.0074e+00   -5.6603e-04   -8.5245e-04   -3.4364e-04   -7.6527e-06
   3.0000e-01    2.6000e+00   -1.5000e+00   -2.3314e+00    1.8880e+00   -6.4391e-04   -7.9355e-04   -3.9640e-04    7.2984e-06
   3.0000e-01    2.6000e+00   -1.5000e+00   -2.4271e+00    1.7634e+00   -6.8991e-04   -7.5288e-04   -3.4368e-04    8.9984e-05
   3.0000e-01    2.6000e+00   -1.5000e+00   -2.5160e+00    1.6339e+00   -7.1621e-04   -7.2733e-04   -4.1660e-04    6.2522e-05
   3.0000e-01    2.6000e+00   -1.5000e+00   -2.5981e+00    1.5000e+00   -7.2759e-04   -7.1560e-04   -4.0580e-04    7.2662e-05
   3.0000e-01    2.6000e+00   -1.5000e+00   -2.6730e+00    1.3620e+00   -7.1986e-04   -7.2346e-04   -3.4140e-04    3.8937e-05
   3.0000e-01    2.6000e+00   -1.5000e+00   -2.7406e+00    1.2202e+00   -6.8973e-04   -7.5306e-04   -3.9497e-04    4.8217e-06
   3.0000e-01    2.6000e+00   -1.5000e+00   -2.8007e+00    1.0751e+00   -6.4018e-04   -7.9672e-04   -2.7726e-04   -1.2404e-04
   3.0000e-01    2.6000e+00   -1.5000e+00   -2.8532e+00    9.2705e-01   -5.6536e-04   -8.5288e-04   -2.1606e-04   -2.3193e-04
   3.0000e-01    2.6000e+00   -1.5000e+00   -2.8978e+00    7.7646e-01   -4.6719e-04   -9.1211e-04   -1.8236e-04   -3.6536e-04
   3.0000e-01    2.6000e+00   -1.5000e+00   -2.9344e+00    6.2374e-01   -3.3277e-04   -9.7141e-04   -5.8172e-05   -5.1764e-04
   3.0000e-01    2.6000e+00   -1.5000e+00   -2.9631e+00    4.6930e-01   -1.6660e-04   -1.0155e-03    1.0105e-04   -6.1848e-04
   3.0000e-01    2.6000e+00   -1.5000e+00   -2.9836e+00    3.1359e-01    3.4806e-05   -1.0312e-03    3.1994e-04   -7.7261e-04
   3.0000e-01    2.6000e+00   -1.5000e+00   -2.9959e+00    1.5701e-01    2.5568e-04   -1.0028e-03    4.9330e-04   -8.0050e-04
   3.0000e-01    2.6000e+00   -1.5000e+00   -3.0000e+00    0.0000e+00    4.8662e-04   -9.1717e-04    7.4939e-04   -8.1177e-04
   3.0000e-01    2.6000e+00   -1.5000e+00   -2.9959e+00   -1.5701e-01    7.1774e-04   -7.5562e-04    8.8531e-04   -7.1083e-04
   3.0000e-01    2.6000e+00   -1.5000e+00   -2.9836e+00   -3.1359e-01    9.0911e-04   -5.1803e-04    1.1778e-03   -5.6135e-04
   3.0000e-01    2.6000e+00   -1.5000e+00   -2.9631e+00   -4.6930e-01    1.0293e-03   -2.1214e-04    1.2458e-03   -3.7800e-04
   3.0000e-01    2.6000e+00   -1.5000e+00   -2.9344e+00   -6.2374e-01    1.0458e-03    1.4689e-04    1.2119e-03   -1.2397e-04
   3.0000e-01    2.6000e+00   -1.5000e+00   -2.8978e+00   -7.7646e-01    9.3042e-04    5.1102e-04    1.0673e-03    1.5338e-04
   3.0000e-01    2.6000e+00   -1.5000e+00   -2.8532e+00   -9.2705e-01    6.6882e-04    8.3204e-04    7.8460e-04    4.1131e-04
   3.0000e-01    2.6000e+00   -1.5000e+00   -2.8007e+00   -1.0751e+00    2.7941e-04    1.0371e-03    4.1329e-04    5.5215e-04
   3.0000e-01    2.6000e+00   -1.5000e+00   -2.7406e+00   -1.2202e+00   -1.8553e-04    1.0650e-03   -4.8600e-05    4.8433e-04
   3.0000e-01    2.6000e+00   -1.5000e+00   -2.6730e+00   -1.3620e+00   -6.4232e-04    8.7864e-04   -4.9998e-04    2.2719e-04
   3.0000e-01    2.6000e+00   -1.5000e+00   -2.5981e+00   -1.5000e+00   -9.8379e-04    4.8397e-04   -8.8508e-04   -1.8714e-04
   3.0000e-01    2.6000e+00   -1.5000e+00   -2.5160e+00   -1.6339e+00   -1.1037e-03   -5.5297e-05   -9.8573e-04   -7.4023e-04
   3.0000e-01    2.6000e+00   -1.5000e+00   -2.4271e+00   -1.7634e+00   -9.3491e-04   -6.0601e-04   -8.4565e-04   -1.2901e-03
   3.0000e-01    2.6000e+00   -1.5000e+00   -2.3314e+00   -1.8880e+00   -4.9042e-04   -1.0112e-03   -4.9441e-04   -1.7437e-03
   3.0000e-01    2.6000e+00   -1.5000e+00   -2.2294e+00   -2.0074e+00    1.3736e-04   -1.1261e-03    1.9579e-04   -1.7966e-03
   3.0000e-01    2.6000e+00   -1.5000e+00   -2.1213e+00   -2.1213e+00    7.5188e-04   -8.6435e-04    8.1206e-04   -1.5116e-03
   3.0000e-01    2.6000e+00   -1.5000e+00   -2.0074e+00   -2.2294e+00    1.1227e-03   -2.8146e-04    1.1423e-03   -9.4085e-04
   3.0000e-01    2.6000e+00   -1.5000e+00   -1.8880e+00   -2.3314e+00    1.0863e-03    4.3454e-04    1.0796e-03   -2.0932e-04
   3.0000e-01    2.6000e+00   -1.5000e+00   -1.7634e+00   -2.4271e+00    6.0493e-04    1.0173e-03    5.7651e-04    4.0817e-04
   3.0000e-01    2.6000e+00   -1.5000e+00   -1.6339e+00   -2.5160e+00   -1.6376e-04    1.1868e-03   -1.8633e-04    6.1791e-04
   3.0000e-01    2.6000e+00   -1.5000e+00   -1.5000e+00   -2.5981e+00   -8.9054e-04    8.2425e-04   -9.2231e-04    2.6882e-04
   3.0000e-01    2.6000e+00   -1.5000e+00   -1.3620e+00   -2.6730e+00   -1.2285e-03    5.3084e-05   -1.2621e-03   -3.9326e-04
   3.0000e-01    2.6000e+00   -1.5000e+00   -1.2202e+00   -2.7406e+00   -9.6513e-04   -7.9030e-04   -1.0085e-03   -1.2035e-03
   3.0000e-01    2.6000e+00   -1.5000e+00   -1.0751e+00   -2.8007e+00   -1.8057e-04   -1.2532e-03   -2.6137e-04   -1.5717e-03
   3.0000e-01    2.6000e+00   -1.5000e+00   -9.2705e-01   -2.8532e+00    7.4694e-04   -1.0471e-03    6.6965e-04   -1.2846e-03
   3.0000e-01    2.6000e+00   -1.5000e+00   -7.7646e-01   -2.8978e+00    1.2864e-03   -2.3480e-04    1.1670e-03   -4.8852e-04
   3.0000e-01    2.6000e+00   -1.5000e+00   -6.2374e-01   -2.9344e+00    1.0907e-03    7.6233e-04    9.7865e-04    5.3892e-04
   3.0000e-01    2.6000e+00   -1.5000e+00   -4.6930e-01   -2.9631e+00    2.0512e-04    1.3401e-03    1.0477e-04    1.1686e-03
   3.0000e-01    2.6000e+00   -1.5000e+00   -3.1359e-01   -2.9836e+00   -8.6198e-04    1.0810e-03   -9.1044e-04    9.2833e-04
   3.0000e-01    2.6000e+00   -1.5000e+00   -1.5701e-01   -2.9959e+00   -1.4085e-03    9.1961e-05   -1.4537e-03    -3.5657e-05
   3.0000e-01    2.6000e+00   -1.5000e+00    0.0000e+00   -3.0000e+00   -1.0295e-03   -1.0107e-03   -1.0930e-03   -1.0283e-03
   3.0000e-01    2.6000e+00   -1.5000e+00    1.5701e-01   -2.9959e+00    1.0645e-04   -1.4730e-03    8.3967e-05   -1.4981e-03
   3.0000e-01    2.6000e+00   -1.5000e+00    3.1359e-01   -2.9836e+00    1.2268e-03   -8.8720e-04    1.2273e-03   -8.8494e-04
   3.0000e-01    2.6000e+00   -1.5000e+00    4.6930e-01   -2.9631e+00    1.5023e-03    4.0018e-04    1.5238e-03    4.4033e-04
   3.0000e-01    2.6000e+00   -1.5000e+00    6.2374e-01   -2.9344e+00    6.3846e-04    1.4667e-03    6.3427e-04    1.4723e-03
   3.0000e-01    2.6000e+00   -1.5000e+00    7.7646e-01   -2.8978e+00   -7.8153e-04    1.4519e-03   -7.1131e-04    1.4860e-03
   3.0000e-01    2.6000e+00   -1.5000e+00    9.2705e-01   -2.8532e+00   -1.6815e-03    2.7364e-04   -1.5871e-03    3.2528e-04
   3.0000e-01    2.6000e+00   -1.5000e+00    1.0751e+00   -2.8007e+00   -1.2689e-03   -1.2275e-03   -1.1779e-03   -1.2563e-03
   3.0000e-01    2.6000e+00   -1.5000e+00    1.2202e+00   -2.7406e+00    2.4186e-04   -1.8186e-03    4.1307e-04   -1.8128e-03
   3.0000e-01    2.6000e+00   -1.5000e+00    1.3620e+00   -2.6730e+00    1.6862e-03   -9.0466e-04    1.8319e-03   -9.0515e-04
   3.0000e-01    2.6000e+00   -1.5000e+00    1.5000e+00   -2.5981e+00    1.7992e-03    8.8287e-04    1.9756e-03    9.0292e-04
   4.0000e-01    3.0000e+00    0.0000e+00    2.5981e+00    1.5000e+00   -2.1743e-03   -7.9775e-04   -1.9353e-03   -8.3227e-04
   4.0000e-01    3.0000e+00    0.0000e+00    2.5160e+00    1.6339e+00   -1.3484e-03    1.7520e-03   -1.0811e-03    1.6777e-03
   4.0000e-01    3.0000e+00    0.0000e+00    2.4271e+00    1.7634e+00    1.2053e-03    1.7432e-03    1.5266e-03    1.5454e-03
   4.0000e-01    3.0000e+00    0.0000e+00    2.3314e+00    1.8880e+00    1.9588e-03   -5.6680e-04    2.2241e-03   -7.0978e-04
   4.0000e-01    3.0000e+00    0.0000e+00    2.2294e+00    2.0074e+00    1.1527e-04   -1.9650e-03    4.3105e-04   -2.1731e-03
   4.0000e-01    3.0000e+00    0.0000e+00    2.1213e+00    2.1213e+00   -1.7497e-03   -7.5343e-04   -1.3816e-03   -9.9362e-04
   4.0000e-01    3.0000e+00    0.0000e+00    2.0074e+00    2.2294e+00   -1.2785e-03    1.3340e-03   -9.2444e-04    1.1016e-03
   4.0000e-01    3.0000e+00    0.0000e+00    1.8880e+00    2.3314e+00    7.5192e-04    1.6308e-03    1.0909e-03    1.3279e-03
   4.0000e-01    3.0000e+00    0.0000e+00    1.7634e+00    2.4271e+00    1.7477e-03   -6.6354e-05    2.0624e-03   -3.1969e-04
   4.0000e-01    3.0000e+00    0.0000e+00    1.6339e+00    2.5160e+00    6.1360e-04   -1.5920e-03    9.3278e-04   -1.8835e-03
   4.0000e-01    3.0000e+00    0.0000e+00    1.5000e+00    2.5981e+00   -1.1750e-03   -1.1819e-03   -9.1407e-04   -1.6030e-03
   4.0000e-01    3.0000e+00    0.0000e+00    1.3620e+00    2.6730e+00   -1.5368e-03    5.4430e-04   -1.3315e-03    1.5794e-04
   4.0000e-01    3.0000e+00    0.0000e+00    1.2202e+00    2.7406e+00   -1.8388e-04    1.5864e-03    4.4171e-05    1.2295e-03
   4.0000e-01    3.0000e+00    0.0000e+00    1.0751e+00    2.8007e+00    1.2982e-03    8.7598e-04    1.4426e-03    4.2707e-04
   4.0000e-01    3.0000e+00    0.0000e+00    9.2705e-01    2.8532e+00    1.3601e-03   -7.1613e-04    1.4397e-03   -1.1535e-03
   4.0000e-01    3.0000e+00    0.0000e+00    7.7646e-01    2.8978e+00    4.8948e-05   -1.5096e-03    5.7079e-05   -1.9900e-03
   4.0000e-01    3.0000e+00    0.0000e+00    6.2374e-01    2.9344e+00   -1.2476e-03   -8.0684e-04   -1.2669e-03   -1.2413e-03
   4.0000e-01    3.0000e+00    0.0000e+00    4.6930e-01    2.9631e+00   -1.3224e-03    6.2450e-04   -1.3838e-03    1.4116e-04
   4.0000e-01    3.0000e+00    0.0000e+00    3.1359e-01    2.9836e+00   -2.0201e-04    1.4265e-03   -3.8812e-04    1.1490e-03
   4.0000e-01    3.0000e+00    0.0000e+00    1.5701e-01    2.9959e+00    1.0432e-03    9.6430e-04    8.1635e-04    5.7613e-04
   4.0000e-01    3.0000e+00    0.0000e+00    0.0000e+00    3.0000e+00    1.3724e-03   -2.8451e-04    1.1477e-03   -6.9655e-04
   4.0000e-01    3.0000e+00    0.0000e+00   -1.5701e-01    2.9959e+00    6.1213e-04   -1.2412e-03    3.9928e-04   -1.5927e-03
   4.0000e-01    3.0000e+00    0.0000e+00   -3.1359e-01    2.9836e+00   -5.7218e-04   -1.2418e-03   -8.7937e-04   -1.4900e-03
   4.0000e-01    3.0000e+00    0.0000e+00   -4.6930e-01    2.9631e+00   -1.3042e-03   -3.5471e-04   -1.6777e-03   -6.5373e-04
   4.0000e-01    3.0000e+00    0.0000e+00   -6.2374e-01    2.9344e+00   -1.1193e-03    7.3117e-04   -1.4988e-03    4.3717e-04
   4.0000e-01    3.0000e+00    0.0000e+00   -7.7646e-01    2.8978e+00   -2.3299e-04    1.3025e-03   -6.0613e-04    1.1210e-03
   4.0000e-01    3.0000e+00    0.0000e+00   -9.2705e-01    2.8532e+00    7.4433e-04    1.0785e-03    3.5730e-04    9.4496e-04
   4.0000e-01    3.0000e+00    0.0000e+00   -1.0751e+00    2.8007e+00    1.2718e-03    2.6183e-04    9.0460e-04    1.6112e-04
   4.0000e-01    3.0000e+00    0.0000e+00   -1.2202e+00    2.7406e+00    1.1121e-03   -6.4803e-04    7.0159e-04   -6.6967e-04
   4.0000e-01    3.0000e+00    0.0000e+00   -1.3620e+00    2.6730e+00    4.2008e-04   -1.2051e-03    -4.6087e-06   -1.1722e-03
   4.0000e-01    3.0000e+00    0.0000e+00   -1.5000e+00    2.5981e+00   -4.1423e-04   -1.1969e-03   -8.1297e-04   -1.1421e-03
   4.0000e-01    3.0000e+00    0.0000e+00   -1.6339e+00    2.5160e+00   -1.0392e-03   -7.0757e-04   -1.3516e-03   -7.2146e-04
   4.0000e-01    3.0000e+00    0.0000e+00   -1.7634e+00    2.4271e+00   -1.2482e-03    2.4710e-05   -1.6256e-03    1.3332e-04
   4.0000e-01    3.0000e+00    0.0000e+00   -1.8880e+00    2.3314e+00   -1.0189e-03    7.0739e-04   -1.3096e-03    8.6980e-04
   4.0000e-01    3.0000e+00    0.0000e+00   -2.0074e+00    2.2294e+00   -5.0287e-04    1.1258e-03   -7.4212e-04    1.2971e-03
   4.0000e-01    3.0000e+00    0.0000e+00   -2.1213e+00    2.1213e+00    1.1730e-04    1.2206e-03   -2.0022e-04    1.4910e-03
   4.0000e-01    3.0000e+00    0.0000e+00   -2.2294e+00    2.0074e+00    6.7754e-04    1.0143e-03    3.8107e-04    1.3397e-03
   4.0000e-01    3.0000e+00    0.0000e+00   -2.3314e+00    1.8880e+00    1.0529e-03    6.0373e-04    7.3572e-04    9.4635e-04
   4.0000e-01    3.0000e+00    0.0000e+00   -2.4271e+00    1.7634e+00    1.2019e-03    1.2507e-04    9.1538e-04    5.4473e-04
   4.0000e-01    3.0000e+00    0.0000e+00   -2.5160e+00    1.6339e+00    1.1556e-03   -3.3655e-04    8.2339e-04    2.1175e-04
   4.0000e-01    3.0000e+00    0.0000e+00   -2.5981e+00    1.5000e+00    9.5855e-04   -7.2032e-04    6.8312e-04   -6.4034e-05
   4.0000e-01    3.0000e+00    0.0000e+00   -2.6730e+00    1.3620e+00    6.7571e-04   -9.8563e-04    3.6286e-04   -2.8022e-04
   4.0000e-01    3.0000e+00    0.0000e+00   -2.7406e+00    1.2202e+00    3.6684e-04   -1.1338e-03    1.2186e-04   -3.8515e-04
   4.0000e-01    3.0000e+00    0.0000e+00   -2.8007e+00    1.0751e+00    6.7580e-05   -1.1866e-03   -2.1558e-04   -3.6047e-04
   4.0000e-01    3.0000e+00    0.0000e+00   -2.8532e+00    9.2705e-01   -1.9547e-04   -1.1695e-03   -4.1133e-04   -2.8950e-04
   4.0000e-01    3.0000e+00    0.0000e+00   -2.8978e+00    7.7646e-01   -4.1515e-04   -1.1082e-03   -6.2499e-04   -1.6418e-04
   4.0000e-01    3.0000e+00    0.0000e+00   -2.9344e+00    6.2374e-01   -5.7669e-04   -1.0315e-03   -7.5374e-04   -2.5023e-05
   4.0000e-01    3.0000e+00    0.0000e+00   -2.9631e+00    4.6930e-01   -6.9606e-04   -9.5308e-04   -9.4391e-04    3.3170e-05
   4.0000e-01    3.0000e+00    0.0000e+00   -2.9836e+00    3.1359e-01   -7.7087e-04   -8.9239e-04   -1.0704e-03    2.0020e-04
   4.0000e-01    3.0000e+00    0.0000e+00   -2.9959e+00    1.5701e-01   -8.1703e-04   -8.4967e-04   -1.0683e-03    2.5883e-04
   4.0000e-01    3.0000e+00    0.0000e+00   -3.0000e+00    0.0000e+00   -8.3757e-04   -8.2903e-04   -1.0978e-03    2.7112e-04
   4.0000e-01    3.0000e+00    0.0000e+00   -2.9959e+00   -1.5701e-01   -8.1703e-04   -8.4967e-04   -1.0834e-03    2.5936e-04
   4.0000e-01    3.0000e+00    0.0000e+00   -2.9836e+00   -3.1359e-01   -7.7087e-04   -8.9239e-04   -1.0243e-03    2.5679e-04
   4.0000e-01    3.0000e+00    0.0000e+00   -2.9631e+00   -4.6930e-01   -6.9606e-04   -9.5308e-04   -9.6346e-04    1.3731e-04
   4.0000e-01    3.0000e+00    0.0000e+00   -2.9344e+00   -6.2374e-01   -5.7669e-04   -1.0315e-03   -8.5978e-04   -4.3800e-05
   4.0000e-01    3.0000e+00    0.0000e+00   -2.8978e+00   -7.7646e-01   -4.1515e-04   -1.1082e-03   -6.8943e-04   -1.0567e-04
   4.0000e-01    3.0000e+00    0.0000e+00   -2.8532e+00   -9.2705e-01   -1.9547e-04   -1.1695e-03   -4.2839e-04   -2.7001e-04
   4.0000e-01    3.0000e+00    0.0000e+00   -2.8007e+00   -1.0751e+00    6.7580e-05   -1.1866e-03   -1.7597e-04   -3.9882e-04
   4.0000e-01    3.0000e+00    0.0000e+00   -2.7406e+00   -1.2202e+00    3.6684e-04   -1.1338e-03    1.6309e-04   -3.2060e-04
   4.0000e-01    3.0000e+00    0.0000e+00   -2.6730e+00   -1.3620e+00    6.7571e-04   -9.8563e-04    4.1318e-04   -2.9577e-04
   4.0000e-01    3.0000e+00    0.0000e+00   -2.5981e+00   -1.5000e+00    9.5855e-04   -7.2032e-04    7.1252e-04   -1.0991e-04
   4.0000e-01    3.0000e+00    0.0000e+00   -2.5160e+00   -1.6339e+00    1.1556e-03   -3.3655e-04    8.6572e-04    1.8964e-04
   4.0000e-01    3.0000e+00    0.0000e+00   -2.4271e+00   -1.7634e+00    1.2019e-03    1.2507e-04    8.9805e-04    5.8372e-04
   4.0000e-01    3.0000e+00    0.0000e+00   -2.3314e+00   -1.8880e+00    1.0529e-03    6.0373e-04    7.8078e-04    1.0034e-03
   4.0000e-01    3.0000e+00    0.0000e+00   -2.2294e+00   -2.0074e+00    6.7754e-04    1.0143e-03    3.4546e-04    1.3374e-03
   4.0000e-01    3.0000e+00    0.0000e+00   -2.1213e+00   -2.1213e+00    1.1730e-04    1.2206e-03   -2.7076e-04    1.5652e-03
   4.0000e-01    3.0000e+00    0.0000e+00   -2.0074e+00   -2.2294e+00   -5.0287e-04    1.1258e-03   -8.2684e-04    1.3885e-03
   4.0000e-01    3.0000e+00    0.0000e+00   -1.8880e+00   -2.3314e+00   -1.0189e-03    7.0739e-04   -1.3949e-03    9.4092e-04
   4.0000e-01    3.0000e+00    0.0000e+00   -1.7634e+00   -2.4271e+00   -1.2482e-03    2.4710e-05   -1.6128e-03    2.0415e-04
   4.0000e-01    3.0000e+00    0.0000e+00   -1.6339e+00   -2.5160e+00   -1.0392e-03   -7.0757e-04   -1.4218e-03   -6.3675e-04
   4.0000e-01    3.0000e+00    0.0000e+00   -1.5000e+00   -2.5981e+00   -4.1423e-04   -1.1969e-03   -8.2575e-04   -1.1683e-03
   4.0000e-01    3.0000e+00    0.0000e+00   -1.3620e+00   -2.6730e+00    4.2008e-04   -1.2051e-03    3.0555e-05   -1.1685e-03
   4.0000e-01    3.0000e+00    0.0000e+00   -1.2202e+00   -2.7406e+00    1.1121e-03   -6.4803e-04    7.6954e-04   -7.1280e-04
   4.0000e-01    3.0000e+00    0.0000e+00   -1.0751e+00   -2.8007e+00    1.2718e-03    2.6183e-04    9.1808e-04    4.4514e-05
   4.0000e-01    3.0000e+00    0.0000e+00   -9.2705e-01   -2.8532e+00    7.4433e-04    1.0785e-03    3.3237e-04    9.2947e-04
   4.0000e-01    3.0000e+00    0.0000e+00   -7.7646e-01   -2.8978e+00   -2.3299e-04    1.3025e-03   -5.8280e-04    1.1191e-03
   4.0000e-01    3.0000e+00    0.0000e+00   -6.2374e-01   -2.9344e+00   -1.1193e-03    7.3117e-04   -1.4877e-03    4.7193e-04
   4.0000e-01    3.0000e+00    0.0000e+00   -4.6930e-01   -2.9631e+00   -1.3042e-03   -3.5471e-04   -1.6780e-03   -5.6256e-04
   4.0000e-01    3.0000e+00    0.0000e+00   -3.1359e-01   -2.9836e+00   -5.7218e-04   -1.2418e-03   -8.4225e-04   -1.5095e-03
   4.0000e-01    3.0000e+00    0.0000e+00   -1.5701e-01   -2.9959e+00    6.1213e-04   -1.2412e-03    3.3377e-04   -1.6106e-03
   4.0000e-01    3.0000e+00    0.0000e+00    0.0000e+00   -3.0000e+00    1.3724e-03   -2.8451e-04    1.1522e-03   -6.6002e-04
   4.0000e-01    3.0000e+00    0.0000e+00    1.5701e-01   -2.9959e+00    1.0432e-03    9.6430e-04    8.4504e-04    5.6421e-04
   4.0000e-01    3.0000e+00    0.0000e+00    3.1359e-01   -2.9836e+00   -2.0201e-04    1.4265e-03   -3.6927e-04    9.7665e-04
   4.0000e-01    3.0000e+00    0.0000e+00    4.6930e-01   -2.9631e+00   -1.3224e-03    6.2450e-04   -1.4237e-03    1.4407e-04
   4.0000e-01    3.0000e+00    0.0000e+00    6.2374e-01   -2.9344e+00   -1.2476e-03   -8.0684e-04   -1.2618e-03   -1.2082e-03
   4.0000e-01    3.0000e+00    0.0000e+00    7.7646e-01   -2.8978e+00    4.8948e-05   -1.5096e-03    3.7010e-05   -2.0126e-03
   4.0000e-01    3.0000e+00    0.0000e+00    9.2705e-01   -2.8532e+00    1.3601e-03   -7.1613e-04    1.4498e-03   -1.1344e-03
   4.0000e-01    3.0000e+00    0.0000e+00    1.0751e+00   -2.8007e+00    1.2982e-03    8.7598e-04    1.4272e-03    4.0884e-04
   4.0000e-01    3.0000e+00    0.0000e+00    1.2202e+00   -2.7406e+00   -1.8388e-04    1.5864e-03   -7.8652e-05    1.2515e-03
   4.0000e-01    3.0000e+00    0.0000e+00    1.3620e+00   -2.6730e+00   -1.5368e-03    5.4430e-04   -1.3220e-03    1.8293e-04
   4.0000e-01    3.0000e+00    0.0000e+00    1.5000e+00   -2.5981e+00   -1.1750e-03   -1.1819e-03   -9.1371e-04   -1.5223e-03
   4.0000e-01    3.0000e+00    0.0000e+00    1.6339e+00   -2.5160e+00    6.1360e-04   -1.5920e-03    8.6327e-04   -1.9372e-03
   4.0000e-01    3.0000e+00    0.0000e+00    1.7634e+00   -2.4271e+00    1.7477e-03   -6.6354e-05    2.0181e-03   -4.0798e-04
   4.0000e-01    3.0000e+00    0.0000e+00    1.8880e+00   -2.3314e+00    7.5192e-04    1.6308e-03    1.0616e-03    1.2906e-03
   4.0000e-01    3.0000e+00    0.0000e+00    2.0074e+00   -2.2294e+00   -1.2785e-03    1.3340e-03   -9.5033e-04    1.0698e-03
   4.0000e-01    3.0000e+00    0.0000e+00    2.1213e+00   -2.1213e+00   -1.7497e-03   -7.5343e-04   -1.4506e-03   -9.6136e-04
   4.0000e-01    3.0000e+00    0.0000e+00    2.2294e+00   -2.0074e+00    1.1527e-04   -1.9650e-03    4.4640e-04   -2.1687e-03
   4.0000e-01    3.0000e+00    0.0000e+00    2.3314e+00   -1.8880e+00    1.9588e-03   -5.6680e-04    2.3455e-03   -6.8086e-04
   4.0000e-01    3.0000e+00    0.0000e+00    2.4271e+00   -1.7634e+00    1.2053e-03    1.7432e-03    1.5302e-03    1.6231e-03
   4.0000e-01    3.0000e+00    0.0000e+00    2.5160e+00   -1.6339e+00   -1.3484e-03    1.7520e-03   -1.0676e-03    1.7057e-03
   4.0000e-01    3.0000e+00    0.0000e+00    2.5981e+00   -1.5000e+00   -2.1743e-03   -7.9775e-04   -2.0082e-03   -8.7019e-04
   4.0000e-01    2.6000e+00    1.5000e+00    3.0000e+00    0.0000e+00   -2.1761e-03   -7.9174e-04   -1.8611e-03   -8.5727e-04
   4.0000e-01    2.6000e+00    1.5000e+00    1.5000e+00    2.5981e+00   -2.1833e-03   -7.6948e-04   -1.9210e-03   -5.3409e-04
   4.0000e-01    2.6000e+00    1.5000e+00    1.3620e+00    2.6730e+00   -1.3295e-03    1.7655e-03   -1.0706e-03    1.9039e-03
   4.0000e-01    2.6000e+00    1.5000e+00    1.2202e+00    2.7406e+00    1.2236e-03    1.7301e-03    1.3972e-03    1.8796e-03
   4.0000e-01    2.6000e+00    1.5000e+00    1.0751e+00    2.8007e+00    1.9540e-03   -5.8306e-04    2.1616e-03   -6.4285e-04
   4.0000e-01    2.6000e+00    1.5000e+00    9.2705e-01    2.8532e+00    8.0721e-05   -1.9659e-03    2.7256e-04   -2.0079e-03
   4.0000e-01    2.6000e+00    1.5000e+00    7.7646e-01    2.8978e+00   -1.7603e-03   -7.2619e-04   -1.5491e-03   -8.1504e-04
   4.0000e-01    2.6000e+00    1.5000e+00    6.2374e-01    2.9344e+00   -1.2680e-03    1.3436e-03   -1.0747e-03    1.1880e-03
   4.0000e-01    2.6000e+00    1.5000e+00    4.6930e-01    2.9631e+00    7.6992e-04    1.6221e-03    9.5859e-04    1.3698e-03
   4.0000e-01    2.6000e+00    1.5000e+00    3.1359e-01    2.9836e+00    1.7458e-03   -9.4569e-05    1.8917e-03   -3.7297e-04
   4.0000e-01    2.6000e+00    1.5000e+00    1.5701e-01    2.9959e+00    5.9040e-04   -1.6001e-03    7.1408e-04   -1.8423e-03
   4.0000e-01    2.6000e+00    1.5000e+00    0.0000e+00    3.0000e+00   -1.1975e-03   -1.1583e-03   -9.8659e-04   -1.4216e-03
   4.0000e-01    2.6000e+00    1.5000e+00   -1.5701e-01    2.9959e+00   -1.5295e-03    5.6347e-04   -1.3855e-03    2.5758e-04
   4.0000e-01    2.6000e+00    1.5000e+00   -3.1359e-01    2.9836e+00   -1.7212e-04    1.5873e-03   -2.9930e-05    1.3576e-03
   4.0000e-01    2.6000e+00    1.5000e+00   -4.6930e-01    2.9631e+00    1.3105e-03    8.5643e-04    1.4755e-03    6.7516e-04
   4.0000e-01    2.6000e+00    1.5000e+00   -6.2374e-01    2.9344e+00    1.3489e-03   -7.3627e-04    1.4387e-03   -9.5627e-04
   4.0000e-01    2.6000e+00    1.5000e+00   -7.7646e-01    2.8978e+00    2.5923e-05   -1.5097e-03    8.0062e-05   -1.7302e-03
   4.0000e-01    2.6000e+00    1.5000e+00   -9.2705e-01    2.8532e+00   -1.2580e-03   -7.8959e-04   -1.1916e-03   -9.1567e-04
   4.0000e-01    2.6000e+00    1.5000e+00   -1.0751e+00    2.8007e+00   -1.3125e-03    6.4443e-04   -1.2978e-03    5.3097e-04
   4.0000e-01    2.6000e+00    1.5000e+00   -1.2202e+00    2.7406e+00   -1.8055e-04    1.4292e-03   -1.8332e-04    1.4249e-03
   4.0000e-01    2.6000e+00    1.5000e+00   -1.3620e+00    2.6730e+00    1.0637e-03    9.4059e-04    1.0371e-03    1.0312e-03
   4.0000e-01    2.6000e+00    1.5000e+00   -1.5000e+00    2.5981e+00    1.3693e-03   -2.9762e-04    1.2006e-03   -1.5125e-04
   4.0000e-01    2.6000e+00    1.5000e+00   -1.6339e+00    2.5160e+00    5.9038e-04   -1.2511e-03    3.8564e-04   -1.0025e-03
   4.0000e-01    2.6000e+00    1.5000e+00   -1.7634e+00    2.4271e+00   -6.0332e-04   -1.2263e-03   -8.5200e-04   -9.9897e-04
   4.0000e-01    2.6000e+00    1.5000e+00   -1.8880e+00    2.3314e+00   -1.3117e-03   -3.2360e-04   -1.6416e-03   -8.1954e-05
   4.0000e-01    2.6000e+00    1.5000e+00   -2.0074e+00    2.2294e+00   -1.1082e-03    7.4689e-04   -1.4458e-03    1.1692e-03
   4.0000e-01    2.6000e+00    1.5000e+00   -2.1213e+00    2.1213e+00   -2.1792e-04    1.3048e-03   -7.4076e-04    1.6729e-03
   4.0000e-01    2.6000e+00    1.5000e+00   -2.2294e+00    2.0074e+00    7.6883e-04    1.0606e-03    2.4400e-04    1.4500e-03
   4.0000e-01    2.6000e+00    1.5000e+00   -2.3314e+00    1.8880e+00    1.2768e-03    2.3187e-04    7.4545e-04    7.2155e-04
   4.0000e-01    2.6000e+00    1.5000e+00   -2.4271e+00    1.7634e+00    1.0995e-03   -6.6784e-04    4.5645e-04   -1.2953e-04
   4.0000e-01    2.6000e+00    1.5000e+00   -2.5160e+00    1.6339e+00    4.0737e-04   -1.2093e-03   -2.7130e-04   -7.4599e-04
   4.0000e-01    2.6000e+00    1.5000e+00   -2.5981e+00    1.5000e+00   -4.3574e-04   -1.1886e-03   -1.1361e-03   -7.2985e-04
   4.0000e-01    2.6000e+00    1.5000e+00   -2.6730e+00    1.3620e+00   -1.0538e-03   -6.8481e-04   -1.7284e-03   -1.6294e-04
   4.0000e-01    2.6000e+00    1.5000e+00   -2.7406e+00    1.2202e+00   -1.2475e-03    4.4210e-05   -1.9994e-03    5.4068e-04
   4.0000e-01    2.6000e+00    1.5000e+00   -2.8007e+00    1.0751e+00   -1.0121e-03    7.1689e-04   -1.7768e-03    1.2373e-03
   4.0000e-01    2.6000e+00    1.5000e+00   -2.8532e+00    9.2705e-01   -4.8304e-04    1.1341e-03   -1.2389e-03    1.6514e-03
   4.0000e-01    2.6000e+00    1.5000e+00   -2.8978e+00    7.7646e-01    1.4582e-04    1.2170e-03   -5.3822e-04    1.7681e-03
   4.0000e-01    2.6000e+00    1.5000e+00   -2.9344e+00    6.2374e-01    6.9145e-04    1.0045e-03    1.2004e-04    1.5737e-03
   4.0000e-01    2.6000e+00    1.5000e+00   -2.9631e+00    4.6930e-01    1.0585e-03    5.9339e-04    5.1239e-04    1.1203e-03
   4.0000e-01    2.6000e+00    1.5000e+00   -2.9836e+00    3.1359e-01    1.2032e-03    1.1026e-04    7.3026e-04    6.7993e-04
   4.0000e-01    2.6000e+00    1.5000e+00   -2.9959e+00    1.5701e-01    1.1499e-03   -3.5504e-04    8.0150e-04    2.1694e-04
   4.0000e-01    2.6000e+00    1.5000e+00   -3.0000e+00    0.0000e+00    9.4369e-04   -7.3949e-04    6.4746e-04   -1.1077e-04
   4.0000e-01    2.6000e+00    1.5000e+00   -2.9959e+00   -1.5701e-01    6.6621e-04   -9.9212e-04    5.6259e-04   -2.7024e-04
   4.0000e-01    2.6000e+00    1.5000e+00   -2.9836e+00   -3.1359e-01    3.5608e-04   -1.1370e-03    3.4218e-04   -4.9074e-04
   4.0000e-01    2.6000e+00    1.5000e+00   -2.9631e+00   -4.6930e-01    4.9619e-05   -1.1873e-03    1.7627e-04   -4.9905e-04
   4.0000e-01    2.6000e+00    1.5000e+00   -2.9344e+00   -6.2374e-01   -2.1394e-04   -1.1662e-03   -5.8819e-05   -3.9114e-04
   4.0000e-01    2.6000e+00    1.5000e+00   -2.8978e+00   -7.7646e-01   -4.3067e-04   -1.1021e-03   -1.9068e-04   -2.7496e-04
   4.0000e-01    2.6000e+00    1.5000e+00   -2.8532e+00   -9.2705e-01   -5.8897e-04   -1.0243e-03   -2.0457e-04   -1.7267e-04
   4.0000e-01    2.6000e+00    1.5000e+00   -2.8007e+00   -1.0751e+00   -7.0843e-04   -9.4407e-04   -2.6484e-04   -3.9256e-05
   4.0000e-01    2.6000e+00    1.5000e+00   -2.7406e+00   -1.2202e+00   -7.8637e-04   -8.7892e-04   -2.1744e-04    1.2332e-05
   4.0000e-01    2.6000e+00    1.5000e+00   -2.6730e+00   -1.3620e+00   -8.3304e-04   -8.3365e-04   -1.8518e-04    -4.5183e-06
   4.0000e-01    2.6000e+00    1.5000e+00   -2.5981e+00   -1.5000e+00   -8.4487e-04   -8.2143e-04   -1.7908e-04    1.2780e-04
   4.0000e-01    2.6000e+00    1.5000e+00   -2.5160e+00   -1.6339e+00   -8.2731e-04   -8.3950e-04   -1.8423e-04    1.3647e-04
   4.0000e-01    2.6000e+00    1.5000e+00   -2.4271e+00   -1.7634e+00   -7.8645e-04   -8.7864e-04   -8.2901e-05    6.3486e-05
   4.0000e-01    2.6000e+00    1.5000e+00   -2.3314e+00   -1.8880e+00   -7.1412e-04   -9.3963e-04   -3.9071e-05    1.8449e-05
   4.0000e-01    2.6000e+00    1.5000e+00   -2.2294e+00   -2.0074e+00   -5.8980e-04   -1.0240e-03    7.0468e-05   -3.0087e-05
   4.0000e-01    2.6000e+00    1.5000e+00   -2.1213e+00   -2.1213e+00   -4.1965e-04   -1.1066e-03    1.5938e-04   -1.3512e-04
   4.0000e-01    2.6000e+00    1.5000e+00   -2.0074e+00   -2.2294e+00   -2.0979e-04   -1.1670e-03    2.8304e-04   -2.7782e-04
   4.0000e-01    2.6000e+00    1.5000e+00   -1.8880e+00   -2.3314e+00    4.5286e-05   -1.1875e-03    4.5702e-04   -3.6207e-04
   4.0000e-01    2.6000e+00    1.5000e+00   -1.7634e+00   -2.4271e+00    3.5316e-04   -1.1380e-03    7.7215e-04   -2.9727e-04
   4.0000e-01    2.6000e+00    1.5000e+00   -1.6339e+00   -2.5160e+00    6.7109e-04   -9.8895e-04    9.7314e-04   -3.2441e-04
   4.0000e-01    2.6000e+00    1.5000e+00   -1.5000e+00   -2.5981e+00    9.5167e-04   -7.2950e-04    1.2010e-03   -1.1599e-04
   4.0000e-01    2.6000e+00    1.5000e+00   -1.3620e+00   -2.6730e+00    1.1496e-03   -3.5574e-04    1.2713e-03    2.0473e-04
   4.0000e-01    2.6000e+00    1.5000e+00   -1.2202e+00   -2.7406e+00    1.2031e-03    1.1482e-04    1.2685e-03    4.8341e-04
   4.0000e-01    2.6000e+00    1.5000e+00   -1.0751e+00   -2.8007e+00    1.0544e-03    6.0144e-04    9.9301e-04    9.4213e-04
   4.0000e-01    2.6000e+00    1.5000e+00   -9.2705e-01   -2.8532e+00    6.8221e-04    1.0111e-03    4.9794e-04    1.1962e-03
   4.0000e-01    2.6000e+00    1.5000e+00   -7.7646e-01   -2.8978e+00    1.3649e-04    1.2184e-03   -7.7737e-05    1.3575e-03
   4.0000e-01    2.6000e+00    1.5000e+00   -6.2374e-01   -2.9344e+00   -4.9114e-04    1.1310e-03   -7.8810e-04    1.1951e-03
   4.0000e-01    2.6000e+00    1.5000e+00   -4.6930e-01   -2.9631e+00   -1.0180e-03    7.0874e-04   -1.3444e-03    6.9802e-04
   4.0000e-01    2.6000e+00    1.5000e+00   -3.1359e-01   -2.9836e+00   -1.2483e-03    2.5146e-05   -1.5296e-03   -6.1042e-05
   4.0000e-01    2.6000e+00    1.5000e+00   -1.5701e-01   -2.9959e+00   -1.0448e-03   -6.9934e-04   -1.3283e-03   -7.9782e-04
   4.0000e-01    2.6000e+00    1.5000e+00    0.0000e+00   -3.0000e+00   -4.3123e-04   -1.1906e-03   -7.4959e-04   -1.4115e-03
   4.0000e-01    2.6000e+00    1.5000e+00    1.5701e-01   -2.9959e+00    4.1838e-04   -1.2058e-03    6.8703e-05   -1.4740e-03
   4.0000e-01    2.6000e+00    1.5000e+00    3.1359e-01   -2.9836e+00    1.1074e-03   -6.5540e-04    8.1330e-04   -9.1547e-04
   4.0000e-01    2.6000e+00    1.5000e+00    4.6930e-01   -2.9631e+00    1.2735e-03    2.5155e-04    1.0185e-03   -3.5768e-06
   4.0000e-01    2.6000e+00    1.5000e+00    6.2374e-01   -2.9344e+00    7.5414e-04    1.0715e-03    5.3672e-04    7.9372e-04
   4.0000e-01    2.6000e+00    1.5000e+00    7.7646e-01   -2.8978e+00   -2.2398e-04    1.3038e-03   -4.3144e-04    1.0383e-03
   4.0000e-01    2.6000e+00    1.5000e+00    9.2705e-01   -2.8532e+00   -1.1146e-03    7.3777e-04   -1.1986e-03    5.0813e-04
   4.0000e-01    2.6000e+00    1.5000e+00    1.0751e+00   -2.8007e+00   -1.3063e-03   -3.4671e-04   -1.3604e-03   -5.0114e-04
   4.0000e-01    2.6000e+00    1.5000e+00    1.2202e+00   -2.7406e+00   -5.8815e-04   -1.2341e-03   -5.6312e-04   -1.4348e-03
   4.0000e-01    2.6000e+00    1.5000e+00    1.3620e+00   -2.6730e+00    6.0104e-04   -1.2461e-03    6.5937e-04   -1.3753e-03
   4.0000e-01    2.6000e+00    1.5000e+00    1.5000e+00   -2.5981e+00    1.3722e-03   -2.8374e-04    1.4816e-03   -3.1330e-04
   4.0000e-01    2.6000e+00    1.5000e+00    1.6339e+00   -2.5160e+00    1.0470e-03    9.5984e-04    1.2213e-03    1.0315e-03
   4.0000e-01    2.6000e+00    1.5000e+00    1.7634e+00   -2.4271e+00   -1.9660e-04    1.4270e-03   -2.5011e-05    1.4736e-03
   4.0000e-01    2.6000e+00    1.5000e+00    1.8880e+00   -2.3314e+00   -1.3172e-03    6.3451e-04   -1.0765e-03    7.7391e-04
   4.0000e-01    2.6000e+00    1.5000e+00    2.0074e+00   -2.2294e+00   -1.2538e-03   -7.9658e-04   -1.0561e-03   -6.2607e-04
   4.0000e-01    2.6000e+00    1.5000e+00    2.1213e+00   -2.1213e+00    5.1079e-05   -1.5095e-03    3.2384e-04   -1.3372e-03
   4.0000e-01    2.6000e+00    1.5000e+00    2.2294e+00   -2.0074e+00    1.3609e-03   -7.1419e-04    1.6021e-03   -4.8590e-04
   4.0000e-01    2.6000e+00    1.5000e+00    2.3314e+00   -1.8880e+00    1.3043e-03    8.6592e-04    1.5711e-03    1.0935e-03
   4.0000e-01    2.6000e+00    1.5000e+00    2.4271e+00   -1.7634e+00   -1.7921e-04    1.5865e-03    3.4257e-05    1.7384e-03
   4.0000e-01    2.6000e+00    1.5000e+00    2.5160e+00   -1.6339e+00   -1.5366e-03    5.4454e-04   -1.3113e-03    7.4682e-04
   4.0000e-01    2.6000e+00    1.5000e+00    2.5981e+00   -1.5000e+00   -1.1741e-03   -1.1830e-03   -9.4078e-04   -1.0154e-03
   4.0000e-01    2.6000e+00    1.5000e+00    2.6730e+00   -1.3620e+00    6.0446e-04   -1.5949e-03    8.3028e-04   -1.4056e-03
   4.0000e-01    2.6000e+00    1.5000e+00    2.7406e+00   -1.2202e+00    1.7479e-03   -6.5610e-05    1.9067e-03    1.1595e-04
   4.0000e-01    2.6000e+00    1.5000e+00    2.8007e+00   -1.0751e+00    7.4655e-04    1.6336e-03    9.0842e-04    1.7197e-03
   4.0000e-01    2.6000e+00    1.5000e+00    2.8532e+00   -9.2705e-01   -1.2896e-03    1.3234e-03   -1.1142e-03    1.4007e-03
   4.0000e-01    2.6000e+00    1.5000e+00    2.8978e+00   -7.7646e-01   -1.7501e-03   -7.5174e-04   -1.6236e-03   -6.8525e-04
   4.0000e-01    2.6000e+00    1.5000e+00    2.9344e+00   -6.2374e-01    1.1054e-04   -1.9652e-03    2.7045e-04   -1.9824e-03
   4.0000e-01    2.6000e+00    1.5000e+00    2.9631e+00   -4.6930e-01    1.9630e-03   -5.5393e-04    2.0604e-03   -5.5295e-04
   4.0000e-01    2.6000e+00    1.5000e+00    2.9836e+00   -3.1359e-01    1.1865e-03    1.7569e-03    1.3638e-03    1.7269e-03
   4.0000e-01    2.6000e+00    1.5000e+00    2.9959e+00   -1.5701e-01   -1.3564e-03    1.7461e-03   -1.1171e-03    1.6048e-03
   4.0000e-01    1.5000e+00    2.6000e+00    3.0000e+00    0.0000e+00   -1.1975e-03   -1.1583e-03   -8.9161e-04   -1.4673e-03
   4.0000e-01    1.5000e+00    2.6000e+00    2.9959e+00    1.5701e-01    5.9040e-04   -1.6001e-03    8.0449e-04   -1.8898e-03
   4.0000e-01    1.5000e+00    2.6000e+00    2.9836e+00    3.1359e-01    1.7458e-03   -9.4569e-05    1.9575e-03   -4.2004e-04
   4.0000e-01    1.5000e+00    2.6000e+00    2.9631e+00    4.6930e-01    7.6992e-04    1.6221e-03    9.9883e-04    1.4577e-03
   4.0000e-01    1.5000e+00    2.6000e+00    2.9344e+00    6.2374e-01   -1.2680e-03    1.3436e-03   -1.0286e-03    1.1726e-03
   4.0000e-01    1.5000e+00    2.6000e+00    2.8978e+00    7.7646e-01   -1.7603e-03   -7.2619e-04   -1.5062e-03   -8.5616e-04
   4.0000e-01    1.5000e+00    2.6000e+00    2.8532e+00    9.2705e-01    8.0721e-05   -1.9659e-03    3.5647e-04   -1.9400e-03
   4.0000e-01    1.5000e+00    2.6000e+00    2.8007e+00    1.0751e+00    1.9540e-03   -5.8306e-04    2.1901e-03   -5.7399e-04
   4.0000e-01    1.5000e+00    2.6000e+00    2.7406e+00    1.2202e+00    1.2236e-03    1.7301e-03    1.4889e-03    1.8525e-03
   4.0000e-01    1.5000e+00    2.6000e+00    2.6730e+00    1.3620e+00   -1.3295e-03    1.7655e-03   -1.0719e-03    1.9885e-03
   4.0000e-01    1.5000e+00    2.6000e+00    2.5981e+00    1.5000e+00   -2.1833e-03   -7.6948e-04   -1.9229e-03   -5.6035e-04
   4.0000e-01    1.5000e+00    2.6000e+00    0.0000e+00    3.0000e+00   -2.1761e-03   -7.9174e-04   -1.8337e-03   -6.4470e-04
   4.0000e-01    1.5000e+00    2.6000e+00   -1.5701e-01    2.9959e+00   -1.3564e-03    1.7461e-03   -1.0775e-03    1.9228e-03
   4.0000e-01    1.5000e+00    2.6000e+00   -3.1359e-01    2.9836e+00    1.1865e-03    1.7569e-03    1.4472e-03    1.9606e-03
   4.0000e-01    1.5000e+00    2.6000e+00   -4.6930e-01    2.9631e+00    1.9630e-03   -5.5393e-04    2.2036e-03   -3.5925e-04
   4.0000e-01    1.5000e+00    2.6000e+00   -6.2374e-01    2.9344e+00    1.1054e-04   -1.9652e-03    3.0754e-04   -1.7518e-03
   4.0000e-01    1.5000e+00    2.6000e+00   -7.7646e-01    2.8978e+00   -1.7501e-03   -7.5174e-04   -1.5562e-03   -4.4854e-04
   4.0000e-01    1.5000e+00    2.6000e+00   -9.2705e-01    2.8532e+00   -1.2896e-03    1.3234e-03   -1.1116e-03    1.6189e-03
   4.0000e-01    1.5000e+00    2.6000e+00   -1.0751e+00    2.8007e+00    7.4655e-04    1.6336e-03    9.2204e-04    1.9852e-03
   4.0000e-01    1.5000e+00    2.6000e+00   -1.2202e+00    2.7406e+00    1.7479e-03   -6.5610e-05    1.9409e-03    3.6839e-04
   4.0000e-01    1.5000e+00    2.6000e+00   -1.3620e+00    2.6730e+00    6.0446e-04   -1.5949e-03    7.0957e-04   -1.2234e-03
   4.0000e-01    1.5000e+00    2.6000e+00   -1.5000e+00    2.5981e+00   -1.1741e-03   -1.1830e-03   -1.0065e-03   -8.5165e-04
   4.0000e-01    1.5000e+00    2.6000e+00   -1.6339e+00    2.5160e+00   -1.5366e-03    5.4454e-04   -1.3390e-03    9.4321e-04
   4.0000e-01    1.5000e+00    2.6000e+00   -1.7634e+00    2.4271e+00   -1.7921e-04    1.5865e-03   -9.1413e-05    2.0241e-03
   4.0000e-01    1.5000e+00    2.6000e+00   -1.8880e+00    2.3314e+00    1.3043e-03    8.6592e-04    1.3236e-03    1.2631e-03
   4.0000e-01    1.5000e+00    2.6000e+00   -2.0074e+00    2.2294e+00    1.3609e-03   -7.1419e-04    1.4035e-03   -3.4449e-04
   4.0000e-01    1.5000e+00    2.6000e+00   -2.1213e+00    2.1213e+00    5.1079e-05   -1.5095e-03    1.2022e-04   -1.1365e-03
   4.0000e-01    1.5000e+00    2.6000e+00   -2.2294e+00    2.0074e+00   -1.2538e-03   -7.9658e-04   -1.2093e-03   -4.0931e-04
   4.0000e-01    1.5000e+00    2.6000e+00   -2.3314e+00    1.8880e+00   -1.3172e-03    6.3451e-04   -1.3155e-03    8.8884e-04
   4.0000e-01    1.5000e+00    2.6000e+00   -2.4271e+00    1.7634e+00   -1.9660e-04    1.4270e-03   -1.8758e-04    1.6478e-03
   4.0000e-01    1.5000e+00    2.6000e+00   -2.5160e+00    1.6339e+00    1.0470e-03    9.5984e-04    9.8562e-04    9.8648e-04
   4.0000e-01    1.5000e+00    2.6000e+00   -2.5981e+00    1.5000e+00    1.3722e-03   -2.8374e-04    1.2714e-03   -1.5537e-04
   4.0000e-01    1.5000e+00    2.6000e+00   -2.6730e+00    1.3620e+00    6.0104e-04   -1.2461e-03    4.2337e-04   -1.1832e-03
   4.0000e-01    1.5000e+00    2.6000e+00   -2.7406e+00    1.2202e+00   -5.8815e-04   -1.2341e-03   -7.5911e-04   -1.2646e-03
   4.0000e-01    1.5000e+00    2.6000e+00   -2.8007e+00    1.0751e+00   -1.3063e-03   -3.4671e-04   -1.4345e-03   -2.8931e-04
   4.0000e-01    1.5000e+00    2.6000e+00   -2.8532e+00    9.2705e-01   -1.1146e-03    7.3777e-04   -1.3895e-03    7.9665e-04
   4.0000e-01    1.5000e+00    2.6000e+00   -2.8978e+00    7.7646e-01   -2.2398e-04    1.3038e-03   -5.3896e-04    1.2398e-03
   4.0000e-01    1.5000e+00    2.6000e+00   -2.9344e+00    6.2374e-01    7.5414e-04    1.0715e-03    4.3726e-04    9.6998e-04
   4.0000e-01    1.5000e+00    2.6000e+00   -2.9631e+00    4.6930e-01    1.2735e-03    2.5155e-04    9.1695e-04    2.6022e-04
   4.0000e-01    1.5000e+00    2.6000e+00   -2.9836e+00    3.1359e-01    1.1074e-03   -6.5540e-04    7.3406e-04   -7.3714e-04
   4.0000e-01    1.5000e+00    2.6000e+00   -2.9959e+00    1.5701e-01    4.1838e-04   -1.2058e-03    2.8228e-05   -1.2135e-03
   4.0000e-01    1.5000e+00    2.6000e+00   -3.0000e+00    0.0000e+00   -4.3123e-04   -1.1906e-03   -8.5029e-04   -1.2464e-03
   4.0000e-01    1.5000e+00    2.6000e+00   -2.9959e+00   -1.5701e-01   -1.0448e-03   -6.9934e-04   -1.4625e-03   -6.4780e-04
   4.0000e-01    1.5000e+00    2.6000e+00   -2.9836e+00   -3.1359e-01   -1.2483e-03    2.5146e-05   -1.5477e-03    2.4924e-04
   4.0000e-01    1.5000e+00    2.6000e+00   -2.9631e+00   -4.6930e-01   -1.0180e-03    7.0874e-04   -1.2846e-03    8.5494e-04
   4.0000e-01    1.5000e+00    2.6000e+00   -2.9344e+00   -6.2374e-01   -4.9114e-04    1.1310e-03   -7.5323e-04    1.4093e-03
   4.0000e-01    1.5000e+00    2.6000e+00   -2.8978e+00   -7.7646e-01    1.3649e-04    1.2184e-03   -2.2402e-05    1.5345e-03
   4.0000e-01    1.5000e+00    2.6000e+00   -2.8532e+00   -9.2705e-01    6.8221e-04    1.0111e-03    5.7822e-04    1.4226e-03
   4.0000e-01    1.5000e+00    2.6000e+00   -2.8007e+00   -1.0751e+00    1.0544e-03    6.0144e-04    1.1046e-03    1.0335e-03
   4.0000e-01    1.5000e+00    2.6000e+00   -2.7406e+00   -1.2202e+00    1.2031e-03    1.1482e-04    1.2552e-03    6.2944e-04
   4.0000e-01    1.5000e+00    2.6000e+00   -2.6730e+00   -1.3620e+00    1.1496e-03   -3.5574e-04    1.2626e-03    1.1620e-04
   4.0000e-01    1.5000e+00    2.6000e+00   -2.5981e+00   -1.5000e+00    9.5167e-04   -7.2950e-04    1.1806e-03   -1.4573e-04
   4.0000e-01    1.5000e+00    2.6000e+00   -2.5160e+00   -1.6339e+00    6.7109e-04   -9.8895e-04    1.0060e-03   -3.1877e-04
   4.0000e-01    1.5000e+00    2.6000e+00   -2.4271e+00   -1.7634e+00    3.5316e-04   -1.1380e-03    7.6834e-04   -4.6511e-04
   4.0000e-01    1.5000e+00    2.6000e+00   -2.3314e+00   -1.8880e+00    4.5286e-05   -1.1875e-03    5.1241e-04   -5.1050e-04
   4.0000e-01    1.5000e+00    2.6000e+00   -2.2294e+00   -2.0074e+00   -2.0979e-04   -1.1670e-03    2.9514e-04   -4.0516e-04
   4.0000e-01    1.5000e+00    2.6000e+00   -2.1213e+00   -2.1213e+00   -4.1965e-04   -1.1066e-03    1.1881e-04   -3.2602e-04
   4.0000e-01    1.5000e+00    2.6000e+00   -2.0074e+00   -2.2294e+00   -5.8980e-04   -1.0240e-03   -3.4198e-05   -2.0018e-04
   4.0000e-01    1.5000e+00    2.6000e+00   -1.8880e+00   -2.3314e+00   -7.1412e-04   -9.3963e-04   -1.5674e-04   -1.1649e-04
   4.0000e-01    1.5000e+00    2.6000e+00   -1.7634e+00   -2.4271e+00   -7.8645e-04   -8.7864e-04   -1.9225e-04   -9.1915e-05
   4.0000e-01    1.5000e+00    2.6000e+00   -1.6339e+00   -2.5160e+00   -8.2731e-04   -8.3950e-04   -2.7018e-04   -5.0470e-05
   4.0000e-01    1.5000e+00    2.6000e+00   -1.5000e+00   -2.5981e+00   -8.4487e-04   -8.2143e-04   -3.3013e-04    5.5144e-05
   4.0000e-01    1.5000e+00    2.6000e+00   -1.3620e+00   -2.6730e+00   -8.3304e-04   -8.3365e-04   -4.4424e-04   -1.4738e-04
   4.0000e-01    1.5000e+00    2.6000e+00   -1.2202e+00   -2.7406e+00   -7.8637e-04   -8.7892e-04   -4.2709e-04   -1.5652e-04
   4.0000e-01    1.5000e+00    2.6000e+00   -1.0751e+00   -2.8007e+00   -7.0843e-04   -9.4407e-04   -4.4897e-04   -2.3156e-04
   4.0000e-01    1.5000e+00    2.6000e+00   -9.2705e-01   -2.8532e+00   -5.8897e-04   -1.0243e-03   -4.1186e-04   -2.7002e-04
   4.0000e-01    1.5000e+00    2.6000e+00   -7.7646e-01   -2.8978e+00   -4.3067e-04   -1.1021e-03   -2.7274e-04   -3.8502e-04
   4.0000e-01    1.5000e+00    2.6000e+00   -6.2374e-01   -2.9344e+00   -2.1394e-04   -1.1662e-03   -1.0103e-04   -5.4821e-04
   4.0000e-01    1.5000e+00    2.6000e+00   -4.6930e-01   -2.9631e+00    4.9619e-05   -1.1873e-03   -1.0958e-04   -4.8782e-04
   4.0000e-01    1.5000e+00    2.6000e+00   -3.1359e-01   -2.9836e+00    3.5608e-04   -1.1370e-03    2.1287e-04   -5.4114e-04
   4.0000e-01    1.5000e+00    2.6000e+00   -1.5701e-01   -2.9959e+00    6.6621e-04   -9.9212e-04    3.6504e-04   -4.6725e-04
   4.0000e-01    1.5000e+00    2.6000e+00    0.0000e+00   -3.0000e+00    9.4369e-04   -7.3949e-04    6.6842e-04   -1.8595e-04
   4.0000e-01    1.5000e+00    2.6000e+00    1.5701e-01   -2.9959e+00    1.1499e-03   -3.5504e-04    6.9653e-04    1.4845e-04
   4.0000e-01    1.5000e+00    2.6000e+00    3.1359e-01   -2.9836e+00    1.2032e-03    1.1026e-04    8.1630e-04    6.8244e-04
   4.0000e-01    1.5000e+00    2.6000e+00    4.6930e-01   -2.9631e+00    1.0585e-03    5.9339e-04    5.9863e-04    1.2137e-03
   4.0000e-01    1.5000e+00    2.6000e+00    6.2374e-01   -2.9344e+00    6.9145e-04    1.0045e-03    2.3092e-04    1.5743e-03
   4.0000e-01    1.5000e+00    2.6000e+00    7.7646e-01   -2.8978e+00    1.4582e-04    1.2170e-03   -3.2039e-04    1.7403e-03
   4.0000e-01    1.5000e+00    2.6000e+00    9.2705e-01   -2.8532e+00   -4.8304e-04    1.1341e-03   -1.0602e-03    1.5519e-03
   4.0000e-01    1.5000e+00    2.6000e+00    1.0751e+00   -2.8007e+00   -1.0121e-03    7.1689e-04   -1.5605e-03    1.1955e-03
   4.0000e-01    1.5000e+00    2.6000e+00    1.2202e+00   -2.7406e+00   -1.2475e-03    4.4210e-05   -1.7506e-03    5.1502e-04
   4.0000e-01    1.5000e+00    2.6000e+00    1.3620e+00   -2.6730e+00   -1.0538e-03   -6.8481e-04   -1.5286e-03   -2.2344e-04
   4.0000e-01    1.5000e+00    2.6000e+00    1.5000e+00   -2.5981e+00   -4.3574e-04   -1.1886e-03   -8.3690e-04   -7.6468e-04
   4.0000e-01    1.5000e+00    2.6000e+00    1.6339e+00   -2.5160e+00    4.0737e-04   -1.2093e-03    3.7957e-07   -9.0992e-04
   4.0000e-01    1.5000e+00    2.6000e+00    1.7634e+00   -2.4271e+00    1.0995e-03   -6.6784e-04    7.8953e-04   -3.2434e-04
   4.0000e-01    1.5000e+00    2.6000e+00    1.8880e+00   -2.3314e+00    1.2768e-03    2.3187e-04    9.5668e-04    6.0610e-04
   4.0000e-01    1.5000e+00    2.6000e+00    2.0074e+00   -2.2294e+00    7.6883e-04    1.0606e-03    5.7511e-04    1.3862e-03
   4.0000e-01    1.5000e+00    2.6000e+00    2.1213e+00   -2.1213e+00   -2.1792e-04    1.3048e-03   -3.5060e-04    1.5162e-03
   4.0000e-01    1.5000e+00    2.6000e+00    2.2294e+00   -2.0074e+00   -1.1082e-03    7.4689e-04   -1.2236e-03    9.2822e-04
   4.0000e-01    1.5000e+00    2.6000e+00    2.3314e+00   -1.8880e+00   -1.3117e-03   -3.2360e-04   -1.2917e-03   -1.4465e-04
   4.0000e-01    1.5000e+00    2.6000e+00    2.4271e+00   -1.7634e+00   -6.0332e-04   -1.2263e-03   -6.0274e-04   -1.1094e-03
   4.0000e-01    1.5000e+00    2.6000e+00    2.5160e+00   -1.6339e+00    5.9038e-04   -1.2511e-03    6.6757e-04   -1.2345e-03
   4.0000e-01    1.5000e+00    2.6000e+00    2.5981e+00   -1.5000e+00    1.3693e-03   -2.9762e-04    1.4981e-03   -3.0956e-04
   4.0000e-01    1.5000e+00    2.6000e+00    2.6730e+00   -1.3620e+00    1.0637e-03    9.4059e-04    1.2111e-03    7.8368e-04
   4.0000e-01    1.5000e+00    2.6000e+00    2.7406e+00   -1.2202e+00   -1.8055e-04    1.4292e-03    2.2335e-05    1.2481e-03
   4.0000e-01    1.5000e+00    2.6000e+00    2.8007e+00   -1.0751e+00   -1.3125e-03    6.4443e-04   -1.1375e-03    3.8675e-04
   4.0000e-01    1.5000e+00    2.6000e+00    2.8532e+00   -9.2705e-01   -1.2580e-03   -7.8959e-04   -1.0258e-03   -1.0677e-03
   4.0000e-01    1.5000e+00    2.6000e+00    2.8978e+00   -7.7646e-01    2.5923e-05   -1.5097e-03    3.0343e-04   -1.8403e-03
   4.0000e-01    1.5000e+00    2.6000e+00    2.9344e+00   -6.2374e-01    1.3489e-03   -7.3627e-04    1.6329e-03   -1.1044e-03
   4.0000e-01    1.5000e+00    2.6000e+00    2.9631e+00   -4.6930e-01    1.3105e-03    8.5643e-04    1.6023e-03    4.9724e-04
   4.0000e-01    1.5000e+00    2.6000e+00    2.9836e+00   -3.1359e-01   -1.7212e-04    1.5873e-03    1.2181e-04    1.2606e-03
   4.0000e-01    1.5000e+00    2.6000e+00    2.9959e+00   -1.5701e-01   -1.5295e-03    5.6347e-04   -1.2731e-03    1.2569e-04
   4.0000e-01    0.0000e+00    3.0000e+00    3.0000e+00    0.0000e+00    1.3724e-03   -2.8451e-04    1.1280e-03   -6.2827e-04
   4.0000e-01    0.0000e+00    3.0000e+00    2.9959e+00    1.5701e-01    1.0432e-03    9.6430e-04    8.4292e-04    5.9117e-04
   4.0000e-01    0.0000e+00    3.0000e+00    2.9836e+00    3.1359e-01   -2.0201e-04    1.4265e-03   -4.2745e-04    1.0026e-03
   4.0000e-01    0.0000e+00    3.0000e+00    2.9631e+00    4.6930e-01   -1.3224e-03    6.2450e-04   -1.4197e-03    2.5911e-04
   4.0000e-01    0.0000e+00    3.0000e+00    2.9344e+00    6.2374e-01   -1.2476e-03   -8.0684e-04   -1.3488e-03   -1.1879e-03
   4.0000e-01    0.0000e+00    3.0000e+00    2.8978e+00    7.7646e-01    4.8948e-05   -1.5096e-03    -6.3429e-06   -1.9439e-03
   4.0000e-01    0.0000e+00    3.0000e+00    2.8532e+00    9.2705e-01    1.3601e-03   -7.1613e-04    1.3815e-03   -1.0884e-03
   4.0000e-01    0.0000e+00    3.0000e+00    2.8007e+00    1.0751e+00    1.2982e-03    8.7598e-04    1.3755e-03    5.3884e-04
   4.0000e-01    0.0000e+00    3.0000e+00    2.7406e+00    1.2202e+00   -1.8388e-04    1.5864e-03   -1.6694e-05    1.2790e-03
   4.0000e-01    0.0000e+00    3.0000e+00    2.6730e+00    1.3620e+00   -1.5368e-03    5.4430e-04   -1.4104e-03    2.6355e-04
   4.0000e-01    0.0000e+00    3.0000e+00    2.5981e+00    1.5000e+00   -1.1750e-03   -1.1819e-03   -1.0560e-03   -1.4616e-03
   4.0000e-01    0.0000e+00    3.0000e+00    2.5160e+00    1.6339e+00    6.1360e-04   -1.5920e-03    8.5966e-04   -1.8111e-03
   4.0000e-01    0.0000e+00    3.0000e+00    2.4271e+00    1.7634e+00    1.7477e-03   -6.6354e-05    2.0093e-03   -1.9740e-04
   4.0000e-01    0.0000e+00    3.0000e+00    2.3314e+00    1.8880e+00    7.5192e-04    1.6308e-03    9.7314e-04    1.5005e-03
   4.0000e-01    0.0000e+00    3.0000e+00    2.2294e+00    2.0074e+00   -1.2785e-03    1.3340e-03   -1.0158e-03    1.2642e-03
   4.0000e-01    0.0000e+00    3.0000e+00    2.1213e+00    2.1213e+00   -1.7497e-03   -7.5343e-04   -1.4672e-03   -7.8718e-04
   4.0000e-01    0.0000e+00    3.0000e+00    2.0074e+00    2.2294e+00    1.1527e-04   -1.9650e-03    4.5907e-04   -1.9591e-03
   4.0000e-01    0.0000e+00    3.0000e+00    1.8880e+00    2.3314e+00    1.9588e-03   -5.6680e-04    2.2393e-03   -5.5631e-04
   4.0000e-01    0.0000e+00    3.0000e+00    1.7634e+00    2.4271e+00    1.2053e-03    1.7432e-03    1.4677e-03    1.8511e-03
   4.0000e-01    0.0000e+00    3.0000e+00    1.6339e+00    2.5160e+00   -1.3484e-03    1.7520e-03   -1.0117e-03    1.8507e-03
   4.0000e-01    0.0000e+00    3.0000e+00    1.5000e+00    2.5981e+00   -2.1743e-03   -7.9775e-04   -1.9601e-03   -6.8072e-04
   4.0000e-01    0.0000e+00    3.0000e+00   -1.5000e+00    2.5981e+00   -2.1743e-03   -7.9775e-04   -1.8745e-03   -6.9267e-04
   4.0000e-01    0.0000e+00    3.0000e+00   -1.6339e+00    2.5160e+00   -1.3484e-03    1.7520e-03   -1.1365e-03    1.8430e-03
   4.0000e-01    0.0000e+00    3.0000e+00   -1.7634e+00    2.4271e+00    1.2053e-03    1.7432e-03    1.4164e-03    1.8239e-03
   4.0000e-01    0.0000e+00    3.0000e+00   -1.8880e+00    2.3314e+00    1.9588e-03   -5.6680e-04    2.2320e-03   -5.3998e-04
   4.0000e-01    0.0000e+00    3.0000e+00   -2.0074e+00    2.2294e+00    1.1527e-04   -1.9650e-03    4.4953e-04   -2.0178e-03
   4.0000e-01    0.0000e+00    3.0000e+00   -2.1213e+00    2.1213e+00   -1.7497e-03   -7.5343e-04   -1.5536e-03   -8.1810e-04
   4.0000e-01    0.0000e+00    3.0000e+00   -2.2294e+00    2.0074e+00   -1.2785e-03    1.3340e-03   -9.9431e-04    1.1672e-03
   4.0000e-01    0.0000e+00    3.0000e+00   -2.3314e+00    1.8880e+00    7.5192e-04    1.6308e-03    9.8734e-04    1.4570e-03
   4.0000e-01    0.0000e+00    3.0000e+00   -2.4271e+00    1.7634e+00    1.7477e-03   -6.6354e-05    1.9788e-03   -2.9375e-04
   4.0000e-01    0.0000e+00    3.0000e+00   -2.5160e+00    1.6339e+00    6.1360e-04   -1.5920e-03    9.2109e-04   -1.8470e-03
   4.0000e-01    0.0000e+00    3.0000e+00   -2.5981e+00    1.5000e+00   -1.1750e-03   -1.1819e-03   -9.9285e-04   -1.4839e-03
   4.0000e-01    0.0000e+00    3.0000e+00   -2.6730e+00    1.3620e+00   -1.5368e-03    5.4430e-04   -1.4974e-03    2.8039e-04
   4.0000e-01    0.0000e+00    3.0000e+00   -2.7406e+00    1.2202e+00   -1.8388e-04    1.5864e-03   -2.0112e-04    1.2946e-03
   4.0000e-01    0.0000e+00    3.0000e+00   -2.8007e+00    1.0751e+00    1.2982e-03    8.7598e-04    1.3100e-03    4.5914e-04
   4.0000e-01    0.0000e+00    3.0000e+00   -2.8532e+00    9.2705e-01    1.3601e-03   -7.1613e-04    1.3746e-03   -1.0129e-03
   4.0000e-01    0.0000e+00    3.0000e+00   -2.8978e+00    7.7646e-01    4.8948e-05   -1.5096e-03    3.2978e-05   -1.9072e-03
   4.0000e-01    0.0000e+00    3.0000e+00   -2.9344e+00    6.2374e-01   -1.2476e-03   -8.0684e-04   -1.3495e-03   -1.1771e-03
   4.0000e-01    0.0000e+00    3.0000e+00   -2.9631e+00    4.6930e-01   -1.3224e-03    6.2450e-04   -1.4544e-03    2.5667e-04
   4.0000e-01    0.0000e+00    3.0000e+00   -2.9836e+00    3.1359e-01   -2.0201e-04    1.4265e-03   -4.3664e-04    1.0546e-03
   4.0000e-01    0.0000e+00    3.0000e+00   -2.9959e+00    1.5701e-01    1.0432e-03    9.6430e-04    8.5410e-04    5.2713e-04
   4.0000e-01    0.0000e+00    3.0000e+00   -3.0000e+00    0.0000e+00    1.3724e-03   -2.8451e-04    1.0916e-03   -6.6477e-04
   4.0000e-01    0.0000e+00    3.0000e+00   -2.9959e+00   -1.5701e-01    6.1213e-04   -1.2412e-03    3.2211e-04   -1.5963e-03
   4.0000e-01    0.0000e+00    3.0000e+00   -2.9836e+00   -3.1359e-01   -5.7218e-04   -1.2418e-03   -9.2578e-04   -1.6309e-03
   4.0000e-01    0.0000e+00    3.0000e+00   -2.9631e+00   -4.6930e-01   -1.3042e-03   -3.5471e-04   -1.5469e-03   -7.2867e-04
   4.0000e-01    0.0000e+00    3.0000e+00   -2.9344e+00   -6.2374e-01   -1.1193e-03    7.3117e-04   -1.4766e-03    3.9559e-04
   4.0000e-01    0.0000e+00    3.0000e+00   -2.8978e+00   -7.7646e-01   -2.3299e-04    1.3025e-03   -5.9765e-04    1.0349e-03
   4.0000e-01    0.0000e+00    3.0000e+00   -2.8532e+00   -9.2705e-01    7.4433e-04    1.0785e-03    3.6265e-04    8.1165e-04
   4.0000e-01    0.0000e+00    3.0000e+00   -2.8007e+00   -1.0751e+00    1.2718e-03    2.6183e-04    8.7607e-04    1.0789e-05
   4.0000e-01    0.0000e+00    3.0000e+00   -2.7406e+00   -1.2202e+00    1.1121e-03   -6.4803e-04    7.4180e-04   -9.1318e-04
   4.0000e-01    0.0000e+00    3.0000e+00   -2.6730e+00   -1.3620e+00    4.2008e-04   -1.2051e-03    5.7956e-05   -1.4146e-03
   4.0000e-01    0.0000e+00    3.0000e+00   -2.5981e+00   -1.5000e+00   -4.1423e-04   -1.1969e-03   -8.1165e-04   -1.4332e-03
   4.0000e-01    0.0000e+00    3.0000e+00   -2.5160e+00   -1.6339e+00   -1.0392e-03   -7.0757e-04   -1.3051e-03   -8.4984e-04
   4.0000e-01    0.0000e+00    3.0000e+00   -2.4271e+00   -1.7634e+00   -1.2482e-03    2.4710e-05   -1.5980e-03   -6.4065e-05
   4.0000e-01    0.0000e+00    3.0000e+00   -2.3314e+00   -1.8880e+00   -1.0189e-03    7.0739e-04   -1.3494e-03    5.6543e-04
   4.0000e-01    0.0000e+00    3.0000e+00   -2.2294e+00   -2.0074e+00   -5.0287e-04    1.1258e-03   -8.1749e-04    1.1268e-03
   4.0000e-01    0.0000e+00    3.0000e+00   -2.1213e+00   -2.1213e+00    1.1730e-04    1.2206e-03   -1.8481e-04    1.2683e-03
   4.0000e-01    0.0000e+00    3.0000e+00   -2.0074e+00   -2.2294e+00    6.7754e-04    1.0143e-03    3.5826e-04    1.2186e-03
   4.0000e-01    0.0000e+00    3.0000e+00   -1.8880e+00   -2.3314e+00    1.0529e-03    6.0373e-04    7.4035e-04    8.3954e-04
   4.0000e-01    0.0000e+00    3.0000e+00   -1.7634e+00   -2.4271e+00    1.2019e-03    1.2507e-04    9.0798e-04    4.5659e-04
   4.0000e-01    0.0000e+00    3.0000e+00   -1.6339e+00   -2.5160e+00    1.1556e-03   -3.3655e-04    8.8542e-04    1.0387e-04
   4.0000e-01    0.0000e+00    3.0000e+00   -1.5000e+00   -2.5981e+00    9.5855e-04   -7.2032e-04    6.6059e-04   -1.9407e-04
   4.0000e-01    0.0000e+00    3.0000e+00   -1.3620e+00   -2.6730e+00    6.7571e-04   -9.8563e-04    3.1408e-04   -2.9880e-04
   4.0000e-01    0.0000e+00    3.0000e+00   -1.2202e+00   -2.7406e+00    3.6684e-04   -1.1338e-03    5.5559e-05   -3.4617e-04
   4.0000e-01    0.0000e+00    3.0000e+00   -1.0751e+00   -2.8007e+00    6.7580e-05   -1.1866e-03   -2.3123e-04   -3.7912e-04
   4.0000e-01    0.0000e+00    3.0000e+00   -9.2705e-01   -2.8532e+00   -1.9547e-04   -1.1695e-03   -5.2441e-04   -2.8872e-04
   4.0000e-01    0.0000e+00    3.0000e+00   -7.7646e-01   -2.8978e+00   -4.1515e-04   -1.1082e-03   -7.2916e-04   -1.0646e-04
   4.0000e-01    0.0000e+00    3.0000e+00   -6.2374e-01   -2.9344e+00   -5.7669e-04   -1.0315e-03   -9.0043e-04    1.1142e-04
   4.0000e-01    0.0000e+00    3.0000e+00   -4.6930e-01   -2.9631e+00   -6.9606e-04   -9.5308e-04   -1.0618e-03    2.2062e-04
   4.0000e-01    0.0000e+00    3.0000e+00   -3.1359e-01   -2.9836e+00   -7.7087e-04   -8.9239e-04   -1.0779e-03    2.6133e-04
   4.0000e-01    0.0000e+00    3.0000e+00   -1.5701e-01   -2.9959e+00   -8.1703e-04   -8.4967e-04   -1.1456e-03    3.9909e-04
   4.0000e-01    0.0000e+00    3.0000e+00    0.0000e+00   -3.0000e+00   -8.3757e-04   -8.2903e-04   -1.1458e-03    3.6362e-04
   4.0000e-01    0.0000e+00    3.0000e+00    1.5701e-01   -2.9959e+00   -8.1703e-04   -8.4967e-04   -1.1701e-03    4.3670e-04
   4.0000e-01    0.0000e+00    3.0000e+00    3.1359e-01   -2.9836e+00   -7.7087e-04   -8.9239e-04   -1.0726e-03    2.9508e-04
   4.0000e-01    0.0000e+00    3.0000e+00    4.6930e-01   -2.9631e+00   -6.9606e-04   -9.5308e-04   -1.0519e-03    2.9176e-04
   4.0000e-01    0.0000e+00    3.0000e+00    6.2374e-01   -2.9344e+00   -5.7669e-04   -1.0315e-03   -9.7243e-04    8.1977e-05
   4.0000e-01    0.0000e+00    3.0000e+00    7.7646e-01   -2.8978e+00   -4.1515e-04   -1.1082e-03   -7.4221e-04   -5.8369e-05
   4.0000e-01    0.0000e+00    3.0000e+00    9.2705e-01   -2.8532e+00   -1.9547e-04   -1.1695e-03   -5.6462e-04   -1.7539e-04
   4.0000e-01    0.0000e+00    3.0000e+00    1.0751e+00   -2.8007e+00    6.7580e-05   -1.1866e-03   -2.2544e-04   -2.5377e-04
   4.0000e-01    0.0000e+00    3.0000e+00    1.2202e+00   -2.7406e+00    3.6684e-04   -1.1338e-03    1.5309e-05   -3.8887e-04
   4.0000e-01    0.0000e+00    3.0000e+00    1.3620e+00   -2.6730e+00    6.7571e-04   -9.8563e-04    4.0353e-04   -2.5698e-04
   4.0000e-01    0.0000e+00    3.0000e+00    1.5000e+00   -2.5981e+00    9.5855e-04   -7.2032e-04    6.4635e-04   -2.2551e-04
   4.0000e-01    0.0000e+00    3.0000e+00    1.6339e+00   -2.5160e+00    1.1556e-03   -3.3655e-04    8.3644e-04    1.4734e-04
   4.0000e-01    0.0000e+00    3.0000e+00    1.7634e+00   -2.4271e+00    1.2019e-03    1.2507e-04    9.1992e-04    5.1409e-04
   4.0000e-01    0.0000e+00    3.0000e+00    1.8880e+00   -2.3314e+00    1.0529e-03    6.0373e-04    8.1955e-04    8.3945e-04
   4.0000e-01    0.0000e+00    3.0000e+00    2.0074e+00   -2.2294e+00    6.7754e-04    1.0143e-03    3.3216e-04    1.1291e-03
   4.0000e-01    0.0000e+00    3.0000e+00    2.1213e+00   -2.1213e+00    1.1730e-04    1.2206e-03   -2.0281e-04    1.3368e-03
   4.0000e-01    0.0000e+00    3.0000e+00    2.2294e+00   -2.0074e+00   -5.0287e-04    1.1258e-03   -7.5775e-04    1.1397e-03
   4.0000e-01    0.0000e+00    3.0000e+00    2.3314e+00   -1.8880e+00   -1.0189e-03    7.0739e-04   -1.3465e-03    6.4626e-04
   4.0000e-01    0.0000e+00    3.0000e+00    2.4271e+00   -1.7634e+00   -1.2482e-03    2.4710e-05   -1.5374e-03   -1.1763e-04
   4.0000e-01    0.0000e+00    3.0000e+00    2.5160e+00   -1.6339e+00   -1.0392e-03   -7.0757e-04   -1.3868e-03   -8.7211e-04
   4.0000e-01    0.0000e+00    3.0000e+00    2.5981e+00   -1.5000e+00   -4.1423e-04   -1.1969e-03   -7.6716e-04   -1.3272e-03
   4.0000e-01    0.0000e+00    3.0000e+00    2.6730e+00   -1.3620e+00    4.2008e-04   -1.2051e-03    2.7306e-05   -1.3419e-03
   4.0000e-01    0.0000e+00    3.0000e+00    2.7406e+00   -1.2202e+00    1.1121e-03   -6.4803e-04    7.2497e-04   -9.3781e-04
   4.0000e-01    0.0000e+00    3.0000e+00    2.8007e+00   -1.0751e+00    1.2718e-03    2.6183e-04    8.8350e-04    6.0448e-06
   4.0000e-01    0.0000e+00    3.0000e+00    2.8532e+00   -9.2705e-01    7.4433e-04    1.0785e-03    3.8394e-04    8.2181e-04
   4.0000e-01    0.0000e+00    3.0000e+00    2.8978e+00   -7.7646e-01   -2.3299e-04    1.3025e-03   -6.1845e-04    9.2506e-04
   4.0000e-01    0.0000e+00    3.0000e+00    2.9344e+00   -6.2374e-01   -1.1193e-03    7.3117e-04   -1.4745e-03    4.1302e-04
   4.0000e-01    0.0000e+00    3.0000e+00    2.9631e+00   -4.6930e-01   -1.3042e-03   -3.5471e-04   -1.6837e-03   -7.0059e-04
   4.0000e-01    0.0000e+00    3.0000e+00    2.9836e+00   -3.1359e-01   -5.7218e-04   -1.2418e-03   -8.5061e-04   -1.6280e-03
   4.0000e-01    0.0000e+00    3.0000e+00    2.9959e+00   -1.5701e-01    6.1213e-04   -1.2412e-03    3.0923e-04   -1.6492e-03
   4.0000e-01   -1.5000e+00    2.6000e+00    3.0000e+00    0.0000e+00   -4.3123e-04   -1.1906e-03   -8.2744e-04   -1.1408e-03
   4.0000e-01   -1.5000e+00    2.6000e+00    2.9959e+00    1.5701e-01    4.1838e-04   -1.2058e-03    1.2523e-04   -1.1643e-03
   4.0000e-01   -1.5000e+00    2.6000e+00    2.9836e+00    3.1359e-01    1.1074e-03   -6.5540e-04    6.6551e-04   -7.4040e-04
   4.0000e-01   -1.5000e+00    2.6000e+00    2.9631e+00    4.6930e-01    1.2735e-03    2.5155e-04    8.8985e-04    2.7449e-04
   4.0000e-01   -1.5000e+00    2.6000e+00    2.9344e+00    6.2374e-01    7.5414e-04    1.0715e-03    4.2314e-04    1.0123e-03
   4.0000e-01   -1.5000e+00    2.6000e+00    2.8978e+00    7.7646e-01   -2.2398e-04    1.3038e-03   -5.1122e-04    1.3264e-03
   4.0000e-01   -1.5000e+00    2.6000e+00    2.8532e+00    9.2705e-01   -1.1146e-03    7.3777e-04   -1.3478e-03    6.8346e-04
   4.0000e-01   -1.5000e+00    2.6000e+00    2.8007e+00    1.0751e+00   -1.3063e-03   -3.4671e-04   -1.5379e-03   -3.8222e-04
   4.0000e-01   -1.5000e+00    2.6000e+00    2.7406e+00    1.2202e+00   -5.8815e-04   -1.2341e-03   -8.2430e-04   -1.2355e-03
   4.0000e-01   -1.5000e+00    2.6000e+00    2.6730e+00    1.3620e+00    6.0104e-04   -1.2461e-03    4.2997e-04   -1.2130e-03
   4.0000e-01   -1.5000e+00    2.6000e+00    2.5981e+00    1.5000e+00    1.3722e-03   -2.8374e-04    1.2837e-03   -1.5299e-04
   4.0000e-01   -1.5000e+00    2.6000e+00    2.5160e+00    1.6339e+00    1.0470e-03    9.5984e-04    9.3668e-04    1.1552e-03
   4.0000e-01   -1.5000e+00    2.6000e+00    2.4271e+00    1.7634e+00   -1.9660e-04    1.4270e-03   -1.7596e-04    1.6635e-03
   4.0000e-01   -1.5000e+00    2.6000e+00    2.3314e+00    1.8880e+00   -1.3172e-03    6.3451e-04   -1.3402e-03    8.9106e-04
   4.0000e-01   -1.5000e+00    2.6000e+00    2.2294e+00    2.0074e+00   -1.2538e-03   -7.9658e-04   -1.2290e-03   -5.1568e-04
   4.0000e-01   -1.5000e+00    2.6000e+00    2.1213e+00    2.1213e+00    5.1079e-05   -1.5095e-03    4.0643e-05   -1.1811e-03
   4.0000e-01   -1.5000e+00    2.6000e+00    2.0074e+00    2.2294e+00    1.3609e-03   -7.1419e-04    1.4887e-03   -3.7548e-04
   4.0000e-01   -1.5000e+00    2.6000e+00    1.8880e+00    2.3314e+00    1.3043e-03    8.6592e-04    1.3339e-03    1.2516e-03
   4.0000e-01   -1.5000e+00    2.6000e+00    1.7634e+00    2.4271e+00   -1.7921e-04    1.5865e-03   -1.9045e-05    1.9214e-03
   4.0000e-01   -1.5000e+00    2.6000e+00    1.6339e+00    2.5160e+00   -1.5366e-03    5.4454e-04   -1.3981e-03    9.6334e-04
   4.0000e-01   -1.5000e+00    2.6000e+00    1.5000e+00    2.5981e+00   -1.1741e-03   -1.1830e-03   -1.0079e-03   -7.6611e-04
   4.0000e-01   -1.5000e+00    2.6000e+00    1.3620e+00    2.6730e+00    6.0446e-04   -1.5949e-03    7.8592e-04   -1.2751e-03
   4.0000e-01   -1.5000e+00    2.6000e+00    1.2202e+00    2.7406e+00    1.7479e-03   -6.5610e-05    1.9396e-03    3.4562e-04
   4.0000e-01   -1.5000e+00    2.6000e+00    1.0751e+00    2.8007e+00    7.4655e-04    1.6336e-03    9.1744e-04    1.9790e-03
   4.0000e-01   -1.5000e+00    2.6000e+00    9.2705e-01    2.8532e+00   -1.2896e-03    1.3234e-03   -1.1374e-03    1.6728e-03
   4.0000e-01   -1.5000e+00    2.6000e+00    7.7646e-01    2.8978e+00   -1.7501e-03   -7.5174e-04   -1.5688e-03   -4.2336e-04
   4.0000e-01   -1.5000e+00    2.6000e+00    6.2374e-01    2.9344e+00    1.1054e-04   -1.9652e-03    3.1403e-04   -1.7064e-03
   4.0000e-01   -1.5000e+00    2.6000e+00    4.6930e-01    2.9631e+00    1.9630e-03   -5.5393e-04    2.1757e-03   -2.8083e-04
   4.0000e-01   -1.5000e+00    2.6000e+00    3.1359e-01    2.9836e+00    1.1865e-03    1.7569e-03    1.3601e-03    1.9462e-03
   4.0000e-01   -1.5000e+00    2.6000e+00    1.5701e-01    2.9959e+00   -1.3564e-03    1.7461e-03   -1.1692e-03    1.8533e-03
   4.0000e-01   -1.5000e+00    2.6000e+00    0.0000e+00    3.0000e+00   -2.1688e-03   -8.1403e-04   -1.8110e-03   -6.4311e-04
   4.0000e-01   -1.5000e+00    2.6000e+00   -2.5981e+00    1.5000e+00   -2.1833e-03   -7.6948e-04   -2.0163e-03   -5.2615e-04
   4.0000e-01   -1.5000e+00    2.6000e+00   -2.6730e+00    1.3620e+00   -1.3295e-03    1.7655e-03   -1.1201e-03    1.9668e-03
   4.0000e-01   -1.5000e+00    2.6000e+00   -2.7406e+00    1.2202e+00    1.2236e-03    1.7301e-03    1.5186e-03    1.8662e-03
   4.0000e-01   -1.5000e+00    2.6000e+00   -2.8007e+00    1.0751e+00    1.9540e-03   -5.8306e-04    2.1903e-03   -5.2454e-04
   4.0000e-01   -1.5000e+00    2.6000e+00   -2.8532e+00    9.2705e-01    8.0721e-05   -1.9659e-03    2.5766e-04   -1.9731e-03
   4.0000e-01   -1.5000e+00    2.6000e+00   -2.8978e+00    7.7646e-01   -1.7603e-03   -7.2619e-04   -1.5049e-03   -8.5577e-04
   4.0000e-01   -1.5000e+00    2.6000e+00   -2.9344e+00    6.2374e-01   -1.2680e-03    1.3436e-03   -1.0669e-03    1.2260e-03
   4.0000e-01   -1.5000e+00    2.6000e+00   -2.9631e+00    4.6930e-01    7.6992e-04    1.6221e-03    1.0107e-03    1.3446e-03
   4.0000e-01   -1.5000e+00    2.6000e+00   -2.9836e+00    3.1359e-01    1.7458e-03   -9.4569e-05    1.9723e-03   -3.9773e-04
   4.0000e-01   -1.5000e+00    2.6000e+00   -2.9959e+00    1.5701e-01    5.9040e-04   -1.6001e-03    8.3942e-04   -1.9313e-03
   4.0000e-01   -1.5000e+00    2.6000e+00   -3.0000e+00    0.0000e+00   -1.1975e-03   -1.1583e-03   -9.4954e-04   -1.4554e-03
   4.0000e-01   -1.5000e+00    2.6000e+00   -2.9959e+00   -1.5701e-01   -1.5295e-03    5.6347e-04   -1.2305e-03    2.4306e-04
   4.0000e-01   -1.5000e+00    2.6000e+00   -2.9836e+00   -3.1359e-01   -1.7212e-04    1.5873e-03    3.5434e-05    1.2100e-03
   4.0000e-01   -1.5000e+00    2.6000e+00   -2.9631e+00   -4.6930e-01    1.3105e-03    8.5643e-04    1.6263e-03    5.0954e-04
   4.0000e-01   -1.5000e+00    2.6000e+00   -2.9344e+00   -6.2374e-01    1.3489e-03   -7.3627e-04    1.5898e-03   -1.1190e-03
   4.0000e-01   -1.5000e+00    2.6000e+00   -2.8978e+00   -7.7646e-01    2.5923e-05   -1.5097e-03    3.1863e-04   -1.8403e-03
   4.0000e-01   -1.5000e+00    2.6000e+00   -2.8532e+00   -9.2705e-01   -1.2580e-03   -7.8959e-04   -9.9157e-04   -1.0627e-03
   4.0000e-01   -1.5000e+00    2.6000e+00   -2.8007e+00   -1.0751e+00   -1.3125e-03    6.4443e-04   -1.0983e-03    4.2066e-04
   4.0000e-01   -1.5000e+00    2.6000e+00   -2.7406e+00   -1.2202e+00   -1.8055e-04    1.4292e-03    -2.2845e-05    1.3231e-03
   4.0000e-01   -1.5000e+00    2.6000e+00   -2.6730e+00   -1.3620e+00    1.0637e-03    9.4059e-04    1.2374e-03    8.8478e-04
   4.0000e-01   -1.5000e+00    2.6000e+00   -2.5981e+00   -1.5000e+00    1.3693e-03   -2.9762e-04    1.4601e-03   -3.6263e-04
   4.0000e-01   -1.5000e+00    2.6000e+00   -2.5160e+00   -1.6339e+00    5.9038e-04   -1.2511e-03    6.4109e-04   -1.2629e-03
   4.0000e-01   -1.5000e+00    2.6000e+00   -2.4271e+00   -1.7634e+00   -6.0332e-04   -1.2263e-03   -5.6756e-04   -1.1143e-03
   4.0000e-01   -1.5000e+00    2.6000e+00   -2.3314e+00   -1.8880e+00   -1.3117e-03   -3.2360e-04   -1.3773e-03   -1.8981e-04
   4.0000e-01   -1.5000e+00    2.6000e+00   -2.2294e+00   -2.0074e+00   -1.1082e-03    7.4689e-04   -1.2005e-03    9.2049e-04
   4.0000e-01   -1.5000e+00    2.6000e+00   -2.1213e+00   -2.1213e+00   -2.1792e-04    1.3048e-03   -4.0258e-04    1.6174e-03
   4.0000e-01   -1.5000e+00    2.6000e+00   -2.0074e+00   -2.2294e+00    7.6883e-04    1.0606e-03    5.1159e-04    1.3406e-03
   4.0000e-01   -1.5000e+00    2.6000e+00   -1.8880e+00   -2.3314e+00    1.2768e-03    2.3187e-04    1.0869e-03    4.9187e-04
   4.0000e-01   -1.5000e+00    2.6000e+00   -1.7634e+00   -2.4271e+00    1.0995e-03   -6.6784e-04    7.1106e-04   -2.2627e-04
   4.0000e-01   -1.5000e+00    2.6000e+00   -1.6339e+00   -2.5160e+00    4.0737e-04   -1.2093e-03    -4.2584e-06   -7.9084e-04
   4.0000e-01   -1.5000e+00    2.6000e+00   -1.5000e+00   -2.5981e+00   -4.3574e-04   -1.1886e-03   -7.9371e-04   -7.9234e-04
   4.0000e-01   -1.5000e+00    2.6000e+00   -1.3620e+00   -2.6730e+00   -1.0538e-03   -6.8481e-04   -1.5504e-03   -2.2600e-04
   4.0000e-01   -1.5000e+00    2.6000e+00   -1.2202e+00   -2.7406e+00   -1.2475e-03    4.4210e-05   -1.7535e-03    4.8069e-04
   4.0000e-01   -1.5000e+00    2.6000e+00   -1.0751e+00   -2.8007e+00   -1.0121e-03    7.1689e-04   -1.5373e-03    1.1349e-03
   4.0000e-01   -1.5000e+00    2.6000e+00   -9.2705e-01   -2.8532e+00   -4.8304e-04    1.1341e-03   -9.9133e-04    1.6448e-03
   4.0000e-01   -1.5000e+00    2.6000e+00   -7.7646e-01   -2.8978e+00    1.4582e-04    1.2170e-03   -3.7742e-04    1.7001e-03
   4.0000e-01   -1.5000e+00    2.6000e+00   -6.2374e-01   -2.9344e+00    6.9145e-04    1.0045e-03    2.1269e-04    1.4847e-03
   4.0000e-01   -1.5000e+00    2.6000e+00   -4.6930e-01   -2.9631e+00    1.0585e-03    5.9339e-04    5.7870e-04    1.1030e-03
   4.0000e-01   -1.5000e+00    2.6000e+00   -3.1359e-01   -2.9836e+00    1.2032e-03    1.1026e-04    8.3243e-04    6.3178e-04
   4.0000e-01   -1.5000e+00    2.6000e+00   -1.5701e-01   -2.9959e+00    1.1499e-03   -3.5504e-04    7.7433e-04    1.7807e-04
   4.0000e-01   -1.5000e+00    2.6000e+00    0.0000e+00   -3.0000e+00    9.4572e-04   -7.3696e-04    6.2885e-04   -2.1490e-04
   4.0000e-01   -1.5000e+00    2.6000e+00    1.5701e-01   -2.9959e+00    6.6621e-04   -9.9212e-04    3.9876e-04   -3.8286e-04
   4.0000e-01   -1.5000e+00    2.6000e+00    3.1359e-01   -2.9836e+00    3.5608e-04   -1.1370e-03    1.8160e-04   -5.3550e-04
   4.0000e-01   -1.5000e+00    2.6000e+00    4.6930e-01   -2.9631e+00    4.9619e-05   -1.1873e-03   -3.2491e-05   -6.1568e-04
   4.0000e-01   -1.5000e+00    2.6000e+00    6.2374e-01   -2.9344e+00   -2.1394e-04   -1.1662e-03   -2.0697e-04   -4.6550e-04
   4.0000e-01   -1.5000e+00    2.6000e+00    7.7646e-01   -2.8978e+00   -4.3067e-04   -1.1021e-03   -3.3150e-04   -4.5505e-04
   4.0000e-01   -1.5000e+00    2.6000e+00    9.2705e-01   -2.8532e+00   -5.8897e-04   -1.0243e-03   -4.0781e-04   -3.3739e-04
   4.0000e-01   -1.5000e+00    2.6000e+00    1.0751e+00   -2.8007e+00   -7.0843e-04   -9.4407e-04   -4.2016e-04   -2.3471e-04
   4.0000e-01   -1.5000e+00    2.6000e+00    1.2202e+00   -2.7406e+00   -7.8637e-04   -8.7892e-04   -4.3706e-04   -1.4886e-04
   4.0000e-01   -1.5000e+00    2.6000e+00    1.3620e+00   -2.6730e+00   -8.3304e-04   -8.3365e-04   -4.0014e-04   -5.3243e-05
   4.0000e-01   -1.5000e+00    2.6000e+00    1.5000e+00   -2.5981e+00   -8.4487e-04   -8.2143e-04   -3.6810e-04   -9.9674e-06
   4.0000e-01   -1.5000e+00    2.6000e+00    1.6339e+00   -2.5160e+00   -8.2731e-04   -8.3950e-04   -3.2751e-04    9.3183e-06
   4.0000e-01   -1.5000e+00    2.6000e+00    1.7634e+00   -2.4271e+00   -7.8645e-04   -8.7864e-04   -2.3857e-04   -1.3735e-05
   4.0000e-01   -1.5000e+00    2.6000e+00    1.8880e+00   -2.3314e+00   -7.1412e-04   -9.3963e-04   -1.7440e-04   -1.2300e-04
   4.0000e-01   -1.5000e+00    2.6000e+00    2.0074e+00   -2.2294e+00   -5.8980e-04   -1.0240e-03   -8.6263e-05   -2.1876e-04
   4.0000e-01   -1.5000e+00    2.6000e+00    2.1213e+00   -2.1213e+00   -4.1965e-04   -1.1066e-03    1.1425e-04   -3.2630e-04
   4.0000e-01   -1.5000e+00    2.6000e+00    2.2294e+00   -2.0074e+00   -2.0979e-04   -1.1670e-03    3.1630e-04   -3.9513e-04
   4.0000e-01   -1.5000e+00    2.6000e+00    2.3314e+00   -1.8880e+00    4.5286e-05   -1.1875e-03    5.2965e-04   -4.8826e-04
   4.0000e-01   -1.5000e+00    2.6000e+00    2.4271e+00   -1.7634e+00    3.5316e-04   -1.1380e-03    7.0065e-04   -4.5133e-04
   4.0000e-01   -1.5000e+00    2.6000e+00    2.5160e+00   -1.6339e+00    6.7109e-04   -9.8895e-04    9.9436e-04   -3.0123e-04
   4.0000e-01   -1.5000e+00    2.6000e+00    2.5981e+00   -1.5000e+00    9.5167e-04   -7.2950e-04    1.1589e-03   -1.3513e-04
   4.0000e-01   -1.5000e+00    2.6000e+00    2.6730e+00   -1.3620e+00    1.1496e-03   -3.5574e-04    1.2792e-03    2.2749e-04
   4.0000e-01   -1.5000e+00    2.6000e+00    2.7406e+00   -1.2202e+00    1.2031e-03    1.1482e-04    1.2810e-03    6.0792e-04
   4.0000e-01   -1.5000e+00    2.6000e+00    2.8007e+00   -1.0751e+00    1.0544e-03    6.0144e-04    1.0022e-03    1.0370e-03
   4.0000e-01   -1.5000e+00    2.6000e+00    2.8532e+00   -9.2705e-01    6.8221e-04    1.0111e-03    5.7407e-04    1.3864e-03
   4.0000e-01   -1.5000e+00    2.6000e+00    2.8978e+00   -7.7646e-01    1.3649e-04    1.2184e-03   -6.3122e-05    1.5860e-03
   4.0000e-01   -1.5000e+00    2.6000e+00    2.9344e+00   -6.2374e-01   -4.9114e-04    1.1310e-03   -7.6116e-04    1.4257e-03
   4.0000e-01   -1.5000e+00    2.6000e+00    2.9631e+00   -4.6930e-01   -1.0180e-03    7.0874e-04   -1.2641e-03    9.2115e-04
   4.0000e-01   -1.5000e+00    2.6000e+00    2.9836e+00   -3.1359e-01   -1.2483e-03    2.5146e-05   -1.5191e-03    1.6541e-04
   4.0000e-01   -1.5000e+00    2.6000e+00    2.9959e+00   -1.5701e-01   -1.0448e-03   -6.9934e-04   -1.4294e-03   -6.4866e-04
   4.0000e-01   -2.6000e+00    1.5000e+00    3.0000e+00    0.0000e+00    9.4369e-04   -7.3949e-04    6.5876e-04   -8.5443e-05
   4.0000e-01   -2.6000e+00    1.5000e+00    2.9959e+00    1.5701e-01    1.1499e-03   -3.5504e-04    7.2639e-04    1.8435e-04
   4.0000e-01   -2.6000e+00    1.5000e+00    2.9836e+00    3.1359e-01    1.2032e-03    1.1026e-04    8.0016e-04    7.1920e-04
   4.0000e-01   -2.6000e+00    1.5000e+00    2.9631e+00    4.6930e-01    1.0585e-03    5.9339e-04    5.3288e-04    1.1826e-03
   4.0000e-01   -2.6000e+00    1.5000e+00    2.9344e+00    6.2374e-01    6.9145e-04    1.0045e-03    1.0981e-04    1.5366e-03
   4.0000e-01   -2.6000e+00    1.5000e+00    2.8978e+00    7.7646e-01    1.4582e-04    1.2170e-03   -5.7452e-04    1.7955e-03
   4.0000e-01   -2.6000e+00    1.5000e+00    2.8532e+00    9.2705e-01   -4.8304e-04    1.1341e-03   -1.1725e-03    1.5988e-03
   4.0000e-01   -2.6000e+00    1.5000e+00    2.8007e+00    1.0751e+00   -1.0121e-03    7.1689e-04   -1.7368e-03    1.2094e-03
   4.0000e-01   -2.6000e+00    1.5000e+00    2.7406e+00    1.2202e+00   -1.2475e-03    4.4210e-05   -1.9903e-03    5.3525e-04
   4.0000e-01   -2.6000e+00    1.5000e+00    2.6730e+00    1.3620e+00   -1.0538e-03   -6.8481e-04   -1.7628e-03   -1.9442e-04
   4.0000e-01   -2.6000e+00    1.5000e+00    2.5981e+00    1.5000e+00   -4.3574e-04   -1.1886e-03   -1.1909e-03   -6.7571e-04
   4.0000e-01   -2.6000e+00    1.5000e+00    2.5160e+00    1.6339e+00    4.0737e-04   -1.2093e-03   -2.5402e-04   -7.9116e-04
   4.0000e-01   -2.6000e+00    1.5000e+00    2.4271e+00    1.7634e+00    1.0995e-03   -6.6784e-04    4.8142e-04   -1.7469e-04
   4.0000e-01   -2.6000e+00    1.5000e+00    2.3314e+00    1.8880e+00    1.2768e-03    2.3187e-04    6.9318e-04    6.8112e-04
   4.0000e-01   -2.6000e+00    1.5000e+00    2.2294e+00    2.0074e+00    7.6883e-04    1.0606e-03    2.1905e-04    1.4059e-03
   4.0000e-01   -2.6000e+00    1.5000e+00    2.1213e+00    2.1213e+00   -2.1792e-04    1.3048e-03   -6.5485e-04    1.6791e-03
   4.0000e-01   -2.6000e+00    1.5000e+00    2.0074e+00    2.2294e+00   -1.1082e-03    7.4689e-04   -1.4780e-03    1.0793e-03
   4.0000e-01   -2.6000e+00    1.5000e+00    1.8880e+00    2.3314e+00   -1.3117e-03   -3.2360e-04   -1.6360e-03   -1.8499e-05
   4.0000e-01   -2.6000e+00    1.5000e+00    1.7634e+00    2.4271e+00   -6.0332e-04   -1.2263e-03   -8.5329e-04   -9.4671e-04
   4.0000e-01   -2.6000e+00    1.5000e+00    1.6339e+00    2.5160e+00    5.9038e-04   -1.2511e-03    3.9232e-04   -1.1161e-03
   4.0000e-01   -2.6000e+00    1.5000e+00    1.5000e+00    2.5981e+00    1.3693e-03   -2.9762e-04    1.2561e-03   -2.1607e-04
   4.0000e-01   -2.6000e+00    1.5000e+00    1.3620e+00    2.6730e+00    1.0637e-03    9.4059e-04    9.0552e-04    9.6835e-04
   4.0000e-01   -2.6000e+00    1.5000e+00    1.2202e+00    2.7406e+00   -1.8055e-04    1.4292e-03   -2.0756e-04    1.4053e-03
   4.0000e-01   -2.6000e+00    1.5000e+00    1.0751e+00    2.8007e+00   -1.3125e-03    6.4443e-04   -1.3368e-03    5.8095e-04
   4.0000e-01   -2.6000e+00    1.5000e+00    9.2705e-01    2.8532e+00   -1.2580e-03   -7.8959e-04   -1.1393e-03   -8.7122e-04
   4.0000e-01   -2.6000e+00    1.5000e+00    7.7646e-01    2.8978e+00    2.5923e-05   -1.5097e-03    1.2847e-04   -1.6410e-03
   4.0000e-01   -2.6000e+00    1.5000e+00    6.2374e-01    2.9344e+00    1.3489e-03   -7.3627e-04    1.4589e-03   -9.8131e-04
   4.0000e-01   -2.6000e+00    1.5000e+00    4.6930e-01    2.9631e+00    1.3105e-03    8.5643e-04    1.4813e-03    5.6748e-04
   4.0000e-01   -2.6000e+00    1.5000e+00    3.1359e-01    2.9836e+00   -1.7212e-04    1.5873e-03   -4.0453e-07    1.3141e-03
   4.0000e-01   -2.6000e+00    1.5000e+00    1.5701e-01    2.9959e+00   -1.5295e-03    5.6347e-04   -1.3764e-03    2.6059e-04
   4.0000e-01   -2.6000e+00    1.5000e+00    0.0000e+00    3.0000e+00   -1.1872e-03   -1.1693e-03   -9.7391e-04   -1.5166e-03
   4.0000e-01   -2.6000e+00    1.5000e+00   -1.5701e-01    2.9959e+00    5.9040e-04   -1.6001e-03    7.7551e-04   -1.8834e-03
   4.0000e-01   -2.6000e+00    1.5000e+00   -3.1359e-01    2.9836e+00    1.7458e-03   -9.4569e-05    1.8945e-03   -3.3896e-04
   4.0000e-01   -2.6000e+00    1.5000e+00   -4.6930e-01    2.9631e+00    7.6992e-04    1.6221e-03    9.5956e-04    1.4115e-03
   4.0000e-01   -2.6000e+00    1.5000e+00   -6.2374e-01    2.9344e+00   -1.2680e-03    1.3436e-03   -1.0785e-03    1.2387e-03
   4.0000e-01   -2.6000e+00    1.5000e+00   -7.7646e-01    2.8978e+00   -1.7603e-03   -7.2619e-04   -1.5991e-03   -8.1134e-04
   4.0000e-01   -2.6000e+00    1.5000e+00   -9.2705e-01    2.8532e+00    8.0721e-05   -1.9659e-03    2.0534e-04   -1.9836e-03
   4.0000e-01   -2.6000e+00    1.5000e+00   -1.0751e+00    2.8007e+00    1.9540e-03   -5.8306e-04    2.0828e-03   -5.2423e-04
   4.0000e-01   -2.6000e+00    1.5000e+00   -1.2202e+00    2.7406e+00    1.2236e-03    1.7301e-03    1.4175e-03    1.8426e-03
   4.0000e-01   -2.6000e+00    1.5000e+00   -1.3620e+00    2.6730e+00   -1.3295e-03    1.7655e-03   -1.1578e-03    1.9427e-03
   4.0000e-01   -2.6000e+00    1.5000e+00   -1.5000e+00    2.5981e+00   -2.1833e-03   -7.6948e-04   -1.9082e-03   -5.0225e-04
   4.0000e-01   -2.6000e+00    1.5000e+00   -3.0000e+00    0.0000e+00   -2.1761e-03   -7.9174e-04   -1.9730e-03   -8.4183e-04
   4.0000e-01   -2.6000e+00    1.5000e+00   -2.9959e+00   -1.5701e-01   -1.3564e-03    1.7461e-03   -1.1259e-03    1.7279e-03
   4.0000e-01   -2.6000e+00    1.5000e+00   -2.9836e+00   -3.1359e-01    1.1865e-03    1.7569e-03    1.3362e-03    1.7002e-03
   4.0000e-01   -2.6000e+00    1.5000e+00   -2.9631e+00   -4.6930e-01    1.9630e-03   -5.5393e-04    2.1014e-03   -5.7058e-04
   4.0000e-01   -2.6000e+00    1.5000e+00   -2.9344e+00   -6.2374e-01    1.1054e-04   -1.9652e-03    2.2652e-04   -2.0358e-03
   4.0000e-01   -2.6000e+00    1.5000e+00   -2.8978e+00   -7.7646e-01   -1.7501e-03   -7.5174e-04   -1.5974e-03   -6.9926e-04
   4.0000e-01   -2.6000e+00    1.5000e+00   -2.8532e+00   -9.2705e-01   -1.2896e-03    1.3234e-03   -1.1167e-03    1.4427e-03
   4.0000e-01   -2.6000e+00    1.5000e+00   -2.8007e+00   -1.0751e+00    7.4655e-04    1.6336e-03    8.7219e-04    1.7267e-03
   4.0000e-01   -2.6000e+00    1.5000e+00   -2.7406e+00   -1.2202e+00    1.7479e-03   -6.5610e-05    1.8799e-03    8.9269e-05
   4.0000e-01   -2.6000e+00    1.5000e+00   -2.6730e+00   -1.3620e+00    6.0446e-04   -1.5949e-03    8.0207e-04   -1.4395e-03
   4.0000e-01   -2.6000e+00    1.5000e+00   -2.5981e+00   -1.5000e+00   -1.1741e-03   -1.1830e-03   -9.5668e-04   -1.0132e-03
   4.0000e-01   -2.6000e+00    1.5000e+00   -2.5160e+00   -1.6339e+00   -1.5366e-03    5.4454e-04   -1.3467e-03    8.1746e-04
   4.0000e-01   -2.6000e+00    1.5000e+00   -2.4271e+00   -1.7634e+00   -1.7921e-04    1.5865e-03    9.3094e-05    1.7971e-03
   4.0000e-01   -2.6000e+00    1.5000e+00   -2.3314e+00   -1.8880e+00    1.3043e-03    8.6592e-04    1.4960e-03    1.0700e-03
   4.0000e-01   -2.6000e+00    1.5000e+00   -2.2294e+00   -2.0074e+00    1.3609e-03   -7.1419e-04    1.6347e-03   -5.0737e-04
   4.0000e-01   -2.6000e+00    1.5000e+00   -2.1213e+00   -2.1213e+00    5.1079e-05   -1.5095e-03    3.3695e-04   -1.2847e-03
   4.0000e-01   -2.6000e+00    1.5000e+00   -2.0074e+00   -2.2294e+00   -1.2538e-03   -7.9658e-04   -1.0199e-03   -6.7013e-04
   4.0000e-01   -2.6000e+00    1.5000e+00   -1.8880e+00   -2.3314e+00   -1.3172e-03    6.3451e-04   -1.1173e-03    7.2143e-04
   4.0000e-01   -2.6000e+00    1.5000e+00   -1.7634e+00   -2.4271e+00   -1.9660e-04    1.4270e-03    2.8608e-05    1.4687e-03
   4.0000e-01   -2.6000e+00    1.5000e+00   -1.6339e+00   -2.5160e+00    1.0470e-03    9.5984e-04    1.1378e-03    9.8578e-04
   4.0000e-01   -2.6000e+00    1.5000e+00   -1.5000e+00   -2.5981e+00    1.3722e-03   -2.8374e-04    1.4799e-03   -3.4601e-04
   4.0000e-01   -2.6000e+00    1.5000e+00   -1.3620e+00   -2.6730e+00    6.0104e-04   -1.2461e-03    5.8753e-04   -1.2975e-03
   4.0000e-01   -2.6000e+00    1.5000e+00   -1.2202e+00   -2.7406e+00   -5.8815e-04   -1.2341e-03   -5.5515e-04   -1.4219e-03
   4.0000e-01   -2.6000e+00    1.5000e+00   -1.0751e+00   -2.8007e+00   -1.3063e-03   -3.4671e-04   -1.3523e-03   -5.7560e-04
   4.0000e-01   -2.6000e+00    1.5000e+00   -9.2705e-01   -2.8532e+00   -1.1146e-03    7.3777e-04   -1.2778e-03    4.3431e-04
   4.0000e-01   -2.6000e+00    1.5000e+00   -7.7646e-01   -2.8978e+00   -2.2398e-04    1.3038e-03   -3.6459e-04    1.0888e-03
   4.0000e-01   -2.6000e+00    1.5000e+00   -6.2374e-01   -2.9344e+00    7.5414e-04    1.0715e-03    5.1850e-04    8.0506e-04
   4.0000e-01   -2.6000e+00    1.5000e+00   -4.6930e-01   -2.9631e+00    1.2735e-03    2.5155e-04    1.0686e-03   -4.3939e-05
   4.0000e-01   -2.6000e+00    1.5000e+00   -3.1359e-01   -2.9836e+00    1.1074e-03   -6.5540e-04    7.5223e-04   -9.0804e-04
   4.0000e-01   -2.6000e+00    1.5000e+00   -1.5701e-01   -2.9959e+00    4.1838e-04   -1.2058e-03    1.0086e-04   -1.4502e-03
   4.0000e-01   -2.6000e+00    1.5000e+00    0.0000e+00   -3.0000e+00   -4.2502e-04   -1.1930e-03   -8.3464e-04   -1.4156e-03
   4.0000e-01   -2.6000e+00    1.5000e+00    1.5701e-01   -2.9959e+00   -1.0448e-03   -6.9934e-04   -1.3739e-03   -8.1802e-04
   4.0000e-01   -2.6000e+00    1.5000e+00    3.1359e-01   -2.9836e+00   -1.2483e-03    2.5146e-05   -1.6535e-03   -1.0654e-04
   4.0000e-01   -2.6000e+00    1.5000e+00    4.6930e-01   -2.9631e+00   -1.0180e-03    7.0874e-04   -1.3686e-03    6.9638e-04
   4.0000e-01   -2.6000e+00    1.5000e+00    6.2374e-01   -2.9344e+00   -4.9114e-04    1.1310e-03   -6.7625e-04    1.1894e-03
   4.0000e-01   -2.6000e+00    1.5000e+00    7.7646e-01   -2.8978e+00    1.3649e-04    1.2184e-03   -7.2818e-05    1.3448e-03
   4.0000e-01   -2.6000e+00    1.5000e+00    9.2705e-01   -2.8532e+00    6.8221e-04    1.0111e-03    6.3739e-04    1.2352e-03
   4.0000e-01   -2.6000e+00    1.5000e+00    1.0751e+00   -2.8007e+00    1.0544e-03    6.0144e-04    9.7152e-04    9.4872e-04
   4.0000e-01   -2.6000e+00    1.5000e+00    1.2202e+00   -2.7406e+00    1.2031e-03    1.1482e-04    1.1763e-03    5.8036e-04
   4.0000e-01   -2.6000e+00    1.5000e+00    1.3620e+00   -2.6730e+00    1.1496e-03   -3.5574e-04    1.2672e-03    1.3759e-04
   4.0000e-01   -2.6000e+00    1.5000e+00    1.5000e+00   -2.5981e+00    9.5167e-04   -7.2950e-04    1.1391e-03   -1.8982e-04
   4.0000e-01   -2.6000e+00    1.5000e+00    1.6339e+00   -2.5160e+00    6.7109e-04   -9.8895e-04    9.5006e-04   -3.8264e-04
   4.0000e-01   -2.6000e+00    1.5000e+00    1.7634e+00   -2.4271e+00    3.5316e-04   -1.1380e-03    7.2740e-04   -3.9336e-04
   4.0000e-01   -2.6000e+00    1.5000e+00    1.8880e+00   -2.3314e+00    4.5286e-05   -1.1875e-03    5.0016e-04   -3.8705e-04
   4.0000e-01   -2.6000e+00    1.5000e+00    2.0074e+00   -2.2294e+00   -2.0979e-04   -1.1670e-03    3.0068e-04   -2.4222e-04
   4.0000e-01   -2.6000e+00    1.5000e+00    2.1213e+00   -2.1213e+00   -4.1965e-04   -1.1066e-03    2.3199e-04   -1.9183e-04
   4.0000e-01   -2.6000e+00    1.5000e+00    2.2294e+00   -2.0074e+00   -5.8980e-04   -1.0240e-03    9.9112e-05   -8.8586e-05
   4.0000e-01   -2.6000e+00    1.5000e+00    2.3314e+00   -1.8880e+00   -7.1412e-04   -9.3963e-04   -4.6050e-05    -1.1591e-05
   4.0000e-01   -2.6000e+00    1.5000e+00    2.4271e+00   -1.7634e+00   -7.8645e-04   -8.7864e-04   -7.5360e-05    1.1518e-04
   4.0000e-01   -2.6000e+00    1.5000e+00    2.5160e+00   -1.6339e+00   -8.2731e-04   -8.3950e-04   -2.0314e-04    1.3581e-04
   4.0000e-01   -2.6000e+00    1.5000e+00    2.5981e+00   -1.5000e+00   -8.4487e-04   -8.2143e-04   -2.1263e-04    9.7489e-05
   4.0000e-01   -2.6000e+00    1.5000e+00    2.6730e+00   -1.3620e+00   -8.3304e-04   -8.3365e-04   -2.2223e-04    2.3770e-05
   4.0000e-01   -2.6000e+00    1.5000e+00    2.7406e+00   -1.2202e+00   -7.8637e-04   -8.7892e-04   -2.5358e-04    9.8284e-05
   4.0000e-01   -2.6000e+00    1.5000e+00    2.8007e+00   -1.0751e+00   -7.0843e-04   -9.4407e-04   -2.1680e-04   -1.1488e-04
   4.0000e-01   -2.6000e+00    1.5000e+00    2.8532e+00   -9.2705e-01   -5.8897e-04   -1.0243e-03   -1.8141e-04   -1.8452e-04
   4.0000e-01   -2.6000e+00    1.5000e+00    2.8978e+00   -7.7646e-01   -4.3067e-04   -1.1021e-03   -1.5026e-04   -3.2790e-04
   4.0000e-01   -2.6000e+00    1.5000e+00    2.9344e+00   -6.2374e-01   -2.1394e-04   -1.1662e-03   -2.9394e-05   -4.3005e-04
   4.0000e-01   -2.6000e+00    1.5000e+00    2.9631e+00   -4.6930e-01    4.9619e-05   -1.1873e-03    1.1592e-04   -4.3858e-04
   4.0000e-01   -2.6000e+00    1.5000e+00    2.9836e+00   -3.1359e-01    3.5608e-04   -1.1370e-03    3.4304e-04   -5.0242e-04
   4.0000e-01   -2.6000e+00    1.5000e+00    2.9959e+00   -1.5701e-01    6.6621e-04   -9.9212e-04    4.9288e-04   -2.8036e-04
   4.0000e-01   -3.0000e+00    0.0000e+00    3.0000e+00    0.0000e+00   -8.3757e-04   -8.2903e-04   -1.0032e-03    2.9097e-04
   4.0000e-01   -3.0000e+00    0.0000e+00    2.9959e+00    1.5701e-01   -8.1703e-04   -8.4967e-04   -9.9819e-04    2.9420e-04
   4.0000e-01   -3.0000e+00    0.0000e+00    2.9836e+00    3.1359e-01   -7.7087e-04   -8.9239e-04   -1.0210e-03    1.0949e-04
   4.0000e-01   -3.0000e+00    0.0000e+00    2.9631e+00    4.6930e-01   -6.9606e-04   -9.5308e-04   -9.3954e-04    4.5709e-05
   4.0000e-01   -3.0000e+00    0.0000e+00    2.9344e+00    6.2374e-01   -5.7669e-04   -1.0315e-03   -8.1435e-04    4.0576e-05
   4.0000e-01   -3.0000e+00    0.0000e+00    2.8978e+00    7.7646e-01   -4.1515e-04   -1.1082e-03   -6.4783e-04   -1.8369e-04
   4.0000e-01   -3.0000e+00    0.0000e+00    2.8532e+00    9.2705e-01   -1.9547e-04   -1.1695e-03   -4.8967e-04   -3.5013e-04
   4.0000e-01   -3.0000e+00    0.0000e+00    2.8007e+00    1.0751e+00    6.7580e-05   -1.1866e-03   -2.5764e-04   -2.9538e-04
   4.0000e-01   -3.0000e+00    0.0000e+00    2.7406e+00    1.2202e+00    3.6684e-04   -1.1338e-03    1.4222e-04   -3.7861e-04
   4.0000e-01   -3.0000e+00    0.0000e+00    2.6730e+00    1.3620e+00    6.7571e-04   -9.8563e-04    4.0865e-04   -2.9826e-04
   4.0000e-01   -3.0000e+00    0.0000e+00    2.5981e+00    1.5000e+00    9.5855e-04   -7.2032e-04    6.8730e-04   -5.0107e-05
   4.0000e-01   -3.0000e+00    0.0000e+00    2.5160e+00    1.6339e+00    1.1556e-03   -3.3655e-04    8.8824e-04    1.3280e-04
   4.0000e-01   -3.0000e+00    0.0000e+00    2.4271e+00    1.7634e+00    1.2019e-03    1.2507e-04    9.5172e-04    5.2825e-04
   4.0000e-01   -3.0000e+00    0.0000e+00    2.3314e+00    1.8880e+00    1.0529e-03    6.0373e-04    7.3743e-04    9.6302e-04
   4.0000e-01   -3.0000e+00    0.0000e+00    2.2294e+00    2.0074e+00    6.7754e-04    1.0143e-03    3.6334e-04    1.3133e-03
   4.0000e-01   -3.0000e+00    0.0000e+00    2.1213e+00    2.1213e+00    1.1730e-04    1.2206e-03   -2.6612e-04    1.4658e-03
   4.0000e-01   -3.0000e+00    0.0000e+00    2.0074e+00    2.2294e+00   -5.0287e-04    1.1258e-03   -8.1519e-04    1.3483e-03
   4.0000e-01   -3.0000e+00    0.0000e+00    1.8880e+00    2.3314e+00   -1.0189e-03    7.0739e-04   -1.3492e-03    9.3722e-04
   4.0000e-01   -3.0000e+00    0.0000e+00    1.7634e+00    2.4271e+00   -1.2482e-03    2.4710e-05   -1.6092e-03    1.7048e-04
   4.0000e-01   -3.0000e+00    0.0000e+00    1.6339e+00    2.5160e+00   -1.0392e-03   -7.0757e-04   -1.4583e-03   -6.3828e-04
   4.0000e-01   -3.0000e+00    0.0000e+00    1.5000e+00    2.5981e+00   -4.1423e-04   -1.1969e-03   -8.4944e-04   -1.1502e-03
   4.0000e-01   -3.0000e+00    0.0000e+00    1.3620e+00    2.6730e+00    4.2008e-04   -1.2051e-03    5.6546e-05   -1.1887e-03
   4.0000e-01   -3.0000e+00    0.0000e+00    1.2202e+00    2.7406e+00    1.1121e-03   -6.4803e-04    7.0972e-04   -6.8207e-04
   4.0000e-01   -3.0000e+00    0.0000e+00    1.0751e+00    2.8007e+00    1.2718e-03    2.6183e-04    8.6603e-04    1.2678e-04
   4.0000e-01   -3.0000e+00    0.0000e+00    9.2705e-01    2.8532e+00    7.4433e-04    1.0785e-03    3.6946e-04    9.4764e-04
   4.0000e-01   -3.0000e+00    0.0000e+00    7.7646e-01    2.8978e+00   -2.3299e-04    1.3025e-03   -5.3257e-04    1.1308e-03
   4.0000e-01   -3.0000e+00    0.0000e+00    6.2374e-01    2.9344e+00   -1.1193e-03    7.3117e-04   -1.5276e-03    4.5222e-04
   4.0000e-01   -3.0000e+00    0.0000e+00    4.6930e-01    2.9631e+00   -1.3042e-03   -3.5471e-04   -1.6972e-03   -6.3218e-04
   4.0000e-01   -3.0000e+00    0.0000e+00    3.1359e-01    2.9836e+00   -5.7218e-04   -1.2418e-03   -9.2703e-04   -1.5074e-03
   4.0000e-01   -3.0000e+00    0.0000e+00    1.5701e-01    2.9959e+00    6.1213e-04   -1.2412e-03    3.2225e-04   -1.5657e-03
   4.0000e-01   -3.0000e+00    0.0000e+00    0.0000e+00    3.0000e+00    1.3746e-03   -2.7437e-04    1.1393e-03   -6.3603e-04
   4.0000e-01   -3.0000e+00    0.0000e+00   -1.5701e-01    2.9959e+00    1.0432e-03    9.6430e-04    8.1038e-04    5.6388e-04
   4.0000e-01   -3.0000e+00    0.0000e+00   -3.1359e-01    2.9836e+00   -2.0201e-04    1.4265e-03   -3.6143e-04    1.0060e-03
   4.0000e-01   -3.0000e+00    0.0000e+00   -4.6930e-01    2.9631e+00   -1.3224e-03    6.2450e-04   -1.4097e-03    2.2293e-04
   4.0000e-01   -3.0000e+00    0.0000e+00   -6.2374e-01    2.9344e+00   -1.2476e-03   -8.0684e-04   -1.3024e-03   -1.2088e-03
   4.0000e-01   -3.0000e+00    0.0000e+00   -7.7646e-01    2.8978e+00    4.8948e-05   -1.5096e-03    7.8931e-05   -1.8804e-03
   4.0000e-01   -3.0000e+00    0.0000e+00   -9.2705e-01    2.8532e+00    1.3601e-03   -7.1613e-04    1.3084e-03   -1.1680e-03
   4.0000e-01   -3.0000e+00    0.0000e+00   -1.0751e+00    2.8007e+00    1.2982e-03    8.7598e-04    1.4744e-03    3.6356e-04
   4.0000e-01   -3.0000e+00    0.0000e+00   -1.2202e+00    2.7406e+00   -1.8388e-04    1.5864e-03    5.1158e-05    1.1893e-03
   4.0000e-01   -3.0000e+00    0.0000e+00   -1.3620e+00    2.6730e+00   -1.5368e-03    5.4430e-04   -1.3916e-03    1.9137e-04
   4.0000e-01   -3.0000e+00    0.0000e+00   -1.5000e+00    2.5981e+00   -1.1750e-03   -1.1819e-03   -9.5117e-04   -1.5729e-03
   4.0000e-01   -3.0000e+00    0.0000e+00   -1.6339e+00    2.5160e+00    6.1360e-04   -1.5920e-03    9.6792e-04   -1.9350e-03
   4.0000e-01   -3.0000e+00    0.0000e+00   -1.7634e+00    2.4271e+00    1.7477e-03   -6.6354e-05    2.0332e-03   -2.8989e-04
   4.0000e-01   -3.0000e+00    0.0000e+00   -1.8880e+00    2.3314e+00    7.5192e-04    1.6308e-03    1.1241e-03    1.3467e-03
   4.0000e-01   -3.0000e+00    0.0000e+00   -2.0074e+00    2.2294e+00   -1.2785e-03    1.3340e-03   -9.6285e-04    1.0891e-03
   4.0000e-01   -3.0000e+00    0.0000e+00   -2.1213e+00    2.1213e+00   -1.7497e-03   -7.5343e-04   -1.3451e-03   -9.9378e-04
   4.0000e-01   -3.0000e+00    0.0000e+00   -2.2294e+00    2.0074e+00    1.1527e-04   -1.9650e-03    3.9823e-04   -2.0882e-03
   4.0000e-01   -3.0000e+00    0.0000e+00   -2.3314e+00    1.8880e+00    1.9588e-03   -5.6680e-04    2.2579e-03   -7.0443e-04
   4.0000e-01   -3.0000e+00    0.0000e+00   -2.4271e+00    1.7634e+00    1.2053e-03    1.7432e-03    1.5074e-03    1.6207e-03
   4.0000e-01   -3.0000e+00    0.0000e+00   -2.5160e+00    1.6339e+00   -1.3484e-03    1.7520e-03   -1.1942e-03    1.6684e-03
   4.0000e-01   -3.0000e+00    0.0000e+00   -2.5981e+00    1.5000e+00   -2.1743e-03   -7.9775e-04   -1.9220e-03   -7.6128e-04
   4.0000e-01   -3.0000e+00    0.0000e+00   -2.5981e+00   -1.5000e+00   -2.1743e-03   -7.9775e-04   -1.9738e-03   -8.4525e-04
   4.0000e-01   -3.0000e+00    0.0000e+00   -2.5160e+00   -1.6339e+00   -1.3484e-03    1.7520e-03   -1.0496e-03    1.6992e-03
   4.0000e-01   -3.0000e+00    0.0000e+00   -2.4271e+00   -1.7634e+00    1.2053e-03    1.7432e-03    1.4987e-03    1.5601e-03
   4.0000e-01   -3.0000e+00    0.0000e+00   -2.3314e+00   -1.8880e+00    1.9588e-03   -5.6680e-04    2.2528e-03   -7.0007e-04
   4.0000e-01   -3.0000e+00    0.0000e+00   -2.2294e+00   -2.0074e+00    1.1527e-04   -1.9650e-03    3.8907e-04   -2.1508e-03
   4.0000e-01   -3.0000e+00    0.0000e+00   -2.1213e+00   -2.1213e+00   -1.7497e-03   -7.5343e-04   -1.3401e-03   -9.6610e-04
   4.0000e-01   -3.0000e+00    0.0000e+00   -2.0074e+00   -2.2294e+00   -1.2785e-03    1.3340e-03   -9.8745e-04    1.0249e-03
   4.0000e-01   -3.0000e+00    0.0000e+00   -1.8880e+00   -2.3314e+00    7.5192e-04    1.6308e-03    1.0883e-03    1.3375e-03
   4.0000e-01   -3.0000e+00    0.0000e+00   -1.7634e+00   -2.4271e+00    1.7477e-03   -6.6354e-05    2.0367e-03   -3.5782e-04
   4.0000e-01   -3.0000e+00    0.0000e+00   -1.6339e+00   -2.5160e+00    6.1360e-04   -1.5920e-03    9.2291e-04   -1.9135e-03
   4.0000e-01   -3.0000e+00    0.0000e+00   -1.5000e+00   -2.5981e+00   -1.1750e-03   -1.1819e-03   -8.9764e-04   -1.5850e-03
   4.0000e-01   -3.0000e+00    0.0000e+00   -1.3620e+00   -2.6730e+00   -1.5368e-03    5.4430e-04   -1.3381e-03    1.5125e-04
   4.0000e-01   -3.0000e+00    0.0000e+00   -1.2202e+00   -2.7406e+00   -1.8388e-04    1.5864e-03   -7.5383e-06    1.2240e-03
   4.0000e-01   -3.0000e+00    0.0000e+00   -1.0751e+00   -2.8007e+00    1.2982e-03    8.7598e-04    1.3986e-03    4.3008e-04
   4.0000e-01   -3.0000e+00    0.0000e+00   -9.2705e-01   -2.8532e+00    1.3601e-03   -7.1613e-04    1.4915e-03   -1.1375e-03
   4.0000e-01   -3.0000e+00    0.0000e+00   -7.7646e-01   -2.8978e+00    4.8948e-05   -1.5096e-03    1.3031e-05   -1.9548e-03
   4.0000e-01   -3.0000e+00    0.0000e+00   -6.2374e-01   -2.9344e+00   -1.2476e-03   -8.0684e-04   -1.3318e-03   -1.2836e-03
   4.0000e-01   -3.0000e+00    0.0000e+00   -4.6930e-01   -2.9631e+00   -1.3224e-03    6.2450e-04   -1.4654e-03    1.6656e-04
   4.0000e-01   -3.0000e+00    0.0000e+00   -3.1359e-01   -2.9836e+00   -2.0201e-04    1.4265e-03   -2.6654e-04    1.0485e-03
   4.0000e-01   -3.0000e+00    0.0000e+00   -1.5701e-01   -2.9959e+00    1.0432e-03    9.6430e-04    9.0264e-04    6.0666e-04
   4.0000e-01   -3.0000e+00    0.0000e+00    0.0000e+00   -3.0000e+00    1.3746e-03   -2.7437e-04    1.1284e-03   -6.3376e-04
   4.0000e-01   -3.0000e+00    0.0000e+00    1.5701e-01   -2.9959e+00    6.1213e-04   -1.2412e-03    3.3729e-04   -1.6310e-03
   4.0000e-01   -3.0000e+00    0.0000e+00    3.1359e-01   -2.9836e+00   -5.7218e-04   -1.2418e-03   -9.2942e-04   -1.5250e-03
   4.0000e-01   -3.0000e+00    0.0000e+00    4.6930e-01   -2.9631e+00   -1.3042e-03   -3.5471e-04   -1.6940e-03   -6.2746e-04
   4.0000e-01   -3.0000e+00    0.0000e+00    6.2374e-01   -2.9344e+00   -1.1193e-03    7.3117e-04   -1.4607e-03    5.1826e-04
   4.0000e-01   -3.0000e+00    0.0000e+00    7.7646e-01   -2.8978e+00   -2.3299e-04    1.3025e-03   -6.0256e-04    1.0572e-03
   4.0000e-01   -3.0000e+00    0.0000e+00    9.2705e-01   -2.8532e+00    7.4433e-04    1.0785e-03    3.7093e-04    9.1466e-04
   4.0000e-01   -3.0000e+00    0.0000e+00    1.0751e+00   -2.8007e+00    1.2718e-03    2.6183e-04    8.3427e-04    7.2323e-05
   4.0000e-01   -3.0000e+00    0.0000e+00    1.2202e+00   -2.7406e+00    1.1121e-03   -6.4803e-04    7.2801e-04   -7.7546e-04
   4.0000e-01   -3.0000e+00    0.0000e+00    1.3620e+00   -2.6730e+00    4.2008e-04   -1.2051e-03    -4.3168e-05   -1.1588e-03
   4.0000e-01   -3.0000e+00    0.0000e+00    1.5000e+00   -2.5981e+00   -4.1423e-04   -1.1969e-03   -8.5145e-04   -1.1873e-03
   4.0000e-01   -3.0000e+00    0.0000e+00    1.6339e+00   -2.5160e+00   -1.0392e-03   -7.0757e-04   -1.4186e-03   -6.3237e-04
   4.0000e-01   -3.0000e+00    0.0000e+00    1.7634e+00   -2.4271e+00   -1.2482e-03    2.4710e-05   -1.6572e-03    1.2171e-04
   4.0000e-01   -3.0000e+00    0.0000e+00    1.8880e+00   -2.3314e+00   -1.0189e-03    7.0739e-04   -1.3440e-03    8.7468e-04
   4.0000e-01   -3.0000e+00    0.0000e+00    2.0074e+00   -2.2294e+00   -5.0287e-04    1.1258e-03   -8.4712e-04    1.2729e-03
   4.0000e-01   -3.0000e+00    0.0000e+00    2.1213e+00   -2.1213e+00    1.1730e-04    1.2206e-03   -2.3544e-04    1.5384e-03
   4.0000e-01   -3.0000e+00    0.0000e+00    2.2294e+00   -2.0074e+00    6.7754e-04    1.0143e-03    3.3398e-04    1.3250e-03
   4.0000e-01   -3.0000e+00    0.0000e+00    2.3314e+00   -1.8880e+00    1.0529e-03    6.0373e-04    7.6723e-04    1.0387e-03
   4.0000e-01   -3.0000e+00    0.0000e+00    2.4271e+00   -1.7634e+00    1.2019e-03    1.2507e-04    9.2398e-04    5.8027e-04
   4.0000e-01   -3.0000e+00    0.0000e+00    2.5160e+00   -1.6339e+00    1.1556e-03   -3.3655e-04    9.0196e-04    2.7059e-04
   4.0000e-01   -3.0000e+00    0.0000e+00    2.5981e+00   -1.5000e+00    9.5855e-04   -7.2032e-04    7.3239e-04   -1.6287e-04
   4.0000e-01   -3.0000e+00    0.0000e+00    2.6730e+00   -1.3620e+00    6.7571e-04   -9.8563e-04    5.2626e-04   -3.4686e-04
   4.0000e-01   -3.0000e+00    0.0000e+00    2.7406e+00   -1.2202e+00    3.6684e-04   -1.1338e-03    6.2788e-05   -3.6200e-04
   4.0000e-01   -3.0000e+00    0.0000e+00    2.8007e+00   -1.0751e+00    6.7580e-05   -1.1866e-03   -1.8852e-04   -3.4366e-04
   4.0000e-01   -3.0000e+00    0.0000e+00    2.8532e+00   -9.2705e-01   -1.9547e-04   -1.1695e-03   -3.9502e-04   -2.3974e-04
   4.0000e-01   -3.0000e+00    0.0000e+00    2.8978e+00   -7.7646e-01   -4.1515e-04   -1.1082e-03   -6.9141e-04   -1.5098e-04
   4.0000e-01   -3.0000e+00    0.0000e+00    2.9344e+00   -6.2374e-01   -5.7669e-04   -1.0315e-03   -7.8097e-04    1.4126e-05
   4.0000e-01   -3.0000e+00    0.0000e+00    2.9631e+00   -4.6930e-01   -6.9606e-04   -9.5308e-04   -8.9431e-04    1.2582e-04
   4.0000e-01   -3.0000e+00    0.0000e+00    2.9836e+00   -3.1359e-01   -7.7087e-04   -8.9239e-04   -9.8899e-04    1.6606e-04
   4.0000e-01   -3.0000e+00    0.0000e+00    2.9959e+00   -1.5701e-01   -8.1703e-04   -8.4967e-04   -1.1099e-03    2.6422e-04
   4.0000e-01   -2.6000e+00   -1.5000e+00    3.0000e+00    0.0000e+00    9.4572e-04   -7.3696e-04    6.6822e-04   -6.7588e-05
   4.0000e-01   -2.6000e+00   -1.5000e+00    2.9959e+00    1.5701e-01    6.6621e-04   -9.9212e-04    4.7746e-04   -3.5621e-04
   4.0000e-01   -2.6000e+00   -1.5000e+00    2.9836e+00    3.1359e-01    3.5608e-04   -1.1370e-03    2.9559e-04   -4.1607e-04
   4.0000e-01   -2.6000e+00   -1.5000e+00    2.9631e+00    4.6930e-01    4.9619e-05   -1.1873e-03    1.5120e-04   -4.6592e-04
   4.0000e-01   -2.6000e+00   -1.5000e+00    2.9344e+00    6.2374e-01   -2.1394e-04   -1.1662e-03   -1.8279e-05   -3.4584e-04
   4.0000e-01   -2.6000e+00   -1.5000e+00    2.8978e+00    7.7646e-01   -4.3067e-04   -1.1021e-03   -2.0527e-04   -2.7701e-04
   4.0000e-01   -2.6000e+00   -1.5000e+00    2.8532e+00    9.2705e-01   -5.8897e-04   -1.0243e-03   -1.6132e-04   -1.4157e-04
   4.0000e-01   -2.6000e+00   -1.5000e+00    2.8007e+00    1.0751e+00   -7.0843e-04   -9.4407e-04   -2.0280e-04   -1.0108e-04
   4.0000e-01   -2.6000e+00   -1.5000e+00    2.7406e+00    1.2202e+00   -7.8637e-04   -8.7892e-04   -2.5759e-04    5.1458e-05
   4.0000e-01   -2.6000e+00   -1.5000e+00    2.6730e+00    1.3620e+00   -8.3304e-04   -8.3365e-04   -2.4373e-04    8.9412e-05
   4.0000e-01   -2.6000e+00   -1.5000e+00    2.5981e+00    1.5000e+00   -8.4487e-04   -8.2143e-04   -2.5033e-04    8.6405e-05
   4.0000e-01   -2.6000e+00   -1.5000e+00    2.5160e+00    1.6339e+00   -8.2731e-04   -8.3950e-04   -1.4067e-04    1.1346e-04
   4.0000e-01   -2.6000e+00   -1.5000e+00    2.4271e+00    1.7634e+00   -7.8645e-04   -8.7864e-04   -1.3092e-04    8.4438e-05
   4.0000e-01   -2.6000e+00   -1.5000e+00    2.3314e+00    1.8880e+00   -7.1412e-04   -9.3963e-04   -2.3012e-05    1.0062e-05
   4.0000e-01   -2.6000e+00   -1.5000e+00    2.2294e+00    2.0074e+00   -5.8980e-04   -1.0240e-03    6.2062e-05   -7.3516e-05
   4.0000e-01   -2.6000e+00   -1.5000e+00    2.1213e+00    2.1213e+00   -4.1965e-04   -1.1066e-03    1.6748e-04   -1.8579e-04
   4.0000e-01   -2.6000e+00   -1.5000e+00    2.0074e+00    2.2294e+00   -2.0979e-04   -1.1670e-03    2.9895e-04   -3.0844e-04
   4.0000e-01   -2.6000e+00   -1.5000e+00    1.8880e+00    2.3314e+00    4.5286e-05   -1.1875e-03    4.5254e-04   -4.0931e-04
   4.0000e-01   -2.6000e+00   -1.5000e+00    1.7634e+00    2.4271e+00    3.5316e-04   -1.1380e-03    6.9930e-04   -3.8967e-04
   4.0000e-01   -2.6000e+00   -1.5000e+00    1.6339e+00    2.5160e+00    6.7109e-04   -9.8895e-04    1.0144e-03   -2.9620e-04
   4.0000e-01   -2.6000e+00   -1.5000e+00    1.5000e+00    2.5981e+00    9.5167e-04   -7.2950e-04    1.1675e-03   -1.5352e-04
   4.0000e-01   -2.6000e+00   -1.5000e+00    1.3620e+00    2.6730e+00    1.1496e-03   -3.5574e-04    1.2785e-03    2.3444e-04
   4.0000e-01   -2.6000e+00   -1.5000e+00    1.2202e+00    2.7406e+00    1.2031e-03    1.1482e-04    1.2235e-03    5.1803e-04
   4.0000e-01   -2.6000e+00   -1.5000e+00    1.0751e+00    2.8007e+00    1.0544e-03    6.0144e-04    9.4656e-04    9.5279e-04
   4.0000e-01   -2.6000e+00   -1.5000e+00    9.2705e-01    2.8532e+00    6.8221e-04    1.0111e-03    5.0284e-04    1.2854e-03
   4.0000e-01   -2.6000e+00   -1.5000e+00    7.7646e-01    2.8978e+00    1.3649e-04    1.2184e-03   -1.1381e-04    1.3120e-03
   4.0000e-01   -2.6000e+00   -1.5000e+00    6.2374e-01    2.9344e+00   -4.9114e-04    1.1310e-03   -7.4214e-04    1.1509e-03
   4.0000e-01   -2.6000e+00   -1.5000e+00    4.6930e-01    2.9631e+00   -1.0180e-03    7.0874e-04   -1.3079e-03    7.3693e-04
   4.0000e-01   -2.6000e+00   -1.5000e+00    3.1359e-01    2.9836e+00   -1.2483e-03    2.5146e-05   -1.6124e-03   -5.1945e-05
   4.0000e-01   -2.6000e+00   -1.5000e+00    1.5701e-01    2.9959e+00   -1.0448e-03   -6.9934e-04   -1.3469e-03   -8.6302e-04
   4.0000e-01   -2.6000e+00   -1.5000e+00    0.0000e+00    3.0000e+00   -4.2502e-04   -1.1930e-03   -7.1924e-04   -1.3988e-03
   4.0000e-01   -2.6000e+00   -1.5000e+00   -1.5701e-01    2.9959e+00    4.1838e-04   -1.2058e-03    4.4122e-05   -1.4352e-03
   4.0000e-01   -2.6000e+00   -1.5000e+00   -3.1359e-01    2.9836e+00    1.1074e-03   -6.5540e-04    8.0602e-04   -8.6963e-04
   4.0000e-01   -2.6000e+00   -1.5000e+00   -4.6930e-01    2.9631e+00    1.2735e-03    2.5155e-04    1.0354e-03   -1.0206e-06
   4.0000e-01   -2.6000e+00   -1.5000e+00   -6.2374e-01    2.9344e+00    7.5414e-04    1.0715e-03    5.5536e-04    8.1424e-04
   4.0000e-01   -2.6000e+00   -1.5000e+00   -7.7646e-01    2.8978e+00   -2.2398e-04    1.3038e-03   -3.6410e-04    1.0354e-03
   4.0000e-01   -2.6000e+00   -1.5000e+00   -9.2705e-01    2.8532e+00   -1.1146e-03    7.3777e-04   -1.2672e-03    5.2234e-04
   4.0000e-01   -2.6000e+00   -1.5000e+00   -1.0751e+00    2.8007e+00   -1.3063e-03   -3.4671e-04   -1.2555e-03   -5.0343e-04
   4.0000e-01   -2.6000e+00   -1.5000e+00   -1.2202e+00    2.7406e+00   -5.8815e-04   -1.2341e-03   -6.0843e-04   -1.3253e-03
   4.0000e-01   -2.6000e+00   -1.5000e+00   -1.3620e+00    2.6730e+00    6.0104e-04   -1.2461e-03    5.9130e-04   -1.3517e-03
   4.0000e-01   -2.6000e+00   -1.5000e+00   -1.5000e+00    2.5981e+00    1.3722e-03   -2.8374e-04    1.4989e-03   -3.5388e-04
   4.0000e-01   -2.6000e+00   -1.5000e+00   -1.6339e+00    2.5160e+00    1.0470e-03    9.5984e-04    1.1792e-03    9.6155e-04
   4.0000e-01   -2.6000e+00   -1.5000e+00   -1.7634e+00    2.4271e+00   -1.9660e-04    1.4270e-03   -2.6601e-05    1.4550e-03
   4.0000e-01   -2.6000e+00   -1.5000e+00   -1.8880e+00    2.3314e+00   -1.3172e-03    6.3451e-04   -1.1398e-03    6.7769e-04
   4.0000e-01   -2.6000e+00   -1.5000e+00   -2.0074e+00    2.2294e+00   -1.2538e-03   -7.9658e-04   -1.0536e-03   -6.5614e-04
   4.0000e-01   -2.6000e+00   -1.5000e+00   -2.1213e+00    2.1213e+00    5.1079e-05   -1.5095e-03    3.3685e-04   -1.3568e-03
   4.0000e-01   -2.6000e+00   -1.5000e+00   -2.2294e+00    2.0074e+00    1.3609e-03   -7.1419e-04    1.5666e-03   -4.5260e-04
   4.0000e-01   -2.6000e+00   -1.5000e+00   -2.3314e+00    1.8880e+00    1.3043e-03    8.6592e-04    1.5112e-03    1.0818e-03
   4.0000e-01   -2.6000e+00   -1.5000e+00   -2.4271e+00    1.7634e+00   -1.7921e-04    1.5865e-03    2.6452e-05    1.7767e-03
   4.0000e-01   -2.6000e+00   -1.5000e+00   -2.5160e+00    1.6339e+00   -1.5366e-03    5.4454e-04   -1.2930e-03    7.7475e-04
   4.0000e-01   -2.6000e+00   -1.5000e+00   -2.5981e+00    1.5000e+00   -1.1741e-03   -1.1830e-03   -9.0977e-04   -9.6069e-04
   4.0000e-01   -2.6000e+00   -1.5000e+00   -2.6730e+00    1.3620e+00    6.0446e-04   -1.5949e-03    8.1194e-04   -1.3974e-03
   4.0000e-01   -2.6000e+00   -1.5000e+00   -2.7406e+00    1.2202e+00    1.7479e-03   -6.5610e-05    1.8956e-03    1.2607e-04
   4.0000e-01   -2.6000e+00   -1.5000e+00   -2.8007e+00    1.0751e+00    7.4655e-04    1.6336e-03    9.4182e-04    1.7650e-03
   4.0000e-01   -2.6000e+00   -1.5000e+00   -2.8532e+00    9.2705e-01   -1.2896e-03    1.3234e-03   -1.1010e-03    1.3448e-03
   4.0000e-01   -2.6000e+00   -1.5000e+00   -2.8978e+00    7.7646e-01   -1.7501e-03   -7.5174e-04   -1.6324e-03   -7.0386e-04
   4.0000e-01   -2.6000e+00   -1.5000e+00   -2.9344e+00    6.2374e-01    1.1054e-04   -1.9652e-03    2.7633e-04   -1.9316e-03
   4.0000e-01   -2.6000e+00   -1.5000e+00   -2.9631e+00    4.6930e-01    1.9630e-03   -5.5393e-04    2.1314e-03   -5.7626e-04
   4.0000e-01   -2.6000e+00   -1.5000e+00   -2.9836e+00    3.1359e-01    1.1865e-03    1.7569e-03    1.4080e-03    1.7356e-03
   4.0000e-01   -2.6000e+00   -1.5000e+00   -2.9959e+00    1.5701e-01   -1.3564e-03    1.7461e-03   -1.1411e-03    1.7454e-03
   4.0000e-01   -2.6000e+00   -1.5000e+00   -3.0000e+00    0.0000e+00   -2.1688e-03   -8.1403e-04   -1.9167e-03   -8.5174e-04
   4.0000e-01   -2.6000e+00   -1.5000e+00   -1.5000e+00   -2.5981e+00   -2.1833e-03   -7.6948e-04   -1.9119e-03   -5.1575e-04
   4.0000e-01   -2.6000e+00   -1.5000e+00   -1.3620e+00   -2.6730e+00   -1.3295e-03    1.7655e-03   -1.0614e-03    2.0288e-03
   4.0000e-01   -2.6000e+00   -1.5000e+00   -1.2202e+00   -2.7406e+00    1.2236e-03    1.7301e-03    1.3957e-03    1.8076e-03
   4.0000e-01   -2.6000e+00   -1.5000e+00   -1.0751e+00   -2.8007e+00    1.9540e-03   -5.8306e-04    2.2144e-03   -5.4122e-04
   4.0000e-01   -2.6000e+00   -1.5000e+00   -9.2705e-01   -2.8532e+00    8.0721e-05   -1.9659e-03    2.5527e-04   -2.0275e-03
   4.0000e-01   -2.6000e+00   -1.5000e+00   -7.7646e-01   -2.8978e+00   -1.7603e-03   -7.2619e-04   -1.5404e-03   -8.0591e-04
   4.0000e-01   -2.6000e+00   -1.5000e+00   -6.2374e-01   -2.9344e+00   -1.2680e-03    1.3436e-03   -1.0112e-03    1.1812e-03
   4.0000e-01   -2.6000e+00   -1.5000e+00   -4.6930e-01   -2.9631e+00    7.6992e-04    1.6221e-03    9.8191e-04    1.4769e-03
   4.0000e-01   -2.6000e+00   -1.5000e+00   -3.1359e-01   -2.9836e+00    1.7458e-03   -9.4569e-05    1.8681e-03   -3.8064e-04
   4.0000e-01   -2.6000e+00   -1.5000e+00   -1.5701e-01   -2.9959e+00    5.9040e-04   -1.6001e-03    7.7561e-04   -1.8942e-03
   4.0000e-01   -2.6000e+00   -1.5000e+00    0.0000e+00   -3.0000e+00   -1.1872e-03   -1.1693e-03   -1.0334e-03   -1.4812e-03
   4.0000e-01   -2.6000e+00   -1.5000e+00    1.5701e-01   -2.9959e+00   -1.5295e-03    5.6347e-04   -1.3682e-03    2.4358e-04
   4.0000e-01   -2.6000e+00   -1.5000e+00    3.1359e-01   -2.9836e+00   -1.7212e-04    1.5873e-03   -6.1974e-05    1.3298e-03
   4.0000e-01   -2.6000e+00   -1.5000e+00    4.6930e-01   -2.9631e+00    1.3105e-03    8.5643e-04    1.4602e-03    6.4617e-04
   4.0000e-01   -2.6000e+00   -1.5000e+00    6.2374e-01   -2.9344e+00    1.3489e-03   -7.3627e-04    1.4956e-03   -9.3148e-04
   4.0000e-01   -2.6000e+00   -1.5000e+00    7.7646e-01   -2.8978e+00    2.5923e-05   -1.5097e-03    1.5688e-04   -1.7110e-03
   4.0000e-01   -2.6000e+00   -1.5000e+00    9.2705e-01   -2.8532e+00   -1.2580e-03   -7.8959e-04   -1.2047e-03   -8.9237e-04
   4.0000e-01   -2.6000e+00   -1.5000e+00    1.0751e+00   -2.8007e+00   -1.3125e-03    6.4443e-04   -1.2425e-03    6.1419e-04
   4.0000e-01   -2.6000e+00   -1.5000e+00    1.2202e+00   -2.7406e+00   -1.8055e-04    1.4292e-03   -1.9892e-04    1.4286e-03
   4.0000e-01   -2.6000e+00   -1.5000e+00    1.3620e+00   -2.6730e+00    1.0637e-03    9.4059e-04    1.0117e-03    9.6608e-04
   4.0000e-01   -2.6000e+00   -1.5000e+00    1.5000e+00   -2.5981e+00    1.3693e-03   -2.9762e-04    1.2830e-03   -1.3688e-04
   4.0000e-01   -2.6000e+00   -1.5000e+00    1.6339e+00   -2.5160e+00    5.9038e-04   -1.2511e-03    4.4394e-04   -1.0231e-03
   4.0000e-01   -2.6000e+00   -1.5000e+00    1.7634e+00   -2.4271e+00   -6.0332e-04   -1.2263e-03   -8.1280e-04   -1.0516e-03
   4.0000e-01   -2.6000e+00   -1.5000e+00    1.8880e+00   -2.3314e+00   -1.3117e-03   -3.2360e-04   -1.6175e-03   -7.9244e-05
   4.0000e-01   -2.6000e+00   -1.5000e+00    2.0074e+00   -2.2294e+00   -1.1082e-03    7.4689e-04   -1.5307e-03    1.0832e-03
   4.0000e-01   -2.6000e+00   -1.5000e+00    2.1213e+00   -2.1213e+00   -2.1792e-04    1.3048e-03   -6.2962e-04    1.6951e-03
   4.0000e-01   -2.6000e+00   -1.5000e+00    2.2294e+00   -2.0074e+00    7.6883e-04    1.0606e-03    2.5704e-04    1.5408e-03
   4.0000e-01   -2.6000e+00   -1.5000e+00    2.3314e+00   -1.8880e+00    1.2768e-03    2.3187e-04    7.0820e-04    6.3773e-04
   4.0000e-01   -2.6000e+00   -1.5000e+00    2.4271e+00   -1.7634e+00    1.0995e-03   -6.6784e-04    4.1263e-04   -2.4186e-04
   4.0000e-01   -2.6000e+00   -1.5000e+00    2.5160e+00   -1.6339e+00    4.0737e-04   -1.2093e-03   -2.6828e-04   -7.9554e-04
   4.0000e-01   -2.6000e+00   -1.5000e+00    2.5981e+00   -1.5000e+00   -4.3574e-04   -1.1886e-03   -1.1301e-03   -6.8960e-04
   4.0000e-01   -2.6000e+00   -1.5000e+00    2.6730e+00   -1.3620e+00   -1.0538e-03   -6.8481e-04   -1.8113e-03   -1.8250e-04
   4.0000e-01   -2.6000e+00   -1.5000e+00    2.7406e+00   -1.2202e+00   -1.2475e-03    4.4210e-05   -1.9662e-03    5.2365e-04
   4.0000e-01   -2.6000e+00   -1.5000e+00    2.8007e+00   -1.0751e+00   -1.0121e-03    7.1689e-04   -1.7142e-03    1.2000e-03
   4.0000e-01   -2.6000e+00   -1.5000e+00    2.8532e+00   -9.2705e-01   -4.8304e-04    1.1341e-03   -1.1671e-03    1.7069e-03
   4.0000e-01   -2.6000e+00   -1.5000e+00    2.8978e+00   -7.7646e-01    1.4582e-04    1.2170e-03   -5.0620e-04    1.6979e-03
   4.0000e-01   -2.6000e+00   -1.5000e+00    2.9344e+00   -6.2374e-01    6.9145e-04    1.0045e-03    8.3649e-05    1.5468e-03
   4.0000e-01   -2.6000e+00   -1.5000e+00    2.9631e+00   -4.6930e-01    1.0585e-03    5.9339e-04    4.8421e-04    1.0993e-03
   4.0000e-01   -2.6000e+00   -1.5000e+00    2.9836e+00   -3.1359e-01    1.2032e-03    1.1026e-04    7.2713e-04    7.1369e-04
   4.0000e-01   -2.6000e+00   -1.5000e+00    2.9959e+00   -1.5701e-01    1.1499e-03   -3.5504e-04    8.1408e-04    2.8440e-04
   4.0000e-01   -1.5000e+00   -2.6000e+00    3.0000e+00    0.0000e+00   -4.2502e-04   -1.1930e-03   -8.1756e-04   -1.0859e-03
   4.0000e-01   -1.5000e+00   -2.6000e+00    2.9959e+00    1.5701e-01   -1.0448e-03   -6.9934e-04   -1.4496e-03   -6.1188e-04
   4.0000e-01   -1.5000e+00   -2.6000e+00    2.9836e+00    3.1359e-01   -1.2483e-03    2.5146e-05   -1.5998e-03    2.0110e-04
   4.0000e-01   -1.5000e+00   -2.6000e+00    2.9631e+00    4.6930e-01   -1.0180e-03    7.0874e-04   -1.3161e-03    8.4563e-04
   4.0000e-01   -1.5000e+00   -2.6000e+00    2.9344e+00    6.2374e-01   -4.9114e-04    1.1310e-03   -7.2794e-04    1.3252e-03
   4.0000e-01   -1.5000e+00   -2.6000e+00    2.8978e+00    7.7646e-01    1.3649e-04    1.2184e-03   -7.9099e-05    1.5549e-03
   4.0000e-01   -1.5000e+00   -2.6000e+00    2.8532e+00    9.2705e-01    6.8221e-04    1.0111e-03    5.6837e-04    1.4094e-03
   4.0000e-01   -1.5000e+00   -2.6000e+00    2.8007e+00    1.0751e+00    1.0544e-03    6.0144e-04    9.8597e-04    1.0826e-03
   4.0000e-01   -1.5000e+00   -2.6000e+00    2.7406e+00    1.2202e+00    1.2031e-03    1.1482e-04    1.2424e-03    5.3551e-04
   4.0000e-01   -1.5000e+00   -2.6000e+00    2.6730e+00    1.3620e+00    1.1496e-03   -3.5574e-04    1.2460e-03    1.4653e-04
   4.0000e-01   -1.5000e+00   -2.6000e+00    2.5981e+00    1.5000e+00    9.5167e-04   -7.2950e-04    1.1060e-03   -9.8263e-05
   4.0000e-01   -1.5000e+00   -2.6000e+00    2.5160e+00    1.6339e+00    6.7109e-04   -9.8895e-04    9.6975e-04   -3.0319e-04
   4.0000e-01   -1.5000e+00   -2.6000e+00    2.4271e+00    1.7634e+00    3.5316e-04   -1.1380e-03    6.8308e-04   -4.1210e-04
   4.0000e-01   -1.5000e+00   -2.6000e+00    2.3314e+00    1.8880e+00    4.5286e-05   -1.1875e-03    4.1324e-04   -4.6667e-04
   4.0000e-01   -1.5000e+00   -2.6000e+00    2.2294e+00    2.0074e+00   -2.0979e-04   -1.1670e-03    2.5331e-04   -4.1787e-04
   4.0000e-01   -1.5000e+00   -2.6000e+00    2.1213e+00    2.1213e+00   -4.1965e-04   -1.1066e-03    8.6874e-05   -3.1323e-04
   4.0000e-01   -1.5000e+00   -2.6000e+00    2.0074e+00    2.2294e+00   -5.8980e-04   -1.0240e-03   -4.2262e-05   -2.0778e-04
   4.0000e-01   -1.5000e+00   -2.6000e+00    1.8880e+00    2.3314e+00   -7.1412e-04   -9.3963e-04   -1.3491e-04   -1.5170e-04
   4.0000e-01   -1.5000e+00   -2.6000e+00    1.7634e+00    2.4271e+00   -7.8645e-04   -8.7864e-04   -2.3150e-04   -5.9913e-05
   4.0000e-01   -1.5000e+00   -2.6000e+00    1.6339e+00    2.5160e+00   -8.2731e-04   -8.3950e-04   -3.1445e-04   -3.1857e-05
   4.0000e-01   -1.5000e+00   -2.6000e+00    1.5000e+00    2.5981e+00   -8.4487e-04   -8.2143e-04   -4.5846e-04    3.9034e-05
   4.0000e-01   -1.5000e+00   -2.6000e+00    1.3620e+00    2.6730e+00   -8.3304e-04   -8.3365e-04   -4.4870e-04   -9.5505e-05
   4.0000e-01   -1.5000e+00   -2.6000e+00    1.2202e+00    2.7406e+00   -7.8637e-04   -8.7892e-04   -4.4564e-04   -1.8011e-04
   4.0000e-01   -1.5000e+00   -2.6000e+00    1.0751e+00    2.8007e+00   -7.0843e-04   -9.4407e-04   -3.6227e-04   -2.4264e-04
   4.0000e-01   -1.5000e+00   -2.6000e+00    9.2705e-01    2.8532e+00   -5.8897e-04   -1.0243e-03   -4.1758e-04   -3.5627e-04
   4.0000e-01   -1.5000e+00   -2.6000e+00    7.7646e-01    2.8978e+00   -4.3067e-04   -1.1021e-03   -2.9901e-04   -3.7598e-04
   4.0000e-01   -1.5000e+00   -2.6000e+00    6.2374e-01    2.9344e+00   -2.1394e-04   -1.1662e-03   -1.7883e-04   -5.4834e-04
   4.0000e-01   -1.5000e+00   -2.6000e+00    4.6930e-01    2.9631e+00    4.9619e-05   -1.1873e-03    3.6148e-05   -5.5420e-04
   4.0000e-01   -1.5000e+00   -2.6000e+00    3.1359e-01    2.9836e+00    3.5608e-04   -1.1370e-03    1.7575e-04   -5.4177e-04
   4.0000e-01   -1.5000e+00   -2.6000e+00    1.5701e-01    2.9959e+00    6.6621e-04   -9.9212e-04    4.3884e-04   -4.0663e-04
   4.0000e-01   -1.5000e+00   -2.6000e+00    0.0000e+00    3.0000e+00    9.4572e-04   -7.3696e-04    6.4355e-04   -1.7718e-04
   4.0000e-01   -1.5000e+00   -2.6000e+00   -1.5701e-01    2.9959e+00    1.1499e-03   -3.5504e-04    8.4974e-04    2.9244e-04
   4.0000e-01   -1.5000e+00   -2.6000e+00   -3.1359e-01    2.9836e+00    1.2032e-03    1.1026e-04    7.8287e-04    5.9867e-04
   4.0000e-01   -1.5000e+00   -2.6000e+00   -4.6930e-01    2.9631e+00    1.0585e-03    5.9339e-04    5.5039e-04    1.1366e-03
   4.0000e-01   -1.5000e+00   -2.6000e+00   -6.2374e-01    2.9344e+00    6.9145e-04    1.0045e-03    1.2979e-04    1.4983e-03
   4.0000e-01   -1.5000e+00   -2.6000e+00   -7.7646e-01    2.8978e+00    1.4582e-04    1.2170e-03   -3.5619e-04    1.7155e-03
   4.0000e-01   -1.5000e+00   -2.6000e+00   -9.2705e-01    2.8532e+00   -4.8304e-04    1.1341e-03   -1.0245e-03    1.6831e-03
   4.0000e-01   -1.5000e+00   -2.6000e+00   -1.0751e+00    2.8007e+00   -1.0121e-03    7.1689e-04   -1.5018e-03    1.1676e-03
   4.0000e-01   -1.5000e+00   -2.6000e+00   -1.2202e+00    2.7406e+00   -1.2475e-03    4.4210e-05   -1.7207e-03    4.9370e-04
   4.0000e-01   -1.5000e+00   -2.6000e+00   -1.3620e+00    2.6730e+00   -1.0538e-03   -6.8481e-04   -1.5475e-03   -2.5722e-04
   4.0000e-01   -1.5000e+00   -2.6000e+00   -1.5000e+00    2.5981e+00   -4.3574e-04   -1.1886e-03   -8.2946e-04   -7.8631e-04
   4.0000e-01   -1.5000e+00   -2.6000e+00   -1.6339e+00    2.5160e+00    4.0737e-04   -1.2093e-03    8.6465e-06   -7.7099e-04
   4.0000e-01   -1.5000e+00   -2.6000e+00   -1.7634e+00    2.4271e+00    1.0995e-03   -6.6784e-04    7.6785e-04   -2.8567e-04
   4.0000e-01   -1.5000e+00   -2.6000e+00   -1.8880e+00    2.3314e+00    1.2768e-03    2.3187e-04    9.6599e-04    6.6193e-04
   4.0000e-01   -1.5000e+00   -2.6000e+00   -2.0074e+00    2.2294e+00    7.6883e-04    1.0606e-03    5.7129e-04    1.2699e-03
   4.0000e-01   -1.5000e+00   -2.6000e+00   -2.1213e+00    2.1213e+00   -2.1792e-04    1.3048e-03   -3.3720e-04    1.5088e-03
   4.0000e-01   -1.5000e+00   -2.6000e+00   -2.2294e+00    2.0074e+00   -1.1082e-03    7.4689e-04   -1.2672e-03    9.2257e-04
   4.0000e-01   -1.5000e+00   -2.6000e+00   -2.3314e+00    1.8880e+00   -1.3117e-03   -3.2360e-04   -1.3097e-03   -1.8800e-04
   4.0000e-01   -1.5000e+00   -2.6000e+00   -2.4271e+00    1.7634e+00   -6.0332e-04   -1.2263e-03   -5.8539e-04   -1.2052e-03
   4.0000e-01   -1.5000e+00   -2.6000e+00   -2.5160e+00    1.6339e+00    5.9038e-04   -1.2511e-03    6.9430e-04   -1.2402e-03
   4.0000e-01   -1.5000e+00   -2.6000e+00   -2.5981e+00    1.5000e+00    1.3693e-03   -2.9762e-04    1.4311e-03   -3.2962e-04
   4.0000e-01   -1.5000e+00   -2.6000e+00   -2.6730e+00    1.3620e+00    1.0637e-03    9.4059e-04    1.2352e-03    8.3463e-04
   4.0000e-01   -1.5000e+00   -2.6000e+00   -2.7406e+00    1.2202e+00   -1.8055e-04    1.4292e-03    5.8078e-05    1.2805e-03
   4.0000e-01   -1.5000e+00   -2.6000e+00   -2.8007e+00    1.0751e+00   -1.3125e-03    6.4443e-04   -1.0365e-03    4.1397e-04
   4.0000e-01   -1.5000e+00   -2.6000e+00   -2.8532e+00    9.2705e-01   -1.2580e-03   -7.8959e-04   -1.0121e-03   -1.0357e-03
   4.0000e-01   -1.5000e+00   -2.6000e+00   -2.8978e+00    7.7646e-01    2.5923e-05   -1.5097e-03    3.2621e-04   -1.8449e-03
   4.0000e-01   -1.5000e+00   -2.6000e+00   -2.9344e+00    6.2374e-01    1.3489e-03   -7.3627e-04    1.6876e-03   -1.0858e-03
   4.0000e-01   -1.5000e+00   -2.6000e+00   -2.9631e+00    4.6930e-01    1.3105e-03    8.5643e-04    1.5817e-03    4.9872e-04
   4.0000e-01   -1.5000e+00   -2.6000e+00   -2.9836e+00    3.1359e-01   -1.7212e-04    1.5873e-03    6.7442e-05    1.1430e-03
   4.0000e-01   -1.5000e+00   -2.6000e+00   -2.9959e+00    1.5701e-01   -1.5295e-03    5.6347e-04   -1.1839e-03    2.2708e-04
   4.0000e-01   -1.5000e+00   -2.6000e+00   -3.0000e+00    0.0000e+00   -1.1872e-03   -1.1693e-03   -9.6501e-04   -1.5249e-03
   4.0000e-01   -1.5000e+00   -2.6000e+00   -2.9959e+00   -1.5701e-01    5.9040e-04   -1.6001e-03    8.6567e-04   -1.9471e-03
   4.0000e-01   -1.5000e+00   -2.6000e+00   -2.9836e+00   -3.1359e-01    1.7458e-03   -9.4569e-05    2.0432e-03   -3.9914e-04
   4.0000e-01   -1.5000e+00   -2.6000e+00   -2.9631e+00   -4.6930e-01    7.6992e-04    1.6221e-03    1.0406e-03    1.3639e-03
   4.0000e-01   -1.5000e+00   -2.6000e+00   -2.9344e+00   -6.2374e-01   -1.2680e-03    1.3436e-03   -1.0230e-03    1.2298e-03
   4.0000e-01   -1.5000e+00   -2.6000e+00   -2.8978e+00   -7.7646e-01   -1.7603e-03   -7.2619e-04   -1.5219e-03   -8.5103e-04
   4.0000e-01   -1.5000e+00   -2.6000e+00   -2.8532e+00   -9.2705e-01    8.0721e-05   -1.9659e-03    3.0780e-04   -1.9722e-03
   4.0000e-01   -1.5000e+00   -2.6000e+00   -2.8007e+00   -1.0751e+00    1.9540e-03   -5.8306e-04    2.1574e-03   -5.5899e-04
   4.0000e-01   -1.5000e+00   -2.6000e+00   -2.7406e+00   -1.2202e+00    1.2236e-03    1.7301e-03    1.5152e-03    1.8946e-03
   4.0000e-01   -1.5000e+00   -2.6000e+00   -2.6730e+00   -1.3620e+00   -1.3295e-03    1.7655e-03   -1.1218e-03    1.8948e-03
   4.0000e-01   -1.5000e+00   -2.6000e+00   -2.5981e+00   -1.5000e+00   -2.1833e-03   -7.6948e-04   -1.9886e-03   -5.6845e-04
   4.0000e-01   -1.5000e+00   -2.6000e+00    0.0000e+00   -3.0000e+00   -2.1688e-03   -8.1403e-04   -1.8940e-03   -6.8064e-04
   4.0000e-01   -1.5000e+00   -2.6000e+00    1.5701e-01   -2.9959e+00   -1.3564e-03    1.7461e-03   -1.1427e-03    1.9052e-03
   4.0000e-01   -1.5000e+00   -2.6000e+00    3.1359e-01   -2.9836e+00    1.1865e-03    1.7569e-03    1.3245e-03    1.9374e-03
   4.0000e-01   -1.5000e+00   -2.6000e+00    4.6930e-01   -2.9631e+00    1.9630e-03   -5.5393e-04    2.2574e-03   -3.9883e-04
   4.0000e-01   -1.5000e+00   -2.6000e+00    6.2374e-01   -2.9344e+00    1.1054e-04   -1.9652e-03    2.1866e-04   -1.7259e-03
   4.0000e-01   -1.5000e+00   -2.6000e+00    7.7646e-01   -2.8978e+00   -1.7501e-03   -7.5174e-04   -1.5185e-03   -5.0187e-04
   4.0000e-01   -1.5000e+00   -2.6000e+00    9.2705e-01   -2.8532e+00   -1.2896e-03    1.3234e-03   -1.0900e-03    1.6724e-03
   4.0000e-01   -1.5000e+00   -2.6000e+00    1.0751e+00   -2.8007e+00    7.4655e-04    1.6336e-03    9.9035e-04    1.9876e-03
   4.0000e-01   -1.5000e+00   -2.6000e+00    1.2202e+00   -2.7406e+00    1.7479e-03   -6.5610e-05    1.8689e-03    2.9952e-04
   4.0000e-01   -1.5000e+00   -2.6000e+00    1.3620e+00   -2.6730e+00    6.0446e-04   -1.5949e-03    7.2456e-04   -1.2153e-03
   4.0000e-01   -1.5000e+00   -2.6000e+00    1.5000e+00   -2.5981e+00   -1.1741e-03   -1.1830e-03   -1.0376e-03   -8.0914e-04
   4.0000e-01   -1.5000e+00   -2.6000e+00    1.6339e+00   -2.5160e+00   -1.5366e-03    5.4454e-04   -1.3470e-03    9.3895e-04
   4.0000e-01   -1.5000e+00   -2.6000e+00    1.7634e+00   -2.4271e+00   -1.7921e-04    1.5865e-03   -1.1762e-04    2.0016e-03
   4.0000e-01   -1.5000e+00   -2.6000e+00    1.8880e+00   -2.3314e+00    1.3043e-03    8.6592e-04    1.4337e-03    1.2569e-03
   4.0000e-01   -1.5000e+00   -2.6000e+00    2.0074e+00   -2.2294e+00    1.3609e-03   -7.1419e-04    1.4117e-03   -3.6042e-04
   4.0000e-01   -1.5000e+00   -2.6000e+00    2.1213e+00   -2.1213e+00    5.1079e-05   -1.5095e-03    8.3485e-05   -1.1860e-03
   4.0000e-01   -1.5000e+00   -2.6000e+00    2.2294e+00   -2.0074e+00   -1.2538e-03   -7.9658e-04   -1.2518e-03   -4.9734e-04
   4.0000e-01   -1.5000e+00   -2.6000e+00    2.3314e+00   -1.8880e+00   -1.3172e-03    6.3451e-04   -1.3696e-03    9.1131e-04
   4.0000e-01   -1.5000e+00   -2.6000e+00    2.4271e+00   -1.7634e+00   -1.9660e-04    1.4270e-03   -2.6421e-04    1.6838e-03
   4.0000e-01   -1.5000e+00   -2.6000e+00    2.5160e+00   -1.6339e+00    1.0470e-03    9.5984e-04    9.8421e-04    1.1941e-03
   4.0000e-01   -1.5000e+00   -2.6000e+00    2.5981e+00   -1.5000e+00    1.3722e-03   -2.8374e-04    1.2020e-03   -9.8679e-05
   4.0000e-01   -1.5000e+00   -2.6000e+00    2.6730e+00   -1.3620e+00    6.0104e-04   -1.2461e-03    4.3551e-04   -1.1346e-03
   4.0000e-01   -1.5000e+00   -2.6000e+00    2.7406e+00   -1.2202e+00   -5.8815e-04   -1.2341e-03   -7.5962e-04   -1.1500e-03
   4.0000e-01   -1.5000e+00   -2.6000e+00    2.8007e+00   -1.0751e+00   -1.3063e-03   -3.4671e-04   -1.5523e-03   -3.1600e-04
   4.0000e-01   -1.5000e+00   -2.6000e+00    2.8532e+00   -9.2705e-01   -1.1146e-03    7.3777e-04   -1.4071e-03    7.5191e-04
   4.0000e-01   -1.5000e+00   -2.6000e+00    2.8978e+00   -7.7646e-01   -2.2398e-04    1.3038e-03   -5.8346e-04    1.2893e-03
   4.0000e-01   -1.5000e+00   -2.6000e+00    2.9344e+00   -6.2374e-01    7.5414e-04    1.0715e-03    4.5680e-04    1.1090e-03
   4.0000e-01   -1.5000e+00   -2.6000e+00    2.9631e+00   -4.6930e-01    1.2735e-03    2.5155e-04    9.3481e-04    2.7026e-04
   4.0000e-01   -1.5000e+00   -2.6000e+00    2.9836e+00   -3.1359e-01    1.1074e-03   -6.5540e-04    7.3363e-04   -6.4156e-04
   4.0000e-01   -1.5000e+00   -2.6000e+00    2.9959e+00   -1.5701e-01    4.1838e-04   -1.2058e-03    9.4611e-05   -1.2109e-03
   4.0000e-01    0.0000e+00   -3.0000e+00    3.0000e+00    0.0000e+00    1.3746e-03   -2.7437e-04    1.0729e-03   -6.5559e-04
   4.0000e-01    0.0000e+00   -3.0000e+00    2.9959e+00    1.5701e-01    6.1213e-04   -1.2412e-03    3.4777e-04   -1.6388e-03
   4.0000e-01    0.0000e+00   -3.0000e+00    2.9836e+00    3.1359e-01   -5.7218e-04   -1.2418e-03   -9.1674e-04   -1.6160e-03
   4.0000e-01    0.0000e+00   -3.0000e+00    2.9631e+00    4.6930e-01   -1.3042e-03   -3.5471e-04   -1.6745e-03   -6.6171e-04
   4.0000e-01    0.0000e+00   -3.0000e+00    2.9344e+00    6.2374e-01   -1.1193e-03    7.3117e-04   -1.3953e-03    4.2812e-04
   4.0000e-01    0.0000e+00   -3.0000e+00    2.8978e+00    7.7646e-01   -2.3299e-04    1.3025e-03   -6.4023e-04    9.9680e-04
   4.0000e-01    0.0000e+00   -3.0000e+00    2.8532e+00    9.2705e-01    7.4433e-04    1.0785e-03    3.5173e-04    7.8970e-04
   4.0000e-01    0.0000e+00   -3.0000e+00    2.8007e+00    1.0751e+00    1.2718e-03    2.6183e-04    8.7730e-04    1.8792e-05
   4.0000e-01    0.0000e+00   -3.0000e+00    2.7406e+00    1.2202e+00    1.1121e-03   -6.4803e-04    7.7677e-04   -9.1874e-04
   4.0000e-01    0.0000e+00   -3.0000e+00    2.6730e+00    1.3620e+00    4.2008e-04   -1.2051e-03    8.0584e-05   -1.4332e-03
   4.0000e-01    0.0000e+00   -3.0000e+00    2.5981e+00    1.5000e+00   -4.1423e-04   -1.1969e-03   -7.0021e-04   -1.4688e-03
   4.0000e-01    0.0000e+00   -3.0000e+00    2.5160e+00    1.6339e+00   -1.0392e-03   -7.0757e-04   -1.3670e-03   -8.2174e-04
   4.0000e-01    0.0000e+00   -3.0000e+00    2.4271e+00    1.7634e+00   -1.2482e-03    2.4710e-05   -1.5982e-03   -1.0760e-04
   4.0000e-01    0.0000e+00   -3.0000e+00    2.3314e+00    1.8880e+00   -1.0189e-03    7.0739e-04   -1.3403e-03    6.1624e-04
   4.0000e-01    0.0000e+00   -3.0000e+00    2.2294e+00    2.0074e+00   -5.0287e-04    1.1258e-03   -8.4412e-04    1.0923e-03
   4.0000e-01    0.0000e+00   -3.0000e+00    2.1213e+00    2.1213e+00    1.1730e-04    1.2206e-03   -2.0490e-04    1.2181e-03
   4.0000e-01    0.0000e+00   -3.0000e+00    2.0074e+00    2.2294e+00    6.7754e-04    1.0143e-03    3.4367e-04    1.1963e-03
   4.0000e-01    0.0000e+00   -3.0000e+00    1.8880e+00    2.3314e+00    1.0529e-03    6.0373e-04    7.3167e-04    8.4019e-04
   4.0000e-01    0.0000e+00   -3.0000e+00    1.7634e+00    2.4271e+00    1.2019e-03    1.2507e-04    9.2835e-04    5.3183e-04
   4.0000e-01    0.0000e+00   -3.0000e+00    1.6339e+00    2.5160e+00    1.1556e-03   -3.3655e-04    8.1655e-04    1.5650e-04
   4.0000e-01    0.0000e+00   -3.0000e+00    1.5000e+00    2.5981e+00    9.5855e-04   -7.2032e-04    5.7994e-04   -1.9948e-04
   4.0000e-01    0.0000e+00   -3.0000e+00    1.3620e+00    2.6730e+00    6.7571e-04   -9.8563e-04    3.8213e-04   -3.1641e-04
   4.0000e-01    0.0000e+00   -3.0000e+00    1.2202e+00    2.7406e+00    3.6684e-04   -1.1338e-03    5.0107e-05   -3.3749e-04
   4.0000e-01    0.0000e+00   -3.0000e+00    1.0751e+00    2.8007e+00    6.7580e-05   -1.1866e-03   -2.6707e-04   -2.9397e-04
   4.0000e-01    0.0000e+00   -3.0000e+00    9.2705e-01    2.8532e+00   -1.9547e-04   -1.1695e-03   -5.4764e-04   -2.3613e-04
   4.0000e-01    0.0000e+00   -3.0000e+00    7.7646e-01    2.8978e+00   -4.1515e-04   -1.1082e-03   -8.2051e-04   -3.9238e-05
   4.0000e-01    0.0000e+00   -3.0000e+00    6.2374e-01    2.9344e+00   -5.7669e-04   -1.0315e-03   -9.5137e-04    1.2216e-04
   4.0000e-01    0.0000e+00   -3.0000e+00    4.6930e-01    2.9631e+00   -6.9606e-04   -9.5308e-04   -1.0027e-03    2.1302e-04
   4.0000e-01    0.0000e+00   -3.0000e+00    3.1359e-01    2.9836e+00   -7.7087e-04   -8.9239e-04   -1.1212e-03    3.3198e-04
   4.0000e-01    0.0000e+00   -3.0000e+00    1.5701e-01    2.9959e+00   -8.1703e-04   -8.4967e-04   -1.1780e-03    3.3892e-04
   4.0000e-01    0.0000e+00   -3.0000e+00    0.0000e+00    3.0000e+00   -8.3757e-04   -8.2903e-04   -1.1268e-03    4.0498e-04
   4.0000e-01    0.0000e+00   -3.0000e+00   -1.5701e-01    2.9959e+00   -8.1703e-04   -8.4967e-04   -1.1500e-03    4.0569e-04
   4.0000e-01    0.0000e+00   -3.0000e+00   -3.1359e-01    2.9836e+00   -7.7087e-04   -8.9239e-04   -1.1134e-03    3.3278e-04
   4.0000e-01    0.0000e+00   -3.0000e+00   -4.6930e-01    2.9631e+00   -6.9606e-04   -9.5308e-04   -1.0064e-03    1.8828e-04
   4.0000e-01    0.0000e+00   -3.0000e+00   -6.2374e-01    2.9344e+00   -5.7669e-04   -1.0315e-03   -8.8041e-04    9.0050e-05
   4.0000e-01    0.0000e+00   -3.0000e+00   -7.7646e-01    2.8978e+00   -4.1515e-04   -1.1082e-03   -7.4748e-04   -8.0880e-05
   4.0000e-01    0.0000e+00   -3.0000e+00   -9.2705e-01    2.8532e+00   -1.9547e-04   -1.1695e-03   -5.3071e-04   -1.9009e-04
   4.0000e-01    0.0000e+00   -3.0000e+00   -1.0751e+00    2.8007e+00    6.7580e-05   -1.1866e-03   -3.0405e-04   -3.8870e-04
   4.0000e-01    0.0000e+00   -3.0000e+00   -1.2202e+00    2.7406e+00    3.6684e-04   -1.1338e-03    3.5080e-05   -3.4370e-04
   4.0000e-01    0.0000e+00   -3.0000e+00   -1.3620e+00    2.6730e+00    6.7571e-04   -9.8563e-04    3.5028e-04   -2.7393e-04
   4.0000e-01    0.0000e+00   -3.0000e+00   -1.5000e+00    2.5981e+00    9.5855e-04   -7.2032e-04    6.9618e-04   -1.1370e-04
   4.0000e-01    0.0000e+00   -3.0000e+00   -1.6339e+00    2.5160e+00    1.1556e-03   -3.3655e-04    9.0009e-04    1.2059e-04
   4.0000e-01    0.0000e+00   -3.0000e+00   -1.7634e+00    2.4271e+00    1.2019e-03    1.2507e-04    9.1568e-04    4.4561e-04
   4.0000e-01    0.0000e+00   -3.0000e+00   -1.8880e+00    2.3314e+00    1.0529e-03    6.0373e-04    6.4365e-04    8.7138e-04
   4.0000e-01    0.0000e+00   -3.0000e+00   -2.0074e+00    2.2294e+00    6.7754e-04    1.0143e-03    3.3723e-04    1.1673e-03
   4.0000e-01    0.0000e+00   -3.0000e+00   -2.1213e+00    2.1213e+00    1.1730e-04    1.2206e-03   -2.9296e-04    1.3321e-03
   4.0000e-01    0.0000e+00   -3.0000e+00   -2.2294e+00    2.0074e+00   -5.0287e-04    1.1258e-03   -8.3135e-04    1.1089e-03
   4.0000e-01    0.0000e+00   -3.0000e+00   -2.3314e+00    1.8880e+00   -1.0189e-03    7.0739e-04   -1.3912e-03    6.2033e-04
   4.0000e-01    0.0000e+00   -3.0000e+00   -2.4271e+00    1.7634e+00   -1.2482e-03    2.4710e-05   -1.6165e-03   -1.2561e-04
   4.0000e-01    0.0000e+00   -3.0000e+00   -2.5160e+00    1.6339e+00   -1.0392e-03   -7.0757e-04   -1.4367e-03   -8.7716e-04
   4.0000e-01    0.0000e+00   -3.0000e+00   -2.5981e+00    1.5000e+00   -4.1423e-04   -1.1969e-03   -7.7902e-04   -1.3634e-03
   4.0000e-01    0.0000e+00   -3.0000e+00   -2.6730e+00    1.3620e+00    4.2008e-04   -1.2051e-03    -5.4877e-06   -1.4526e-03
   4.0000e-01    0.0000e+00   -3.0000e+00   -2.7406e+00    1.2202e+00    1.1121e-03   -6.4803e-04    7.1596e-04   -8.9350e-04
   4.0000e-01    0.0000e+00   -3.0000e+00   -2.8007e+00    1.0751e+00    1.2718e-03    2.6183e-04    9.0671e-04    1.3687e-05
   4.0000e-01    0.0000e+00   -3.0000e+00   -2.8532e+00    9.2705e-01    7.4433e-04    1.0785e-03    4.5461e-04    7.7907e-04
   4.0000e-01    0.0000e+00   -3.0000e+00   -2.8978e+00    7.7646e-01   -2.3299e-04    1.3025e-03   -5.6680e-04    9.6030e-04
   4.0000e-01    0.0000e+00   -3.0000e+00   -2.9344e+00    6.2374e-01   -1.1193e-03    7.3117e-04   -1.4651e-03    4.0330e-04
   4.0000e-01    0.0000e+00   -3.0000e+00   -2.9631e+00    4.6930e-01   -1.3042e-03   -3.5471e-04   -1.5460e-03   -7.4001e-04
   4.0000e-01    0.0000e+00   -3.0000e+00   -2.9836e+00    3.1359e-01   -5.7218e-04   -1.2418e-03   -8.7615e-04   -1.5965e-03
   4.0000e-01    0.0000e+00   -3.0000e+00   -2.9959e+00    1.5701e-01    6.1213e-04   -1.2412e-03    3.1189e-04   -1.5940e-03
   4.0000e-01    0.0000e+00   -3.0000e+00   -3.0000e+00    0.0000e+00    1.3746e-03   -2.7437e-04    1.1340e-03   -6.4453e-04
   4.0000e-01    0.0000e+00   -3.0000e+00   -2.9959e+00   -1.5701e-01    1.0432e-03    9.6430e-04    8.1442e-04    6.0706e-04
   4.0000e-01    0.0000e+00   -3.0000e+00   -2.9836e+00   -3.1359e-01   -2.0201e-04    1.4265e-03   -3.9723e-04    1.0202e-03
   4.0000e-01    0.0000e+00   -3.0000e+00   -2.9631e+00   -4.6930e-01   -1.3224e-03    6.2450e-04   -1.4080e-03    2.8277e-04
   4.0000e-01    0.0000e+00   -3.0000e+00   -2.9344e+00   -6.2374e-01   -1.2476e-03   -8.0684e-04   -1.3488e-03   -1.1781e-03
   4.0000e-01    0.0000e+00   -3.0000e+00   -2.8978e+00   -7.7646e-01    4.8948e-05   -1.5096e-03    1.7528e-05   -1.8601e-03
   4.0000e-01    0.0000e+00   -3.0000e+00   -2.8532e+00   -9.2705e-01    1.3601e-03   -7.1613e-04    1.3831e-03   -1.0320e-03
   4.0000e-01    0.0000e+00   -3.0000e+00   -2.8007e+00   -1.0751e+00    1.2982e-03    8.7598e-04    1.4189e-03    4.7386e-04
   4.0000e-01    0.0000e+00   -3.0000e+00   -2.7406e+00   -1.2202e+00   -1.8388e-04    1.5864e-03   -9.3149e-05    1.2142e-03
   4.0000e-01    0.0000e+00   -3.0000e+00   -2.6730e+00   -1.3620e+00   -1.5368e-03    5.4430e-04   -1.3997e-03    1.5837e-04
   4.0000e-01    0.0000e+00   -3.0000e+00   -2.5981e+00   -1.5000e+00   -1.1750e-03   -1.1819e-03   -1.0638e-03   -1.4265e-03
   4.0000e-01    0.0000e+00   -3.0000e+00   -2.5160e+00   -1.6339e+00    6.1360e-04   -1.5920e-03    8.3247e-04   -1.8083e-03
   4.0000e-01    0.0000e+00   -3.0000e+00   -2.4271e+00   -1.7634e+00    1.7477e-03   -6.6354e-05    1.9432e-03   -3.1037e-04
   4.0000e-01    0.0000e+00   -3.0000e+00   -2.3314e+00   -1.8880e+00    7.5192e-04    1.6308e-03    9.9401e-04    1.5230e-03
   4.0000e-01    0.0000e+00   -3.0000e+00   -2.2294e+00   -2.0074e+00   -1.2785e-03    1.3340e-03   -1.0093e-03    1.2287e-03
   4.0000e-01    0.0000e+00   -3.0000e+00   -2.1213e+00   -2.1213e+00   -1.7497e-03   -7.5343e-04   -1.4268e-03   -8.0253e-04
   4.0000e-01    0.0000e+00   -3.0000e+00   -2.0074e+00   -2.2294e+00    1.1527e-04   -1.9650e-03    4.0700e-04   -1.9669e-03
   4.0000e-01    0.0000e+00   -3.0000e+00   -1.8880e+00   -2.3314e+00    1.9588e-03   -5.6680e-04    2.2400e-03   -4.8225e-04
   4.0000e-01    0.0000e+00   -3.0000e+00   -1.7634e+00   -2.4271e+00    1.2053e-03    1.7432e-03    1.4902e-03    1.7840e-03
   4.0000e-01    0.0000e+00   -3.0000e+00   -1.6339e+00   -2.5160e+00   -1.3484e-03    1.7520e-03   -1.0358e-03    1.8961e-03
   4.0000e-01    0.0000e+00   -3.0000e+00   -1.5000e+00   -2.5981e+00   -2.1743e-03   -7.9775e-04   -1.9091e-03   -6.2893e-04
   4.0000e-01    0.0000e+00   -3.0000e+00    1.5000e+00   -2.5981e+00   -2.1743e-03   -7.9775e-04   -1.8500e-03   -7.8443e-04
   4.0000e-01    0.0000e+00   -3.0000e+00    1.6339e+00   -2.5160e+00   -1.3484e-03    1.7520e-03   -1.1276e-03    1.8753e-03
   4.0000e-01    0.0000e+00   -3.0000e+00    1.7634e+00   -2.4271e+00    1.2053e-03    1.7432e-03    1.4587e-03    1.8758e-03
   4.0000e-01    0.0000e+00   -3.0000e+00    1.8880e+00   -2.3314e+00    1.9588e-03   -5.6680e-04    2.2597e-03   -5.4616e-04
   4.0000e-01    0.0000e+00   -3.0000e+00    2.0074e+00   -2.2294e+00    1.1527e-04   -1.9650e-03    4.0242e-04   -1.9977e-03
   4.0000e-01    0.0000e+00   -3.0000e+00    2.1213e+00   -2.1213e+00   -1.7497e-03   -7.5343e-04   -1.4962e-03   -8.1237e-04
   4.0000e-01    0.0000e+00   -3.0000e+00    2.2294e+00   -2.0074e+00   -1.2785e-03    1.3340e-03   -9.7394e-04    1.1627e-03
   4.0000e-01    0.0000e+00   -3.0000e+00    2.3314e+00   -1.8880e+00    7.5192e-04    1.6308e-03    1.0106e-03    1.4530e-03
   4.0000e-01    0.0000e+00   -3.0000e+00    2.4271e+00   -1.7634e+00    1.7477e-03   -6.6354e-05    1.9810e-03   -2.9895e-04
   4.0000e-01    0.0000e+00   -3.0000e+00    2.5160e+00   -1.6339e+00    6.1360e-04   -1.5920e-03    8.2496e-04   -1.8779e-03
   4.0000e-01    0.0000e+00   -3.0000e+00    2.5981e+00   -1.5000e+00   -1.1750e-03   -1.1819e-03   -1.0007e-03   -1.4753e-03
   4.0000e-01    0.0000e+00   -3.0000e+00    2.6730e+00   -1.3620e+00   -1.5368e-03    5.4430e-04   -1.4601e-03    2.4366e-04
   4.0000e-01    0.0000e+00   -3.0000e+00    2.7406e+00   -1.2202e+00   -1.8388e-04    1.5864e-03   -1.8796e-04    1.2285e-03
   4.0000e-01    0.0000e+00   -3.0000e+00    2.8007e+00   -1.0751e+00    1.2982e-03    8.7598e-04    1.3035e-03    5.2080e-04
   4.0000e-01    0.0000e+00   -3.0000e+00    2.8532e+00   -9.2705e-01    1.3601e-03   -7.1613e-04    1.3660e-03   -1.0655e-03
   4.0000e-01    0.0000e+00   -3.0000e+00    2.8978e+00   -7.7646e-01    4.8948e-05   -1.5096e-03    1.3073e-05   -1.9080e-03
   4.0000e-01    0.0000e+00   -3.0000e+00    2.9344e+00   -6.2374e-01   -1.2476e-03   -8.0684e-04   -1.2774e-03   -1.2196e-03
   4.0000e-01    0.0000e+00   -3.0000e+00    2.9631e+00   -4.6930e-01   -1.3224e-03    6.2450e-04   -1.4414e-03    2.8386e-04
   4.0000e-01    0.0000e+00   -3.0000e+00    2.9836e+00   -3.1359e-01   -2.0201e-04    1.4265e-03   -3.3648e-04    1.1101e-03
   4.0000e-01    0.0000e+00   -3.0000e+00    2.9959e+00   -1.5701e-01    1.0432e-03    9.6430e-04    8.5948e-04    5.5882e-04
   4.0000e-01    1.5000e+00   -2.6000e+00    3.0000e+00    0.0000e+00   -1.1872e-03   -1.1693e-03   -8.8878e-04   -1.4949e-03
   4.0000e-01    1.5000e+00   -2.6000e+00    2.9959e+00    1.5701e-01   -1.5295e-03    5.6347e-04   -1.2727e-03    2.0709e-04
   4.0000e-01    1.5000e+00   -2.6000e+00    2.9836e+00    3.1359e-01   -1.7212e-04    1.5873e-03    9.6945e-05    1.2248e-03
   4.0000e-01    1.5000e+00   -2.6000e+00    2.9631e+00    4.6930e-01    1.3105e-03    8.5643e-04    1.5827e-03    4.7690e-04
   4.0000e-01    1.5000e+00   -2.6000e+00    2.9344e+00    6.2374e-01    1.3489e-03   -7.3627e-04    1.6801e-03   -1.0728e-03
   4.0000e-01    1.5000e+00   -2.6000e+00    2.8978e+00    7.7646e-01    2.5923e-05   -1.5097e-03    2.3124e-04   -1.8242e-03
   4.0000e-01    1.5000e+00   -2.6000e+00    2.8532e+00    9.2705e-01   -1.2580e-03   -7.8959e-04   -1.0277e-03   -1.0568e-03
   4.0000e-01    1.5000e+00   -2.6000e+00    2.8007e+00    1.0751e+00   -1.3125e-03    6.4443e-04   -1.0846e-03    4.3003e-04
   4.0000e-01    1.5000e+00   -2.6000e+00    2.7406e+00    1.2202e+00   -1.8055e-04    1.4292e-03    -5.5993e-05    1.1984e-03
   4.0000e-01    1.5000e+00   -2.6000e+00    2.6730e+00    1.3620e+00    1.0637e-03    9.4059e-04    1.2699e-03    8.3037e-04
   4.0000e-01    1.5000e+00   -2.6000e+00    2.5981e+00    1.5000e+00    1.3693e-03   -2.9762e-04    1.5314e-03   -3.2188e-04
   4.0000e-01    1.5000e+00   -2.6000e+00    2.5160e+00    1.6339e+00    5.9038e-04   -1.2511e-03    6.3293e-04   -1.2944e-03
   4.0000e-01    1.5000e+00   -2.6000e+00    2.4271e+00    1.7634e+00   -6.0332e-04   -1.2263e-03   -5.7390e-04   -1.1218e-03
   4.0000e-01    1.5000e+00   -2.6000e+00    2.3314e+00    1.8880e+00   -1.3117e-03   -3.2360e-04   -1.2909e-03   -1.8534e-04
   4.0000e-01    1.5000e+00   -2.6000e+00    2.2294e+00    2.0074e+00   -1.1082e-03    7.4689e-04   -1.2120e-03    8.8022e-04
   4.0000e-01    1.5000e+00   -2.6000e+00    2.1213e+00    2.1213e+00   -2.1792e-04    1.3048e-03   -4.1011e-04    1.5673e-03
   4.0000e-01    1.5000e+00   -2.6000e+00    2.0074e+00    2.2294e+00    7.6883e-04    1.0606e-03    5.2669e-04    1.3270e-03
   4.0000e-01    1.5000e+00   -2.6000e+00    1.8880e+00    2.3314e+00    1.2768e-03    2.3187e-04    1.0455e-03    6.3415e-04
   4.0000e-01    1.5000e+00   -2.6000e+00    1.7634e+00    2.4271e+00    1.0995e-03   -6.6784e-04    7.1550e-04   -2.9107e-04
   4.0000e-01    1.5000e+00   -2.6000e+00    1.6339e+00    2.5160e+00    4.0737e-04   -1.2093e-03    -4.9812e-06   -7.5326e-04
   4.0000e-01    1.5000e+00   -2.6000e+00    1.5000e+00    2.5981e+00   -4.3574e-04   -1.1886e-03   -8.6552e-04   -7.4219e-04
   4.0000e-01    1.5000e+00   -2.6000e+00    1.3620e+00    2.6730e+00   -1.0538e-03   -6.8481e-04   -1.5635e-03   -1.9102e-04
   4.0000e-01    1.5000e+00   -2.6000e+00    1.2202e+00    2.7406e+00   -1.2475e-03    4.4210e-05   -1.7620e-03    5.7180e-04
   4.0000e-01    1.5000e+00   -2.6000e+00    1.0751e+00    2.8007e+00   -1.0121e-03    7.1689e-04   -1.4905e-03    1.1608e-03
   4.0000e-01    1.5000e+00   -2.6000e+00    9.2705e-01    2.8532e+00   -4.8304e-04    1.1341e-03   -9.8900e-04    1.6223e-03
   4.0000e-01    1.5000e+00   -2.6000e+00    7.7646e-01    2.8978e+00    1.4582e-04    1.2170e-03   -3.7970e-04    1.7372e-03
   4.0000e-01    1.5000e+00   -2.6000e+00    6.2374e-01    2.9344e+00    6.9145e-04    1.0045e-03    1.9078e-04    1.5063e-03
   4.0000e-01    1.5000e+00   -2.6000e+00    4.6930e-01    2.9631e+00    1.0585e-03    5.9339e-04    5.6636e-04    1.0772e-03
   4.0000e-01    1.5000e+00   -2.6000e+00    3.1359e-01    2.9836e+00    1.2032e-03    1.1026e-04    7.7919e-04    6.4048e-04
   4.0000e-01    1.5000e+00   -2.6000e+00    1.5701e-01    2.9959e+00    1.1499e-03   -3.5504e-04    8.1972e-04    1.3265e-04
   4.0000e-01    1.5000e+00   -2.6000e+00    0.0000e+00    3.0000e+00    9.4369e-04   -7.3949e-04    6.4631e-04   -1.1968e-04
   4.0000e-01    1.5000e+00   -2.6000e+00   -1.5701e-01    2.9959e+00    6.6621e-04   -9.9212e-04    4.0796e-04   -4.5549e-04
   4.0000e-01    1.5000e+00   -2.6000e+00   -3.1359e-01    2.9836e+00    3.5608e-04   -1.1370e-03    1.6796e-04   -5.0882e-04
   4.0000e-01    1.5000e+00   -2.6000e+00   -4.6930e-01    2.9631e+00    4.9619e-05   -1.1873e-03   -6.2628e-05   -5.6428e-04
   4.0000e-01    1.5000e+00   -2.6000e+00   -6.2374e-01    2.9344e+00   -2.1394e-04   -1.1662e-03   -2.1477e-04   -5.4076e-04
   4.0000e-01    1.5000e+00   -2.6000e+00   -7.7646e-01    2.8978e+00   -4.3067e-04   -1.1021e-03   -3.2737e-04   -4.4353e-04
   4.0000e-01    1.5000e+00   -2.6000e+00   -9.2705e-01    2.8532e+00   -5.8897e-04   -1.0243e-03   -4.0551e-04   -3.2668e-04
   4.0000e-01    1.5000e+00   -2.6000e+00   -1.0751e+00    2.8007e+00   -7.0843e-04   -9.4407e-04   -4.1862e-04   -2.3630e-04
   4.0000e-01    1.5000e+00   -2.6000e+00   -1.2202e+00    2.7406e+00   -7.8637e-04   -8.7892e-04   -4.1539e-04   -1.4843e-04
   4.0000e-01    1.5000e+00   -2.6000e+00   -1.3620e+00    2.6730e+00   -8.3304e-04   -8.3365e-04   -4.3110e-04   -6.3521e-05
   4.0000e-01    1.5000e+00   -2.6000e+00   -1.5000e+00    2.5981e+00   -8.4487e-04   -8.2143e-04   -4.4166e-04   -6.5445e-05
   4.0000e-01    1.5000e+00   -2.6000e+00   -1.6339e+00    2.5160e+00   -8.2731e-04   -8.3950e-04   -3.4921e-04   -7.5982e-05
   4.0000e-01    1.5000e+00   -2.6000e+00   -1.7634e+00    2.4271e+00   -7.8645e-04   -8.7864e-04   -2.6519e-04   -9.8475e-05
   4.0000e-01    1.5000e+00   -2.6000e+00   -1.8880e+00    2.3314e+00   -7.1412e-04   -9.3963e-04   -2.0613e-04   -9.4616e-05
   4.0000e-01    1.5000e+00   -2.6000e+00   -2.0074e+00    2.2294e+00   -5.8980e-04   -1.0240e-03    1.9216e-05   -1.8144e-04
   4.0000e-01    1.5000e+00   -2.6000e+00   -2.1213e+00    2.1213e+00   -4.1965e-04   -1.1066e-03    9.4415e-05   -2.6948e-04
   4.0000e-01    1.5000e+00   -2.6000e+00   -2.2294e+00    2.0074e+00   -2.0979e-04   -1.1670e-03    2.7136e-04   -4.0606e-04
   4.0000e-01    1.5000e+00   -2.6000e+00   -2.3314e+00    1.8880e+00    4.5286e-05   -1.1875e-03    4.7350e-04   -4.6106e-04
   4.0000e-01    1.5000e+00   -2.6000e+00   -2.4271e+00    1.7634e+00    3.5316e-04   -1.1380e-03    6.2709e-04   -4.6449e-04
   4.0000e-01    1.5000e+00   -2.6000e+00   -2.5160e+00    1.6339e+00    6.7109e-04   -9.8895e-04    9.2417e-04   -3.0728e-04
   4.0000e-01    1.5000e+00   -2.6000e+00   -2.5981e+00    1.5000e+00    9.5167e-04   -7.2950e-04    1.1434e-03   -1.8641e-04
   4.0000e-01    1.5000e+00   -2.6000e+00   -2.6730e+00    1.3620e+00    1.1496e-03   -3.5574e-04    1.2791e-03    2.1079e-04
   4.0000e-01    1.5000e+00   -2.6000e+00   -2.7406e+00    1.2202e+00    1.2031e-03    1.1482e-04    1.2785e-03    6.2409e-04
   4.0000e-01    1.5000e+00   -2.6000e+00   -2.8007e+00    1.0751e+00    1.0544e-03    6.0144e-04    1.1105e-03    1.0000e-03
   4.0000e-01    1.5000e+00   -2.6000e+00   -2.8532e+00    9.2705e-01    6.8221e-04    1.0111e-03    6.1939e-04    1.4119e-03
   4.0000e-01    1.5000e+00   -2.6000e+00   -2.8978e+00    7.7646e-01    1.3649e-04    1.2184e-03   -7.0061e-05    1.5147e-03
   4.0000e-01    1.5000e+00   -2.6000e+00   -2.9344e+00    6.2374e-01   -4.9114e-04    1.1310e-03   -7.6564e-04    1.3633e-03
   4.0000e-01    1.5000e+00   -2.6000e+00   -2.9631e+00    4.6930e-01   -1.0180e-03    7.0874e-04   -1.3342e-03    8.6804e-04
   4.0000e-01    1.5000e+00   -2.6000e+00   -2.9836e+00    3.1359e-01   -1.2483e-03    2.5146e-05   -1.5908e-03    1.0468e-04
   4.0000e-01    1.5000e+00   -2.6000e+00   -2.9959e+00    1.5701e-01   -1.0448e-03   -6.9934e-04   -1.3744e-03   -5.9520e-04
   4.0000e-01    1.5000e+00   -2.6000e+00   -3.0000e+00    0.0000e+00   -4.2502e-04   -1.1930e-03   -8.4238e-04   -1.1280e-03
   4.0000e-01    1.5000e+00   -2.6000e+00   -2.9959e+00   -1.5701e-01    4.1838e-04   -1.2058e-03    -1.9712e-05   -1.2769e-03
   4.0000e-01    1.5000e+00   -2.6000e+00   -2.9836e+00   -3.1359e-01    1.1074e-03   -6.5540e-04    7.2566e-04   -6.6092e-04
   4.0000e-01    1.5000e+00   -2.6000e+00   -2.9631e+00   -4.6930e-01    1.2735e-03    2.5155e-04    8.6585e-04    2.3459e-04
   4.0000e-01    1.5000e+00   -2.6000e+00   -2.9344e+00   -6.2374e-01    7.5414e-04    1.0715e-03    4.7287e-04    1.1473e-03
   4.0000e-01    1.5000e+00   -2.6000e+00   -2.8978e+00   -7.7646e-01   -2.2398e-04    1.3038e-03   -5.8275e-04    1.2864e-03
   4.0000e-01    1.5000e+00   -2.6000e+00   -2.8532e+00   -9.2705e-01   -1.1146e-03    7.3777e-04   -1.4505e-03    8.3218e-04
   4.0000e-01    1.5000e+00   -2.6000e+00   -2.8007e+00   -1.0751e+00   -1.3063e-03   -3.4671e-04   -1.5712e-03   -3.0053e-04
   4.0000e-01    1.5000e+00   -2.6000e+00   -2.7406e+00   -1.2202e+00   -5.8815e-04   -1.2341e-03   -7.8997e-04   -1.2270e-03
   4.0000e-01    1.5000e+00   -2.6000e+00   -2.6730e+00   -1.3620e+00    6.0104e-04   -1.2461e-03    4.3207e-04   -1.2098e-03
   4.0000e-01    1.5000e+00   -2.6000e+00   -2.5981e+00   -1.5000e+00    1.3722e-03   -2.8374e-04    1.2297e-03   -1.6275e-04
   4.0000e-01    1.5000e+00   -2.6000e+00   -2.5160e+00   -1.6339e+00    1.0470e-03    9.5984e-04    9.7824e-04    1.0500e-03
   4.0000e-01    1.5000e+00   -2.6000e+00   -2.4271e+00   -1.7634e+00   -1.9660e-04    1.4270e-03   -2.3686e-04    1.7477e-03
   4.0000e-01    1.5000e+00   -2.6000e+00   -2.3314e+00   -1.8880e+00   -1.3172e-03    6.3451e-04   -1.3542e-03    9.1432e-04
   4.0000e-01    1.5000e+00   -2.6000e+00   -2.2294e+00   -2.0074e+00   -1.2538e-03   -7.9658e-04   -1.2411e-03   -5.9659e-04
   4.0000e-01    1.5000e+00   -2.6000e+00   -2.1213e+00   -2.1213e+00    5.1079e-05   -1.5095e-03    6.7972e-05   -1.1928e-03
   4.0000e-01    1.5000e+00   -2.6000e+00   -2.0074e+00   -2.2294e+00    1.3609e-03   -7.1419e-04    1.4736e-03   -3.4526e-04
   4.0000e-01    1.5000e+00   -2.6000e+00   -1.8880e+00   -2.3314e+00    1.3043e-03    8.6592e-04    1.3991e-03    1.2807e-03
   4.0000e-01    1.5000e+00   -2.6000e+00   -1.7634e+00   -2.4271e+00   -1.7921e-04    1.5865e-03   -5.6193e-05    1.9808e-03
   4.0000e-01    1.5000e+00   -2.6000e+00   -1.6339e+00   -2.5160e+00   -1.5366e-03    5.4454e-04   -1.3799e-03    8.9513e-04
   4.0000e-01    1.5000e+00   -2.6000e+00   -1.5000e+00   -2.5981e+00   -1.1741e-03   -1.1830e-03   -1.0363e-03   -7.3954e-04
   4.0000e-01    1.5000e+00   -2.6000e+00   -1.3620e+00   -2.6730e+00    6.0446e-04   -1.5949e-03    6.8107e-04   -1.2449e-03
   4.0000e-01    1.5000e+00   -2.6000e+00   -1.2202e+00   -2.7406e+00    1.7479e-03   -6.5610e-05    1.9221e-03    3.0180e-04
   4.0000e-01    1.5000e+00   -2.6000e+00   -1.0751e+00   -2.8007e+00    7.4655e-04    1.6336e-03    9.1307e-04    1.9812e-03
   4.0000e-01    1.5000e+00   -2.6000e+00   -9.2705e-01   -2.8532e+00   -1.2896e-03    1.3234e-03   -1.1325e-03    1.6605e-03
   4.0000e-01    1.5000e+00   -2.6000e+00   -7.7646e-01   -2.8978e+00   -1.7501e-03   -7.5174e-04   -1.5378e-03   -4.1704e-04
   4.0000e-01    1.5000e+00   -2.6000e+00   -6.2374e-01   -2.9344e+00    1.1054e-04   -1.9652e-03    3.6083e-04   -1.7113e-03
   4.0000e-01    1.5000e+00   -2.6000e+00   -4.6930e-01   -2.9631e+00    1.9630e-03   -5.5393e-04    2.2501e-03   -3.8312e-04
   4.0000e-01    1.5000e+00   -2.6000e+00   -3.1359e-01   -2.9836e+00    1.1865e-03    1.7569e-03    1.4241e-03    1.8653e-03
   4.0000e-01    1.5000e+00   -2.6000e+00   -1.5701e-01   -2.9959e+00   -1.3564e-03    1.7461e-03   -1.0567e-03    1.9624e-03
   4.0000e-01    1.5000e+00   -2.6000e+00    0.0000e+00   -3.0000e+00   -2.1761e-03   -7.9174e-04   -1.9091e-03   -7.0180e-04
   4.0000e-01    1.5000e+00   -2.6000e+00    2.5981e+00   -1.5000e+00   -2.1833e-03   -7.6948e-04   -1.8967e-03   -5.5405e-04
   4.0000e-01    1.5000e+00   -2.6000e+00    2.6730e+00   -1.3620e+00   -1.3295e-03    1.7655e-03   -1.1157e-03    2.0038e-03
   4.0000e-01    1.5000e+00   -2.6000e+00    2.7406e+00   -1.2202e+00    1.2236e-03    1.7301e-03    1.4343e-03    1.8342e-03
   4.0000e-01    1.5000e+00   -2.6000e+00    2.8007e+00   -1.0751e+00    1.9540e-03   -5.8306e-04    2.2352e-03   -5.2138e-04
   4.0000e-01    1.5000e+00   -2.6000e+00    2.8532e+00   -9.2705e-01    8.0721e-05   -1.9659e-03    2.5874e-04   -1.9425e-03
   4.0000e-01    1.5000e+00   -2.6000e+00    2.8978e+00   -7.7646e-01   -1.7603e-03   -7.2619e-04   -1.6064e-03   -7.9397e-04
   4.0000e-01    1.5000e+00   -2.6000e+00    2.9344e+00   -6.2374e-01   -1.2680e-03    1.3436e-03   -1.0237e-03    1.1507e-03
   4.0000e-01    1.5000e+00   -2.6000e+00    2.9631e+00   -4.6930e-01    7.6992e-04    1.6221e-03    9.7298e-04    1.3456e-03
   4.0000e-01    1.5000e+00   -2.6000e+00    2.9836e+00   -3.1359e-01    1.7458e-03   -9.4569e-05    2.0545e-03   -3.7552e-04
   4.0000e-01    1.5000e+00   -2.6000e+00    2.9959e+00   -1.5701e-01    5.9040e-04   -1.6001e-03    8.1782e-04   -1.9066e-03
   4.0000e-01    2.6000e+00   -1.5000e+00    3.0000e+00    0.0000e+00   -2.1688e-03   -8.1403e-04   -1.9189e-03   -8.5170e-04
   4.0000e-01    2.6000e+00   -1.5000e+00    2.9959e+00    1.5701e-01   -1.3564e-03    1.7461e-03   -1.1430e-03    1.7362e-03
   4.0000e-01    2.6000e+00   -1.5000e+00    2.9836e+00    3.1359e-01    1.1865e-03    1.7569e-03    1.3622e-03    1.7344e-03
   4.0000e-01    2.6000e+00   -1.5000e+00    2.9631e+00    4.6930e-01    1.9630e-03   -5.5393e-04    2.1229e-03   -6.0708e-04
   4.0000e-01    2.6000e+00   -1.5000e+00    2.9344e+00    6.2374e-01    1.1054e-04   -1.9652e-03    2.2246e-04   -1.9363e-03
   4.0000e-01    2.6000e+00   -1.5000e+00    2.8978e+00    7.7646e-01   -1.7501e-03   -7.5174e-04   -1.6161e-03   -7.0971e-04
   4.0000e-01    2.6000e+00   -1.5000e+00    2.8532e+00    9.2705e-01   -1.2896e-03    1.3234e-03   -1.1333e-03    1.4383e-03
   4.0000e-01    2.6000e+00   -1.5000e+00    2.8007e+00    1.0751e+00    7.4655e-04    1.6336e-03    9.3218e-04    1.7580e-03
   4.0000e-01    2.6000e+00   -1.5000e+00    2.7406e+00    1.2202e+00    1.7479e-03   -6.5610e-05    1.9240e-03    7.4625e-05
   4.0000e-01    2.6000e+00   -1.5000e+00    2.6730e+00    1.3620e+00    6.0446e-04   -1.5949e-03    7.9309e-04   -1.4117e-03
   4.0000e-01    2.6000e+00   -1.5000e+00    2.5981e+00    1.5000e+00   -1.1741e-03   -1.1830e-03   -1.0240e-03   -9.8696e-04
   4.0000e-01    2.6000e+00   -1.5000e+00    2.5160e+00    1.6339e+00   -1.5366e-03    5.4454e-04   -1.2937e-03    7.7216e-04
   4.0000e-01    2.6000e+00   -1.5000e+00    2.4271e+00    1.7634e+00   -1.7921e-04    1.5865e-03    2.1068e-05    1.7880e-03
   4.0000e-01    2.6000e+00   -1.5000e+00    2.3314e+00    1.8880e+00    1.3043e-03    8.6592e-04    1.5403e-03    1.0576e-03
   4.0000e-01    2.6000e+00   -1.5000e+00    2.2294e+00    2.0074e+00    1.3609e-03   -7.1419e-04    1.5664e-03   -5.5530e-04
   4.0000e-01    2.6000e+00   -1.5000e+00    2.1213e+00    2.1213e+00    5.1079e-05   -1.5095e-03    2.9880e-04   -1.3168e-03
   4.0000e-01    2.6000e+00   -1.5000e+00    2.0074e+00    2.2294e+00   -1.2538e-03   -7.9658e-04   -1.0111e-03   -6.8552e-04
   4.0000e-01    2.6000e+00   -1.5000e+00    1.8880e+00    2.3314e+00   -1.3172e-03    6.3451e-04   -1.0837e-03    7.2963e-04
   4.0000e-01    2.6000e+00   -1.5000e+00    1.7634e+00    2.4271e+00   -1.9660e-04    1.4270e-03   -2.4809e-05    1.4496e-03
   4.0000e-01    2.6000e+00   -1.5000e+00    1.6339e+00    2.5160e+00    1.0470e-03    9.5984e-04    1.1825e-03    9.9539e-04
   4.0000e-01    2.6000e+00   -1.5000e+00    1.5000e+00    2.5981e+00    1.3722e-03   -2.8374e-04    1.4767e-03   -3.3289e-04
   4.0000e-01    2.6000e+00   -1.5000e+00    1.3620e+00    2.6730e+00    6.0104e-04   -1.2461e-03    6.2425e-04   -1.2356e-03
   4.0000e-01    2.6000e+00   -1.5000e+00    1.2202e+00    2.7406e+00   -5.8815e-04   -1.2341e-03   -6.6813e-04   -1.4559e-03
   4.0000e-01    2.6000e+00   -1.5000e+00    1.0751e+00    2.8007e+00   -1.3063e-03   -3.4671e-04   -1.3781e-03   -5.2664e-04
   4.0000e-01    2.6000e+00   -1.5000e+00    9.2705e-01    2.8532e+00   -1.1146e-03    7.3777e-04   -1.1582e-03    5.3398e-04
   4.0000e-01    2.6000e+00   -1.5000e+00    7.7646e-01    2.8978e+00   -2.2398e-04    1.3038e-03   -3.8284e-04    1.0903e-03
   4.0000e-01    2.6000e+00   -1.5000e+00    6.2374e-01    2.9344e+00    7.5414e-04    1.0715e-03    5.3395e-04    7.3275e-04
   4.0000e-01    2.6000e+00   -1.5000e+00    4.6930e-01    2.9631e+00    1.2735e-03    2.5155e-04    1.0113e-03   -6.8284e-06
   4.0000e-01    2.6000e+00   -1.5000e+00    3.1359e-01    2.9836e+00    1.1074e-03   -6.5540e-04    8.8021e-04   -9.4042e-04
   4.0000e-01    2.6000e+00   -1.5000e+00    1.5701e-01    2.9959e+00    4.1838e-04   -1.2058e-03    1.2787e-04   -1.4908e-03
   4.0000e-01    2.6000e+00   -1.5000e+00    0.0000e+00    3.0000e+00   -4.3123e-04   -1.1906e-03   -7.2803e-04   -1.3786e-03
   4.0000e-01    2.6000e+00   -1.5000e+00   -1.5701e-01    2.9959e+00   -1.0448e-03   -6.9934e-04   -1.3681e-03   -8.1844e-04
   4.0000e-01    2.6000e+00   -1.5000e+00   -3.1359e-01    2.9836e+00   -1.2483e-03    2.5146e-05   -1.5639e-03   -5.6170e-05
   4.0000e-01    2.6000e+00   -1.5000e+00   -4.6930e-01    2.9631e+00   -1.0180e-03    7.0874e-04   -1.3560e-03    6.9126e-04
   4.0000e-01    2.6000e+00   -1.5000e+00   -6.2374e-01    2.9344e+00   -4.9114e-04    1.1310e-03   -7.8965e-04    1.1960e-03
   4.0000e-01    2.6000e+00   -1.5000e+00   -7.7646e-01    2.8978e+00    1.3649e-04    1.2184e-03   -1.3657e-04    1.3818e-03
   4.0000e-01    2.6000e+00   -1.5000e+00   -9.2705e-01    2.8532e+00    6.8221e-04    1.0111e-03    5.7604e-04    1.3041e-03
   4.0000e-01    2.6000e+00   -1.5000e+00   -1.0751e+00    2.8007e+00    1.0544e-03    6.0144e-04    1.0412e-03    9.4858e-04
   4.0000e-01    2.6000e+00   -1.5000e+00   -1.2202e+00    2.7406e+00    1.2031e-03    1.1482e-04    1.2209e-03    5.3976e-04
   4.0000e-01    2.6000e+00   -1.5000e+00   -1.3620e+00    2.6730e+00    1.1496e-03   -3.5574e-04    1.2825e-03    1.9710e-04
   4.0000e-01    2.6000e+00   -1.5000e+00   -1.5000e+00    2.5981e+00    9.5167e-04   -7.2950e-04    1.1747e-03   -1.6889e-04
   4.0000e-01    2.6000e+00   -1.5000e+00   -1.6339e+00    2.5160e+00    6.7109e-04   -9.8895e-04    1.0238e-03   -2.7764e-04
   4.0000e-01    2.6000e+00   -1.5000e+00   -1.7634e+00    2.4271e+00    3.5316e-04   -1.1380e-03    7.8239e-04   -3.7247e-04
   4.0000e-01    2.6000e+00   -1.5000e+00   -1.8880e+00    2.3314e+00    4.5286e-05   -1.1875e-03    5.1267e-04   -2.9089e-04
   4.0000e-01    2.6000e+00   -1.5000e+00   -2.0074e+00    2.2294e+00   -2.0979e-04   -1.1670e-03    2.9198e-04   -3.5371e-04
   4.0000e-01    2.6000e+00   -1.5000e+00   -2.1213e+00    2.1213e+00   -4.1965e-04   -1.1066e-03    2.5323e-04   -1.7619e-04
   4.0000e-01    2.6000e+00   -1.5000e+00   -2.2294e+00    2.0074e+00   -5.8980e-04   -1.0240e-03    3.9135e-05   -9.9213e-05
   4.0000e-01    2.6000e+00   -1.5000e+00   -2.3314e+00    1.8880e+00   -7.1412e-04   -9.3963e-04   -1.1105e-04    9.1271e-05
   4.0000e-01    2.6000e+00   -1.5000e+00   -2.4271e+00    1.7634e+00   -7.8645e-04   -8.7864e-04   -7.5048e-05    1.1106e-04
   4.0000e-01    2.6000e+00   -1.5000e+00   -2.5160e+00    1.6339e+00   -8.2731e-04   -8.3950e-04   -1.2244e-04    9.4813e-05
   4.0000e-01    2.6000e+00   -1.5000e+00   -2.5981e+00    1.5000e+00   -8.4487e-04   -8.2143e-04   -1.7541e-04    1.7332e-04
   4.0000e-01    2.6000e+00   -1.5000e+00   -2.6730e+00    1.3620e+00   -8.3304e-04   -8.3365e-04   -3.0537e-04    1.1972e-04
   4.0000e-01    2.6000e+00   -1.5000e+00   -2.7406e+00    1.2202e+00   -7.8637e-04   -8.7892e-04   -2.0852e-04    3.0066e-05
   4.0000e-01    2.6000e+00   -1.5000e+00   -2.8007e+00    1.0751e+00   -7.0843e-04   -9.4407e-04   -2.6721e-04   -7.7867e-05
   4.0000e-01    2.6000e+00   -1.5000e+00   -2.8532e+00    9.2705e-01   -5.8897e-04   -1.0243e-03   -2.2000e-04   -1.7406e-04
   4.0000e-01    2.6000e+00   -1.5000e+00   -2.8978e+00    7.7646e-01   -4.3067e-04   -1.1021e-03   -1.5832e-04   -2.7639e-04
   4.0000e-01    2.6000e+00   -1.5000e+00   -2.9344e+00    6.2374e-01   -2.1394e-04   -1.1662e-03   -4.9196e-05   -4.2728e-04
   4.0000e-01    2.6000e+00   -1.5000e+00   -2.9631e+00    4.6930e-01    4.9619e-05   -1.1873e-03    1.6711e-04   -4.7292e-04
   4.0000e-01    2.6000e+00   -1.5000e+00   -2.9836e+00    3.1359e-01    3.5608e-04   -1.1370e-03    3.3220e-04   -5.0246e-04
   4.0000e-01    2.6000e+00   -1.5000e+00   -2.9959e+00    1.5701e-01    6.6621e-04   -9.9212e-04    5.6878e-04   -3.9707e-04
   4.0000e-01    2.6000e+00   -1.5000e+00   -3.0000e+00    0.0000e+00    9.4572e-04   -7.3696e-04    6.8924e-04   -1.2364e-04
   4.0000e-01    2.6000e+00   -1.5000e+00   -2.9959e+00   -1.5701e-01    1.1499e-03   -3.5504e-04    7.5377e-04    2.2815e-04
   4.0000e-01    2.6000e+00   -1.5000e+00   -2.9836e+00   -3.1359e-01    1.2032e-03    1.1026e-04    7.8881e-04    7.4691e-04
   4.0000e-01    2.6000e+00   -1.5000e+00   -2.9631e+00   -4.6930e-01    1.0585e-03    5.9339e-04    5.0804e-04    1.1338e-03
   4.0000e-01    2.6000e+00   -1.5000e+00   -2.9344e+00   -6.2374e-01    6.9145e-04    1.0045e-03    8.6155e-06    1.6091e-03
   4.0000e-01    2.6000e+00   -1.5000e+00   -2.8978e+00   -7.7646e-01    1.4582e-04    1.2170e-03   -5.5916e-04    1.7118e-03
   4.0000e-01    2.6000e+00   -1.5000e+00   -2.8532e+00   -9.2705e-01   -4.8304e-04    1.1341e-03   -1.1855e-03    1.6793e-03
   4.0000e-01    2.6000e+00   -1.5000e+00   -2.8007e+00   -1.0751e+00   -1.0121e-03    7.1689e-04   -1.6841e-03    1.3103e-03
   4.0000e-01    2.6000e+00   -1.5000e+00   -2.7406e+00   -1.2202e+00   -1.2475e-03    4.4210e-05   -1.9571e-03    5.2944e-04
   4.0000e-01    2.6000e+00   -1.5000e+00   -2.6730e+00   -1.3620e+00   -1.0538e-03   -6.8481e-04   -1.8089e-03   -1.9328e-04
   4.0000e-01    2.6000e+00   -1.5000e+00   -2.5981e+00   -1.5000e+00   -4.3574e-04   -1.1886e-03   -1.1161e-03   -6.6496e-04
   4.0000e-01    2.6000e+00   -1.5000e+00   -2.5160e+00   -1.6339e+00    4.0737e-04   -1.2093e-03   -2.4901e-04   -8.0904e-04
   4.0000e-01    2.6000e+00   -1.5000e+00   -2.4271e+00   -1.7634e+00    1.0995e-03   -6.6784e-04    4.4421e-04   -1.5298e-04
   4.0000e-01    2.6000e+00   -1.5000e+00   -2.3314e+00   -1.8880e+00    1.2768e-03    2.3187e-04    6.7866e-04    6.7089e-04
   4.0000e-01    2.6000e+00   -1.5000e+00   -2.2294e+00   -2.0074e+00    7.6883e-04    1.0606e-03    3.5224e-04    1.4699e-03
   4.0000e-01    2.6000e+00   -1.5000e+00   -2.1213e+00   -2.1213e+00   -2.1792e-04    1.3048e-03   -6.2045e-04    1.7527e-03
   4.0000e-01    2.6000e+00   -1.5000e+00   -2.0074e+00   -2.2294e+00   -1.1082e-03    7.4689e-04   -1.4655e-03    1.0717e-03
   4.0000e-01    2.6000e+00   -1.5000e+00   -1.8880e+00   -2.3314e+00   -1.3117e-03   -3.2360e-04   -1.7131e-03   -5.7462e-05
   4.0000e-01    2.6000e+00   -1.5000e+00   -1.7634e+00   -2.4271e+00   -6.0332e-04   -1.2263e-03   -8.2633e-04   -9.5718e-04
   4.0000e-01    2.6000e+00   -1.5000e+00   -1.6339e+00   -2.5160e+00    5.9038e-04   -1.2511e-03    4.5322e-04   -1.1032e-03
   4.0000e-01    2.6000e+00   -1.5000e+00   -1.5000e+00   -2.5981e+00    1.3693e-03   -2.9762e-04    1.2582e-03   -2.4457e-04
   4.0000e-01    2.6000e+00   -1.5000e+00   -1.3620e+00   -2.6730e+00    1.0637e-03    9.4059e-04    9.6852e-04    1.0304e-03
   4.0000e-01    2.6000e+00   -1.5000e+00   -1.2202e+00   -2.7406e+00   -1.8055e-04    1.4292e-03   -2.7409e-04    1.4669e-03
   4.0000e-01    2.6000e+00   -1.5000e+00   -1.0751e+00   -2.8007e+00   -1.3125e-03    6.4443e-04   -1.2084e-03    5.3473e-04
   4.0000e-01    2.6000e+00   -1.5000e+00   -9.2705e-01   -2.8532e+00   -1.2580e-03   -7.8959e-04   -1.1956e-03   -8.3730e-04
   4.0000e-01    2.6000e+00   -1.5000e+00   -7.7646e-01   -2.8978e+00    2.5923e-05   -1.5097e-03    1.4726e-04   -1.6609e-03
   4.0000e-01    2.6000e+00   -1.5000e+00   -6.2374e-01   -2.9344e+00    1.3489e-03   -7.3627e-04    1.4798e-03   -1.0000e-03
   4.0000e-01    2.6000e+00   -1.5000e+00   -4.6930e-01   -2.9631e+00    1.3105e-03    8.5643e-04    1.4502e-03    6.5791e-04
   4.0000e-01    2.6000e+00   -1.5000e+00   -3.1359e-01   -2.9836e+00   -1.7212e-04    1.5873e-03   -9.8296e-06    1.3426e-03
   4.0000e-01    2.6000e+00   -1.5000e+00   -1.5701e-01   -2.9959e+00   -1.5295e-03    5.6347e-04   -1.3764e-03    2.4482e-04
   4.0000e-01    2.6000e+00   -1.5000e+00    0.0000e+00   -3.0000e+00   -1.1975e-03   -1.1583e-03   -1.0442e-03   -1.4852e-03
   4.0000e-01    2.6000e+00   -1.5000e+00    1.5701e-01   -2.9959e+00    5.9040e-04   -1.6001e-03    7.1327e-04   -1.8732e-03
   4.0000e-01    2.6000e+00   -1.5000e+00    3.1359e-01   -2.9836e+00    1.7458e-03   -9.4569e-05    1.9141e-03   -3.7633e-04
   4.0000e-01    2.6000e+00   -1.5000e+00    4.6930e-01   -2.9631e+00    7.6992e-04    1.6221e-03    9.7407e-04    1.3783e-03
   4.0000e-01    2.6000e+00   -1.5000e+00    6.2374e-01   -2.9344e+00   -1.2680e-03    1.3436e-03   -1.0716e-03    1.2037e-03
   4.0000e-01    2.6000e+00   -1.5000e+00    7.7646e-01   -2.8978e+00   -1.7603e-03   -7.2619e-04   -1.5126e-03   -8.1424e-04
   4.0000e-01    2.6000e+00   -1.5000e+00    9.2705e-01   -2.8532e+00    8.0721e-05   -1.9659e-03    3.0180e-04   -1.9981e-03
   4.0000e-01    2.6000e+00   -1.5000e+00    1.0751e+00   -2.8007e+00    1.9540e-03   -5.8306e-04    2.1003e-03   -5.1567e-04
   4.0000e-01    2.6000e+00   -1.5000e+00    1.2202e+00   -2.7406e+00    1.2236e-03    1.7301e-03    1.4997e-03    1.8316e-03
   4.0000e-01    2.6000e+00   -1.5000e+00    1.3620e+00   -2.6730e+00   -1.3295e-03    1.7655e-03   -1.0224e-03    1.9770e-03
   4.0000e-01    2.6000e+00   -1.5000e+00    1.5000e+00   -2.5981e+00   -2.1833e-03   -7.6948e-04   -1.8633e-03   -5.3281e-04
   5.0000e-01    3.0000e+00    0.0000e+00    2.5981e+00    1.5000e+00    2.5167e-03    6.1142e-04    2.8026e-03    1.1066e-03
   5.0000e-01    3.0000e+00    0.0000e+00    2.5160e+00    1.6339e+00    5.5481e-04   -2.4090e-03    8.6140e-04   -1.8281e-03
   5.0000e-01    3.0000e+00    0.0000e+00    2.4271e+00    1.7634e+00   -2.3119e-03   -5.2017e-04   -1.9633e-03    1.1472e-04
   5.0000e-01    3.0000e+00    0.0000e+00    2.3314e+00    1.8880e+00   -5.2629e-04    2.2184e-03   -1.4798e-04    2.8353e-03
   5.0000e-01    3.0000e+00    0.0000e+00    2.2294e+00    2.0074e+00    2.1236e-03    5.7803e-04    2.4943e-03    1.3083e-03
   5.0000e-01    3.0000e+00    0.0000e+00    2.1213e+00    2.1213e+00    6.4626e-04   -2.0296e-03    1.0485e-03   -1.4218e-03
   5.0000e-01    3.0000e+00    0.0000e+00    2.0074e+00    2.2294e+00   -1.9317e-03   -7.3287e-04   -1.5992e-03   -1.1477e-04
   5.0000e-01    3.0000e+00    0.0000e+00    1.8880e+00    2.3314e+00   -8.5223e-04    1.8180e-03   -4.0720e-04    2.3450e-03
   5.0000e-01    3.0000e+00    0.0000e+00    1.7634e+00    2.4271e+00    1.6789e-03    1.0026e-03    2.0305e-03    1.5449e-03
   5.0000e-01    3.0000e+00    0.0000e+00    1.6339e+00    2.5160e+00    1.1592e-03   -1.5151e-03    1.7218e-03   -1.0322e-03
   5.0000e-01    3.0000e+00    0.0000e+00    1.5000e+00    2.5981e+00   -1.3169e-03   -1.3184e-03   -9.4768e-04   -9.6227e-04
   5.0000e-01    3.0000e+00    0.0000e+00    1.3620e+00    2.6730e+00   -1.4785e-03    1.0662e-03   -1.0890e-03    1.2878e-03
   5.0000e-01    3.0000e+00    0.0000e+00    1.2202e+00    2.7406e+00    7.7302e-04    1.6098e-03    1.0789e-03    1.8015e-03
   5.0000e-01    3.0000e+00    0.0000e+00    1.0751e+00    2.8007e+00    1.6999e-03   -4.2065e-04    2.0692e-03   -2.8608e-04
   5.0000e-01    3.0000e+00    0.0000e+00    9.2705e-01    2.8532e+00   -3.3507e-05   -1.7183e-03    2.3231e-04   -1.6380e-03
   5.0000e-01    3.0000e+00    0.0000e+00    7.7646e-01    2.8978e+00   -1.6427e-03   -3.9189e-04   -1.3677e-03   -4.3250e-04
   5.0000e-01    3.0000e+00    0.0000e+00    6.2374e-01    2.9344e+00   -8.2346e-04    1.4429e-03   -6.7251e-04    1.4331e-03
   5.0000e-01    3.0000e+00    0.0000e+00    4.6930e-01    2.9631e+00    1.1151e-03    1.1960e-03    1.3178e-03    1.1472e-03
   5.0000e-01    3.0000e+00    0.0000e+00    3.1359e-01    2.9836e+00    1.4736e-03   -6.5058e-04    1.6253e-03   -6.6824e-04
   5.0000e-01    3.0000e+00    0.0000e+00    1.5701e-01    2.9959e+00   -8.1925e-05   -1.5863e-03   -1.0339e-04   -1.6524e-03
   5.0000e-01    3.0000e+00    0.0000e+00    0.0000e+00    3.0000e+00   -1.4821e-03   -5.0938e-04   -1.4348e-03   -5.4250e-04
   5.0000e-01    3.0000e+00    0.0000e+00   -1.5701e-01    2.9959e+00   -1.0734e-03    1.1146e-03   -1.0748e-03    1.0165e-03
   5.0000e-01    3.0000e+00    0.0000e+00   -3.1359e-01    2.9836e+00    5.1821e-04    1.4382e-03    4.3059e-04    1.4136e-03
   5.0000e-01    3.0000e+00    0.0000e+00   -4.6930e-01    2.9631e+00    1.4979e-03    2.0055e-04    1.3009e-03    1.6589e-04
   5.0000e-01    3.0000e+00    0.0000e+00   -6.2374e-01    2.9344e+00    9.0310e-04   -1.1913e-03    6.2203e-04   -1.2586e-03
   5.0000e-01    3.0000e+00    0.0000e+00   -7.7646e-01    2.8978e+00   -5.3535e-04   -1.3791e-03   -7.9419e-04   -1.3534e-03
   5.0000e-01    3.0000e+00    0.0000e+00   -9.2705e-01    2.8532e+00   -1.4285e-03   -3.2559e-04   -1.7506e-03   -2.7737e-04
   5.0000e-01    3.0000e+00    0.0000e+00   -1.0751e+00    2.8007e+00   -1.0814e-03    9.6874e-04   -1.3863e-03    9.0425e-04
   5.0000e-01    3.0000e+00    0.0000e+00   -1.2202e+00    2.7406e+00    1.0504e-04    1.4354e-03   -3.1509e-04    1.3835e-03
   5.0000e-01    3.0000e+00    0.0000e+00   -1.3620e+00    2.6730e+00    1.1671e-03    8.2095e-04    7.4451e-04    8.1178e-04
   5.0000e-01    3.0000e+00    0.0000e+00   -1.5000e+00    2.5981e+00    1.3812e-03   -3.1295e-04    8.4936e-04   -3.2907e-04
   5.0000e-01    3.0000e+00    0.0000e+00   -1.6339e+00    2.5160e+00    7.3251e-04   -1.1998e-03    1.4508e-04   -1.2206e-03
   5.0000e-01    3.0000e+00    0.0000e+00   -1.7634e+00    2.4271e+00   -3.0993e-04   -1.3611e-03   -9.7134e-04   -1.4466e-03
   5.0000e-01    3.0000e+00    0.0000e+00   -1.8880e+00    2.3314e+00   -1.1343e-03   -7.9780e-04   -1.7344e-03   -8.4044e-04
   5.0000e-01    3.0000e+00    0.0000e+00   -2.0074e+00    2.2294e+00   -1.3755e-03    9.2131e-05   -1.9335e-03    -6.6707e-05
   5.0000e-01    3.0000e+00    0.0000e+00   -2.1213e+00    2.1213e+00   -1.0381e-03    8.9551e-04   -1.6501e-03    8.3484e-04
   5.0000e-01    3.0000e+00    0.0000e+00   -2.2294e+00    2.0074e+00   -3.2758e-04    1.3239e-03   -7.9410e-04    1.4151e-03
   5.0000e-01    3.0000e+00    0.0000e+00   -2.3314e+00    1.8880e+00    4.4494e-04    1.2819e-03    1.3172e-05    1.4408e-03
   5.0000e-01    3.0000e+00    0.0000e+00   -2.4271e+00    1.7634e+00    1.0197e-03    8.8620e-04    6.0233e-04    1.0927e-03
   5.0000e-01    3.0000e+00    0.0000e+00   -2.5160e+00    1.6339e+00    1.3098e-03    3.0879e-04    1.0300e-03    5.6568e-04
   5.0000e-01    3.0000e+00    0.0000e+00   -2.5981e+00    1.5000e+00    1.3083e-03   -2.9235e-04    1.1305e-03    1.3409e-04
   5.0000e-01    3.0000e+00    0.0000e+00   -2.6730e+00    1.3620e+00    1.0822e-03   -7.8348e-04    1.0804e-03   -1.6798e-04
   5.0000e-01    3.0000e+00    0.0000e+00   -2.7406e+00    1.2202e+00    7.3465e-04   -1.1115e-03    8.3952e-04   -3.7727e-04
   5.0000e-01    3.0000e+00    0.0000e+00   -2.8007e+00    1.0751e+00    3.4670e-04   -1.2829e-03    5.5226e-04   -3.3561e-04
   5.0000e-01    3.0000e+00    0.0000e+00   -2.8532e+00    9.2705e-01   -1.8838e-05   -1.3255e-03    4.2573e-04   -2.3507e-04
   5.0000e-01    3.0000e+00    0.0000e+00   -2.8978e+00    7.7646e-01   -3.3409e-04   -1.2802e-03    3.0007e-04   -5.8298e-05
   5.0000e-01    3.0000e+00    0.0000e+00   -2.9344e+00    6.2374e-01   -5.6819e-04   -1.1928e-03    1.3519e-04    1.6572e-04
   5.0000e-01    3.0000e+00    0.0000e+00   -2.9631e+00    4.6930e-01   -7.4048e-04   -1.0921e-03    1.0881e-04    4.1832e-04
   5.0000e-01    3.0000e+00    0.0000e+00   -2.9836e+00    3.1359e-01   -8.4724e-04   -1.0101e-03    7.1342e-05    5.6429e-04
   5.0000e-01    3.0000e+00    0.0000e+00   -2.9959e+00    1.5701e-01   -9.1235e-04   -9.5109e-04    3.3948e-05    6.7691e-04
   5.0000e-01    3.0000e+00    0.0000e+00   -3.0000e+00    0.0000e+00   -9.4103e-04   -9.2224e-04    2.1254e-05    7.0316e-04
   5.0000e-01    3.0000e+00    0.0000e+00   -2.9959e+00   -1.5701e-01   -9.1235e-04   -9.5109e-04    1.1583e-04    7.0227e-04
   5.0000e-01    3.0000e+00    0.0000e+00   -2.9836e+00   -3.1359e-01   -8.4724e-04   -1.0101e-03    9.1037e-05    5.7376e-04
   5.0000e-01    3.0000e+00    0.0000e+00   -2.9631e+00   -4.6930e-01   -7.4048e-04   -1.0921e-03    1.6329e-04    3.5717e-04
   5.0000e-01    3.0000e+00    0.0000e+00   -2.9344e+00   -6.2374e-01   -5.6819e-04   -1.1928e-03    1.9678e-04    1.6071e-04
   5.0000e-01    3.0000e+00    0.0000e+00   -2.8978e+00   -7.7646e-01   -3.3409e-04   -1.2802e-03    2.8835e-04   -4.3262e-05
   5.0000e-01    3.0000e+00    0.0000e+00   -2.8532e+00   -9.2705e-01   -1.8838e-05   -1.3255e-03    4.0647e-04   -2.2012e-04
   5.0000e-01    3.0000e+00    0.0000e+00   -2.8007e+00   -1.0751e+00    3.4670e-04   -1.2829e-03    6.0721e-04   -4.1087e-04
   5.0000e-01    3.0000e+00    0.0000e+00   -2.7406e+00   -1.2202e+00    7.3465e-04   -1.1115e-03    8.4238e-04   -4.0893e-04
   5.0000e-01    3.0000e+00    0.0000e+00   -2.6730e+00   -1.3620e+00    1.0822e-03   -7.8348e-04    1.0668e-03   -2.1631e-04
   5.0000e-01    3.0000e+00    0.0000e+00   -2.5981e+00   -1.5000e+00    1.3083e-03   -2.9235e-04    1.0904e-03    1.6568e-04
   5.0000e-01    3.0000e+00    0.0000e+00   -2.5160e+00   -1.6339e+00    1.3098e-03    3.0879e-04    1.0420e-03    6.0490e-04
   5.0000e-01    3.0000e+00    0.0000e+00   -2.4271e+00   -1.7634e+00    1.0197e-03    8.8620e-04    6.2252e-04    1.1145e-03
   5.0000e-01    3.0000e+00    0.0000e+00   -2.3314e+00   -1.8880e+00    4.4494e-04    1.2819e-03   -2.8577e-05    1.3898e-03
   5.0000e-01    3.0000e+00    0.0000e+00   -2.2294e+00   -2.0074e+00   -3.2758e-04    1.3239e-03   -8.9566e-04    1.3681e-03
   5.0000e-01    3.0000e+00    0.0000e+00   -2.1213e+00   -2.1213e+00   -1.0381e-03    8.9551e-04   -1.5975e-03    8.8326e-04
   5.0000e-01    3.0000e+00    0.0000e+00   -2.0074e+00   -2.2294e+00   -1.3755e-03    9.2131e-05   -1.9566e-03    -3.6981e-06
   5.0000e-01    3.0000e+00    0.0000e+00   -1.8880e+00   -2.3314e+00   -1.1343e-03   -7.9780e-04   -1.7560e-03   -8.7909e-04
   5.0000e-01    3.0000e+00    0.0000e+00   -1.7634e+00   -2.4271e+00   -3.0993e-04   -1.3611e-03   -8.8462e-04   -1.4956e-03
   5.0000e-01    3.0000e+00    0.0000e+00   -1.6339e+00   -2.5160e+00    7.3251e-04   -1.1998e-03    2.5771e-04   -1.2273e-03
   5.0000e-01    3.0000e+00    0.0000e+00   -1.5000e+00   -2.5981e+00    1.3812e-03   -3.1295e-04    7.9500e-04   -4.6323e-04
   5.0000e-01    3.0000e+00    0.0000e+00   -1.3620e+00   -2.6730e+00    1.1671e-03    8.2095e-04    6.4189e-04    7.8719e-04
   5.0000e-01    3.0000e+00    0.0000e+00   -1.2202e+00   -2.7406e+00    1.0504e-04    1.4354e-03   -1.9328e-04    1.3538e-03
   5.0000e-01    3.0000e+00    0.0000e+00   -1.0751e+00   -2.8007e+00   -1.0814e-03    9.6874e-04   -1.4654e-03    1.0057e-03
   5.0000e-01    3.0000e+00    0.0000e+00   -9.2705e-01   -2.8532e+00   -1.4285e-03   -3.2559e-04   -1.7723e-03   -2.9568e-04
   5.0000e-01    3.0000e+00    0.0000e+00   -7.7646e-01   -2.8978e+00   -5.3535e-04   -1.3791e-03   -7.6763e-04   -1.4008e-03
   5.0000e-01    3.0000e+00    0.0000e+00   -6.2374e-01   -2.9344e+00    9.0310e-04   -1.1913e-03    7.1899e-04   -1.1804e-03
   5.0000e-01    3.0000e+00    0.0000e+00   -4.6930e-01   -2.9631e+00    1.4979e-03    2.0055e-04    1.2657e-03    1.4989e-04
   5.0000e-01    3.0000e+00    0.0000e+00   -3.1359e-01   -2.9836e+00    5.1821e-04    1.4382e-03    3.7317e-04    1.3809e-03
   5.0000e-01    3.0000e+00    0.0000e+00   -1.5701e-01   -2.9959e+00   -1.0734e-03    1.1146e-03   -1.1905e-03    9.9856e-04
   5.0000e-01    3.0000e+00    0.0000e+00    0.0000e+00   -3.0000e+00   -1.4821e-03   -5.0938e-04   -1.4900e-03   -5.9247e-04
   5.0000e-01    3.0000e+00    0.0000e+00    1.5701e-01   -2.9959e+00   -8.1925e-05   -1.5863e-03    2.4237e-05   -1.6642e-03
   5.0000e-01    3.0000e+00    0.0000e+00    3.1359e-01   -2.9836e+00    1.4736e-03   -6.5058e-04    1.6363e-03   -6.7510e-04
   5.0000e-01    3.0000e+00    0.0000e+00    4.6930e-01   -2.9631e+00    1.1151e-03    1.1960e-03    1.3178e-03    9.7458e-04
   5.0000e-01    3.0000e+00    0.0000e+00    6.2374e-01   -2.9344e+00   -8.2346e-04    1.4429e-03   -6.5303e-04    1.4251e-03
   5.0000e-01    3.0000e+00    0.0000e+00    7.7646e-01   -2.8978e+00   -1.6427e-03   -3.9189e-04   -1.4485e-03   -4.1258e-04
   5.0000e-01    3.0000e+00    0.0000e+00    9.2705e-01   -2.8532e+00   -3.3507e-05   -1.7183e-03    2.9152e-04   -1.6582e-03
   5.0000e-01    3.0000e+00    0.0000e+00    1.0751e+00   -2.8007e+00    1.6999e-03   -4.2065e-04    2.0193e-03   -2.2128e-04
   5.0000e-01    3.0000e+00    0.0000e+00    1.2202e+00   -2.7406e+00    7.7302e-04    1.6098e-03    1.1219e-03    1.8565e-03
   5.0000e-01    3.0000e+00    0.0000e+00    1.3620e+00   -2.6730e+00   -1.4785e-03    1.0662e-03   -1.0860e-03    1.3478e-03
   5.0000e-01    3.0000e+00    0.0000e+00    1.5000e+00   -2.5981e+00   -1.3169e-03   -1.3184e-03   -9.1973e-04   -9.9394e-04
   5.0000e-01    3.0000e+00    0.0000e+00    1.6339e+00   -2.5160e+00    1.1592e-03   -1.5151e-03    1.5722e-03   -1.1302e-03
   5.0000e-01    3.0000e+00    0.0000e+00    1.7634e+00   -2.4271e+00    1.6789e-03    1.0026e-03    2.1356e-03    1.5253e-03
   5.0000e-01    3.0000e+00    0.0000e+00    1.8880e+00   -2.3314e+00   -8.5223e-04    1.8180e-03   -4.3869e-04    2.4315e-03
   5.0000e-01    3.0000e+00    0.0000e+00    2.0074e+00   -2.2294e+00   -1.9317e-03   -7.3287e-04   -1.5565e-03   -1.8683e-04
   5.0000e-01    3.0000e+00    0.0000e+00    2.1213e+00   -2.1213e+00    6.4626e-04   -2.0296e-03    1.0698e-03   -1.4234e-03
   5.0000e-01    3.0000e+00    0.0000e+00    2.2294e+00   -2.0074e+00    2.1236e-03    5.7803e-04    2.4564e-03    1.2598e-03
   5.0000e-01    3.0000e+00    0.0000e+00    2.3314e+00   -1.8880e+00   -5.2629e-04    2.2184e-03   -1.0172e-04    2.8439e-03
   5.0000e-01    3.0000e+00    0.0000e+00    2.4271e+00   -1.7634e+00   -2.3119e-03   -5.2017e-04   -1.9918e-03    1.7348e-04
   5.0000e-01    3.0000e+00    0.0000e+00    2.5160e+00   -1.6339e+00    5.5481e-04   -2.4090e-03    8.3134e-04   -1.7997e-03
   5.0000e-01    3.0000e+00    0.0000e+00    2.5981e+00   -1.5000e+00    2.5167e-03    6.1142e-04    2.8601e-03    1.0723e-03
   5.0000e-01    2.6000e+00    1.5000e+00    3.0000e+00    0.0000e+00    2.5182e-03    6.0279e-04    2.8477e-03    1.0497e-03
   5.0000e-01    2.6000e+00    1.5000e+00    1.5000e+00    2.5981e+00    2.5249e-03    5.7145e-04    3.0186e-03    7.5525e-04
   5.0000e-01    2.6000e+00    1.5000e+00    1.3620e+00    2.6730e+00    5.2353e-04   -2.4153e-03    1.0697e-03   -2.2838e-03
   5.0000e-01    2.6000e+00    1.5000e+00    1.2202e+00    2.7406e+00   -2.3185e-03   -4.8996e-04   -1.6864e-03   -2.9240e-04
   5.0000e-01    2.6000e+00    1.5000e+00    1.0751e+00    2.8007e+00   -5.0382e-04    2.2239e-03    1.2623e-04    2.4597e-03
   5.0000e-01    2.6000e+00    1.5000e+00    9.2705e-01    2.8532e+00    2.1349e-03    5.3161e-04    2.8178e-03    8.1622e-04
   5.0000e-01    2.6000e+00    1.5000e+00    7.7646e-01    2.8978e+00    6.0739e-04   -2.0407e-03    1.0490e-03   -1.8302e-03
   5.0000e-01    2.6000e+00    1.5000e+00    6.2374e-01    2.9344e+00   -1.9382e-03   -7.1461e-04   -1.5600e-03   -4.5195e-04
   5.0000e-01    2.6000e+00    1.5000e+00    4.6930e-01    2.9631e+00   -8.2701e-04    1.8294e-03   -5.8042e-04    2.0644e-03
   5.0000e-01    2.6000e+00    1.5000e+00    3.1359e-01    2.9836e+00    1.6981e-03    9.6838e-04    1.9087e-03    1.1815e-03
   5.0000e-01    2.6000e+00    1.5000e+00    1.5701e-01    2.9959e+00    1.1314e-03   -1.5352e-03    1.2290e-03   -1.2552e-03
   5.0000e-01    2.6000e+00    1.5000e+00    0.0000e+00    3.0000e+00   -1.3483e-03   -1.2855e-03   -1.3914e-03   -1.0081e-03
   5.0000e-01    2.6000e+00    1.5000e+00   -1.5701e-01    2.9959e+00   -1.4612e-03    1.0892e-03   -1.5488e-03    1.3626e-03
   5.0000e-01    2.6000e+00    1.5000e+00   -3.1359e-01    2.9836e+00    7.8773e-04    1.6019e-03    6.5367e-04    1.7859e-03
   5.0000e-01    2.6000e+00    1.5000e+00   -4.6930e-01    2.9631e+00    1.6911e-03   -4.5204e-04    1.4741e-03   -2.7474e-04
   5.0000e-01    2.6000e+00    1.5000e+00   -6.2374e-01    2.9344e+00   -6.6153e-05   -1.7170e-03   -2.8068e-04   -1.6756e-03
   5.0000e-01    2.6000e+00    1.5000e+00   -7.7646e-01    2.8978e+00   -1.6494e-03   -3.5984e-04   -1.8318e-03   -3.1259e-04
   5.0000e-01    2.6000e+00    1.5000e+00   -9.2705e-01    2.8532e+00   -7.9794e-04    1.4563e-03   -9.3577e-04    1.4883e-03
   5.0000e-01    2.6000e+00    1.5000e+00   -1.0751e+00    2.8007e+00    1.1381e-03    1.1738e-03    9.8435e-04    1.1507e-03
   5.0000e-01    2.6000e+00    1.5000e+00   -1.2202e+00    2.7406e+00    1.4607e-03   -6.7889e-04    1.4825e-03   -7.8195e-04
   5.0000e-01    2.6000e+00    1.5000e+00   -1.3620e+00    2.6730e+00   -1.2656e-04   -1.5824e-03   -1.4233e-04   -1.7103e-03
   5.0000e-01    2.6000e+00    1.5000e+00   -1.5000e+00    2.5981e+00   -1.4881e-03   -4.9040e-04   -1.2633e-03   -5.8134e-04
   5.0000e-01    2.6000e+00    1.5000e+00   -1.6339e+00    2.5160e+00   -1.0478e-03    1.1377e-03   -7.1880e-04    8.4446e-04
   5.0000e-01    2.6000e+00    1.5000e+00   -1.7634e+00    2.4271e+00    5.6453e-04    1.4198e-03    9.4517e-04    1.1596e-03
   5.0000e-01    2.6000e+00    1.5000e+00   -1.8880e+00    2.3314e+00    1.5025e-03    1.5483e-04    1.9796e-03   -1.6872e-04
   5.0000e-01    2.6000e+00    1.5000e+00   -2.0074e+00    2.2294e+00    8.8005e-04   -1.2074e-03    1.4329e-03   -1.5576e-03
   5.0000e-01    2.6000e+00    1.5000e+00   -2.1213e+00    2.1213e+00   -5.5625e-04   -1.3704e-03    1.6625e-04   -1.6823e-03
   5.0000e-01    2.6000e+00    1.5000e+00   -2.2294e+00    2.0074e+00   -1.4371e-03   -2.8278e-04   -8.1427e-04   -6.6717e-04
   5.0000e-01    2.6000e+00    1.5000e+00   -2.3314e+00    1.8880e+00   -1.0509e-03    1.0002e-03   -3.6890e-04    6.8756e-04
   5.0000e-01    2.6000e+00    1.5000e+00   -2.4271e+00    1.7634e+00    1.3889e-04    1.4315e-03    8.0148e-04    1.1211e-03
   5.0000e-01    2.6000e+00    1.5000e+00   -2.5160e+00    1.6339e+00    1.1783e-03    8.0437e-04    1.7136e-03    4.6854e-04
   5.0000e-01    2.6000e+00    1.5000e+00   -2.5981e+00    1.5000e+00    1.3726e-03   -3.4526e-04    1.8134e-03   -6.3902e-04
   5.0000e-01    2.6000e+00    1.5000e+00   -2.6730e+00    1.3620e+00    6.9868e-04   -1.2190e-03    1.1057e-03   -1.4782e-03
   5.0000e-01    2.6000e+00    1.5000e+00   -2.7406e+00    1.2202e+00   -3.3739e-04   -1.3542e-03   -5.4056e-05   -1.5010e-03
   5.0000e-01    2.6000e+00    1.5000e+00   -2.8007e+00    1.0751e+00   -1.1440e-03   -7.8363e-04   -1.0025e-03   -8.5683e-04
   5.0000e-01    2.6000e+00    1.5000e+00   -2.8532e+00    9.2705e-01   -1.3726e-03    1.2285e-04   -1.2980e-03    9.6331e-05
   5.0000e-01    2.6000e+00    1.5000e+00   -2.8978e+00    7.7646e-01   -1.0105e-03    9.2567e-04   -1.0479e-03    9.6881e-04
   5.0000e-01    2.6000e+00    1.5000e+00   -2.9344e+00    6.2374e-01   -3.0380e-04    1.3292e-03   -4.5252e-04    1.4112e-03
   5.0000e-01    2.6000e+00    1.5000e+00   -2.9631e+00    4.6930e-01    4.6082e-04    1.2760e-03    3.0907e-04    1.5194e-03
   5.0000e-01    2.6000e+00    1.5000e+00   -2.9836e+00    3.1359e-01    1.0333e-03    8.7002e-04    8.3371e-04    1.1797e-03
   5.0000e-01    2.6000e+00    1.5000e+00   -2.9959e+00    1.5701e-01    1.3156e-03    2.8222e-04    1.1194e-03    6.1704e-04
   5.0000e-01    2.6000e+00    1.5000e+00   -3.0000e+00    0.0000e+00    1.3004e-03   -3.2533e-04    1.1492e-03    1.3794e-04
   5.0000e-01    2.6000e+00    1.5000e+00   -2.9959e+00   -1.5701e-01    1.0729e-03   -7.9643e-04    9.4172e-04   -3.0897e-04
   5.0000e-01    2.6000e+00    1.5000e+00   -2.9836e+00   -3.1359e-01    7.2163e-04   -1.1196e-03    6.7370e-04   -5.3799e-04
   5.0000e-01    2.6000e+00    1.5000e+00   -2.9631e+00   -4.6930e-01    3.2275e-04   -1.2887e-03    3.2752e-04   -6.5176e-04
   5.0000e-01    2.6000e+00    1.5000e+00   -2.9344e+00   -6.2374e-01   -4.4490e-05   -1.3249e-03    1.3792e-04   -6.4890e-04
   5.0000e-01    2.6000e+00    1.5000e+00   -2.8978e+00   -7.7646e-01   -3.5589e-04   -1.2742e-03   -1.0374e-04   -5.6330e-04
   5.0000e-01    2.6000e+00    1.5000e+00   -2.8532e+00   -9.2705e-01   -5.8517e-04   -1.1844e-03   -2.6262e-04   -4.9272e-04
   5.0000e-01    2.6000e+00    1.5000e+00   -2.8007e+00   -1.0751e+00   -7.5739e-04   -1.0808e-03   -2.6314e-04   -3.9714e-04
   5.0000e-01    2.6000e+00    1.5000e+00   -2.7406e+00   -1.2202e+00   -8.6842e-04   -9.9226e-04   -3.6795e-04   -2.6526e-04
   5.0000e-01    2.6000e+00    1.5000e+00   -2.6730e+00   -1.3620e+00   -9.3393e-04   -9.2945e-04   -3.2681e-04   -2.3765e-04
   5.0000e-01    2.6000e+00    1.5000e+00   -2.5981e+00   -1.5000e+00   -9.5032e-04   -9.1263e-04   -3.7910e-04   -2.0262e-04
   5.0000e-01    2.6000e+00    1.5000e+00   -2.5160e+00   -1.6339e+00   -9.2580e-04   -9.3803e-04   -2.6680e-04   -1.9264e-04
   5.0000e-01    2.6000e+00    1.5000e+00   -2.4271e+00   -1.7634e+00   -8.6831e-04   -9.9206e-04   -3.3561e-04   -2.3920e-04
   5.0000e-01    2.6000e+00    1.5000e+00   -2.3314e+00   -1.8880e+00   -7.6520e-04   -1.0749e-03   -2.2720e-04   -4.3155e-04
   5.0000e-01    2.6000e+00    1.5000e+00   -2.2294e+00   -2.0074e+00   -5.8581e-04   -1.1844e-03   -2.2311e-04   -4.5003e-04
   5.0000e-01    2.6000e+00    1.5000e+00   -2.1213e+00   -2.1213e+00   -3.3918e-04   -1.2793e-03   -6.4094e-05   -6.3394e-04
   5.0000e-01    2.6000e+00    1.5000e+00   -2.0074e+00   -2.2294e+00   -3.7765e-05   -1.3252e-03    1.2157e-04   -6.3545e-04
   5.0000e-01    2.6000e+00    1.5000e+00   -1.8880e+00   -2.3314e+00    3.1783e-04   -1.2901e-03    4.0417e-04   -5.5201e-04
   5.0000e-01    2.6000e+00    1.5000e+00   -1.7634e+00   -2.4271e+00    7.1905e-04   -1.1216e-03    5.8866e-04   -5.7100e-04
   5.0000e-01    2.6000e+00    1.5000e+00   -1.6339e+00   -2.5160e+00    1.0785e-03   -7.8904e-04    8.4231e-04   -1.7757e-04
   5.0000e-01    2.6000e+00    1.5000e+00   -1.5000e+00   -2.5981e+00    1.3052e-03   -3.0681e-04    9.7346e-04    1.4152e-04
   5.0000e-01    2.6000e+00    1.5000e+00   -1.3620e+00   -2.6730e+00    1.3155e-03    2.8246e-04    9.6270e-04    7.0215e-04
   5.0000e-01    2.6000e+00    1.5000e+00   -1.2202e+00   -2.7406e+00    1.0287e-03    8.7632e-04    6.0687e-04    1.2628e-03
   5.0000e-01    2.6000e+00    1.5000e+00   -1.0751e+00   -2.8007e+00    4.4779e-04    1.2814e-03   -1.1178e-04    1.6160e-03
   5.0000e-01    2.6000e+00    1.5000e+00   -9.2705e-01   -2.8532e+00   -3.2064e-04    1.3256e-03   -8.5447e-04    1.5976e-03
   5.0000e-01    2.6000e+00    1.5000e+00   -7.7646e-01   -2.8978e+00   -1.0206e-03    9.1513e-04   -1.6250e-03    1.0184e-03
   5.0000e-01    2.6000e+00    1.5000e+00   -6.2374e-01   -2.9344e+00   -1.3743e-03    1.0938e-04   -1.8951e-03    1.7857e-04
   5.0000e-01    2.6000e+00    1.5000e+00   -4.6930e-01   -2.9631e+00   -1.1355e-03   -7.9642e-04   -1.6907e-03   -9.0744e-04
   5.0000e-01    2.6000e+00    1.5000e+00   -3.1359e-01   -2.9836e+00   -3.1029e-04   -1.3610e-03   -8.8939e-04   -1.5911e-03
   5.0000e-01    2.6000e+00    1.5000e+00   -1.5701e-01   -2.9959e+00    7.2073e-04   -1.2068e-03    1.8617e-04   -1.4653e-03
   5.0000e-01    2.6000e+00    1.5000e+00    0.0000e+00   -3.0000e+00    1.3751e-03   -3.3753e-04    8.7708e-04   -6.2451e-04
   5.0000e-01    2.6000e+00    1.5000e+00    1.5701e-01   -2.9959e+00    1.1688e-03    8.1876e-04    6.6342e-04    3.9905e-04
   5.0000e-01    2.6000e+00    1.5000e+00    3.1359e-01   -2.9836e+00    1.1750e-04    1.4338e-03   -2.5541e-04    1.0276e-03
   5.0000e-01    2.6000e+00    1.5000e+00    4.6930e-01   -2.9631e+00   -1.0709e-03    9.7946e-04   -1.3503e-03    4.6183e-04
   5.0000e-01    2.6000e+00    1.5000e+00    6.2374e-01   -2.9344e+00   -1.4321e-03   -3.0858e-04   -1.6886e-03   -8.3525e-04
   5.0000e-01    2.6000e+00    1.5000e+00    7.7646e-01   -2.8978e+00   -5.4772e-04   -1.3739e-03   -7.7672e-04   -1.9090e-03
   5.0000e-01    2.6000e+00    1.5000e+00    9.2705e-01   -2.8532e+00    8.9316e-04   -1.1982e-03    6.7663e-04   -1.6046e-03
   5.0000e-01    2.6000e+00    1.5000e+00    1.0751e+00   -2.8007e+00    1.4993e-03    1.8826e-04    1.3736e-03   -2.0962e-04
   5.0000e-01    2.6000e+00    1.5000e+00    1.2202e+00   -2.7406e+00    5.4229e-04    1.4291e-03    2.8160e-04    9.9597e-04
   5.0000e-01    2.6000e+00    1.5000e+00    1.3620e+00   -2.6730e+00   -1.0600e-03    1.1265e-03   -1.3236e-03    7.3340e-04
   5.0000e-01    2.6000e+00    1.5000e+00    1.5000e+00   -2.5981e+00   -1.4816e-03   -5.0914e-04   -1.7881e-03   -8.5651e-04
   5.0000e-01    2.6000e+00    1.5000e+00    1.6339e+00   -2.5160e+00   -9.1230e-05   -1.5855e-03   -2.7849e-04   -1.7588e-03
   5.0000e-01    2.6000e+00    1.5000e+00    1.7634e+00   -2.4271e+00    1.4697e-03   -6.5840e-04    1.2477e-03   -8.6984e-04
   5.0000e-01    2.6000e+00    1.5000e+00    1.8880e+00   -2.3314e+00    1.1270e-03    1.1839e-03    9.1802e-04    9.4337e-04
   5.0000e-01    2.6000e+00    1.5000e+00    2.0074e+00   -2.2294e+00   -8.0761e-04    1.4513e-03   -1.0675e-03    1.3568e-03
   5.0000e-01    2.6000e+00    1.5000e+00    2.1213e+00   -2.1213e+00   -1.6422e-03   -3.9365e-04   -1.8481e-03   -5.0162e-04
   5.0000e-01    2.6000e+00    1.5000e+00    2.2294e+00   -2.0074e+00   -3.1695e-05   -1.7180e-03   -1.5032e-04   -1.8575e-03
   5.0000e-01    2.6000e+00    1.5000e+00    2.3314e+00   -1.8880e+00    1.6948e-03   -4.3737e-04    1.6435e-03   -4.9765e-04
   5.0000e-01    2.6000e+00    1.5000e+00    2.4271e+00   -1.7634e+00    7.7948e-04    1.6058e-03    7.6856e-04    1.6077e-03
   5.0000e-01    2.6000e+00    1.5000e+00    2.5160e+00   -1.6339e+00   -1.4775e-03    1.0672e-03   -1.4042e-03    1.1388e-03
   5.0000e-01    2.6000e+00    1.5000e+00    2.5981e+00   -1.5000e+00   -1.3162e-03   -1.3193e-03   -1.2352e-03   -1.2288e-03
   5.0000e-01    2.6000e+00    1.5000e+00    2.6730e+00   -1.3620e+00    1.1473e-03   -1.5231e-03    1.3809e-03   -1.3798e-03
   5.0000e-01    2.6000e+00    1.5000e+00    2.7406e+00   -1.2202e+00    1.6790e-03    1.0031e-03    1.9508e-03    1.1681e-03
   5.0000e-01    2.6000e+00    1.5000e+00    2.8007e+00   -1.0751e+00   -8.5948e-04    1.8151e-03   -4.5736e-04    1.9445e-03
   5.0000e-01    2.6000e+00    1.5000e+00    2.8532e+00   -9.2705e-01   -1.9241e-03   -7.5239e-04   -1.4481e-03   -5.7852e-04
   5.0000e-01    2.6000e+00    1.5000e+00    2.8978e+00   -7.7646e-01    6.4339e-04   -2.0301e-03    1.1605e-03   -1.8018e-03
   5.0000e-01    2.6000e+00    1.5000e+00    2.9344e+00   -6.2374e-01    2.1253e-03    5.7127e-04    2.6280e-03    8.5811e-04
   5.0000e-01    2.6000e+00    1.5000e+00    2.9631e+00   -4.6930e-01   -5.4452e-04    2.2146e-03   -5.2305e-06    2.5468e-03
   5.0000e-01    2.6000e+00    1.5000e+00    2.9836e+00   -3.1359e-01   -2.3052e-03   -5.5173e-04   -1.8166e-03   -1.3386e-04
   5.0000e-01    2.6000e+00    1.5000e+00    2.9959e+00   -1.5701e-01    5.6829e-04   -2.4061e-03    9.3982e-04   -1.9241e-03
   5.0000e-01    1.5000e+00    2.6000e+00    3.0000e+00    0.0000e+00   -1.3483e-03   -1.2855e-03   -8.6357e-04   -9.1164e-04
   5.0000e-01    1.5000e+00    2.6000e+00    2.9959e+00    1.5701e-01    1.1314e-03   -1.5352e-03    1.6338e-03   -1.1887e-03
   5.0000e-01    1.5000e+00    2.6000e+00    2.9836e+00    3.1359e-01    1.6981e-03    9.6838e-04    2.2935e-03    1.3006e-03
   5.0000e-01    1.5000e+00    2.6000e+00    2.9631e+00    4.6930e-01   -8.2701e-04    1.8294e-03   -2.3760e-04    2.2947e-03
   5.0000e-01    1.5000e+00    2.6000e+00    2.9344e+00    6.2374e-01   -1.9382e-03   -7.1461e-04   -1.3579e-03   -3.0463e-04
   5.0000e-01    1.5000e+00    2.6000e+00    2.8978e+00    7.7646e-01    6.0739e-04   -2.0407e-03    1.2003e-03   -1.6494e-03
   5.0000e-01    1.5000e+00    2.6000e+00    2.8532e+00    9.2705e-01    2.1349e-03    5.3161e-04    2.6949e-03    8.5029e-04
   5.0000e-01    1.5000e+00    2.6000e+00    2.8007e+00    1.0751e+00   -5.0382e-04    2.2239e-03    7.8376e-05    2.5290e-03
   5.0000e-01    1.5000e+00    2.6000e+00    2.7406e+00    1.2202e+00   -2.3185e-03   -4.8996e-04   -1.8052e-03   -1.6104e-04
   5.0000e-01    1.5000e+00    2.6000e+00    2.6730e+00    1.3620e+00    5.2353e-04   -2.4153e-03    1.0958e-03   -2.2138e-03
   5.0000e-01    1.5000e+00    2.6000e+00    2.5981e+00    1.5000e+00    2.5249e-03    5.7145e-04    3.1132e-03    7.6088e-04
   5.0000e-01    1.5000e+00    2.6000e+00    0.0000e+00    3.0000e+00    2.5182e-03    6.0279e-04    2.5012e-03    9.7349e-04
   5.0000e-01    1.5000e+00    2.6000e+00   -1.5701e-01    2.9959e+00    5.6829e-04   -2.4061e-03    5.9757e-04   -2.0770e-03
   5.0000e-01    1.5000e+00    2.6000e+00   -3.1359e-01    2.9836e+00   -2.3052e-03   -5.5173e-04   -2.3943e-03   -2.6693e-04
   5.0000e-01    1.5000e+00    2.6000e+00   -4.6930e-01    2.9631e+00   -5.4452e-04    2.2146e-03   -5.5985e-04    2.4498e-03
   5.0000e-01    1.5000e+00    2.6000e+00   -6.2374e-01    2.9344e+00    2.1253e-03    5.7127e-04    2.0788e-03    7.2603e-04
   5.0000e-01    1.5000e+00    2.6000e+00   -7.7646e-01    2.8978e+00    6.4339e-04   -2.0301e-03    5.7577e-04   -1.8644e-03
   5.0000e-01    1.5000e+00    2.6000e+00   -9.2705e-01    2.8532e+00   -1.9241e-03   -7.5239e-04   -1.9229e-03   -6.7936e-04
   5.0000e-01    1.5000e+00    2.6000e+00   -1.0751e+00    2.8007e+00   -8.5948e-04    1.8151e-03   -7.6060e-04    1.9231e-03
   5.0000e-01    1.5000e+00    2.6000e+00   -1.2202e+00    2.7406e+00    1.6790e-03    1.0031e-03    1.7532e-03    1.0121e-03
   5.0000e-01    1.5000e+00    2.6000e+00   -1.3620e+00    2.6730e+00    1.1473e-03   -1.5231e-03    1.2952e-03   -1.5088e-03
   5.0000e-01    1.5000e+00    2.6000e+00   -1.5000e+00    2.5981e+00   -1.3162e-03   -1.3193e-03   -1.1514e-03   -1.3889e-03
   5.0000e-01    1.5000e+00    2.6000e+00   -1.6339e+00    2.5160e+00   -1.4775e-03    1.0672e-03   -1.2060e-03    9.8478e-04
   5.0000e-01    1.5000e+00    2.6000e+00   -1.7634e+00    2.4271e+00    7.7948e-04    1.6058e-03    1.0241e-03    1.5288e-03
   5.0000e-01    1.5000e+00    2.6000e+00   -1.8880e+00    2.3314e+00    1.6948e-03   -4.3737e-04    1.9723e-03   -5.4447e-04
   5.0000e-01    1.5000e+00    2.6000e+00   -2.0074e+00    2.2294e+00   -3.1695e-05   -1.7180e-03    3.6128e-04   -1.8320e-03
   5.0000e-01    1.5000e+00    2.6000e+00   -2.1213e+00    2.1213e+00   -1.6422e-03   -3.9365e-04   -1.3046e-03   -5.3072e-04
   5.0000e-01    1.5000e+00    2.6000e+00   -2.2294e+00    2.0074e+00   -8.0761e-04    1.4513e-03   -5.3888e-04    1.3296e-03
   5.0000e-01    1.5000e+00    2.6000e+00   -2.3314e+00    1.8880e+00    1.1270e-03    1.1839e-03    1.4841e-03    1.0972e-03
   5.0000e-01    1.5000e+00    2.6000e+00   -2.4271e+00    1.7634e+00    1.4697e-03   -6.5840e-04    1.8730e-03   -8.1956e-04
   5.0000e-01    1.5000e+00    2.6000e+00   -2.5160e+00    1.6339e+00   -9.1230e-05   -1.5855e-03    1.4801e-04   -1.7878e-03
   5.0000e-01    1.5000e+00    2.6000e+00   -2.5981e+00    1.5000e+00   -1.4816e-03   -5.0914e-04   -1.2312e-03   -6.2600e-04
   5.0000e-01    1.5000e+00    2.6000e+00   -2.6730e+00    1.3620e+00   -1.0600e-03    1.1265e-03   -9.1863e-04    9.8950e-04
   5.0000e-01    1.5000e+00    2.6000e+00   -2.7406e+00    1.2202e+00    5.4229e-04    1.4291e-03    5.5947e-04    1.1554e-03
   5.0000e-01    1.5000e+00    2.6000e+00   -2.8007e+00    1.0751e+00    1.4993e-03    1.8826e-04    1.4965e-03    5.8496e-05
   5.0000e-01    1.5000e+00    2.6000e+00   -2.8532e+00    9.2705e-01    8.9316e-04   -1.1982e-03    7.6493e-04   -1.3866e-03
   5.0000e-01    1.5000e+00    2.6000e+00   -2.8978e+00    7.7646e-01   -5.4772e-04   -1.3739e-03   -7.2947e-04   -1.5016e-03
   5.0000e-01    1.5000e+00    2.6000e+00   -2.9344e+00    6.2374e-01   -1.4321e-03   -3.0858e-04   -1.7171e-03   -4.8524e-04
   5.0000e-01    1.5000e+00    2.6000e+00   -2.9631e+00    4.6930e-01   -1.0709e-03    9.7946e-04   -1.4810e-03    8.6384e-04
   5.0000e-01    1.5000e+00    2.6000e+00   -2.9836e+00    3.1359e-01    1.1750e-04    1.4338e-03   -3.0502e-04    1.2930e-03
   5.0000e-01    1.5000e+00    2.6000e+00   -2.9959e+00    1.5701e-01    1.1688e-03    8.1876e-04    7.8080e-04    7.2619e-04
   5.0000e-01    1.5000e+00    2.6000e+00   -3.0000e+00    0.0000e+00    1.3751e-03   -3.3753e-04    8.7426e-04   -3.7160e-04
   5.0000e-01    1.5000e+00    2.6000e+00   -2.9959e+00   -1.5701e-01    7.2073e-04   -1.2068e-03    2.6689e-04   -1.2654e-03
   5.0000e-01    1.5000e+00    2.6000e+00   -2.9836e+00   -3.1359e-01   -3.1029e-04   -1.3610e-03   -8.4490e-04   -1.4137e-03
   5.0000e-01    1.5000e+00    2.6000e+00   -2.9631e+00   -4.6930e-01   -1.1355e-03   -7.9642e-04   -1.6122e-03   -7.3842e-04
   5.0000e-01    1.5000e+00    2.6000e+00   -2.9344e+00   -6.2374e-01   -1.3743e-03    1.0938e-04   -1.8757e-03    2.0002e-04
   5.0000e-01    1.5000e+00    2.6000e+00   -2.8978e+00   -7.7646e-01   -1.0206e-03    9.1513e-04   -1.4253e-03    1.0363e-03
   5.0000e-01    1.5000e+00    2.6000e+00   -2.8532e+00   -9.2705e-01   -3.2064e-04    1.3256e-03   -8.0051e-04    1.4782e-03
   5.0000e-01    1.5000e+00    2.6000e+00   -2.8007e+00   -1.0751e+00    4.4779e-04    1.2814e-03    7.5342e-05    1.5519e-03
   5.0000e-01    1.5000e+00    2.6000e+00   -2.7406e+00   -1.2202e+00    1.0287e-03    8.7632e-04    6.7222e-04    1.1702e-03
   5.0000e-01    1.5000e+00    2.6000e+00   -2.6730e+00   -1.3620e+00    1.3155e-03    2.8246e-04    1.0059e-03    7.2272e-04
   5.0000e-01    1.5000e+00    2.6000e+00   -2.5981e+00   -1.5000e+00    1.3052e-03   -3.0681e-04    1.0169e-03    2.0249e-04
   5.0000e-01    1.5000e+00    2.6000e+00   -2.5160e+00   -1.6339e+00    1.0785e-03   -7.8904e-04    8.4451e-04   -1.4364e-04
   5.0000e-01    1.5000e+00    2.6000e+00   -2.4271e+00   -1.7634e+00    7.1905e-04   -1.1216e-03    4.8588e-04   -3.8236e-04
   5.0000e-01    1.5000e+00    2.6000e+00   -2.3314e+00   -1.8880e+00    3.1783e-04   -1.2901e-03    7.3975e-05   -3.7942e-04
   5.0000e-01    1.5000e+00    2.6000e+00   -2.2294e+00   -2.0074e+00   -3.7765e-05   -1.3252e-03   -1.8541e-04   -2.4088e-04
   5.0000e-01    1.5000e+00    2.6000e+00   -2.1213e+00   -2.1213e+00   -3.3918e-04   -1.2793e-03   -5.3659e-04   -1.2368e-04
   5.0000e-01    1.5000e+00    2.6000e+00   -2.0074e+00   -2.2294e+00   -5.8581e-04   -1.1844e-03   -6.4408e-04    5.9553e-05
   5.0000e-01    1.5000e+00    2.6000e+00   -1.8880e+00   -2.3314e+00   -7.6520e-04   -1.0749e-03   -7.9094e-04    3.2595e-04
   5.0000e-01    1.5000e+00    2.6000e+00   -1.7634e+00   -2.4271e+00   -8.6831e-04   -9.9206e-04   -8.7932e-04    4.8295e-04
   5.0000e-01    1.5000e+00    2.6000e+00   -1.6339e+00   -2.5160e+00   -9.2580e-04   -9.3803e-04   -1.0856e-03    6.2669e-04
   5.0000e-01    1.5000e+00    2.6000e+00   -1.5000e+00   -2.5981e+00   -9.5032e-04   -9.1263e-04   -9.3939e-04    6.6648e-04
   5.0000e-01    1.5000e+00    2.6000e+00   -1.3620e+00   -2.6730e+00   -9.3393e-04   -9.2945e-04   -9.6171e-04    7.2586e-04
   5.0000e-01    1.5000e+00    2.6000e+00   -1.2202e+00   -2.7406e+00   -8.6842e-04   -9.9226e-04   -8.1091e-04    7.0127e-04
   5.0000e-01    1.5000e+00    2.6000e+00   -1.0751e+00   -2.8007e+00   -7.5739e-04   -1.0808e-03   -7.3772e-04    5.5631e-04
   5.0000e-01    1.5000e+00    2.6000e+00   -9.2705e-01   -2.8532e+00   -5.8517e-04   -1.1844e-03   -5.1749e-04    3.0961e-04
   5.0000e-01    1.5000e+00    2.6000e+00   -7.7646e-01   -2.8978e+00   -3.5589e-04   -1.2742e-03   -2.4604e-04    1.8335e-04
   5.0000e-01    1.5000e+00    2.6000e+00   -6.2374e-01   -2.9344e+00   -4.4490e-05   -1.3249e-03    2.5989e-05    4.3882e-05
   5.0000e-01    1.5000e+00    2.6000e+00   -4.6930e-01   -2.9631e+00    3.2275e-04   -1.2887e-03    4.2628e-04   -1.8275e-04
   5.0000e-01    1.5000e+00    2.6000e+00   -3.1359e-01   -2.9836e+00    7.2163e-04   -1.1196e-03    7.7588e-04   -6.5988e-05
   5.0000e-01    1.5000e+00    2.6000e+00   -1.5701e-01   -2.9959e+00    1.0729e-03   -7.9643e-04    1.1610e-03    5.2222e-05
   5.0000e-01    1.5000e+00    2.6000e+00    0.0000e+00   -3.0000e+00    1.3004e-03   -3.2533e-04    1.4278e-03    3.4870e-04
   5.0000e-01    1.5000e+00    2.6000e+00    1.5701e-01   -2.9959e+00    1.3156e-03    2.8222e-04    1.4773e-03    7.7732e-04
   5.0000e-01    1.5000e+00    2.6000e+00    3.1359e-01   -2.9836e+00    1.0333e-03    8.7002e-04    1.1031e-03    1.1290e-03
   5.0000e-01    1.5000e+00    2.6000e+00    4.6930e-01   -2.9631e+00    4.6082e-04    1.2760e-03    5.7422e-04    1.4763e-03
   5.0000e-01    1.5000e+00    2.6000e+00    6.2374e-01   -2.9344e+00   -3.0380e-04    1.3292e-03   -1.3513e-04    1.3761e-03
   5.0000e-01    1.5000e+00    2.6000e+00    7.7646e-01   -2.8978e+00   -1.0105e-03    9.2567e-04   -8.5810e-04    8.7144e-04
   5.0000e-01    1.5000e+00    2.6000e+00    9.2705e-01   -2.8532e+00   -1.3726e-03    1.2285e-04   -1.1990e-03   -6.4101e-05
   5.0000e-01    1.5000e+00    2.6000e+00    1.0751e+00   -2.8007e+00   -1.1440e-03   -7.8363e-04   -1.0771e-03   -9.8698e-04
   5.0000e-01    1.5000e+00    2.6000e+00    1.2202e+00   -2.7406e+00   -3.3739e-04   -1.3542e-03   -2.1847e-04   -1.6236e-03
   5.0000e-01    1.5000e+00    2.6000e+00    1.3620e+00   -2.6730e+00    6.9868e-04   -1.2190e-03    6.8339e-04   -1.5374e-03
   5.0000e-01    1.5000e+00    2.6000e+00    1.5000e+00   -2.5981e+00    1.3726e-03   -3.4526e-04    1.3901e-03   -8.2930e-04
   5.0000e-01    1.5000e+00    2.6000e+00    1.6339e+00   -2.5160e+00    1.1783e-03    8.0437e-04    1.1433e-03    3.4091e-04
   5.0000e-01    1.5000e+00    2.6000e+00    1.7634e+00   -2.4271e+00    1.3889e-04    1.4315e-03    5.6941e-05    1.0158e-03
   5.0000e-01    1.5000e+00    2.6000e+00    1.8880e+00   -2.3314e+00   -1.0509e-03    1.0002e-03   -1.1144e-03    5.6287e-04
   5.0000e-01    1.5000e+00    2.6000e+00    2.0074e+00   -2.2294e+00   -1.4371e-03   -2.8278e-04   -1.5953e-03   -8.4947e-04
   5.0000e-01    1.5000e+00    2.6000e+00    2.1213e+00   -2.1213e+00   -5.5625e-04   -1.3704e-03   -6.8869e-04   -1.8595e-03
   5.0000e-01    1.5000e+00    2.6000e+00    2.2294e+00   -2.0074e+00    8.8005e-04   -1.2074e-03    7.3070e-04   -1.6544e-03
   5.0000e-01    1.5000e+00    2.6000e+00    2.3314e+00   -1.8880e+00    1.5025e-03    1.5483e-04    1.2926e-03   -2.6033e-04
   5.0000e-01    1.5000e+00    2.6000e+00    2.4271e+00   -1.7634e+00    5.6453e-04    1.4198e-03    3.3763e-04    1.0107e-03
   5.0000e-01    1.5000e+00    2.6000e+00    2.5160e+00   -1.6339e+00   -1.0478e-03    1.1377e-03   -1.1957e-03    8.1892e-04
   5.0000e-01    1.5000e+00    2.6000e+00    2.5981e+00   -1.5000e+00   -1.4881e-03   -4.9040e-04   -1.7642e-03   -8.8000e-04
   5.0000e-01    1.5000e+00    2.6000e+00    2.6730e+00   -1.3620e+00   -1.2656e-04   -1.5824e-03   -2.7759e-04   -1.8587e-03
   5.0000e-01    1.5000e+00    2.6000e+00    2.7406e+00   -1.2202e+00    1.4607e-03   -6.7889e-04    1.2802e-03   -8.8794e-04
   5.0000e-01    1.5000e+00    2.6000e+00    2.8007e+00   -1.0751e+00    1.1381e-03    1.1738e-03    1.0263e-03    1.0437e-03
   5.0000e-01    1.5000e+00    2.6000e+00    2.8532e+00   -9.2705e-01   -7.9794e-04    1.4563e-03   -9.1448e-04    1.3455e-03
   5.0000e-01    1.5000e+00    2.6000e+00    2.8978e+00   -7.7646e-01   -1.6494e-03   -3.5984e-04   -1.7466e-03   -3.5927e-04
   5.0000e-01    1.5000e+00    2.6000e+00    2.9344e+00   -6.2374e-01   -6.6153e-05   -1.7170e-03    7.4922e-05   -1.6343e-03
   5.0000e-01    1.5000e+00    2.6000e+00    2.9631e+00   -4.6930e-01    1.6911e-03   -4.5204e-04    1.8626e-03   -2.0714e-04
   5.0000e-01    1.5000e+00    2.6000e+00    2.9836e+00   -3.1359e-01    7.8773e-04    1.6019e-03    1.1024e-03    1.8386e-03
   5.0000e-01    1.5000e+00    2.6000e+00    2.9959e+00   -1.5701e-01   -1.4612e-03    1.0892e-03   -1.0893e-03    1.3870e-03
   5.0000e-01    0.0000e+00    3.0000e+00    3.0000e+00    0.0000e+00   -1.4821e-03   -5.0938e-04   -1.5771e-03   -5.5051e-04
   5.0000e-01    0.0000e+00    3.0000e+00    2.9959e+00    1.5701e-01   -8.1925e-05   -1.5863e-03   -7.1485e-05   -1.6399e-03
   5.0000e-01    0.0000e+00    3.0000e+00    2.9836e+00    3.1359e-01    1.4736e-03   -6.5058e-04    1.4953e-03   -5.8799e-04
   5.0000e-01    0.0000e+00    3.0000e+00    2.9631e+00    4.6930e-01    1.1151e-03    1.1960e-03    1.1364e-03    1.2579e-03
   5.0000e-01    0.0000e+00    3.0000e+00    2.9344e+00    6.2374e-01   -8.2346e-04    1.4429e-03   -8.2048e-04    1.6083e-03
   5.0000e-01    0.0000e+00    3.0000e+00    2.8978e+00    7.7646e-01   -1.6427e-03   -3.9189e-04   -1.6041e-03   -2.1177e-04
   5.0000e-01    0.0000e+00    3.0000e+00    2.8532e+00    9.2705e-01   -3.3507e-05   -1.7183e-03   -8.2797e-05   -1.4823e-03
   5.0000e-01    0.0000e+00    3.0000e+00    2.8007e+00    1.0751e+00    1.6999e-03   -4.2065e-04    1.7476e-03   -2.1057e-04
   5.0000e-01    0.0000e+00    3.0000e+00    2.7406e+00    1.2202e+00    7.7302e-04    1.6098e-03    7.8618e-04    1.9024e-03
   5.0000e-01    0.0000e+00    3.0000e+00    2.6730e+00    1.3620e+00   -1.4785e-03    1.0662e-03   -1.4393e-03    1.3761e-03
   5.0000e-01    0.0000e+00    3.0000e+00    2.5981e+00    1.5000e+00   -1.3169e-03   -1.3184e-03   -1.3086e-03   -1.0057e-03
   5.0000e-01    0.0000e+00    3.0000e+00    2.5160e+00    1.6339e+00    1.1592e-03   -1.5151e-03    1.2196e-03   -1.3022e-03
   5.0000e-01    0.0000e+00    3.0000e+00    2.4271e+00    1.7634e+00    1.6789e-03    1.0026e-03    1.7033e-03    1.2599e-03
   5.0000e-01    0.0000e+00    3.0000e+00    2.3314e+00    1.8880e+00   -8.5223e-04    1.8180e-03   -8.6083e-04    2.0502e-03
   5.0000e-01    0.0000e+00    3.0000e+00    2.2294e+00    2.0074e+00   -1.9317e-03   -7.3287e-04   -1.9931e-03   -4.5209e-04
   5.0000e-01    0.0000e+00    3.0000e+00    2.1213e+00    2.1213e+00    6.4626e-04   -2.0296e-03    7.1256e-04   -1.7223e-03
   5.0000e-01    0.0000e+00    3.0000e+00    2.0074e+00    2.2294e+00    2.1236e-03    5.7803e-04    2.2129e-03    8.2009e-04
   5.0000e-01    0.0000e+00    3.0000e+00    1.8880e+00    2.3314e+00   -5.2629e-04    2.2184e-03   -5.0689e-04    2.5708e-03
   5.0000e-01    0.0000e+00    3.0000e+00    1.7634e+00    2.4271e+00   -2.3119e-03   -5.2017e-04   -2.2534e-03   -2.4673e-04
   5.0000e-01    0.0000e+00    3.0000e+00    1.6339e+00    2.5160e+00    5.5481e-04   -2.4090e-03    4.4078e-04   -2.0887e-03
   5.0000e-01    0.0000e+00    3.0000e+00    1.5000e+00    2.5981e+00    2.5167e-03    6.1142e-04    2.4340e-03    9.7156e-04
   5.0000e-01    0.0000e+00    3.0000e+00   -1.5000e+00    2.5981e+00    2.5167e-03    6.1142e-04    2.5233e-03    9.0544e-04
   5.0000e-01    0.0000e+00    3.0000e+00   -1.6339e+00    2.5160e+00    5.5481e-04   -2.4090e-03    5.5621e-04   -2.1320e-03
   5.0000e-01    0.0000e+00    3.0000e+00   -1.7634e+00    2.4271e+00   -2.3119e-03   -5.2017e-04   -2.1920e-03   -2.1217e-04
   5.0000e-01    0.0000e+00    3.0000e+00   -1.8880e+00    2.3314e+00   -5.2629e-04    2.2184e-03   -4.7907e-04    2.4575e-03
   5.0000e-01    0.0000e+00    3.0000e+00   -2.0074e+00    2.2294e+00    2.1236e-03    5.7803e-04    2.0604e-03    8.0459e-04
   5.0000e-01    0.0000e+00    3.0000e+00   -2.1213e+00    2.1213e+00    6.4626e-04   -2.0296e-03    6.3348e-04   -1.7213e-03
   5.0000e-01    0.0000e+00    3.0000e+00   -2.2294e+00    2.0074e+00   -1.9317e-03   -7.3287e-04   -1.9555e-03   -4.4698e-04
   5.0000e-01    0.0000e+00    3.0000e+00   -2.3314e+00    1.8880e+00   -8.5223e-04    1.8180e-03   -8.1239e-04    2.0597e-03
   5.0000e-01    0.0000e+00    3.0000e+00   -2.4271e+00    1.7634e+00    1.6789e-03    1.0026e-03    1.5808e-03    1.2255e-03
   5.0000e-01    0.0000e+00    3.0000e+00   -2.5160e+00    1.6339e+00    1.1592e-03   -1.5151e-03    1.2029e-03   -1.2425e-03
   5.0000e-01    0.0000e+00    3.0000e+00   -2.5981e+00    1.5000e+00   -1.3169e-03   -1.3184e-03   -1.3144e-03   -1.1303e-03
   5.0000e-01    0.0000e+00    3.0000e+00   -2.6730e+00    1.3620e+00   -1.4785e-03    1.0662e-03   -1.4802e-03    1.3283e-03
   5.0000e-01    0.0000e+00    3.0000e+00   -2.7406e+00    1.2202e+00    7.7302e-04    1.6098e-03    7.4273e-04    1.8755e-03
   5.0000e-01    0.0000e+00    3.0000e+00   -2.8007e+00    1.0751e+00    1.6999e-03   -4.2065e-04    1.6623e-03   -2.7243e-04
   5.0000e-01    0.0000e+00    3.0000e+00   -2.8532e+00    9.2705e-01   -3.3507e-05   -1.7183e-03   -6.3525e-05   -1.5311e-03
   5.0000e-01    0.0000e+00    3.0000e+00   -2.8978e+00    7.7646e-01   -1.6427e-03   -3.9189e-04   -1.5837e-03   -1.7080e-04
   5.0000e-01    0.0000e+00    3.0000e+00   -2.9344e+00    6.2374e-01   -8.2346e-04    1.4429e-03   -8.1504e-04    1.5710e-03
   5.0000e-01    0.0000e+00    3.0000e+00   -2.9631e+00    4.6930e-01    1.1151e-03    1.1960e-03    1.1536e-03    1.3657e-03
   5.0000e-01    0.0000e+00    3.0000e+00   -2.9836e+00    3.1359e-01    1.4736e-03   -6.5058e-04    1.4439e-03   -6.3059e-04
   5.0000e-01    0.0000e+00    3.0000e+00   -2.9959e+00    1.5701e-01   -8.1925e-05   -1.5863e-03   -2.5906e-05   -1.5804e-03
   5.0000e-01    0.0000e+00    3.0000e+00   -3.0000e+00    0.0000e+00   -1.4821e-03   -5.0938e-04   -1.5114e-03   -5.4185e-04
   5.0000e-01    0.0000e+00    3.0000e+00   -2.9959e+00   -1.5701e-01   -1.0734e-03    1.1146e-03   -1.0821e-03    9.2116e-04
   5.0000e-01    0.0000e+00    3.0000e+00   -2.9836e+00   -3.1359e-01    5.1821e-04    1.4382e-03    4.6543e-04    1.2184e-03
   5.0000e-01    0.0000e+00    3.0000e+00   -2.9631e+00   -4.6930e-01    1.4979e-03    2.0055e-04    1.4631e-03   -5.3896e-05
   5.0000e-01    0.0000e+00    3.0000e+00   -2.9344e+00   -6.2374e-01    9.0310e-04   -1.1913e-03    7.6895e-04   -1.5196e-03
   5.0000e-01    0.0000e+00    3.0000e+00   -2.8978e+00   -7.7646e-01   -5.3535e-04   -1.3791e-03   -7.2192e-04   -1.8138e-03
   5.0000e-01    0.0000e+00    3.0000e+00   -2.8532e+00   -9.2705e-01   -1.4285e-03   -3.2559e-04   -1.7541e-03   -7.0974e-04
   5.0000e-01    0.0000e+00    3.0000e+00   -2.8007e+00   -1.0751e+00   -1.0814e-03    9.6874e-04   -1.3806e-03    5.4086e-04
   5.0000e-01    0.0000e+00    3.0000e+00   -2.7406e+00   -1.2202e+00    1.0504e-04    1.4354e-03   -3.4871e-04    9.8646e-04
   5.0000e-01    0.0000e+00    3.0000e+00   -2.6730e+00   -1.3620e+00    1.1671e-03    8.2095e-04    7.8117e-04    4.5437e-04
   5.0000e-01    0.0000e+00    3.0000e+00   -2.5981e+00   -1.5000e+00    1.3812e-03   -3.1295e-04    9.1430e-04   -6.8195e-04
   5.0000e-01    0.0000e+00    3.0000e+00   -2.5160e+00   -1.6339e+00    7.3251e-04   -1.1998e-03    2.8978e-04   -1.4746e-03
   5.0000e-01    0.0000e+00    3.0000e+00   -2.4271e+00   -1.7634e+00   -3.0993e-04   -1.3611e-03   -7.7356e-04   -1.5712e-03
   5.0000e-01    0.0000e+00    3.0000e+00   -2.3314e+00   -1.8880e+00   -1.1343e-03   -7.9780e-04   -1.5688e-03   -8.7945e-04
   5.0000e-01    0.0000e+00    3.0000e+00   -2.2294e+00   -2.0074e+00   -1.3755e-03    9.2131e-05   -1.8094e-03    1.6833e-04
   5.0000e-01    0.0000e+00    3.0000e+00   -2.1213e+00   -2.1213e+00   -1.0381e-03    8.9551e-04   -1.4197e-03    1.0134e-03
   5.0000e-01    0.0000e+00    3.0000e+00   -2.0074e+00   -2.2294e+00   -3.2758e-04    1.3239e-03   -6.8249e-04    1.5074e-03
   5.0000e-01    0.0000e+00    3.0000e+00   -1.8880e+00   -2.3314e+00    4.4494e-04    1.2819e-03    2.8395e-04    1.6588e-03
   5.0000e-01    0.0000e+00    3.0000e+00   -1.7634e+00   -2.4271e+00    1.0197e-03    8.8620e-04    9.2030e-04    1.3160e-03
   5.0000e-01    0.0000e+00    3.0000e+00   -1.6339e+00   -2.5160e+00    1.3098e-03    3.0879e-04    1.3186e-03    8.3786e-04
   5.0000e-01    0.0000e+00    3.0000e+00   -1.5000e+00   -2.5981e+00    1.3083e-03   -2.9235e-04    1.4624e-03    2.7290e-04
   5.0000e-01    0.0000e+00    3.0000e+00   -1.3620e+00   -2.6730e+00    1.0822e-03   -7.8348e-04    1.2887e-03   -3.8045e-05
   5.0000e-01    0.0000e+00    3.0000e+00   -1.2202e+00   -2.7406e+00    7.3465e-04   -1.1115e-03    1.1253e-03   -2.4538e-04
   5.0000e-01    0.0000e+00    3.0000e+00   -1.0751e+00   -2.8007e+00    3.4670e-04   -1.2829e-03    8.4378e-04   -2.6114e-04
   5.0000e-01    0.0000e+00    3.0000e+00   -9.2705e-01   -2.8532e+00   -1.8838e-05   -1.3255e-03    5.4503e-04   -3.6460e-04
   5.0000e-01    0.0000e+00    3.0000e+00   -7.7646e-01   -2.8978e+00   -3.3409e-04   -1.2802e-03    2.7492e-04   -2.1088e-04
   5.0000e-01    0.0000e+00    3.0000e+00   -6.2374e-01   -2.9344e+00   -5.6819e-04   -1.1928e-03    1.6654e-04   -3.1292e-05
   5.0000e-01    0.0000e+00    3.0000e+00   -4.6930e-01   -2.9631e+00   -7.4048e-04   -1.0921e-03    -1.7074e-05    1.2692e-04
   5.0000e-01    0.0000e+00    3.0000e+00   -3.1359e-01   -2.9836e+00   -8.4724e-04   -1.0101e-03   -6.9689e-05    1.9240e-04
   5.0000e-01    0.0000e+00    3.0000e+00   -1.5701e-01   -2.9959e+00   -9.1235e-04   -9.5109e-04   -4.7440e-05    2.7665e-04
   5.0000e-01    0.0000e+00    3.0000e+00    0.0000e+00   -3.0000e+00   -9.4103e-04   -9.2224e-04    2.4235e-06    3.5849e-04
   5.0000e-01    0.0000e+00    3.0000e+00    1.5701e-01   -2.9959e+00   -9.1235e-04   -9.5109e-04   -1.1649e-04    2.3302e-04
   5.0000e-01    0.0000e+00    3.0000e+00    3.1359e-01   -2.9836e+00   -8.4724e-04   -1.0101e-03    2.5115e-05    2.1286e-04
   5.0000e-01    0.0000e+00    3.0000e+00    4.6930e-01   -2.9631e+00   -7.4048e-04   -1.0921e-03    6.8684e-05    9.3651e-05
   5.0000e-01    0.0000e+00    3.0000e+00    6.2374e-01   -2.9344e+00   -5.6819e-04   -1.1928e-03    2.0290e-04   -1.4122e-05
   5.0000e-01    0.0000e+00    3.0000e+00    7.7646e-01   -2.8978e+00   -3.3409e-04   -1.2802e-03    3.4239e-04   -2.1866e-04
   5.0000e-01    0.0000e+00    3.0000e+00    9.2705e-01   -2.8532e+00   -1.8838e-05   -1.3255e-03    5.5172e-04   -3.6339e-04
   5.0000e-01    0.0000e+00    3.0000e+00    1.0751e+00   -2.8007e+00    3.4670e-04   -1.2829e-03    7.7903e-04   -3.5229e-04
   5.0000e-01    0.0000e+00    3.0000e+00    1.2202e+00   -2.7406e+00    7.3465e-04   -1.1115e-03    1.0346e-03   -2.7774e-04
   5.0000e-01    0.0000e+00    3.0000e+00    1.3620e+00   -2.6730e+00    1.0822e-03   -7.8348e-04    1.2177e-03    5.1116e-05
   5.0000e-01    0.0000e+00    3.0000e+00    1.5000e+00   -2.5981e+00    1.3083e-03   -2.9235e-04    1.4062e-03    3.8029e-04
   5.0000e-01    0.0000e+00    3.0000e+00    1.6339e+00   -2.5160e+00    1.3098e-03    3.0879e-04    1.3251e-03    9.2800e-04
   5.0000e-01    0.0000e+00    3.0000e+00    1.7634e+00   -2.4271e+00    1.0197e-03    8.8620e-04    9.6945e-04    1.3266e-03
   5.0000e-01    0.0000e+00    3.0000e+00    1.8880e+00   -2.3314e+00    4.4494e-04    1.2819e-03    2.5186e-04    1.5873e-03
   5.0000e-01    0.0000e+00    3.0000e+00    2.0074e+00   -2.2294e+00   -3.2758e-04    1.3239e-03   -5.8243e-04    1.5521e-03
   5.0000e-01    0.0000e+00    3.0000e+00    2.1213e+00   -2.1213e+00   -1.0381e-03    8.9551e-04   -1.3541e-03    1.0423e-03
   5.0000e-01    0.0000e+00    3.0000e+00    2.2294e+00   -2.0074e+00   -1.3755e-03    9.2131e-05   -1.7478e-03    1.1899e-04
   5.0000e-01    0.0000e+00    3.0000e+00    2.3314e+00   -1.8880e+00   -1.1343e-03   -7.9780e-04   -1.5716e-03   -9.4626e-04
   5.0000e-01    0.0000e+00    3.0000e+00    2.4271e+00   -1.7634e+00   -3.0993e-04   -1.3611e-03   -7.5217e-04   -1.4754e-03
   5.0000e-01    0.0000e+00    3.0000e+00    2.5160e+00   -1.6339e+00    7.3251e-04   -1.1998e-03    2.5911e-04   -1.4977e-03
   5.0000e-01    0.0000e+00    3.0000e+00    2.5981e+00   -1.5000e+00    1.3812e-03   -3.1295e-04    9.6946e-04   -5.6793e-04
   5.0000e-01    0.0000e+00    3.0000e+00    2.6730e+00   -1.3620e+00    1.1671e-03    8.2095e-04    7.1201e-04    3.4300e-04
   5.0000e-01    0.0000e+00    3.0000e+00    2.7406e+00   -1.2202e+00    1.0504e-04    1.4354e-03   -2.8812e-04    1.0385e-03
   5.0000e-01    0.0000e+00    3.0000e+00    2.8007e+00   -1.0751e+00   -1.0814e-03    9.6874e-04   -1.4044e-03    5.4713e-04
   5.0000e-01    0.0000e+00    3.0000e+00    2.8532e+00   -9.2705e-01   -1.4285e-03   -3.2559e-04   -1.7124e-03   -7.5512e-04
   5.0000e-01    0.0000e+00    3.0000e+00    2.8978e+00   -7.7646e-01   -5.3535e-04   -1.3791e-03   -7.8097e-04   -1.7372e-03
   5.0000e-01    0.0000e+00    3.0000e+00    2.9344e+00   -6.2374e-01    9.0310e-04   -1.1913e-03    7.7284e-04   -1.5948e-03
   5.0000e-01    0.0000e+00    3.0000e+00    2.9631e+00   -4.6930e-01    1.4979e-03    2.0055e-04    1.4600e-03   -6.1162e-05
   5.0000e-01    0.0000e+00    3.0000e+00    2.9836e+00   -3.1359e-01    5.1821e-04    1.4382e-03    4.7766e-04    1.2063e-03
   5.0000e-01    0.0000e+00    3.0000e+00    2.9959e+00   -1.5701e-01   -1.0734e-03    1.1146e-03   -1.0951e-03    9.1324e-04
   5.0000e-01   -1.5000e+00    2.6000e+00    3.0000e+00    0.0000e+00    1.3751e-03   -3.3753e-04    9.4647e-04   -3.2102e-04
   5.0000e-01   -1.5000e+00    2.6000e+00    2.9959e+00    1.5701e-01    1.1688e-03    8.1876e-04    6.9434e-04    6.8764e-04
   5.0000e-01   -1.5000e+00    2.6000e+00    2.9836e+00    3.1359e-01    1.1750e-04    1.4338e-03   -3.1377e-04    1.3645e-03
   5.0000e-01   -1.5000e+00    2.6000e+00    2.9631e+00    4.6930e-01   -1.0709e-03    9.7946e-04   -1.4491e-03    8.3291e-04
   5.0000e-01   -1.5000e+00    2.6000e+00    2.9344e+00    6.2374e-01   -1.4321e-03   -3.0858e-04   -1.7189e-03   -4.7503e-04
   5.0000e-01   -1.5000e+00    2.6000e+00    2.8978e+00    7.7646e-01   -5.4772e-04   -1.3739e-03   -7.0899e-04   -1.4733e-03
   5.0000e-01   -1.5000e+00    2.6000e+00    2.8532e+00    9.2705e-01    8.9316e-04   -1.1982e-03    7.8271e-04   -1.3814e-03
   5.0000e-01   -1.5000e+00    2.6000e+00    2.8007e+00    1.0751e+00    1.4993e-03    1.8826e-04    1.4508e-03    7.7839e-05
   5.0000e-01   -1.5000e+00    2.6000e+00    2.7406e+00    1.2202e+00    5.4229e-04    1.4291e-03    4.7360e-04    1.2756e-03
   5.0000e-01   -1.5000e+00    2.6000e+00    2.6730e+00    1.3620e+00   -1.0600e-03    1.1265e-03   -8.9912e-04    1.0427e-03
   5.0000e-01   -1.5000e+00    2.6000e+00    2.5981e+00    1.5000e+00   -1.4816e-03   -5.0914e-04   -1.3539e-03   -6.5733e-04
   5.0000e-01   -1.5000e+00    2.6000e+00    2.5160e+00    1.6339e+00   -9.1230e-05   -1.5855e-03    1.8491e-04   -1.6868e-03
   5.0000e-01   -1.5000e+00    2.6000e+00    2.4271e+00    1.7634e+00    1.4697e-03   -6.5840e-04    1.6674e-03   -8.9464e-04
   5.0000e-01   -1.5000e+00    2.6000e+00    2.3314e+00    1.8880e+00    1.1270e-03    1.1839e-03    1.4464e-03    1.0637e-03
   5.0000e-01   -1.5000e+00    2.6000e+00    2.2294e+00    2.0074e+00   -8.0761e-04    1.4513e-03   -4.7771e-04    1.3074e-03
   5.0000e-01   -1.5000e+00    2.6000e+00    2.1213e+00    2.1213e+00   -1.6422e-03   -3.9365e-04   -1.2426e-03   -4.4540e-04
   5.0000e-01   -1.5000e+00    2.6000e+00    2.0074e+00    2.2294e+00   -3.1695e-05   -1.7180e-03    2.7911e-04   -1.8174e-03
   5.0000e-01   -1.5000e+00    2.6000e+00    1.8880e+00    2.3314e+00    1.6948e-03   -4.3737e-04    1.9617e-03   -4.5648e-04
   5.0000e-01   -1.5000e+00    2.6000e+00    1.7634e+00    2.4271e+00    7.7948e-04    1.6058e-03    1.0077e-03    1.4824e-03
   5.0000e-01   -1.5000e+00    2.6000e+00    1.6339e+00    2.5160e+00   -1.4775e-03    1.0672e-03   -1.2634e-03    9.6528e-04
   5.0000e-01   -1.5000e+00    2.6000e+00    1.5000e+00    2.5981e+00   -1.3162e-03   -1.3193e-03   -1.0498e-03   -1.2521e-03
   5.0000e-01   -1.5000e+00    2.6000e+00    1.3620e+00    2.6730e+00    1.1473e-03   -1.5231e-03    1.3239e-03   -1.5457e-03
   5.0000e-01   -1.5000e+00    2.6000e+00    1.2202e+00    2.7406e+00    1.6790e-03    1.0031e-03    1.8302e-03    9.8777e-04
   5.0000e-01   -1.5000e+00    2.6000e+00    1.0751e+00    2.8007e+00   -8.5948e-04    1.8151e-03   -7.2433e-04    1.8742e-03
   5.0000e-01   -1.5000e+00    2.6000e+00    9.2705e-01    2.8532e+00   -1.9241e-03   -7.5239e-04   -1.8679e-03   -6.8150e-04
   5.0000e-01   -1.5000e+00    2.6000e+00    7.7646e-01    2.8978e+00    6.4339e-04   -2.0301e-03    6.4115e-04   -1.9564e-03
   5.0000e-01   -1.5000e+00    2.6000e+00    6.2374e-01    2.9344e+00    2.1253e-03    5.7127e-04    2.1081e-03    8.0042e-04
   5.0000e-01   -1.5000e+00    2.6000e+00    4.6930e-01    2.9631e+00   -5.4452e-04    2.2146e-03   -6.5934e-04    2.4067e-03
   5.0000e-01   -1.5000e+00    2.6000e+00    3.1359e-01    2.9836e+00   -2.3052e-03   -5.5173e-04   -2.3684e-03   -2.8441e-04
   5.0000e-01   -1.5000e+00    2.6000e+00    1.5701e-01    2.9959e+00    5.6829e-04   -2.4061e-03    5.2394e-04   -2.0859e-03
   5.0000e-01   -1.5000e+00    2.6000e+00    0.0000e+00    3.0000e+00    2.5114e-03    6.3483e-04    2.4957e-03    9.9159e-04
   5.0000e-01   -1.5000e+00    2.6000e+00   -2.5981e+00    1.5000e+00    2.5249e-03    5.7145e-04    2.9743e-03    7.7566e-04
   5.0000e-01   -1.5000e+00    2.6000e+00   -2.6730e+00    1.3620e+00    5.2353e-04   -2.4153e-03    1.1349e-03   -2.1811e-03
   5.0000e-01   -1.5000e+00    2.6000e+00   -2.7406e+00    1.2202e+00   -2.3185e-03   -4.8996e-04   -1.8084e-03   -2.1689e-04
   5.0000e-01   -1.5000e+00    2.6000e+00   -2.8007e+00    1.0751e+00   -5.0382e-04    2.2239e-03    1.2713e-04    2.4813e-03
   5.0000e-01   -1.5000e+00    2.6000e+00   -2.8532e+00    9.2705e-01    2.1349e-03    5.3161e-04    2.7602e-03    9.2426e-04
   5.0000e-01   -1.5000e+00    2.6000e+00   -2.8978e+00    7.7646e-01    6.0739e-04   -2.0407e-03    1.3029e-03   -1.6727e-03
   5.0000e-01   -1.5000e+00    2.6000e+00   -2.9344e+00    6.2374e-01   -1.9382e-03   -7.1461e-04   -1.3055e-03   -3.3549e-04
   5.0000e-01   -1.5000e+00    2.6000e+00   -2.9631e+00    4.6930e-01   -8.2701e-04    1.8294e-03   -2.6186e-04    2.2875e-03
   5.0000e-01   -1.5000e+00    2.6000e+00   -2.9836e+00    3.1359e-01    1.6981e-03    9.6838e-04    2.2792e-03    1.3948e-03
   5.0000e-01   -1.5000e+00    2.6000e+00   -2.9959e+00    1.5701e-01    1.1314e-03   -1.5352e-03    1.5929e-03   -1.0871e-03
   5.0000e-01   -1.5000e+00    2.6000e+00   -3.0000e+00    0.0000e+00   -1.3483e-03   -1.2855e-03   -8.8251e-04   -9.9059e-04
   5.0000e-01   -1.5000e+00    2.6000e+00   -2.9959e+00   -1.5701e-01   -1.4612e-03    1.0892e-03   -1.0728e-03    1.4108e-03
   5.0000e-01   -1.5000e+00    2.6000e+00   -2.9836e+00   -3.1359e-01    7.8773e-04    1.6019e-03    1.0571e-03    1.7747e-03
   5.0000e-01   -1.5000e+00    2.6000e+00   -2.9631e+00   -4.6930e-01    1.6911e-03   -4.5204e-04    1.7995e-03   -2.1292e-04
   5.0000e-01   -1.5000e+00    2.6000e+00   -2.9344e+00   -6.2374e-01   -6.6153e-05   -1.7170e-03    -1.2314e-05   -1.5576e-03
   5.0000e-01   -1.5000e+00    2.6000e+00   -2.8978e+00   -7.7646e-01   -1.6494e-03   -3.5984e-04   -1.6999e-03   -3.7772e-04
   5.0000e-01   -1.5000e+00    2.6000e+00   -2.8532e+00   -9.2705e-01   -7.9794e-04    1.4563e-03   -7.7865e-04    1.4635e-03
   5.0000e-01   -1.5000e+00    2.6000e+00   -2.8007e+00   -1.0751e+00    1.1381e-03    1.1738e-03    1.0064e-03    1.0716e-03
   5.0000e-01   -1.5000e+00    2.6000e+00   -2.7406e+00   -1.2202e+00    1.4607e-03   -6.7889e-04    1.2550e-03   -8.5097e-04
   5.0000e-01   -1.5000e+00    2.6000e+00   -2.6730e+00   -1.3620e+00   -1.2656e-04   -1.5824e-03   -2.8538e-04   -1.8578e-03
   5.0000e-01   -1.5000e+00    2.6000e+00   -2.5981e+00   -1.5000e+00   -1.4881e-03   -4.9040e-04   -1.6968e-03   -8.8483e-04
   5.0000e-01   -1.5000e+00    2.6000e+00   -2.5160e+00   -1.6339e+00   -1.0478e-03    1.1377e-03   -1.2035e-03    8.0643e-04
   5.0000e-01   -1.5000e+00    2.6000e+00   -2.4271e+00   -1.7634e+00    5.6453e-04    1.4198e-03    3.3296e-04    9.8705e-04
   5.0000e-01   -1.5000e+00    2.6000e+00   -2.3314e+00   -1.8880e+00    1.5025e-03    1.5483e-04    1.3476e-03   -3.1753e-04
   5.0000e-01   -1.5000e+00    2.6000e+00   -2.2294e+00   -2.0074e+00    8.8005e-04   -1.2074e-03    7.0909e-04   -1.6970e-03
   5.0000e-01   -1.5000e+00    2.6000e+00   -2.1213e+00   -2.1213e+00   -5.5625e-04   -1.3704e-03   -7.4891e-04   -1.8155e-03
   5.0000e-01   -1.5000e+00    2.6000e+00   -2.0074e+00   -2.2294e+00   -1.4371e-03   -2.8278e-04   -1.5748e-03   -7.5599e-04
   5.0000e-01   -1.5000e+00    2.6000e+00   -1.8880e+00   -2.3314e+00   -1.0509e-03    1.0002e-03   -1.1531e-03    5.0708e-04
   5.0000e-01   -1.5000e+00    2.6000e+00   -1.7634e+00   -2.4271e+00    1.3889e-04    1.4315e-03    8.4454e-05    9.2993e-04
   5.0000e-01   -1.5000e+00    2.6000e+00   -1.6339e+00   -2.5160e+00    1.1783e-03    8.0437e-04    1.1999e-03    3.5237e-04
   5.0000e-01   -1.5000e+00    2.6000e+00   -1.5000e+00   -2.5981e+00    1.3726e-03   -3.4526e-04    1.4283e-03   -7.2528e-04
   5.0000e-01   -1.5000e+00    2.6000e+00   -1.3620e+00   -2.6730e+00    6.9868e-04   -1.2190e-03    7.9541e-04   -1.6066e-03
   5.0000e-01   -1.5000e+00    2.6000e+00   -1.2202e+00   -2.7406e+00   -3.3739e-04   -1.3542e-03   -2.4145e-04   -1.6682e-03
   5.0000e-01   -1.5000e+00    2.6000e+00   -1.0751e+00   -2.8007e+00   -1.1440e-03   -7.8363e-04   -1.0605e-03   -1.0480e-03
   5.0000e-01   -1.5000e+00    2.6000e+00   -9.2705e-01   -2.8532e+00   -1.3726e-03    1.2285e-04   -1.2952e-03    6.1477e-06
   5.0000e-01   -1.5000e+00    2.6000e+00   -7.7646e-01   -2.8978e+00   -1.0105e-03    9.2567e-04   -9.1790e-04    8.5215e-04
   5.0000e-01   -1.5000e+00    2.6000e+00   -6.2374e-01   -2.9344e+00   -3.0380e-04    1.3292e-03   -1.5221e-04    1.4225e-03
   5.0000e-01   -1.5000e+00    2.6000e+00   -4.6930e-01   -2.9631e+00    4.6082e-04    1.2760e-03    5.2604e-04    1.4925e-03
   5.0000e-01   -1.5000e+00    2.6000e+00   -3.1359e-01   -2.9836e+00    1.0333e-03    8.7002e-04    1.2011e-03    1.2778e-03
   5.0000e-01   -1.5000e+00    2.6000e+00   -1.5701e-01   -2.9959e+00    1.3156e-03    2.8222e-04    1.4109e-03    7.4978e-04
   5.0000e-01   -1.5000e+00    2.6000e+00    0.0000e+00   -3.0000e+00    1.3015e-03   -3.2094e-04    1.4083e-03    4.1556e-04
   5.0000e-01   -1.5000e+00    2.6000e+00    1.5701e-01   -2.9959e+00    1.0729e-03   -7.9643e-04    1.2178e-03    -5.2141e-05
   5.0000e-01   -1.5000e+00    2.6000e+00    3.1359e-01   -2.9836e+00    7.2163e-04   -1.1196e-03    8.6336e-04   -2.1008e-04
   5.0000e-01   -1.5000e+00    2.6000e+00    4.6930e-01   -2.9631e+00    3.2275e-04   -1.2887e-03    5.1011e-04   -9.1713e-05
   5.0000e-01   -1.5000e+00    2.6000e+00    6.2374e-01   -2.9344e+00   -4.4490e-05   -1.3249e-03    3.1710e-05   -2.0218e-05
   5.0000e-01   -1.5000e+00    2.6000e+00    7.7646e-01   -2.8978e+00   -3.5589e-04   -1.2742e-03   -2.3896e-04    1.2335e-04
   5.0000e-01   -1.5000e+00    2.6000e+00    9.2705e-01   -2.8532e+00   -5.8517e-04   -1.1844e-03   -4.9794e-04    3.2568e-04
   5.0000e-01   -1.5000e+00    2.6000e+00    1.0751e+00   -2.8007e+00   -7.5739e-04   -1.0808e-03   -7.1339e-04    5.7118e-04
   5.0000e-01   -1.5000e+00    2.6000e+00    1.2202e+00   -2.7406e+00   -8.6842e-04   -9.9226e-04   -9.1757e-04    6.3416e-04
   5.0000e-01   -1.5000e+00    2.6000e+00    1.3620e+00   -2.6730e+00   -9.3393e-04   -9.2945e-04   -9.6468e-04    6.9498e-04
   5.0000e-01   -1.5000e+00    2.6000e+00    1.5000e+00   -2.5981e+00   -9.5032e-04   -9.1263e-04   -9.7453e-04    8.1004e-04
   5.0000e-01   -1.5000e+00    2.6000e+00    1.6339e+00   -2.5160e+00   -9.2580e-04   -9.3803e-04   -9.6902e-04    6.1715e-04
   5.0000e-01   -1.5000e+00    2.6000e+00    1.7634e+00   -2.4271e+00   -8.6831e-04   -9.9206e-04   -9.2960e-04    5.3213e-04
   5.0000e-01   -1.5000e+00    2.6000e+00    1.8880e+00   -2.3314e+00   -7.6520e-04   -1.0749e-03   -8.3443e-04    2.8486e-04
   5.0000e-01   -1.5000e+00    2.6000e+00    2.0074e+00   -2.2294e+00   -5.8581e-04   -1.1844e-03   -5.8813e-04    1.2436e-04
   5.0000e-01   -1.5000e+00    2.6000e+00    2.1213e+00   -2.1213e+00   -3.3918e-04   -1.2793e-03   -4.4666e-04   -2.5448e-05
   5.0000e-01   -1.5000e+00    2.6000e+00    2.2294e+00   -2.0074e+00   -3.7765e-05   -1.3252e-03   -2.0833e-04   -3.4434e-04
   5.0000e-01   -1.5000e+00    2.6000e+00    2.3314e+00   -1.8880e+00    3.1783e-04   -1.2901e-03    1.1435e-04   -3.5289e-04
   5.0000e-01   -1.5000e+00    2.6000e+00    2.4271e+00   -1.7634e+00    7.1905e-04   -1.1216e-03    4.7980e-04   -3.1656e-04
   5.0000e-01   -1.5000e+00    2.6000e+00    2.5160e+00   -1.6339e+00    1.0785e-03   -7.8904e-04    7.9620e-04   -2.4062e-04
   5.0000e-01   -1.5000e+00    2.6000e+00    2.5981e+00   -1.5000e+00    1.3052e-03   -3.0681e-04    9.7719e-04    2.2084e-04
   5.0000e-01   -1.5000e+00    2.6000e+00    2.6730e+00   -1.3620e+00    1.3155e-03    2.8246e-04    1.0341e-03    7.5340e-04
   5.0000e-01   -1.5000e+00    2.6000e+00    2.7406e+00   -1.2202e+00    1.0287e-03    8.7632e-04    6.6724e-04    1.2286e-03
   5.0000e-01   -1.5000e+00    2.6000e+00    2.8007e+00   -1.0751e+00    4.4779e-04    1.2814e-03    -8.5639e-05    1.5376e-03
   5.0000e-01   -1.5000e+00    2.6000e+00    2.8532e+00   -9.2705e-01   -3.2064e-04    1.3256e-03   -7.7325e-04    1.4901e-03
   5.0000e-01   -1.5000e+00    2.6000e+00    2.8978e+00   -7.7646e-01   -1.0206e-03    9.1513e-04   -1.5340e-03    1.0796e-03
   5.0000e-01   -1.5000e+00    2.6000e+00    2.9344e+00   -6.2374e-01   -1.3743e-03    1.0938e-04   -1.8327e-03    2.7361e-04
   5.0000e-01   -1.5000e+00    2.6000e+00    2.9631e+00   -4.6930e-01   -1.1355e-03   -7.9642e-04   -1.6666e-03   -7.9195e-04
   5.0000e-01   -1.5000e+00    2.6000e+00    2.9836e+00   -3.1359e-01   -3.1029e-04   -1.3610e-03   -7.5420e-04   -1.3719e-03
   5.0000e-01   -1.5000e+00    2.6000e+00    2.9959e+00   -1.5701e-01    7.2073e-04   -1.2068e-03    1.7961e-04   -1.2922e-03
   5.0000e-01   -2.6000e+00    1.5000e+00    3.0000e+00    0.0000e+00    1.3004e-03   -3.2533e-04    1.1671e-03    1.4764e-04
   5.0000e-01   -2.6000e+00    1.5000e+00    2.9959e+00    1.5701e-01    1.3156e-03    2.8222e-04    1.1664e-03    6.6110e-04
   5.0000e-01   -2.6000e+00    1.5000e+00    2.9836e+00    3.1359e-01    1.0333e-03    8.7002e-04    8.6763e-04    1.1820e-03
   5.0000e-01   -2.6000e+00    1.5000e+00    2.9631e+00    4.6930e-01    4.6082e-04    1.2760e-03    3.2064e-04    1.5318e-03
   5.0000e-01   -2.6000e+00    1.5000e+00    2.9344e+00    6.2374e-01   -3.0380e-04    1.3292e-03   -3.7749e-04    1.4562e-03
   5.0000e-01   -2.6000e+00    1.5000e+00    2.8978e+00    7.7646e-01   -1.0105e-03    9.2567e-04   -1.0703e-03    9.9638e-04
   5.0000e-01   -2.6000e+00    1.5000e+00    2.8532e+00    9.2705e-01   -1.3726e-03    1.2285e-04   -1.3417e-03    7.3081e-05
   5.0000e-01   -2.6000e+00    1.5000e+00    2.8007e+00    1.0751e+00   -1.1440e-03   -7.8363e-04   -1.0140e-03   -8.0627e-04
   5.0000e-01   -2.6000e+00    1.5000e+00    2.7406e+00    1.2202e+00   -3.3739e-04   -1.3542e-03   -1.0904e-04   -1.5049e-03
   5.0000e-01   -2.6000e+00    1.5000e+00    2.6730e+00    1.3620e+00    6.9868e-04   -1.2190e-03    1.1053e-03   -1.4156e-03
   5.0000e-01   -2.6000e+00    1.5000e+00    2.5981e+00    1.5000e+00    1.3726e-03   -3.4526e-04    1.8452e-03   -6.1761e-04
   5.0000e-01   -2.6000e+00    1.5000e+00    2.5160e+00    1.6339e+00    1.1783e-03    8.0437e-04    1.7255e-03    3.8137e-04
   5.0000e-01   -2.6000e+00    1.5000e+00    2.4271e+00    1.7634e+00    1.3889e-04    1.4315e-03    7.1712e-04    1.1656e-03
   5.0000e-01   -2.6000e+00    1.5000e+00    2.3314e+00    1.8880e+00   -1.0509e-03    1.0002e-03   -4.4661e-04    6.6791e-04
   5.0000e-01   -2.6000e+00    1.5000e+00    2.2294e+00    2.0074e+00   -1.4371e-03   -2.8278e-04   -6.7607e-04   -6.5529e-04
   5.0000e-01   -2.6000e+00    1.5000e+00    2.1213e+00    2.1213e+00   -5.5625e-04   -1.3704e-03    4.2527e-05   -1.6959e-03
   5.0000e-01   -2.6000e+00    1.5000e+00    2.0074e+00    2.2294e+00    8.8005e-04   -1.2074e-03    1.3574e-03   -1.5437e-03
   5.0000e-01   -2.6000e+00    1.5000e+00    1.8880e+00    2.3314e+00    1.5025e-03    1.5483e-04    1.9247e-03   -9.6938e-05
   5.0000e-01   -2.6000e+00    1.5000e+00    1.7634e+00    2.4271e+00    5.6453e-04    1.4198e-03    9.4474e-04    1.0871e-03
   5.0000e-01   -2.6000e+00    1.5000e+00    1.6339e+00    2.5160e+00   -1.0478e-03    1.1377e-03   -7.2855e-04    9.7991e-04
   5.0000e-01   -2.6000e+00    1.5000e+00    1.5000e+00    2.5981e+00   -1.4881e-03   -4.9040e-04   -1.3343e-03   -6.0943e-04
   5.0000e-01   -2.6000e+00    1.5000e+00    1.3620e+00    2.6730e+00   -1.2656e-04   -1.5824e-03   -4.1725e-05   -1.7391e-03
   5.0000e-01   -2.6000e+00    1.5000e+00    1.2202e+00    2.7406e+00    1.4607e-03   -6.7889e-04    1.4317e-03   -7.4103e-04
   5.0000e-01   -2.6000e+00    1.5000e+00    1.0751e+00    2.8007e+00    1.1381e-03    1.1738e-03    9.7622e-04    1.1057e-03
   5.0000e-01   -2.6000e+00    1.5000e+00    9.2705e-01    2.8532e+00   -7.9794e-04    1.4563e-03   -9.6757e-04    1.5815e-03
   5.0000e-01   -2.6000e+00    1.5000e+00    7.7646e-01    2.8978e+00   -1.6494e-03   -3.5984e-04   -1.8740e-03   -2.7881e-04
   5.0000e-01   -2.6000e+00    1.5000e+00    6.2374e-01    2.9344e+00   -6.6153e-05   -1.7170e-03   -3.4341e-04   -1.6129e-03
   5.0000e-01   -2.6000e+00    1.5000e+00    4.6930e-01    2.9631e+00    1.6911e-03   -4.5204e-04    1.4721e-03   -3.1147e-04
   5.0000e-01   -2.6000e+00    1.5000e+00    3.1359e-01    2.9836e+00    7.8773e-04    1.6019e-03    5.9584e-04    1.7931e-03
   5.0000e-01   -2.6000e+00    1.5000e+00    1.5701e-01    2.9959e+00   -1.4612e-03    1.0892e-03   -1.5772e-03    1.3691e-03
   5.0000e-01   -2.6000e+00    1.5000e+00    0.0000e+00    3.0000e+00   -1.3339e-03   -1.3009e-03   -1.2424e-03   -1.0831e-03
   5.0000e-01   -2.6000e+00    1.5000e+00   -1.5701e-01    2.9959e+00    1.1314e-03   -1.5352e-03    1.2175e-03   -1.2464e-03
   5.0000e-01   -2.6000e+00    1.5000e+00   -3.1359e-01    2.9836e+00    1.6981e-03    9.6838e-04    1.9335e-03    1.2166e-03
   5.0000e-01   -2.6000e+00    1.5000e+00   -4.6930e-01    2.9631e+00   -8.2701e-04    1.8294e-03   -5.3304e-04    2.1394e-03
   5.0000e-01   -2.6000e+00    1.5000e+00   -6.2374e-01    2.9344e+00   -1.9382e-03   -7.1461e-04   -1.5925e-03   -3.3616e-04
   5.0000e-01   -2.6000e+00    1.5000e+00   -7.7646e-01    2.8978e+00    6.0739e-04   -2.0407e-03    1.1212e-03   -1.7834e-03
   5.0000e-01   -2.6000e+00    1.5000e+00   -9.2705e-01    2.8532e+00    2.1349e-03    5.3161e-04    2.6880e-03    7.4477e-04
   5.0000e-01   -2.6000e+00    1.5000e+00   -1.0751e+00    2.8007e+00   -5.0382e-04    2.2239e-03    1.7029e-04    2.4627e-03
   5.0000e-01   -2.6000e+00    1.5000e+00   -1.2202e+00    2.7406e+00   -2.3185e-03   -4.8996e-04   -1.7367e-03   -1.8897e-04
   5.0000e-01   -2.6000e+00    1.5000e+00   -1.3620e+00    2.6730e+00    5.2353e-04   -2.4153e-03    1.1459e-03   -2.2201e-03
   5.0000e-01   -2.6000e+00    1.5000e+00   -1.5000e+00    2.5981e+00    2.5249e-03    5.7145e-04    3.0669e-03    7.4739e-04
   5.0000e-01   -2.6000e+00    1.5000e+00   -3.0000e+00    0.0000e+00    2.5182e-03    6.0279e-04    2.8378e-03    1.0777e-03
   5.0000e-01   -2.6000e+00    1.5000e+00   -2.9959e+00   -1.5701e-01    5.6829e-04   -2.4061e-03    9.9048e-04   -1.9166e-03
   5.0000e-01   -2.6000e+00    1.5000e+00   -2.9836e+00   -3.1359e-01   -2.3052e-03   -5.5173e-04   -1.7554e-03   -2.5528e-04
   5.0000e-01   -2.6000e+00    1.5000e+00   -2.9631e+00   -4.6930e-01   -5.4452e-04    2.2146e-03    5.2075e-05    2.5955e-03
   5.0000e-01   -2.6000e+00    1.5000e+00   -2.9344e+00   -6.2374e-01    2.1253e-03    5.7127e-04    2.6240e-03    8.3629e-04
   5.0000e-01   -2.6000e+00    1.5000e+00   -2.8978e+00   -7.7646e-01    6.4339e-04   -2.0301e-03    1.0387e-03   -1.7451e-03
   5.0000e-01   -2.6000e+00    1.5000e+00   -2.8532e+00   -9.2705e-01   -1.9241e-03   -7.5239e-04   -1.5398e-03   -5.3366e-04
   5.0000e-01   -2.6000e+00    1.5000e+00   -2.8007e+00   -1.0751e+00   -8.5948e-04    1.8151e-03   -5.0744e-04    1.8927e-03
   5.0000e-01   -2.6000e+00    1.5000e+00   -2.7406e+00   -1.2202e+00    1.6790e-03    1.0031e-03    1.9922e-03    1.1374e-03
   5.0000e-01   -2.6000e+00    1.5000e+00   -2.6730e+00   -1.3620e+00    1.1473e-03   -1.5231e-03    1.3177e-03   -1.4046e-03
   5.0000e-01   -2.6000e+00    1.5000e+00   -2.5981e+00   -1.5000e+00   -1.3162e-03   -1.3193e-03   -1.1118e-03   -1.2440e-03
   5.0000e-01   -2.6000e+00    1.5000e+00   -2.5160e+00   -1.6339e+00   -1.4775e-03    1.0672e-03   -1.4172e-03    1.0632e-03
   5.0000e-01   -2.6000e+00    1.5000e+00   -2.4271e+00   -1.7634e+00    7.7948e-04    1.6058e-03    6.9837e-04    1.5899e-03
   5.0000e-01   -2.6000e+00    1.5000e+00   -2.3314e+00   -1.8880e+00    1.6948e-03   -4.3737e-04    1.5954e-03   -4.6157e-04
   5.0000e-01   -2.6000e+00    1.5000e+00   -2.2294e+00   -2.0074e+00   -3.1695e-05   -1.7180e-03   -1.9644e-04   -1.6649e-03
   5.0000e-01   -2.6000e+00    1.5000e+00   -2.1213e+00   -2.1213e+00   -1.6422e-03   -3.9365e-04   -1.8129e-03   -5.2826e-04
   5.0000e-01   -2.6000e+00    1.5000e+00   -2.0074e+00   -2.2294e+00   -8.0761e-04    1.4513e-03   -1.0831e-03    1.2454e-03
   5.0000e-01   -2.6000e+00    1.5000e+00   -1.8880e+00   -2.3314e+00    1.1270e-03    1.1839e-03    8.4432e-04    1.0379e-03
   5.0000e-01   -2.6000e+00    1.5000e+00   -1.7634e+00   -2.4271e+00    1.4697e-03   -6.5840e-04    1.2162e-03   -9.0909e-04
   5.0000e-01   -2.6000e+00    1.5000e+00   -1.6339e+00   -2.5160e+00   -9.1230e-05   -1.5855e-03   -3.0162e-04   -1.8326e-03
   5.0000e-01   -2.6000e+00    1.5000e+00   -1.5000e+00   -2.5981e+00   -1.4816e-03   -5.0914e-04   -1.6952e-03   -8.2948e-04
   5.0000e-01   -2.6000e+00    1.5000e+00   -1.3620e+00   -2.6730e+00   -1.0600e-03    1.1265e-03   -1.2843e-03    7.0238e-04
   5.0000e-01   -2.6000e+00    1.5000e+00   -1.2202e+00   -2.7406e+00    5.4229e-04    1.4291e-03    2.4596e-04    9.8338e-04
   5.0000e-01   -2.6000e+00    1.5000e+00   -1.0751e+00   -2.8007e+00    1.4993e-03    1.8826e-04    1.2497e-03   -2.9309e-04
   5.0000e-01   -2.6000e+00    1.5000e+00   -9.2705e-01   -2.8532e+00    8.9316e-04   -1.1982e-03    6.6343e-04   -1.6897e-03
   5.0000e-01   -2.6000e+00    1.5000e+00   -7.7646e-01   -2.8978e+00   -5.4772e-04   -1.3739e-03   -8.4663e-04   -1.8601e-03
   5.0000e-01   -2.6000e+00    1.5000e+00   -6.2374e-01   -2.9344e+00   -1.4321e-03   -3.0858e-04   -1.6839e-03   -8.1107e-04
   5.0000e-01   -2.6000e+00    1.5000e+00   -4.6930e-01   -2.9631e+00   -1.0709e-03    9.7946e-04   -1.3373e-03    5.2956e-04
   5.0000e-01   -2.6000e+00    1.5000e+00   -3.1359e-01   -2.9836e+00    1.1750e-04    1.4338e-03   -2.0856e-04    9.8454e-04
   5.0000e-01   -2.6000e+00    1.5000e+00   -1.5701e-01   -2.9959e+00    1.1688e-03    8.1876e-04    7.9447e-04    4.6403e-04
   5.0000e-01   -2.6000e+00    1.5000e+00    0.0000e+00   -3.0000e+00    1.3774e-03   -3.2854e-04    8.4744e-04   -6.0085e-04
   5.0000e-01   -2.6000e+00    1.5000e+00    1.5701e-01   -2.9959e+00    7.2073e-04   -1.2068e-03    2.0718e-04   -1.4277e-03
   5.0000e-01   -2.6000e+00    1.5000e+00    3.1359e-01   -2.9836e+00   -3.1029e-04   -1.3610e-03   -9.4454e-04   -1.5474e-03
   5.0000e-01   -2.6000e+00    1.5000e+00    4.6930e-01   -2.9631e+00   -1.1355e-03   -7.9642e-04   -1.7764e-03   -8.7671e-04
   5.0000e-01   -2.6000e+00    1.5000e+00    6.2374e-01   -2.9344e+00   -1.3743e-03    1.0938e-04   -1.9517e-03    1.4771e-04
   5.0000e-01   -2.6000e+00    1.5000e+00    7.7646e-01   -2.8978e+00   -1.0206e-03    9.1513e-04   -1.6060e-03    9.7754e-04
   5.0000e-01   -2.6000e+00    1.5000e+00    9.2705e-01   -2.8532e+00   -3.2064e-04    1.3256e-03   -8.3315e-04    1.4729e-03
   5.0000e-01   -2.6000e+00    1.5000e+00    1.0751e+00   -2.8007e+00    4.4779e-04    1.2814e-03   -9.7521e-05    1.5429e-03
   5.0000e-01   -2.6000e+00    1.5000e+00    1.2202e+00   -2.7406e+00    1.0287e-03    8.7632e-04    5.3163e-04    1.1919e-03
   5.0000e-01   -2.6000e+00    1.5000e+00    1.3620e+00   -2.6730e+00    1.3155e-03    2.8246e-04    9.7467e-04    7.6725e-04
   5.0000e-01   -2.6000e+00    1.5000e+00    1.5000e+00   -2.5981e+00    1.3052e-03   -3.0681e-04    1.0158e-03    2.0173e-04
   5.0000e-01   -2.6000e+00    1.5000e+00    1.6339e+00   -2.5160e+00    1.0785e-03   -7.8904e-04    8.5316e-04   -2.2500e-04
   5.0000e-01   -2.6000e+00    1.5000e+00    1.7634e+00   -2.4271e+00    7.1905e-04   -1.1216e-03    6.2069e-04   -5.0235e-04
   5.0000e-01   -2.6000e+00    1.5000e+00    1.8880e+00   -2.3314e+00    3.1783e-04   -1.2901e-03    4.0716e-04   -6.4868e-04
   5.0000e-01   -2.6000e+00    1.5000e+00    2.0074e+00   -2.2294e+00   -3.7765e-05   -1.3252e-03    1.7010e-04   -6.1675e-04
   5.0000e-01   -2.6000e+00    1.5000e+00    2.1213e+00   -2.1213e+00   -3.3918e-04   -1.2793e-03   -1.2634e-06   -4.8427e-04
   5.0000e-01   -2.6000e+00    1.5000e+00    2.2294e+00   -2.0074e+00   -5.8581e-04   -1.1844e-03   -2.3830e-04   -5.1363e-04
   5.0000e-01   -2.6000e+00    1.5000e+00    2.3314e+00   -1.8880e+00   -7.6520e-04   -1.0749e-03   -3.1832e-04   -3.4941e-04
   5.0000e-01   -2.6000e+00    1.5000e+00    2.4271e+00   -1.7634e+00   -8.6831e-04   -9.9206e-04   -3.8270e-04   -2.6741e-04
   5.0000e-01   -2.6000e+00    1.5000e+00    2.5160e+00   -1.6339e+00   -9.2580e-04   -9.3803e-04   -3.0263e-04   -1.4859e-04
   5.0000e-01   -2.6000e+00    1.5000e+00    2.5981e+00   -1.5000e+00   -9.5032e-04   -9.1263e-04   -2.8149e-04   -1.1769e-04
   5.0000e-01   -2.6000e+00    1.5000e+00    2.6730e+00   -1.3620e+00   -9.3393e-04   -9.2945e-04   -3.1089e-04   -1.9774e-04
   5.0000e-01   -2.6000e+00    1.5000e+00    2.7406e+00   -1.2202e+00   -8.6842e-04   -9.9226e-04   -3.5540e-04   -2.0146e-04
   5.0000e-01   -2.6000e+00    1.5000e+00    2.8007e+00   -1.0751e+00   -7.5739e-04   -1.0808e-03   -2.6053e-04   -4.2289e-04
   5.0000e-01   -2.6000e+00    1.5000e+00    2.8532e+00   -9.2705e-01   -5.8517e-04   -1.1844e-03   -2.7512e-04   -5.0221e-04
   5.0000e-01   -2.6000e+00    1.5000e+00    2.8978e+00   -7.7646e-01   -3.5589e-04   -1.2742e-03   -1.1678e-04   -5.1786e-04
   5.0000e-01   -2.6000e+00    1.5000e+00    2.9344e+00   -6.2374e-01   -4.4490e-05   -1.3249e-03    2.0556e-04   -6.4344e-04
   5.0000e-01   -2.6000e+00    1.5000e+00    2.9631e+00   -4.6930e-01    3.2275e-04   -1.2887e-03    4.0705e-04   -5.7871e-04
   5.0000e-01   -2.6000e+00    1.5000e+00    2.9836e+00   -3.1359e-01    7.2163e-04   -1.1196e-03    7.1504e-04   -5.2152e-04
   5.0000e-01   -2.6000e+00    1.5000e+00    2.9959e+00   -1.5701e-01    1.0729e-03   -7.9643e-04    9.8821e-04   -2.6655e-04
   5.0000e-01   -3.0000e+00    0.0000e+00    3.0000e+00    0.0000e+00   -9.4103e-04   -9.2224e-04    1.5687e-04    7.6391e-04
   5.0000e-01   -3.0000e+00    0.0000e+00    2.9959e+00    1.5701e-01   -9.1235e-04   -9.5109e-04    9.5923e-05    6.7754e-04
   5.0000e-01   -3.0000e+00    0.0000e+00    2.9836e+00    3.1359e-01   -8.4724e-04   -1.0101e-03    1.0927e-04    5.1077e-04
   5.0000e-01   -3.0000e+00    0.0000e+00    2.9631e+00    4.6930e-01   -7.4048e-04   -1.0921e-03    1.4404e-04    4.1431e-04
   5.0000e-01   -3.0000e+00    0.0000e+00    2.9344e+00    6.2374e-01   -5.6819e-04   -1.1928e-03    1.9146e-04    1.4143e-04
   5.0000e-01   -3.0000e+00    0.0000e+00    2.8978e+00    7.7646e-01   -3.3409e-04   -1.2802e-03    2.9669e-04   -2.8582e-05
   5.0000e-01   -3.0000e+00    0.0000e+00    2.8532e+00    9.2705e-01   -1.8838e-05   -1.3255e-03    4.2995e-04   -2.1759e-04
   5.0000e-01   -3.0000e+00    0.0000e+00    2.8007e+00    1.0751e+00    3.4670e-04   -1.2829e-03    5.9917e-04   -4.2153e-04
   5.0000e-01   -3.0000e+00    0.0000e+00    2.7406e+00    1.2202e+00    7.3465e-04   -1.1115e-03    8.8343e-04   -4.5041e-04
   5.0000e-01   -3.0000e+00    0.0000e+00    2.6730e+00    1.3620e+00    1.0822e-03   -7.8348e-04    1.0865e-03   -9.9122e-05
   5.0000e-01   -3.0000e+00    0.0000e+00    2.5981e+00    1.5000e+00    1.3083e-03   -2.9235e-04    1.1620e-03    1.8711e-04
   5.0000e-01   -3.0000e+00    0.0000e+00    2.5160e+00    1.6339e+00    1.3098e-03    3.0879e-04    1.0957e-03    6.5872e-04
   5.0000e-01   -3.0000e+00    0.0000e+00    2.4271e+00    1.7634e+00    1.0197e-03    8.8620e-04    7.3505e-04    1.0363e-03
   5.0000e-01   -3.0000e+00    0.0000e+00    2.3314e+00    1.8880e+00    4.4494e-04    1.2819e-03   -3.1645e-05    1.3997e-03
   5.0000e-01   -3.0000e+00    0.0000e+00    2.2294e+00    2.0074e+00   -3.2758e-04    1.3239e-03   -9.1668e-04    1.3434e-03
   5.0000e-01   -3.0000e+00    0.0000e+00    2.1213e+00    2.1213e+00   -1.0381e-03    8.9551e-04   -1.5883e-03    9.1741e-04
   5.0000e-01   -3.0000e+00    0.0000e+00    2.0074e+00    2.2294e+00   -1.3755e-03    9.2131e-05   -1.8979e-03    6.2844e-05
   5.0000e-01   -3.0000e+00    0.0000e+00    1.8880e+00    2.3314e+00   -1.1343e-03   -7.9780e-04   -1.6729e-03   -8.6736e-04
   5.0000e-01   -3.0000e+00    0.0000e+00    1.7634e+00    2.4271e+00   -3.0993e-04   -1.3611e-03   -8.5170e-04   -1.4055e-03
   5.0000e-01   -3.0000e+00    0.0000e+00    1.6339e+00    2.5160e+00    7.3251e-04   -1.1998e-03    2.4723e-04   -1.3037e-03
   5.0000e-01   -3.0000e+00    0.0000e+00    1.5000e+00    2.5981e+00    1.3812e-03   -3.1295e-04    9.0381e-04   -3.7284e-04
   5.0000e-01   -3.0000e+00    0.0000e+00    1.3620e+00    2.6730e+00    1.1671e-03    8.2095e-04    7.2008e-04    8.3089e-04
   5.0000e-01   -3.0000e+00    0.0000e+00    1.2202e+00    2.7406e+00    1.0504e-04    1.4354e-03   -3.2163e-04    1.3652e-03
   5.0000e-01   -3.0000e+00    0.0000e+00    1.0751e+00    2.8007e+00   -1.0814e-03    9.6874e-04   -1.4914e-03    9.2220e-04
   5.0000e-01   -3.0000e+00    0.0000e+00    9.2705e-01    2.8532e+00   -1.4285e-03   -3.2559e-04   -1.7239e-03   -3.5182e-04
   5.0000e-01   -3.0000e+00    0.0000e+00    7.7646e-01    2.8978e+00   -5.3535e-04   -1.3791e-03   -8.3473e-04   -1.3657e-03
   5.0000e-01   -3.0000e+00    0.0000e+00    6.2374e-01    2.9344e+00    9.0310e-04   -1.1913e-03    6.8737e-04   -1.1907e-03
   5.0000e-01   -3.0000e+00    0.0000e+00    4.6930e-01    2.9631e+00    1.4979e-03    2.0055e-04    1.4232e-03    2.3994e-04
   5.0000e-01   -3.0000e+00    0.0000e+00    3.1359e-01    2.9836e+00    5.1821e-04    1.4382e-03    4.1583e-04    1.3944e-03
   5.0000e-01   -3.0000e+00    0.0000e+00    1.5701e-01    2.9959e+00   -1.0734e-03    1.1146e-03   -1.0885e-03    1.0982e-03
   5.0000e-01   -3.0000e+00    0.0000e+00    0.0000e+00    3.0000e+00   -1.4775e-03   -5.2313e-04   -1.5030e-03   -6.5962e-04
   5.0000e-01   -3.0000e+00    0.0000e+00   -1.5701e-01    2.9959e+00   -8.1925e-05   -1.5863e-03    1.3458e-06   -1.6635e-03
   5.0000e-01   -3.0000e+00    0.0000e+00   -3.1359e-01    2.9836e+00    1.4736e-03   -6.5058e-04    1.6003e-03   -7.0871e-04
   5.0000e-01   -3.0000e+00    0.0000e+00   -4.6930e-01    2.9631e+00    1.1151e-03    1.1960e-03    1.2374e-03    1.1071e-03
   5.0000e-01   -3.0000e+00    0.0000e+00   -6.2374e-01    2.9344e+00   -8.2346e-04    1.4429e-03   -5.7225e-04    1.3977e-03
   5.0000e-01   -3.0000e+00    0.0000e+00   -7.7646e-01    2.8978e+00   -1.6427e-03   -3.9189e-04   -1.4247e-03   -4.0152e-04
   5.0000e-01   -3.0000e+00    0.0000e+00   -9.2705e-01    2.8532e+00   -3.3507e-05   -1.7183e-03    2.7966e-04   -1.6826e-03
   5.0000e-01   -3.0000e+00    0.0000e+00   -1.0751e+00    2.8007e+00    1.6999e-03   -4.2065e-04    2.1107e-03   -2.6158e-04
   5.0000e-01   -3.0000e+00    0.0000e+00   -1.2202e+00    2.7406e+00    7.7302e-04    1.6098e-03    1.0751e-03    1.8179e-03
   5.0000e-01   -3.0000e+00    0.0000e+00   -1.3620e+00    2.6730e+00   -1.4785e-03    1.0662e-03   -1.0151e-03    1.4879e-03
   5.0000e-01   -3.0000e+00    0.0000e+00   -1.5000e+00    2.5981e+00   -1.3169e-03   -1.3184e-03   -9.2465e-04   -9.5604e-04
   5.0000e-01   -3.0000e+00    0.0000e+00   -1.6339e+00    2.5160e+00    1.1592e-03   -1.5151e-03    1.5225e-03   -1.0460e-03
   5.0000e-01   -3.0000e+00    0.0000e+00   -1.7634e+00    2.4271e+00    1.6789e-03    1.0026e-03    2.1298e-03    1.5327e-03
   5.0000e-01   -3.0000e+00    0.0000e+00   -1.8880e+00    2.3314e+00   -8.5223e-04    1.8180e-03   -4.6690e-04    2.4309e-03
   5.0000e-01   -3.0000e+00    0.0000e+00   -2.0074e+00    2.2294e+00   -1.9317e-03   -7.3287e-04   -1.4308e-03   -4.1139e-05
   5.0000e-01   -3.0000e+00    0.0000e+00   -2.1213e+00    2.1213e+00    6.4626e-04   -2.0296e-03    1.0672e-03   -1.3653e-03
   5.0000e-01   -3.0000e+00    0.0000e+00   -2.2294e+00    2.0074e+00    2.1236e-03    5.7803e-04    2.5568e-03    1.2465e-03
   5.0000e-01   -3.0000e+00    0.0000e+00   -2.3314e+00    1.8880e+00   -5.2629e-04    2.2184e-03   -2.5481e-04    2.8028e-03
   5.0000e-01   -3.0000e+00    0.0000e+00   -2.4271e+00    1.7634e+00   -2.3119e-03   -5.2017e-04   -1.8928e-03    1.6578e-04
   5.0000e-01   -3.0000e+00    0.0000e+00   -2.5160e+00    1.6339e+00    5.5481e-04   -2.4090e-03    8.8772e-04   -1.8718e-03
   5.0000e-01   -3.0000e+00    0.0000e+00   -2.5981e+00    1.5000e+00    2.5167e-03    6.1142e-04    2.8281e-03    1.0478e-03
   5.0000e-01   -3.0000e+00    0.0000e+00   -2.5981e+00   -1.5000e+00    2.5167e-03    6.1142e-04    2.8302e-03    1.1806e-03
   5.0000e-01   -3.0000e+00    0.0000e+00   -2.5160e+00   -1.6339e+00    5.5481e-04   -2.4090e-03    8.6581e-04   -1.8716e-03
   5.0000e-01   -3.0000e+00    0.0000e+00   -2.4271e+00   -1.7634e+00   -2.3119e-03   -5.2017e-04   -2.0116e-03    1.1652e-04
   5.0000e-01   -3.0000e+00    0.0000e+00   -2.3314e+00   -1.8880e+00   -5.2629e-04    2.2184e-03   -1.8565e-04    2.9065e-03
   5.0000e-01   -3.0000e+00    0.0000e+00   -2.2294e+00   -2.0074e+00    2.1236e-03    5.7803e-04    2.5040e-03    1.3263e-03
   5.0000e-01   -3.0000e+00    0.0000e+00   -2.1213e+00   -2.1213e+00    6.4626e-04   -2.0296e-03    1.0772e-03   -1.3422e-03
   5.0000e-01   -3.0000e+00    0.0000e+00   -2.0074e+00   -2.2294e+00   -1.9317e-03   -7.3287e-04   -1.5725e-03   -9.9594e-05
   5.0000e-01   -3.0000e+00    0.0000e+00   -1.8880e+00   -2.3314e+00   -8.5223e-04    1.8180e-03   -4.0610e-04    2.4117e-03
   5.0000e-01   -3.0000e+00    0.0000e+00   -1.7634e+00   -2.4271e+00    1.6789e-03    1.0026e-03    2.1244e-03    1.5257e-03
   5.0000e-01   -3.0000e+00    0.0000e+00   -1.6339e+00   -2.5160e+00    1.1592e-03   -1.5151e-03    1.5308e-03   -1.1758e-03
   5.0000e-01   -3.0000e+00    0.0000e+00   -1.5000e+00   -2.5981e+00   -1.3169e-03   -1.3184e-03   -9.5292e-04   -9.1271e-04
   5.0000e-01   -3.0000e+00    0.0000e+00   -1.3620e+00   -2.6730e+00   -1.4785e-03    1.0662e-03   -1.0487e-03    1.3935e-03
   5.0000e-01   -3.0000e+00    0.0000e+00   -1.2202e+00   -2.7406e+00    7.7302e-04    1.6098e-03    1.1548e-03    1.8177e-03
   5.0000e-01   -3.0000e+00    0.0000e+00   -1.0751e+00   -2.8007e+00    1.6999e-03   -4.2065e-04    2.0354e-03   -3.7198e-04
   5.0000e-01   -3.0000e+00    0.0000e+00   -9.2705e-01   -2.8532e+00   -3.3507e-05   -1.7183e-03    2.7004e-04   -1.6887e-03
   5.0000e-01   -3.0000e+00    0.0000e+00   -7.7646e-01   -2.8978e+00   -1.6427e-03   -3.9189e-04   -1.4172e-03   -4.3275e-04
   5.0000e-01   -3.0000e+00    0.0000e+00   -6.2374e-01   -2.9344e+00   -8.2346e-04    1.4429e-03   -6.2211e-04    1.4449e-03
   5.0000e-01   -3.0000e+00    0.0000e+00   -4.6930e-01   -2.9631e+00    1.1151e-03    1.1960e-03    1.3030e-03    1.0869e-03
   5.0000e-01   -3.0000e+00    0.0000e+00   -3.1359e-01   -2.9836e+00    1.4736e-03   -6.5058e-04    1.5842e-03   -7.3575e-04
   5.0000e-01   -3.0000e+00    0.0000e+00   -1.5701e-01   -2.9959e+00   -8.1925e-05   -1.5863e-03   -1.2454e-04   -1.6322e-03
   5.0000e-01   -3.0000e+00    0.0000e+00    0.0000e+00   -3.0000e+00   -1.4775e-03   -5.2313e-04   -1.5156e-03   -5.8054e-04
   5.0000e-01   -3.0000e+00    0.0000e+00    1.5701e-01   -2.9959e+00   -1.0734e-03    1.1146e-03   -1.1720e-03    1.0763e-03
   5.0000e-01   -3.0000e+00    0.0000e+00    3.1359e-01   -2.9836e+00    5.1821e-04    1.4382e-03    4.5541e-04    1.3911e-03
   5.0000e-01   -3.0000e+00    0.0000e+00    4.6930e-01   -2.9631e+00    1.4979e-03    2.0055e-04    1.3509e-03    1.2892e-04
   5.0000e-01   -3.0000e+00    0.0000e+00    6.2374e-01   -2.9344e+00    9.0310e-04   -1.1913e-03    6.6647e-04   -1.2704e-03
   5.0000e-01   -3.0000e+00    0.0000e+00    7.7646e-01   -2.8978e+00   -5.3535e-04   -1.3791e-03   -7.6243e-04   -1.3475e-03
   5.0000e-01   -3.0000e+00    0.0000e+00    9.2705e-01   -2.8532e+00   -1.4285e-03   -3.2559e-04   -1.7716e-03   -3.4290e-04
   5.0000e-01   -3.0000e+00    0.0000e+00    1.0751e+00   -2.8007e+00   -1.0814e-03    9.6874e-04   -1.4807e-03    8.8996e-04
   5.0000e-01   -3.0000e+00    0.0000e+00    1.2202e+00   -2.7406e+00    1.0504e-04    1.4354e-03   -3.3320e-04    1.3532e-03
   5.0000e-01   -3.0000e+00    0.0000e+00    1.3620e+00   -2.6730e+00    1.1671e-03    8.2095e-04    6.2346e-04    7.9329e-04
   5.0000e-01   -3.0000e+00    0.0000e+00    1.5000e+00   -2.5981e+00    1.3812e-03   -3.1295e-04    8.4051e-04   -3.7137e-04
   5.0000e-01   -3.0000e+00    0.0000e+00    1.6339e+00   -2.5160e+00    7.3251e-04   -1.1998e-03    8.6507e-05   -1.2683e-03
   5.0000e-01   -3.0000e+00    0.0000e+00    1.7634e+00   -2.4271e+00   -3.0993e-04   -1.3611e-03   -8.9481e-04   -1.4662e-03
   5.0000e-01   -3.0000e+00    0.0000e+00    1.8880e+00   -2.3314e+00   -1.1343e-03   -7.9780e-04   -1.6653e-03   -8.7541e-04
   5.0000e-01   -3.0000e+00    0.0000e+00    2.0074e+00   -2.2294e+00   -1.3755e-03    9.2131e-05   -1.9315e-03    3.1624e-05
   5.0000e-01   -3.0000e+00    0.0000e+00    2.1213e+00   -2.1213e+00   -1.0381e-03    8.9551e-04   -1.5701e-03    8.2589e-04
   5.0000e-01   -3.0000e+00    0.0000e+00    2.2294e+00   -2.0074e+00   -3.2758e-04    1.3239e-03   -8.4646e-04    1.3335e-03
   5.0000e-01   -3.0000e+00    0.0000e+00    2.3314e+00   -1.8880e+00    4.4494e-04    1.2819e-03    1.4350e-05    1.3533e-03
   5.0000e-01   -3.0000e+00    0.0000e+00    2.4271e+00   -1.7634e+00    1.0197e-03    8.8620e-04    6.6832e-04    1.0976e-03
   5.0000e-01   -3.0000e+00    0.0000e+00    2.5160e+00   -1.6339e+00    1.3098e-03    3.0879e-04    9.9895e-04    6.4480e-04
   5.0000e-01   -3.0000e+00    0.0000e+00    2.5981e+00   -1.5000e+00    1.3083e-03   -2.9235e-04    1.1283e-03    1.2169e-04
   5.0000e-01   -3.0000e+00    0.0000e+00    2.6730e+00   -1.3620e+00    1.0822e-03   -7.8348e-04    1.0253e-03   -2.3674e-04
   5.0000e-01   -3.0000e+00    0.0000e+00    2.7406e+00   -1.2202e+00    7.3465e-04   -1.1115e-03    8.7717e-04   -3.6258e-04
   5.0000e-01   -3.0000e+00    0.0000e+00    2.8007e+00   -1.0751e+00    3.4670e-04   -1.2829e-03    6.2206e-04   -3.2033e-04
   5.0000e-01   -3.0000e+00    0.0000e+00    2.8532e+00   -9.2705e-01   -1.8838e-05   -1.3255e-03    4.6888e-04   -2.2899e-04
   5.0000e-01   -3.0000e+00    0.0000e+00    2.8978e+00   -7.7646e-01   -3.3409e-04   -1.2802e-03    1.9139e-04   -1.5352e-05
   5.0000e-01   -3.0000e+00    0.0000e+00    2.9344e+00   -6.2374e-01   -5.6819e-04   -1.1928e-03    9.1615e-05    1.5300e-04
   5.0000e-01   -3.0000e+00    0.0000e+00    2.9631e+00   -4.6930e-01   -7.4048e-04   -1.0921e-03    1.1682e-04    4.7601e-04
   5.0000e-01   -3.0000e+00    0.0000e+00    2.9836e+00   -3.1359e-01   -8.4724e-04   -1.0101e-03    -1.0822e-05    5.1653e-04
   5.0000e-01   -3.0000e+00    0.0000e+00    2.9959e+00   -1.5701e-01   -9.1235e-04   -9.5109e-04    6.0849e-05    7.2503e-04
   5.0000e-01   -2.6000e+00   -1.5000e+00    3.0000e+00    0.0000e+00    1.3015e-03   -3.2094e-04    1.0779e-03    8.9887e-05
   5.0000e-01   -2.6000e+00   -1.5000e+00    2.9959e+00    1.5701e-01    1.0729e-03   -7.9643e-04    1.0250e-03   -2.4433e-04
   5.0000e-01   -2.6000e+00   -1.5000e+00    2.9836e+00    3.1359e-01    7.2163e-04   -1.1196e-03    6.6876e-04   -5.0160e-04
   5.0000e-01   -2.6000e+00   -1.5000e+00    2.9631e+00    4.6930e-01    3.2275e-04   -1.2887e-03    3.9586e-04   -7.0349e-04
   5.0000e-01   -2.6000e+00   -1.5000e+00    2.9344e+00    6.2374e-01   -4.4490e-05   -1.3249e-03    9.5209e-05   -6.8538e-04
   5.0000e-01   -2.6000e+00   -1.5000e+00    2.8978e+00    7.7646e-01   -3.5589e-04   -1.2742e-03   -1.2636e-04   -5.5546e-04
   5.0000e-01   -2.6000e+00   -1.5000e+00    2.8532e+00    9.2705e-01   -5.8517e-04   -1.1844e-03   -1.7006e-04   -5.2246e-04
   5.0000e-01   -2.6000e+00   -1.5000e+00    2.8007e+00    1.0751e+00   -7.5739e-04   -1.0808e-03   -2.6895e-04   -3.8470e-04
   5.0000e-01   -2.6000e+00   -1.5000e+00    2.7406e+00    1.2202e+00   -8.6842e-04   -9.9226e-04   -3.4290e-04   -2.2666e-04
   5.0000e-01   -2.6000e+00   -1.5000e+00    2.6730e+00    1.3620e+00   -9.3393e-04   -9.2945e-04   -3.1085e-04   -1.7562e-04
   5.0000e-01   -2.6000e+00   -1.5000e+00    2.5981e+00    1.5000e+00   -9.5032e-04   -9.1263e-04   -3.4240e-04   -8.3717e-05
   5.0000e-01   -2.6000e+00   -1.5000e+00    2.5160e+00    1.6339e+00   -9.2580e-04   -9.3803e-04   -2.6859e-04   -1.3440e-04
   5.0000e-01   -2.6000e+00   -1.5000e+00    2.4271e+00    1.7634e+00   -8.6831e-04   -9.9206e-04   -2.7999e-04   -2.2192e-04
   5.0000e-01   -2.6000e+00   -1.5000e+00    2.3314e+00    1.8880e+00   -7.6520e-04   -1.0749e-03   -1.9324e-04   -3.0846e-04
   5.0000e-01   -2.6000e+00   -1.5000e+00    2.2294e+00    2.0074e+00   -5.8581e-04   -1.1844e-03   -2.0546e-04   -4.5494e-04
   5.0000e-01   -2.6000e+00   -1.5000e+00    2.1213e+00    2.1213e+00   -3.3918e-04   -1.2793e-03   -1.8514e-05   -6.3176e-04
   5.0000e-01   -2.6000e+00   -1.5000e+00    2.0074e+00    2.2294e+00   -3.7765e-05   -1.3252e-03    1.2731e-04   -5.6738e-04
   5.0000e-01   -2.6000e+00   -1.5000e+00    1.8880e+00    2.3314e+00    3.1783e-04   -1.2901e-03    3.4011e-04   -6.1553e-04
   5.0000e-01   -2.6000e+00   -1.5000e+00    1.7634e+00    2.4271e+00    7.1905e-04   -1.1216e-03    6.7417e-04   -4.6386e-04
   5.0000e-01   -2.6000e+00   -1.5000e+00    1.6339e+00    2.5160e+00    1.0785e-03   -7.8904e-04    8.6117e-04   -2.5420e-04
   5.0000e-01   -2.6000e+00   -1.5000e+00    1.5000e+00    2.5981e+00    1.3052e-03   -3.0681e-04    1.0150e-03    1.8050e-04
   5.0000e-01   -2.6000e+00   -1.5000e+00    1.3620e+00    2.6730e+00    1.3155e-03    2.8246e-04    9.9494e-04    7.4253e-04
   5.0000e-01   -2.6000e+00   -1.5000e+00    1.2202e+00    2.7406e+00    1.0287e-03    8.7632e-04    5.9538e-04    1.2098e-03
   5.0000e-01   -2.6000e+00   -1.5000e+00    1.0751e+00    2.8007e+00    4.4779e-04    1.2814e-03   -5.6940e-05    1.6859e-03
   5.0000e-01   -2.6000e+00   -1.5000e+00    9.2705e-01    2.8532e+00   -3.2064e-04    1.3256e-03   -8.9262e-04    1.4827e-03
   5.0000e-01   -2.6000e+00   -1.5000e+00    7.7646e-01    2.8978e+00   -1.0206e-03    9.1513e-04   -1.5570e-03    1.0116e-03
   5.0000e-01   -2.6000e+00   -1.5000e+00    6.2374e-01    2.9344e+00   -1.3743e-03    1.0938e-04   -2.0160e-03    8.0489e-05
   5.0000e-01   -2.6000e+00   -1.5000e+00    4.6930e-01    2.9631e+00   -1.1355e-03   -7.9642e-04   -1.7538e-03   -8.4732e-04
   5.0000e-01   -2.6000e+00   -1.5000e+00    3.1359e-01    2.9836e+00   -3.1029e-04   -1.3610e-03   -8.8075e-04   -1.5665e-03
   5.0000e-01   -2.6000e+00   -1.5000e+00    1.5701e-01    2.9959e+00    7.2073e-04   -1.2068e-03    2.1328e-04   -1.4375e-03
   5.0000e-01   -2.6000e+00   -1.5000e+00    0.0000e+00    3.0000e+00    1.3774e-03   -3.2854e-04    9.7093e-04   -5.9364e-04
   5.0000e-01   -2.6000e+00   -1.5000e+00   -1.5701e-01    2.9959e+00    1.1688e-03    8.1876e-04    7.6181e-04    4.7865e-04
   5.0000e-01   -2.6000e+00   -1.5000e+00   -3.1359e-01    2.9836e+00    1.1750e-04    1.4338e-03   -2.6011e-04    1.0758e-03
   5.0000e-01   -2.6000e+00   -1.5000e+00   -4.6930e-01    2.9631e+00   -1.0709e-03    9.7946e-04   -1.3460e-03    5.2738e-04
   5.0000e-01   -2.6000e+00   -1.5000e+00   -6.2374e-01    2.9344e+00   -1.4321e-03   -3.0858e-04   -1.7682e-03   -7.4683e-04
   5.0000e-01   -2.6000e+00   -1.5000e+00   -7.7646e-01    2.8978e+00   -5.4772e-04   -1.3739e-03   -8.0998e-04   -1.8824e-03
   5.0000e-01   -2.6000e+00   -1.5000e+00   -9.2705e-01    2.8532e+00    8.9316e-04   -1.1982e-03    6.3507e-04   -1.6955e-03
   5.0000e-01   -2.6000e+00   -1.5000e+00   -1.0751e+00    2.8007e+00    1.4993e-03    1.8826e-04    1.3058e-03   -2.3851e-04
   5.0000e-01   -2.6000e+00   -1.5000e+00   -1.2202e+00    2.7406e+00    5.4229e-04    1.4291e-03    3.2906e-04    1.1007e-03
   5.0000e-01   -2.6000e+00   -1.5000e+00   -1.3620e+00    2.6730e+00   -1.0600e-03    1.1265e-03   -1.3374e-03    7.7266e-04
   5.0000e-01   -2.6000e+00   -1.5000e+00   -1.5000e+00    2.5981e+00   -1.4816e-03   -5.0914e-04   -1.7697e-03   -8.0421e-04
   5.0000e-01   -2.6000e+00   -1.5000e+00   -1.6339e+00    2.5160e+00   -9.1230e-05   -1.5855e-03   -3.0234e-04   -1.8508e-03
   5.0000e-01   -2.6000e+00   -1.5000e+00   -1.7634e+00    2.4271e+00    1.4697e-03   -6.5840e-04    1.2509e-03   -8.5314e-04
   5.0000e-01   -2.6000e+00   -1.5000e+00   -1.8880e+00    2.3314e+00    1.1270e-03    1.1839e-03    9.0974e-04    9.5198e-04
   5.0000e-01   -2.6000e+00   -1.5000e+00   -2.0074e+00    2.2294e+00   -8.0761e-04    1.4513e-03   -9.9207e-04    1.3981e-03
   5.0000e-01   -2.6000e+00   -1.5000e+00   -2.1213e+00    2.1213e+00   -1.6422e-03   -3.9365e-04   -1.7887e-03   -4.9690e-04
   5.0000e-01   -2.6000e+00   -1.5000e+00   -2.2294e+00    2.0074e+00   -3.1695e-05   -1.7180e-03   -1.0162e-04   -1.7632e-03
   5.0000e-01   -2.6000e+00   -1.5000e+00   -2.3314e+00    1.8880e+00    1.6948e-03   -4.3737e-04    1.6437e-03   -4.3218e-04
   5.0000e-01   -2.6000e+00   -1.5000e+00   -2.4271e+00    1.7634e+00    7.7948e-04    1.6058e-03    8.0708e-04    1.5380e-03
   5.0000e-01   -2.6000e+00   -1.5000e+00   -2.5160e+00    1.6339e+00   -1.4775e-03    1.0672e-03   -1.4708e-03    1.1183e-03
   5.0000e-01   -2.6000e+00   -1.5000e+00   -2.5981e+00    1.5000e+00   -1.3162e-03   -1.3193e-03   -1.2014e-03   -1.2814e-03
   5.0000e-01   -2.6000e+00   -1.5000e+00   -2.6730e+00    1.3620e+00    1.1473e-03   -1.5231e-03    1.4246e-03   -1.4668e-03
   5.0000e-01   -2.6000e+00   -1.5000e+00   -2.7406e+00    1.2202e+00    1.6790e-03    1.0031e-03    1.9874e-03    1.1326e-03
   5.0000e-01   -2.6000e+00   -1.5000e+00   -2.8007e+00    1.0751e+00   -8.5948e-04    1.8151e-03   -4.9919e-04    1.8626e-03
   5.0000e-01   -2.6000e+00   -1.5000e+00   -2.8532e+00    9.2705e-01   -1.9241e-03   -7.5239e-04   -1.5734e-03   -5.7353e-04
   5.0000e-01   -2.6000e+00   -1.5000e+00   -2.8978e+00    7.7646e-01    6.4339e-04   -2.0301e-03    1.2169e-03   -1.8289e-03
   5.0000e-01   -2.6000e+00   -1.5000e+00   -2.9344e+00    6.2374e-01    2.1253e-03    5.7127e-04    2.6223e-03    9.4614e-04
   5.0000e-01   -2.6000e+00   -1.5000e+00   -2.9631e+00    4.6930e-01   -5.4452e-04    2.2146e-03   -4.7969e-05    2.5729e-03
   5.0000e-01   -2.6000e+00   -1.5000e+00   -2.9836e+00    3.1359e-01   -2.3052e-03   -5.5173e-04   -1.8283e-03   -1.9681e-04
   5.0000e-01   -2.6000e+00   -1.5000e+00   -2.9959e+00    1.5701e-01    5.6829e-04   -2.4061e-03    9.3987e-04   -1.9866e-03
   5.0000e-01   -2.6000e+00   -1.5000e+00   -3.0000e+00    0.0000e+00    2.5114e-03    6.3483e-04    2.8459e-03    1.0877e-03
   5.0000e-01   -2.6000e+00   -1.5000e+00   -1.5000e+00   -2.5981e+00    2.5249e-03    5.7145e-04    3.0262e-03    7.7333e-04
   5.0000e-01   -2.6000e+00   -1.5000e+00   -1.3620e+00   -2.6730e+00    5.2353e-04   -2.4153e-03    1.1532e-03   -2.1082e-03
   5.0000e-01   -2.6000e+00   -1.5000e+00   -1.2202e+00   -2.7406e+00   -2.3185e-03   -4.8996e-04   -1.7488e-03   -2.5348e-04
   5.0000e-01   -2.6000e+00   -1.5000e+00   -1.0751e+00   -2.8007e+00   -5.0382e-04    2.2239e-03    4.8312e-05    2.4393e-03
   5.0000e-01   -2.6000e+00   -1.5000e+00   -9.2705e-01   -2.8532e+00    2.1349e-03    5.3161e-04    2.6193e-03    8.6741e-04
   5.0000e-01   -2.6000e+00   -1.5000e+00   -7.7646e-01   -2.8978e+00    6.0739e-04   -2.0407e-03    1.0893e-03   -1.7281e-03
   5.0000e-01   -2.6000e+00   -1.5000e+00   -6.2374e-01   -2.9344e+00   -1.9382e-03   -7.1461e-04   -1.5669e-03   -5.3589e-04
   5.0000e-01   -2.6000e+00   -1.5000e+00   -4.6930e-01   -2.9631e+00   -8.2701e-04    1.8294e-03   -4.3322e-04    2.0429e-03
   5.0000e-01   -2.6000e+00   -1.5000e+00   -3.1359e-01   -2.9836e+00    1.6981e-03    9.6838e-04    1.8627e-03    1.3027e-03
   5.0000e-01   -2.6000e+00   -1.5000e+00   -1.5701e-01   -2.9959e+00    1.1314e-03   -1.5352e-03    1.2373e-03   -1.2735e-03
   5.0000e-01   -2.6000e+00   -1.5000e+00    0.0000e+00   -3.0000e+00   -1.3339e-03   -1.3009e-03   -1.2737e-03   -1.0622e-03
   5.0000e-01   -2.6000e+00   -1.5000e+00    1.5701e-01   -2.9959e+00   -1.4612e-03    1.0892e-03   -1.5174e-03    1.2605e-03
   5.0000e-01   -2.6000e+00   -1.5000e+00    3.1359e-01   -2.9836e+00    7.8773e-04    1.6019e-03    6.8708e-04    1.7708e-03
   5.0000e-01   -2.6000e+00   -1.5000e+00    4.6930e-01   -2.9631e+00    1.6911e-03   -4.5204e-04    1.4888e-03   -3.2644e-04
   5.0000e-01   -2.6000e+00   -1.5000e+00    6.2374e-01   -2.9344e+00   -6.6153e-05   -1.7170e-03   -3.3286e-04   -1.6138e-03
   5.0000e-01   -2.6000e+00   -1.5000e+00    7.7646e-01   -2.8978e+00   -1.6494e-03   -3.5984e-04   -1.8322e-03   -2.9875e-04
   5.0000e-01   -2.6000e+00   -1.5000e+00    9.2705e-01   -2.8532e+00   -7.9794e-04    1.4563e-03   -9.7692e-04    1.4598e-03
   5.0000e-01   -2.6000e+00   -1.5000e+00    1.0751e+00   -2.8007e+00    1.1381e-03    1.1738e-03    1.0708e-03    1.0865e-03
   5.0000e-01   -2.6000e+00   -1.5000e+00    1.2202e+00   -2.7406e+00    1.4607e-03   -6.7889e-04    1.3460e-03   -6.8717e-04
   5.0000e-01   -2.6000e+00   -1.5000e+00    1.3620e+00   -2.6730e+00   -1.2656e-04   -1.5824e-03   -1.6212e-04   -1.6237e-03
   5.0000e-01   -2.6000e+00   -1.5000e+00    1.5000e+00   -2.5981e+00   -1.4881e-03   -4.9040e-04   -1.3192e-03   -6.3186e-04
   5.0000e-01   -2.6000e+00   -1.5000e+00    1.6339e+00   -2.5160e+00   -1.0478e-03    1.1377e-03   -7.4987e-04    9.0853e-04
   5.0000e-01   -2.6000e+00   -1.5000e+00    1.7634e+00   -2.4271e+00    5.6453e-04    1.4198e-03    9.7824e-04    1.2697e-03
   5.0000e-01   -2.6000e+00   -1.5000e+00    1.8880e+00   -2.3314e+00    1.5025e-03    1.5483e-04    2.0407e-03   -1.5196e-04
   5.0000e-01   -2.6000e+00   -1.5000e+00    2.0074e+00   -2.2294e+00    8.8005e-04   -1.2074e-03    1.4992e-03   -1.5570e-03
   5.0000e-01   -2.6000e+00   -1.5000e+00    2.1213e+00   -2.1213e+00   -5.5625e-04   -1.3704e-03    5.5066e-05   -1.6785e-03
   5.0000e-01   -2.6000e+00   -1.5000e+00    2.2294e+00   -2.0074e+00   -1.4371e-03   -2.8278e-04   -7.3713e-04   -6.7355e-04
   5.0000e-01   -2.6000e+00   -1.5000e+00    2.3314e+00   -1.8880e+00   -1.0509e-03    1.0002e-03   -3.6484e-04    6.4394e-04
   5.0000e-01   -2.6000e+00   -1.5000e+00    2.4271e+00   -1.7634e+00    1.3889e-04    1.4315e-03    6.7882e-04    1.1496e-03
   5.0000e-01   -2.6000e+00   -1.5000e+00    2.5160e+00   -1.6339e+00    1.1783e-03    8.0437e-04    1.7159e-03    4.1267e-04
   5.0000e-01   -2.6000e+00   -1.5000e+00    2.5981e+00   -1.5000e+00    1.3726e-03   -3.4526e-04    1.8818e-03   -6.9515e-04
   5.0000e-01   -2.6000e+00   -1.5000e+00    2.6730e+00   -1.3620e+00    6.9868e-04   -1.2190e-03    1.0591e-03   -1.5033e-03
   5.0000e-01   -2.6000e+00   -1.5000e+00    2.7406e+00   -1.2202e+00   -3.3739e-04   -1.3542e-03   -1.0202e-04   -1.4863e-03
   5.0000e-01   -2.6000e+00   -1.5000e+00    2.8007e+00   -1.0751e+00   -1.1440e-03   -7.8363e-04   -9.5481e-04   -9.6574e-04
   5.0000e-01   -2.6000e+00   -1.5000e+00    2.8532e+00   -9.2705e-01   -1.3726e-03    1.2285e-04   -1.3263e-03    8.2535e-05
   5.0000e-01   -2.6000e+00   -1.5000e+00    2.8978e+00   -7.7646e-01   -1.0105e-03    9.2567e-04   -9.8739e-04    9.8138e-04
   5.0000e-01   -2.6000e+00   -1.5000e+00    2.9344e+00   -6.2374e-01   -3.0380e-04    1.3292e-03   -4.6783e-04    1.3914e-03
   5.0000e-01   -2.6000e+00   -1.5000e+00    2.9631e+00   -4.6930e-01    4.6082e-04    1.2760e-03    3.2719e-04    1.5136e-03
   5.0000e-01   -2.6000e+00   -1.5000e+00    2.9836e+00   -3.1359e-01    1.0333e-03    8.7002e-04    8.1749e-04    1.1303e-03
   5.0000e-01   -2.6000e+00   -1.5000e+00    2.9959e+00   -1.5701e-01    1.3156e-03    2.8222e-04    1.1518e-03    6.6401e-04
   5.0000e-01   -1.5000e+00   -2.6000e+00    3.0000e+00    0.0000e+00    1.3774e-03   -3.2854e-04    7.6440e-04   -3.8608e-04
   5.0000e-01   -1.5000e+00   -2.6000e+00    2.9959e+00    1.5701e-01    7.2073e-04   -1.2068e-03    2.3848e-04   -1.2964e-03
   5.0000e-01   -1.5000e+00   -2.6000e+00    2.9836e+00    3.1359e-01   -3.1029e-04   -1.3610e-03   -7.9863e-04   -1.4126e-03
   5.0000e-01   -1.5000e+00   -2.6000e+00    2.9631e+00    4.6930e-01   -1.1355e-03   -7.9642e-04   -1.6479e-03   -7.9413e-04
   5.0000e-01   -1.5000e+00   -2.6000e+00    2.9344e+00    6.2374e-01   -1.3743e-03    1.0938e-04   -1.9533e-03    1.9724e-04
   5.0000e-01   -1.5000e+00   -2.6000e+00    2.8978e+00    7.7646e-01   -1.0206e-03    9.1513e-04   -1.5093e-03    1.1078e-03
   5.0000e-01   -1.5000e+00   -2.6000e+00    2.8532e+00    9.2705e-01   -3.2064e-04    1.3256e-03   -7.3852e-04    1.4340e-03
   5.0000e-01   -1.5000e+00   -2.6000e+00    2.8007e+00    1.0751e+00    4.4779e-04    1.2814e-03    4.4552e-05    1.5691e-03
   5.0000e-01   -1.5000e+00   -2.6000e+00    2.7406e+00    1.2202e+00    1.0287e-03    8.7632e-04    6.8836e-04    1.2801e-03
   5.0000e-01   -1.5000e+00   -2.6000e+00    2.6730e+00    1.3620e+00    1.3155e-03    2.8246e-04    1.0675e-03    6.6545e-04
   5.0000e-01   -1.5000e+00   -2.6000e+00    2.5981e+00    1.5000e+00    1.3052e-03   -3.0681e-04    1.0293e-03    3.1344e-04
   5.0000e-01   -1.5000e+00   -2.6000e+00    2.5160e+00    1.6339e+00    1.0785e-03   -7.8904e-04    8.7975e-04   -1.9051e-04
   5.0000e-01   -1.5000e+00   -2.6000e+00    2.4271e+00    1.7634e+00    7.1905e-04   -1.1216e-03    4.4011e-04   -4.3686e-04
   5.0000e-01   -1.5000e+00   -2.6000e+00    2.3314e+00    1.8880e+00    3.1783e-04   -1.2901e-03    1.7783e-04   -4.1030e-04
   5.0000e-01   -1.5000e+00   -2.6000e+00    2.2294e+00    2.0074e+00   -3.7765e-05   -1.3252e-03   -1.8863e-04   -3.3414e-04
   5.0000e-01   -1.5000e+00   -2.6000e+00    2.1213e+00    2.1213e+00   -3.3918e-04   -1.2793e-03   -4.9612e-04   -1.0410e-04
   5.0000e-01   -1.5000e+00   -2.6000e+00    2.0074e+00    2.2294e+00   -5.8581e-04   -1.1844e-03   -6.7126e-04    1.0903e-04
   5.0000e-01   -1.5000e+00   -2.6000e+00    1.8880e+00    2.3314e+00   -7.6520e-04   -1.0749e-03   -8.8380e-04    3.9194e-04
   5.0000e-01   -1.5000e+00   -2.6000e+00    1.7634e+00    2.4271e+00   -8.6831e-04   -9.9206e-04   -8.5088e-04    5.4006e-04
   5.0000e-01   -1.5000e+00   -2.6000e+00    1.6339e+00    2.5160e+00   -9.2580e-04   -9.3803e-04   -1.0369e-03    6.6215e-04
   5.0000e-01   -1.5000e+00   -2.6000e+00    1.5000e+00    2.5981e+00   -9.5032e-04   -9.1263e-04   -1.0063e-03    7.1731e-04
   5.0000e-01   -1.5000e+00   -2.6000e+00    1.3620e+00    2.6730e+00   -9.3393e-04   -9.2945e-04   -8.5273e-04    7.4990e-04
   5.0000e-01   -1.5000e+00   -2.6000e+00    1.2202e+00    2.7406e+00   -8.6842e-04   -9.9226e-04   -7.9646e-04    7.1325e-04
   5.0000e-01   -1.5000e+00   -2.6000e+00    1.0751e+00    2.8007e+00   -7.5739e-04   -1.0808e-03   -6.9516e-04    4.6901e-04
   5.0000e-01   -1.5000e+00   -2.6000e+00    9.2705e-01    2.8532e+00   -5.8517e-04   -1.1844e-03   -5.4136e-04    3.3220e-04
   5.0000e-01   -1.5000e+00   -2.6000e+00    7.7646e-01    2.8978e+00   -3.5589e-04   -1.2742e-03   -2.3117e-04    9.8411e-05
   5.0000e-01   -1.5000e+00   -2.6000e+00    6.2374e-01    2.9344e+00   -4.4490e-05   -1.3249e-03    8.4702e-05   -2.5978e-05
   5.0000e-01   -1.5000e+00   -2.6000e+00    4.6930e-01    2.9631e+00    3.2275e-04   -1.2887e-03    4.0532e-04   -1.6965e-04
   5.0000e-01   -1.5000e+00   -2.6000e+00    3.1359e-01    2.9836e+00    7.2163e-04   -1.1196e-03    8.0510e-04   -9.9565e-05
   5.0000e-01   -1.5000e+00   -2.6000e+00    1.5701e-01    2.9959e+00    1.0729e-03   -7.9643e-04    1.1767e-03    8.1366e-05
   5.0000e-01   -1.5000e+00   -2.6000e+00    0.0000e+00    3.0000e+00    1.3015e-03   -3.2094e-04    1.3537e-03    2.9231e-04
   5.0000e-01   -1.5000e+00   -2.6000e+00   -1.5701e-01    2.9959e+00    1.3156e-03    2.8222e-04    1.3890e-03    8.4702e-04
   5.0000e-01   -1.5000e+00   -2.6000e+00   -3.1359e-01    2.9836e+00    1.0333e-03    8.7002e-04    1.1456e-03    1.2314e-03
   5.0000e-01   -1.5000e+00   -2.6000e+00   -4.6930e-01    2.9631e+00    4.6082e-04    1.2760e-03    6.0533e-04    1.5166e-03
   5.0000e-01   -1.5000e+00   -2.6000e+00   -6.2374e-01    2.9344e+00   -3.0380e-04    1.3292e-03   -2.1276e-04    1.3444e-03
   5.0000e-01   -1.5000e+00   -2.6000e+00   -7.7646e-01    2.8978e+00   -1.0105e-03    9.2567e-04   -9.1862e-04    8.1715e-04
   5.0000e-01   -1.5000e+00   -2.6000e+00   -9.2705e-01    2.8532e+00   -1.3726e-03    1.2285e-04   -1.2773e-03   -5.5026e-05
   5.0000e-01   -1.5000e+00   -2.6000e+00   -1.0751e+00    2.8007e+00   -1.1440e-03   -7.8363e-04   -1.0469e-03   -1.0081e-03
   5.0000e-01   -1.5000e+00   -2.6000e+00   -1.2202e+00    2.7406e+00   -3.3739e-04   -1.3542e-03   -2.8646e-04   -1.6328e-03
   5.0000e-01   -1.5000e+00   -2.6000e+00   -1.3620e+00    2.6730e+00    6.9868e-04   -1.2190e-03    8.6612e-04   -1.6659e-03
   5.0000e-01   -1.5000e+00   -2.6000e+00   -1.5000e+00    2.5981e+00    1.3726e-03   -3.4526e-04    1.4968e-03   -8.0060e-04
   5.0000e-01   -1.5000e+00   -2.6000e+00   -1.6339e+00    2.5160e+00    1.1783e-03    8.0437e-04    1.1085e-03    3.1407e-04
   5.0000e-01   -1.5000e+00   -2.6000e+00   -1.7634e+00    2.4271e+00    1.3889e-04    1.4315e-03    1.2409e-04    9.6806e-04
   5.0000e-01   -1.5000e+00   -2.6000e+00   -1.8880e+00    2.3314e+00   -1.0509e-03    1.0002e-03   -1.1651e-03    4.8758e-04
   5.0000e-01   -1.5000e+00   -2.6000e+00   -2.0074e+00    2.2294e+00   -1.4371e-03   -2.8278e-04   -1.5900e-03   -7.5041e-04
   5.0000e-01   -1.5000e+00   -2.6000e+00   -2.1213e+00    2.1213e+00   -5.5625e-04   -1.3704e-03   -6.5353e-04   -1.8722e-03
   5.0000e-01   -1.5000e+00   -2.6000e+00   -2.2294e+00    2.0074e+00    8.8005e-04   -1.2074e-03    6.6314e-04   -1.6998e-03
   5.0000e-01   -1.5000e+00   -2.6000e+00   -2.3314e+00    1.8880e+00    1.5025e-03    1.5483e-04    1.1847e-03   -2.9780e-04
   5.0000e-01   -1.5000e+00   -2.6000e+00   -2.4271e+00    1.7634e+00    5.6453e-04    1.4198e-03    3.5104e-04    9.8553e-04
   5.0000e-01   -1.5000e+00   -2.6000e+00   -2.5160e+00    1.6339e+00   -1.0478e-03    1.1377e-03   -1.3045e-03    8.1154e-04
   5.0000e-01   -1.5000e+00   -2.6000e+00   -2.5981e+00    1.5000e+00   -1.4881e-03   -4.9040e-04   -1.7044e-03   -7.9373e-04
   5.0000e-01   -1.5000e+00   -2.6000e+00   -2.6730e+00    1.3620e+00   -1.2656e-04   -1.5824e-03   -3.1500e-04   -1.8333e-03
   5.0000e-01   -1.5000e+00   -2.6000e+00   -2.7406e+00    1.2202e+00    1.4607e-03   -6.7889e-04    1.3435e-03   -9.2655e-04
   5.0000e-01   -1.5000e+00   -2.6000e+00   -2.8007e+00    1.0751e+00    1.1381e-03    1.1738e-03    1.0106e-03    9.6180e-04
   5.0000e-01   -1.5000e+00   -2.6000e+00   -2.8532e+00    9.2705e-01   -7.9794e-04    1.4563e-03   -8.8076e-04    1.5114e-03
   5.0000e-01   -1.5000e+00   -2.6000e+00   -2.8978e+00    7.7646e-01   -1.6494e-03   -3.5984e-04   -1.6981e-03   -3.6142e-04
   5.0000e-01   -1.5000e+00   -2.6000e+00   -2.9344e+00    6.2374e-01   -6.6153e-05   -1.7170e-03    1.8003e-05   -1.5554e-03
   5.0000e-01   -1.5000e+00   -2.6000e+00   -2.9631e+00    4.6930e-01    1.6911e-03   -4.5204e-04    1.8934e-03   -2.8007e-04
   5.0000e-01   -1.5000e+00   -2.6000e+00   -2.9836e+00    3.1359e-01    7.8773e-04    1.6019e-03    1.1193e-03    1.8605e-03
   5.0000e-01   -1.5000e+00   -2.6000e+00   -2.9959e+00    1.5701e-01   -1.4612e-03    1.0892e-03   -1.0706e-03    1.4732e-03
   5.0000e-01   -1.5000e+00   -2.6000e+00   -3.0000e+00    0.0000e+00   -1.3339e-03   -1.3009e-03   -9.5614e-04   -1.0146e-03
   5.0000e-01   -1.5000e+00   -2.6000e+00   -2.9959e+00   -1.5701e-01    1.1314e-03   -1.5352e-03    1.6395e-03   -1.1432e-03
   5.0000e-01   -1.5000e+00   -2.6000e+00   -2.9836e+00   -3.1359e-01    1.6981e-03    9.6838e-04    2.2385e-03    1.3795e-03
   5.0000e-01   -1.5000e+00   -2.6000e+00   -2.9631e+00   -4.6930e-01   -8.2701e-04    1.8294e-03   -2.4831e-04    2.2952e-03
   5.0000e-01   -1.5000e+00   -2.6000e+00   -2.9344e+00   -6.2374e-01   -1.9382e-03   -7.1461e-04   -1.4596e-03   -2.7260e-04
   5.0000e-01   -1.5000e+00   -2.6000e+00   -2.8978e+00   -7.7646e-01    6.0739e-04   -2.0407e-03    1.2434e-03   -1.6838e-03
   5.0000e-01   -1.5000e+00   -2.6000e+00   -2.8532e+00   -9.2705e-01    2.1349e-03    5.3161e-04    2.7142e-03    9.2233e-04
   5.0000e-01   -1.5000e+00   -2.6000e+00   -2.8007e+00   -1.0751e+00   -5.0382e-04    2.2239e-03    5.5481e-05    2.5293e-03
   5.0000e-01   -1.5000e+00   -2.6000e+00   -2.7406e+00   -1.2202e+00   -2.3185e-03   -4.8996e-04   -1.6809e-03   -2.9956e-04
   5.0000e-01   -1.5000e+00   -2.6000e+00   -2.6730e+00   -1.3620e+00    5.2353e-04   -2.4153e-03    1.0960e-03   -2.1788e-03
   5.0000e-01   -1.5000e+00   -2.6000e+00   -2.5981e+00   -1.5000e+00    2.5249e-03    5.7145e-04    3.0667e-03    7.4155e-04
   5.0000e-01   -1.5000e+00   -2.6000e+00    0.0000e+00   -3.0000e+00    2.5114e-03    6.3483e-04    2.5089e-03    1.0386e-03
   5.0000e-01   -1.5000e+00   -2.6000e+00    1.5701e-01   -2.9959e+00    5.6829e-04   -2.4061e-03    5.1473e-04   -1.9926e-03
   5.0000e-01   -1.5000e+00   -2.6000e+00    3.1359e-01   -2.9836e+00   -2.3052e-03   -5.5173e-04   -2.3973e-03   -3.0057e-04
   5.0000e-01   -1.5000e+00   -2.6000e+00    4.6930e-01   -2.9631e+00   -5.4452e-04    2.2146e-03   -5.2557e-04    2.4414e-03
   5.0000e-01   -1.5000e+00   -2.6000e+00    6.2374e-01   -2.9344e+00    2.1253e-03    5.7127e-04    2.0663e-03    7.4187e-04
   5.0000e-01   -1.5000e+00   -2.6000e+00    7.7646e-01   -2.8978e+00    6.4339e-04   -2.0301e-03    7.1644e-04   -1.8507e-03
   5.0000e-01   -1.5000e+00   -2.6000e+00    9.2705e-01   -2.8532e+00   -1.9241e-03   -7.5239e-04   -1.9269e-03   -7.3327e-04
   5.0000e-01   -1.5000e+00   -2.6000e+00    1.0751e+00   -2.8007e+00   -8.5948e-04    1.8151e-03   -7.1756e-04    1.8866e-03
   5.0000e-01   -1.5000e+00   -2.6000e+00    1.2202e+00   -2.7406e+00    1.6790e-03    1.0031e-03    1.7801e-03    9.8775e-04
   5.0000e-01   -1.5000e+00   -2.6000e+00    1.3620e+00   -2.6730e+00    1.1473e-03   -1.5231e-03    1.2217e-03   -1.5889e-03
   5.0000e-01   -1.5000e+00   -2.6000e+00    1.5000e+00   -2.5981e+00   -1.3162e-03   -1.3193e-03   -1.0926e-03   -1.3754e-03
   5.0000e-01   -1.5000e+00   -2.6000e+00    1.6339e+00   -2.5160e+00   -1.4775e-03    1.0672e-03   -1.1523e-03    1.0515e-03
   5.0000e-01   -1.5000e+00   -2.6000e+00    1.7634e+00   -2.4271e+00    7.7948e-04    1.6058e-03    1.0433e-03    1.4887e-03
   5.0000e-01   -1.5000e+00   -2.6000e+00    1.8880e+00   -2.3314e+00    1.6948e-03   -4.3737e-04    2.0689e-03   -5.4883e-04
   5.0000e-01   -1.5000e+00   -2.6000e+00    2.0074e+00   -2.2294e+00   -3.1695e-05   -1.7180e-03    4.2084e-04   -1.8201e-03
   5.0000e-01   -1.5000e+00   -2.6000e+00    2.1213e+00   -2.1213e+00   -1.6422e-03   -3.9365e-04   -1.3584e-03   -5.9949e-04
   5.0000e-01   -1.5000e+00   -2.6000e+00    2.2294e+00   -2.0074e+00   -8.0761e-04    1.4513e-03   -5.0446e-04    1.3851e-03
   5.0000e-01   -1.5000e+00   -2.6000e+00    2.3314e+00   -1.8880e+00    1.1270e-03    1.1839e-03    1.4288e-03    9.3239e-04
   5.0000e-01   -1.5000e+00   -2.6000e+00    2.4271e+00   -1.7634e+00    1.4697e-03   -6.5840e-04    1.7206e-03   -8.1933e-04
   5.0000e-01   -1.5000e+00   -2.6000e+00    2.5160e+00   -1.6339e+00   -9.1230e-05   -1.5855e-03    1.9917e-04   -1.7207e-03
   5.0000e-01   -1.5000e+00   -2.6000e+00    2.5981e+00   -1.5000e+00   -1.4816e-03   -5.0914e-04   -1.3189e-03   -6.5616e-04
   5.0000e-01   -1.5000e+00   -2.6000e+00    2.6730e+00   -1.3620e+00   -1.0600e-03    1.1265e-03   -8.6329e-04    1.0098e-03
   5.0000e-01   -1.5000e+00   -2.6000e+00    2.7406e+00   -1.2202e+00    5.4229e-04    1.4291e-03    5.3280e-04    1.2966e-03
   5.0000e-01   -1.5000e+00   -2.6000e+00    2.8007e+00   -1.0751e+00    1.4993e-03    1.8826e-04    1.4913e-03    1.3128e-04
   5.0000e-01   -1.5000e+00   -2.6000e+00    2.8532e+00   -9.2705e-01    8.9316e-04   -1.1982e-03    7.6621e-04   -1.3646e-03
   5.0000e-01   -1.5000e+00   -2.6000e+00    2.8978e+00   -7.7646e-01   -5.4772e-04   -1.3739e-03   -7.5181e-04   -1.5356e-03
   5.0000e-01   -1.5000e+00   -2.6000e+00    2.9344e+00   -6.2374e-01   -1.4321e-03   -3.0858e-04   -1.7193e-03   -4.7202e-04
   5.0000e-01   -1.5000e+00   -2.6000e+00    2.9631e+00   -4.6930e-01   -1.0709e-03    9.7946e-04   -1.4309e-03    8.0395e-04
   5.0000e-01   -1.5000e+00   -2.6000e+00    2.9836e+00   -3.1359e-01    1.1750e-04    1.4338e-03   -2.6340e-04    1.3736e-03
   5.0000e-01   -1.5000e+00   -2.6000e+00    2.9959e+00   -1.5701e-01    1.1688e-03    8.1876e-04    6.3252e-04    7.7812e-04
   5.0000e-01    0.0000e+00   -3.0000e+00    3.0000e+00    0.0000e+00   -1.4775e-03   -5.2313e-04   -1.5120e-03   -5.4376e-04
   5.0000e-01    0.0000e+00   -3.0000e+00    2.9959e+00    1.5701e-01   -1.0734e-03    1.1146e-03   -1.0623e-03    1.0101e-03
   5.0000e-01    0.0000e+00   -3.0000e+00    2.9836e+00    3.1359e-01    5.1821e-04    1.4382e-03    4.7929e-04    1.1730e-03
   5.0000e-01    0.0000e+00   -3.0000e+00    2.9631e+00    4.6930e-01    1.4979e-03    2.0055e-04    1.2997e-03   -7.4560e-05
   5.0000e-01    0.0000e+00   -3.0000e+00    2.9344e+00    6.2374e-01    9.0310e-04   -1.1913e-03    6.9202e-04   -1.5171e-03
   5.0000e-01    0.0000e+00   -3.0000e+00    2.8978e+00    7.7646e-01   -5.3535e-04   -1.3791e-03   -8.0993e-04   -1.7188e-03
   5.0000e-01    0.0000e+00   -3.0000e+00    2.8532e+00    9.2705e-01   -1.4285e-03   -3.2559e-04   -1.6678e-03   -7.8283e-04
   5.0000e-01    0.0000e+00   -3.0000e+00    2.8007e+00    1.0751e+00   -1.0814e-03    9.6874e-04   -1.4404e-03    5.7710e-04
   5.0000e-01    0.0000e+00   -3.0000e+00    2.7406e+00    1.2202e+00    1.0504e-04    1.4354e-03   -2.2242e-04    1.0442e-03
   5.0000e-01    0.0000e+00   -3.0000e+00    2.6730e+00    1.3620e+00    1.1671e-03    8.2095e-04    7.2721e-04    4.5590e-04
   5.0000e-01    0.0000e+00   -3.0000e+00    2.5981e+00    1.5000e+00    1.3812e-03   -3.1295e-04    9.3247e-04   -6.6467e-04
   5.0000e-01    0.0000e+00   -3.0000e+00    2.5160e+00    1.6339e+00    7.3251e-04   -1.1998e-03    2.1641e-04   -1.4662e-03
   5.0000e-01    0.0000e+00   -3.0000e+00    2.4271e+00    1.7634e+00   -3.0993e-04   -1.3611e-03   -8.0245e-04   -1.5547e-03
   5.0000e-01    0.0000e+00   -3.0000e+00    2.3314e+00    1.8880e+00   -1.1343e-03   -7.9780e-04   -1.6636e-03   -8.5520e-04
   5.0000e-01    0.0000e+00   -3.0000e+00    2.2294e+00    2.0074e+00   -1.3755e-03    9.2131e-05   -1.8066e-03    9.8989e-05
   5.0000e-01    0.0000e+00   -3.0000e+00    2.1213e+00    2.1213e+00   -1.0381e-03    8.9551e-04   -1.3282e-03    1.0741e-03
   5.0000e-01    0.0000e+00   -3.0000e+00    2.0074e+00    2.2294e+00   -3.2758e-04    1.3239e-03   -5.8554e-04    1.5065e-03
   5.0000e-01    0.0000e+00   -3.0000e+00    1.8880e+00    2.3314e+00    4.4494e-04    1.2819e-03    2.3977e-04    1.6401e-03
   5.0000e-01    0.0000e+00   -3.0000e+00    1.7634e+00    2.4271e+00    1.0197e-03    8.8620e-04    9.2270e-04    1.3517e-03
   5.0000e-01    0.0000e+00   -3.0000e+00    1.6339e+00    2.5160e+00    1.3098e-03    3.0879e-04    1.3390e-03    9.1019e-04
   5.0000e-01    0.0000e+00   -3.0000e+00    1.5000e+00    2.5981e+00    1.3083e-03   -2.9235e-04    1.4689e-03    4.2408e-04
   5.0000e-01    0.0000e+00   -3.0000e+00    1.3620e+00    2.6730e+00    1.0822e-03   -7.8348e-04    1.2752e-03   -1.7092e-05
   5.0000e-01    0.0000e+00   -3.0000e+00    1.2202e+00    2.7406e+00    7.3465e-04   -1.1115e-03    1.0680e-03   -2.1863e-04
   5.0000e-01    0.0000e+00   -3.0000e+00    1.0751e+00    2.8007e+00    3.4670e-04   -1.2829e-03    7.6804e-04   -3.2493e-04
   5.0000e-01    0.0000e+00   -3.0000e+00    9.2705e-01    2.8532e+00   -1.8838e-05   -1.3255e-03    5.1058e-04   -3.1627e-04
   5.0000e-01    0.0000e+00   -3.0000e+00    7.7646e-01    2.8978e+00   -3.3409e-04   -1.2802e-03    3.2602e-04   -1.4917e-04
   5.0000e-01    0.0000e+00   -3.0000e+00    6.2374e-01    2.9344e+00   -5.6819e-04   -1.1928e-03    2.2663e-04   -3.1280e-06
   5.0000e-01    0.0000e+00   -3.0000e+00    4.6930e-01    2.9631e+00   -7.4048e-04   -1.0921e-03    2.3978e-05    1.4823e-04
   5.0000e-01    0.0000e+00   -3.0000e+00    3.1359e-01    2.9836e+00   -8.4724e-04   -1.0101e-03   -8.7898e-05    2.2610e-04
   5.0000e-01    0.0000e+00   -3.0000e+00    1.5701e-01    2.9959e+00   -9.1235e-04   -9.5109e-04   -8.3202e-05    2.5821e-04
   5.0000e-01    0.0000e+00   -3.0000e+00    0.0000e+00    3.0000e+00   -9.4103e-04   -9.2224e-04    2.0477e-05    2.9018e-04
   5.0000e-01    0.0000e+00   -3.0000e+00   -1.5701e-01    2.9959e+00   -9.1235e-04   -9.5109e-04   -4.7940e-05    3.0820e-04
   5.0000e-01    0.0000e+00   -3.0000e+00   -3.1359e-01    2.9836e+00   -8.4724e-04   -1.0101e-03   -2.6358e-05    1.4829e-04
   5.0000e-01    0.0000e+00   -3.0000e+00   -4.6930e-01    2.9631e+00   -7.4048e-04   -1.0921e-03    5.5532e-05    7.7557e-05
   5.0000e-01    0.0000e+00   -3.0000e+00   -6.2374e-01    2.9344e+00   -5.6819e-04   -1.1928e-03    1.4437e-04   -4.8937e-05
   5.0000e-01    0.0000e+00   -3.0000e+00   -7.7646e-01    2.8978e+00   -3.3409e-04   -1.2802e-03    3.2792e-04   -1.7103e-04
   5.0000e-01    0.0000e+00   -3.0000e+00   -9.2705e-01    2.8532e+00   -1.8838e-05   -1.3255e-03    4.5860e-04   -2.8323e-04
   5.0000e-01    0.0000e+00   -3.0000e+00   -1.0751e+00    2.8007e+00    3.4670e-04   -1.2829e-03    8.6685e-04   -4.0802e-04
   5.0000e-01    0.0000e+00   -3.0000e+00   -1.2202e+00    2.7406e+00    7.3465e-04   -1.1115e-03    1.0280e-03   -2.6693e-04
   5.0000e-01    0.0000e+00   -3.0000e+00   -1.3620e+00    2.6730e+00    1.0822e-03   -7.8348e-04    1.2186e-03   -8.3282e-05
   5.0000e-01    0.0000e+00   -3.0000e+00   -1.5000e+00    2.5981e+00    1.3083e-03   -2.9235e-04    1.3735e-03    4.3837e-04
   5.0000e-01    0.0000e+00   -3.0000e+00   -1.6339e+00    2.5160e+00    1.3098e-03    3.0879e-04    1.2870e-03    8.4049e-04
   5.0000e-01    0.0000e+00   -3.0000e+00   -1.7634e+00    2.4271e+00    1.0197e-03    8.8620e-04    9.0354e-04    1.3669e-03
   5.0000e-01    0.0000e+00   -3.0000e+00   -1.8880e+00    2.3314e+00    4.4494e-04    1.2819e-03    2.6489e-04    1.6289e-03
   5.0000e-01    0.0000e+00   -3.0000e+00   -2.0074e+00    2.2294e+00   -3.2758e-04    1.3239e-03   -4.9883e-04    1.5628e-03
   5.0000e-01    0.0000e+00   -3.0000e+00   -2.1213e+00    2.1213e+00   -1.0381e-03    8.9551e-04   -1.3749e-03    9.8286e-04
   5.0000e-01    0.0000e+00   -3.0000e+00   -2.2294e+00    2.0074e+00   -1.3755e-03    9.2131e-05   -1.8197e-03    4.4503e-05
   5.0000e-01    0.0000e+00   -3.0000e+00   -2.3314e+00    1.8880e+00   -1.1343e-03   -7.9780e-04   -1.6319e-03   -8.6771e-04
   5.0000e-01    0.0000e+00   -3.0000e+00   -2.4271e+00    1.7634e+00   -3.0993e-04   -1.3611e-03   -7.5949e-04   -1.5767e-03
   5.0000e-01    0.0000e+00   -3.0000e+00   -2.5160e+00    1.6339e+00    7.3251e-04   -1.1998e-03    2.6274e-04   -1.4216e-03
   5.0000e-01    0.0000e+00   -3.0000e+00   -2.5981e+00    1.5000e+00    1.3812e-03   -3.1295e-04    9.3331e-04   -6.3976e-04
   5.0000e-01    0.0000e+00   -3.0000e+00   -2.6730e+00    1.3620e+00    1.1671e-03    8.2095e-04    7.7028e-04    4.7058e-04
   5.0000e-01    0.0000e+00   -3.0000e+00   -2.7406e+00    1.2202e+00    1.0504e-04    1.4354e-03   -2.9431e-04    9.2620e-04
   5.0000e-01    0.0000e+00   -3.0000e+00   -2.8007e+00    1.0751e+00   -1.0814e-03    9.6874e-04   -1.4835e-03    5.7400e-04
   5.0000e-01    0.0000e+00   -3.0000e+00   -2.8532e+00    9.2705e-01   -1.4285e-03   -3.2559e-04   -1.7157e-03   -7.4178e-04
   5.0000e-01    0.0000e+00   -3.0000e+00   -2.8978e+00    7.7646e-01   -5.3535e-04   -1.3791e-03   -8.1995e-04   -1.7881e-03
   5.0000e-01    0.0000e+00   -3.0000e+00   -2.9344e+00    6.2374e-01    9.0310e-04   -1.1913e-03    7.5300e-04   -1.5237e-03
   5.0000e-01    0.0000e+00   -3.0000e+00   -2.9631e+00    4.6930e-01    1.4979e-03    2.0055e-04    1.3434e-03   -1.3108e-04
   5.0000e-01    0.0000e+00   -3.0000e+00   -2.9836e+00    3.1359e-01    5.1821e-04    1.4382e-03    5.3780e-04    1.2078e-03
   5.0000e-01    0.0000e+00   -3.0000e+00   -2.9959e+00    1.5701e-01   -1.0734e-03    1.1146e-03   -1.1111e-03    9.0369e-04
   5.0000e-01    0.0000e+00   -3.0000e+00   -3.0000e+00    0.0000e+00   -1.4775e-03   -5.2313e-04   -1.5217e-03   -6.1779e-04
   5.0000e-01    0.0000e+00   -3.0000e+00   -2.9959e+00   -1.5701e-01   -8.1925e-05   -1.5863e-03   -1.2669e-04   -1.5975e-03
   5.0000e-01    0.0000e+00   -3.0000e+00   -2.9836e+00   -3.1359e-01    1.4736e-03   -6.5058e-04    1.4357e-03   -6.3520e-04
   5.0000e-01    0.0000e+00   -3.0000e+00   -2.9631e+00   -4.6930e-01    1.1151e-03    1.1960e-03    1.0941e-03    1.2276e-03
   5.0000e-01    0.0000e+00   -3.0000e+00   -2.9344e+00   -6.2374e-01   -8.2346e-04    1.4429e-03   -8.8196e-04    1.6002e-03
   5.0000e-01    0.0000e+00   -3.0000e+00   -2.8978e+00   -7.7646e-01   -1.6427e-03   -3.9189e-04   -1.6822e-03   -2.1042e-04
   5.0000e-01    0.0000e+00   -3.0000e+00   -2.8532e+00   -9.2705e-01   -3.3507e-05   -1.7183e-03   -4.1731e-05   -1.4864e-03
   5.0000e-01    0.0000e+00   -3.0000e+00   -2.8007e+00   -1.0751e+00    1.6999e-03   -4.2065e-04    1.7290e-03   -2.1286e-04
   5.0000e-01    0.0000e+00   -3.0000e+00   -2.7406e+00   -1.2202e+00    7.7302e-04    1.6098e-03    7.1355e-04    1.8650e-03
   5.0000e-01    0.0000e+00   -3.0000e+00   -2.6730e+00   -1.3620e+00   -1.4785e-03    1.0662e-03   -1.4482e-03    1.3021e-03
   5.0000e-01    0.0000e+00   -3.0000e+00   -2.5981e+00   -1.5000e+00   -1.3169e-03   -1.3184e-03   -1.3239e-03   -1.0759e-03
   5.0000e-01    0.0000e+00   -3.0000e+00   -2.5160e+00   -1.6339e+00    1.1592e-03   -1.5151e-03    1.1536e-03   -1.2382e-03
   5.0000e-01    0.0000e+00   -3.0000e+00   -2.4271e+00   -1.7634e+00    1.6789e-03    1.0026e-03    1.6720e-03    1.2761e-03
   5.0000e-01    0.0000e+00   -3.0000e+00   -2.3314e+00   -1.8880e+00   -8.5223e-04    1.8180e-03   -8.1270e-04    2.1588e-03
   5.0000e-01    0.0000e+00   -3.0000e+00   -2.2294e+00   -2.0074e+00   -1.9317e-03   -7.3287e-04   -1.9368e-03   -4.3282e-04
   5.0000e-01    0.0000e+00   -3.0000e+00   -2.1213e+00   -2.1213e+00    6.4626e-04   -2.0296e-03    7.1055e-04   -1.8263e-03
   5.0000e-01    0.0000e+00   -3.0000e+00   -2.0074e+00   -2.2294e+00    2.1236e-03    5.7803e-04    2.1786e-03    8.7338e-04
   5.0000e-01    0.0000e+00   -3.0000e+00   -1.8880e+00   -2.3314e+00   -5.2629e-04    2.2184e-03   -5.2656e-04    2.3954e-03
   5.0000e-01    0.0000e+00   -3.0000e+00   -1.7634e+00   -2.4271e+00   -2.3119e-03   -5.2017e-04   -2.2680e-03   -2.7121e-04
   5.0000e-01    0.0000e+00   -3.0000e+00   -1.6339e+00   -2.5160e+00    5.5481e-04   -2.4090e-03    5.3662e-04   -2.1564e-03
   5.0000e-01    0.0000e+00   -3.0000e+00   -1.5000e+00   -2.5981e+00    2.5167e-03    6.1142e-04    2.5068e-03    8.8841e-04
   5.0000e-01    0.0000e+00   -3.0000e+00    1.5000e+00   -2.5981e+00    2.5167e-03    6.1142e-04    2.4551e-03    9.4409e-04
   5.0000e-01    0.0000e+00   -3.0000e+00    1.6339e+00   -2.5160e+00    5.5481e-04   -2.4090e-03    5.4387e-04   -2.1437e-03
   5.0000e-01    0.0000e+00   -3.0000e+00    1.7634e+00   -2.4271e+00   -2.3119e-03   -5.2017e-04   -2.2806e-03   -1.9324e-04
   5.0000e-01    0.0000e+00   -3.0000e+00    1.8880e+00   -2.3314e+00   -5.2629e-04    2.2184e-03   -5.1578e-04    2.4907e-03
   5.0000e-01    0.0000e+00   -3.0000e+00    2.0074e+00   -2.2294e+00    2.1236e-03    5.7803e-04    2.0332e-03    9.1690e-04
   5.0000e-01    0.0000e+00   -3.0000e+00    2.1213e+00   -2.1213e+00    6.4626e-04   -2.0296e-03    6.6545e-04   -1.7444e-03
   5.0000e-01    0.0000e+00   -3.0000e+00    2.2294e+00   -2.0074e+00   -1.9317e-03   -7.3287e-04   -1.8972e-03   -4.8076e-04
   5.0000e-01    0.0000e+00   -3.0000e+00    2.3314e+00   -1.8880e+00   -8.5223e-04    1.8180e-03   -8.0068e-04    2.0366e-03
   5.0000e-01    0.0000e+00   -3.0000e+00    2.4271e+00   -1.7634e+00    1.6789e-03    1.0026e-03    1.7343e-03    1.3186e-03
   5.0000e-01    0.0000e+00   -3.0000e+00    2.5160e+00   -1.6339e+00    1.1592e-03   -1.5151e-03    1.1692e-03   -1.2729e-03
   5.0000e-01    0.0000e+00   -3.0000e+00    2.5981e+00   -1.5000e+00   -1.3169e-03   -1.3184e-03   -1.2782e-03   -1.0493e-03
   5.0000e-01    0.0000e+00   -3.0000e+00    2.6730e+00   -1.3620e+00   -1.4785e-03    1.0662e-03   -1.5021e-03    1.3022e-03
   5.0000e-01    0.0000e+00   -3.0000e+00    2.7406e+00   -1.2202e+00    7.7302e-04    1.6098e-03    7.6950e-04    1.8899e-03
   5.0000e-01    0.0000e+00   -3.0000e+00    2.8007e+00   -1.0751e+00    1.6999e-03   -4.2065e-04    1.6713e-03   -1.4989e-04
   5.0000e-01    0.0000e+00   -3.0000e+00    2.8532e+00   -9.2705e-01   -3.3507e-05   -1.7183e-03    5.0607e-05   -1.4749e-03
   5.0000e-01    0.0000e+00   -3.0000e+00    2.8978e+00   -7.7646e-01   -1.6427e-03   -3.9189e-04   -1.6399e-03   -1.7738e-04
   5.0000e-01    0.0000e+00   -3.0000e+00    2.9344e+00   -6.2374e-01   -8.2346e-04    1.4429e-03   -8.3220e-04    1.5459e-03
   5.0000e-01    0.0000e+00   -3.0000e+00    2.9631e+00   -4.6930e-01    1.1151e-03    1.1960e-03    1.0959e-03    1.2403e-03
   5.0000e-01    0.0000e+00   -3.0000e+00    2.9836e+00   -3.1359e-01    1.4736e-03   -6.5058e-04    1.5284e-03   -6.2351e-04
   5.0000e-01    0.0000e+00   -3.0000e+00    2.9959e+00   -1.5701e-01   -8.1925e-05   -1.5863e-03   -1.5736e-04   -1.5791e-03
   5.0000e-01    1.5000e+00   -2.6000e+00    3.0000e+00    0.0000e+00   -1.3339e-03   -1.3009e-03   -8.9719e-04   -9.3587e-04
   5.0000e-01    1.5000e+00   -2.6000e+00    2.9959e+00    1.5701e-01   -1.4612e-03    1.0892e-03   -1.1792e-03    1.3544e-03
   5.0000e-01    1.5000e+00   -2.6000e+00    2.9836e+00    3.1359e-01    7.8773e-04    1.6019e-03    1.1221e-03    1.8365e-03
   5.0000e-01    1.5000e+00   -2.6000e+00    2.9631e+00    4.6930e-01    1.6911e-03   -4.5204e-04    1.8836e-03   -2.5087e-04
   5.0000e-01    1.5000e+00   -2.6000e+00    2.9344e+00    6.2374e-01   -6.6153e-05   -1.7170e-03    -3.9416e-05   -1.6578e-03
   5.0000e-01    1.5000e+00   -2.6000e+00    2.8978e+00    7.7646e-01   -1.6494e-03   -3.5984e-04   -1.6201e-03   -3.2668e-04
   5.0000e-01    1.5000e+00   -2.6000e+00    2.8532e+00    9.2705e-01   -7.9794e-04    1.4563e-03   -8.7471e-04    1.4693e-03
   5.0000e-01    1.5000e+00   -2.6000e+00    2.8007e+00    1.0751e+00    1.1381e-03    1.1738e-03    9.4091e-04    1.0592e-03
   5.0000e-01    1.5000e+00   -2.6000e+00    2.7406e+00    1.2202e+00    1.4607e-03   -6.7889e-04    1.3373e-03   -8.2963e-04
   5.0000e-01    1.5000e+00   -2.6000e+00    2.6730e+00    1.3620e+00   -1.2656e-04   -1.5824e-03   -3.4913e-04   -1.8190e-03
   5.0000e-01    1.5000e+00   -2.6000e+00    2.5981e+00    1.5000e+00   -1.4881e-03   -4.9040e-04   -1.6908e-03   -8.4906e-04
   5.0000e-01    1.5000e+00   -2.6000e+00    2.5160e+00    1.6339e+00   -1.0478e-03    1.1377e-03   -1.3471e-03    8.0030e-04
   5.0000e-01    1.5000e+00   -2.6000e+00    2.4271e+00    1.7634e+00    5.6453e-04    1.4198e-03    3.3662e-04    1.0814e-03
   5.0000e-01    1.5000e+00   -2.6000e+00    2.3314e+00    1.8880e+00    1.5025e-03    1.5483e-04    1.2576e-03   -2.5179e-04
   5.0000e-01    1.5000e+00   -2.6000e+00    2.2294e+00    2.0074e+00    8.8005e-04   -1.2074e-03    7.2925e-04   -1.6617e-03
   5.0000e-01    1.5000e+00   -2.6000e+00    2.1213e+00    2.1213e+00   -5.5625e-04   -1.3704e-03   -7.0723e-04   -1.9024e-03
   5.0000e-01    1.5000e+00   -2.6000e+00    2.0074e+00    2.2294e+00   -1.4371e-03   -2.8278e-04   -1.5695e-03   -7.9794e-04
   5.0000e-01    1.5000e+00   -2.6000e+00    1.8880e+00    2.3314e+00   -1.0509e-03    1.0002e-03   -1.1369e-03    4.6714e-04
   5.0000e-01    1.5000e+00   -2.6000e+00    1.7634e+00    2.4271e+00    1.3889e-04    1.4315e-03    1.0271e-04    1.0367e-03
   5.0000e-01    1.5000e+00   -2.6000e+00    1.6339e+00    2.5160e+00    1.1783e-03    8.0437e-04    1.1293e-03    3.7943e-04
   5.0000e-01    1.5000e+00   -2.6000e+00    1.5000e+00    2.5981e+00    1.3726e-03   -3.4526e-04    1.3077e-03   -7.3603e-04
   5.0000e-01    1.5000e+00   -2.6000e+00    1.3620e+00    2.6730e+00    6.9868e-04   -1.2190e-03    7.5335e-04   -1.6250e-03
   5.0000e-01    1.5000e+00   -2.6000e+00    1.2202e+00    2.7406e+00   -3.3739e-04   -1.3542e-03   -2.4638e-04   -1.6560e-03
   5.0000e-01    1.5000e+00   -2.6000e+00    1.0751e+00    2.8007e+00   -1.1440e-03   -7.8363e-04   -9.8030e-04   -1.0117e-03
   5.0000e-01    1.5000e+00   -2.6000e+00    9.2705e-01    2.8532e+00   -1.3726e-03    1.2285e-04   -1.2571e-03   -2.7846e-05
   5.0000e-01    1.5000e+00   -2.6000e+00    7.7646e-01    2.8978e+00   -1.0105e-03    9.2567e-04   -9.5207e-04    9.9806e-04
   5.0000e-01    1.5000e+00   -2.6000e+00    6.2374e-01    2.9344e+00   -3.0380e-04    1.3292e-03   -1.8137e-04    1.4203e-03
   5.0000e-01    1.5000e+00   -2.6000e+00    4.6930e-01    2.9631e+00    4.6082e-04    1.2760e-03    5.8312e-04    1.4237e-03
   5.0000e-01    1.5000e+00   -2.6000e+00    3.1359e-01    2.9836e+00    1.0333e-03    8.7002e-04    1.0921e-03    1.1564e-03
   5.0000e-01    1.5000e+00   -2.6000e+00    1.5701e-01    2.9959e+00    1.3156e-03    2.8222e-04    1.4923e-03    8.2042e-04
   5.0000e-01    1.5000e+00   -2.6000e+00    0.0000e+00    3.0000e+00    1.3004e-03   -3.2533e-04    1.4085e-03    2.9095e-04
   5.0000e-01    1.5000e+00   -2.6000e+00   -1.5701e-01    2.9959e+00    1.0729e-03   -7.9643e-04    1.1488e-03    4.3776e-05
   5.0000e-01    1.5000e+00   -2.6000e+00   -3.1359e-01    2.9836e+00    7.2163e-04   -1.1196e-03    7.7171e-04   -7.4706e-05
   5.0000e-01    1.5000e+00   -2.6000e+00   -4.6930e-01    2.9631e+00    3.2275e-04   -1.2887e-03    3.9024e-04   -1.4107e-04
   5.0000e-01    1.5000e+00   -2.6000e+00   -6.2374e-01    2.9344e+00   -4.4490e-05   -1.3249e-03    4.4592e-05   -1.2075e-04
   5.0000e-01    1.5000e+00   -2.6000e+00   -7.7646e-01    2.8978e+00   -3.5589e-04   -1.2742e-03   -2.3247e-04    1.4672e-04
   5.0000e-01    1.5000e+00   -2.6000e+00   -9.2705e-01    2.8532e+00   -5.8517e-04   -1.1844e-03   -6.1529e-04    3.1423e-04
   5.0000e-01    1.5000e+00   -2.6000e+00   -1.0751e+00    2.8007e+00   -7.5739e-04   -1.0808e-03   -7.1703e-04    4.5907e-04
   5.0000e-01    1.5000e+00   -2.6000e+00   -1.2202e+00    2.7406e+00   -8.6842e-04   -9.9226e-04   -8.1299e-04    6.8485e-04
   5.0000e-01    1.5000e+00   -2.6000e+00   -1.3620e+00    2.6730e+00   -9.3393e-04   -9.2945e-04   -8.8848e-04    6.4116e-04
   5.0000e-01    1.5000e+00   -2.6000e+00   -1.5000e+00    2.5981e+00   -9.5032e-04   -9.1263e-04   -9.7319e-04    6.1186e-04
   5.0000e-01    1.5000e+00   -2.6000e+00   -1.6339e+00    2.5160e+00   -9.2580e-04   -9.3803e-04   -9.3771e-04    5.7943e-04
   5.0000e-01    1.5000e+00   -2.6000e+00   -1.7634e+00    2.4271e+00   -8.6831e-04   -9.9206e-04   -8.9045e-04    5.2826e-04
   5.0000e-01    1.5000e+00   -2.6000e+00   -1.8880e+00    2.3314e+00   -7.6520e-04   -1.0749e-03   -7.7362e-04    3.2265e-04
   5.0000e-01    1.5000e+00   -2.6000e+00   -2.0074e+00    2.2294e+00   -5.8581e-04   -1.1844e-03   -6.8125e-04    1.9132e-05
   5.0000e-01    1.5000e+00   -2.6000e+00   -2.1213e+00    2.1213e+00   -3.3918e-04   -1.2793e-03   -3.6290e-04   -3.4355e-05
   5.0000e-01    1.5000e+00   -2.6000e+00   -2.2294e+00    2.0074e+00   -3.7765e-05   -1.3252e-03   -1.8469e-04   -2.8985e-04
   5.0000e-01    1.5000e+00   -2.6000e+00   -2.3314e+00    1.8880e+00    3.1783e-04   -1.2901e-03    9.8722e-05   -4.2259e-04
   5.0000e-01    1.5000e+00   -2.6000e+00   -2.4271e+00    1.7634e+00    7.1905e-04   -1.1216e-03    5.0804e-04   -3.9453e-04
   5.0000e-01    1.5000e+00   -2.6000e+00   -2.5160e+00    1.6339e+00    1.0785e-03   -7.8904e-04    9.0074e-04   -1.4751e-04
   5.0000e-01    1.5000e+00   -2.6000e+00   -2.5981e+00    1.5000e+00    1.3052e-03   -3.0681e-04    9.8509e-04    1.9039e-04
   5.0000e-01    1.5000e+00   -2.6000e+00   -2.6730e+00    1.3620e+00    1.3155e-03    2.8246e-04    9.9258e-04    6.2668e-04
   5.0000e-01    1.5000e+00   -2.6000e+00   -2.7406e+00    1.2202e+00    1.0287e-03    8.7632e-04    6.7231e-04    1.1969e-03
   5.0000e-01    1.5000e+00   -2.6000e+00   -2.8007e+00    1.0751e+00    4.4779e-04    1.2814e-03    6.9539e-05    1.5417e-03
   5.0000e-01    1.5000e+00   -2.6000e+00   -2.8532e+00    9.2705e-01   -3.2064e-04    1.3256e-03   -8.0355e-04    1.4743e-03
   5.0000e-01    1.5000e+00   -2.6000e+00   -2.8978e+00    7.7646e-01   -1.0206e-03    9.1513e-04   -1.4441e-03    1.0599e-03
   5.0000e-01    1.5000e+00   -2.6000e+00   -2.9344e+00    6.2374e-01   -1.3743e-03    1.0938e-04   -1.8565e-03    2.1357e-04
   5.0000e-01    1.5000e+00   -2.6000e+00   -2.9631e+00    4.6930e-01   -1.1355e-03   -7.9642e-04   -1.6621e-03   -8.0504e-04
   5.0000e-01    1.5000e+00   -2.6000e+00   -2.9836e+00    3.1359e-01   -3.1029e-04   -1.3610e-03   -7.5798e-04   -1.3664e-03
   5.0000e-01    1.5000e+00   -2.6000e+00   -2.9959e+00    1.5701e-01    7.2073e-04   -1.2068e-03    2.5884e-04   -1.2353e-03
   5.0000e-01    1.5000e+00   -2.6000e+00   -3.0000e+00    0.0000e+00    1.3774e-03   -3.2854e-04    9.2810e-04   -4.1213e-04
   5.0000e-01    1.5000e+00   -2.6000e+00   -2.9959e+00   -1.5701e-01    1.1688e-03    8.1876e-04    6.4718e-04    7.3316e-04
   5.0000e-01    1.5000e+00   -2.6000e+00   -2.9836e+00   -3.1359e-01    1.1750e-04    1.4338e-03   -3.2150e-04    1.3676e-03
   5.0000e-01    1.5000e+00   -2.6000e+00   -2.9631e+00   -4.6930e-01   -1.0709e-03    9.7946e-04   -1.4169e-03    8.0003e-04
   5.0000e-01    1.5000e+00   -2.6000e+00   -2.9344e+00   -6.2374e-01   -1.4321e-03   -3.0858e-04   -1.7584e-03   -4.9802e-04
   5.0000e-01    1.5000e+00   -2.6000e+00   -2.8978e+00   -7.7646e-01   -5.4772e-04   -1.3739e-03   -8.0026e-04   -1.5188e-03
   5.0000e-01    1.5000e+00   -2.6000e+00   -2.8532e+00   -9.2705e-01    8.9316e-04   -1.1982e-03    7.2644e-04   -1.2993e-03
   5.0000e-01    1.5000e+00   -2.6000e+00   -2.8007e+00   -1.0751e+00    1.4993e-03    1.8826e-04    1.4600e-03    -7.9548e-06
   5.0000e-01    1.5000e+00   -2.6000e+00   -2.7406e+00   -1.2202e+00    5.4229e-04    1.4291e-03    6.2167e-04    1.3065e-03
   5.0000e-01    1.5000e+00   -2.6000e+00   -2.6730e+00   -1.3620e+00   -1.0600e-03    1.1265e-03   -9.5214e-04    9.4741e-04
   5.0000e-01    1.5000e+00   -2.6000e+00   -2.5981e+00   -1.5000e+00   -1.4816e-03   -5.0914e-04   -1.2275e-03   -6.3448e-04
   5.0000e-01    1.5000e+00   -2.6000e+00   -2.5160e+00   -1.6339e+00   -9.1230e-05   -1.5855e-03    9.2084e-05   -1.7325e-03
   5.0000e-01    1.5000e+00   -2.6000e+00   -2.4271e+00   -1.7634e+00    1.4697e-03   -6.5840e-04    1.7115e-03   -7.6743e-04
   5.0000e-01    1.5000e+00   -2.6000e+00   -2.3314e+00   -1.8880e+00    1.1270e-03    1.1839e-03    1.3945e-03    1.0140e-03
   5.0000e-01    1.5000e+00   -2.6000e+00   -2.2294e+00   -2.0074e+00   -8.0761e-04    1.4513e-03   -4.9930e-04    1.3428e-03
   5.0000e-01    1.5000e+00   -2.6000e+00   -2.1213e+00   -2.1213e+00   -1.6422e-03   -3.9365e-04   -1.3446e-03   -5.0977e-04
   5.0000e-01    1.5000e+00   -2.6000e+00   -2.0074e+00   -2.2294e+00   -3.1695e-05   -1.7180e-03    2.1085e-04   -1.7871e-03
   5.0000e-01    1.5000e+00   -2.6000e+00   -1.8880e+00   -2.3314e+00    1.6948e-03   -4.3737e-04    1.8948e-03   -5.2475e-04
   5.0000e-01    1.5000e+00   -2.6000e+00   -1.7634e+00   -2.4271e+00    7.7948e-04    1.6058e-03    1.0801e-03    1.5074e-03
   5.0000e-01    1.5000e+00   -2.6000e+00   -1.6339e+00   -2.5160e+00   -1.4775e-03    1.0672e-03   -1.1762e-03    1.0607e-03
   5.0000e-01    1.5000e+00   -2.6000e+00   -1.5000e+00   -2.5981e+00   -1.3162e-03   -1.3193e-03   -1.0588e-03   -1.3041e-03
   5.0000e-01    1.5000e+00   -2.6000e+00   -1.3620e+00   -2.6730e+00    1.1473e-03   -1.5231e-03    1.3268e-03   -1.5476e-03
   5.0000e-01    1.5000e+00   -2.6000e+00   -1.2202e+00   -2.7406e+00    1.6790e-03    1.0031e-03    1.8101e-03    1.0757e-03
   5.0000e-01    1.5000e+00   -2.6000e+00   -1.0751e+00   -2.8007e+00   -8.5948e-04    1.8151e-03   -7.8524e-04    1.7706e-03
   5.0000e-01    1.5000e+00   -2.6000e+00   -9.2705e-01   -2.8532e+00   -1.9241e-03   -7.5239e-04   -1.9598e-03   -5.7227e-04
   5.0000e-01    1.5000e+00   -2.6000e+00   -7.7646e-01   -2.8978e+00    6.4339e-04   -2.0301e-03    6.1405e-04   -1.9123e-03
   5.0000e-01    1.5000e+00   -2.6000e+00   -6.2374e-01   -2.9344e+00    2.1253e-03    5.7127e-04    2.1487e-03    8.0070e-04
   5.0000e-01    1.5000e+00   -2.6000e+00   -4.6930e-01   -2.9631e+00   -5.4452e-04    2.2146e-03   -5.5378e-04    2.4572e-03
   5.0000e-01    1.5000e+00   -2.6000e+00   -3.1359e-01   -2.9836e+00   -2.3052e-03   -5.5173e-04   -2.4405e-03   -1.7368e-04
   5.0000e-01    1.5000e+00   -2.6000e+00   -1.5701e-01   -2.9959e+00    5.6829e-04   -2.4061e-03    5.1130e-04   -2.0362e-03
   5.0000e-01    1.5000e+00   -2.6000e+00    0.0000e+00   -3.0000e+00    2.5182e-03    6.0279e-04    2.4962e-03    9.3741e-04
   5.0000e-01    1.5000e+00   -2.6000e+00    2.5981e+00   -1.5000e+00    2.5249e-03    5.7145e-04    3.0363e-03    7.5454e-04
   5.0000e-01    1.5000e+00   -2.6000e+00    2.6730e+00   -1.3620e+00    5.2353e-04   -2.4153e-03    1.1545e-03   -2.2490e-03
   5.0000e-01    1.5000e+00   -2.6000e+00    2.7406e+00   -1.2202e+00   -2.3185e-03   -4.8996e-04   -1.7133e-03   -1.4796e-04
   5.0000e-01    1.5000e+00   -2.6000e+00    2.8007e+00   -1.0751e+00   -5.0382e-04    2.2239e-03    8.3990e-05    2.5262e-03
   5.0000e-01    1.5000e+00   -2.6000e+00    2.8532e+00   -9.2705e-01    2.1349e-03    5.3161e-04    2.7055e-03    9.4043e-04
   5.0000e-01    1.5000e+00   -2.6000e+00    2.8978e+00   -7.7646e-01    6.0739e-04   -2.0407e-03    1.1824e-03   -1.6499e-03
   5.0000e-01    1.5000e+00   -2.6000e+00    2.9344e+00   -6.2374e-01   -1.9382e-03   -7.1461e-04   -1.4138e-03   -3.6603e-04
   5.0000e-01    1.5000e+00   -2.6000e+00    2.9631e+00   -4.6930e-01   -8.2701e-04    1.8294e-03   -2.3418e-04    2.1780e-03
   5.0000e-01    1.5000e+00   -2.6000e+00    2.9836e+00   -3.1359e-01    1.6981e-03    9.6838e-04    2.2258e-03    1.3091e-03
   5.0000e-01    1.5000e+00   -2.6000e+00    2.9959e+00   -1.5701e-01    1.1314e-03   -1.5352e-03    1.6199e-03   -1.2032e-03
   5.0000e-01    2.6000e+00   -1.5000e+00    3.0000e+00    0.0000e+00    2.5114e-03    6.3483e-04    2.7997e-03    1.1314e-03
   5.0000e-01    2.6000e+00   -1.5000e+00    2.9959e+00    1.5701e-01    5.6829e-04   -2.4061e-03    8.9404e-04   -1.9370e-03
   5.0000e-01    2.6000e+00   -1.5000e+00    2.9836e+00    3.1359e-01   -2.3052e-03   -5.5173e-04   -1.8778e-03   -9.0172e-05
   5.0000e-01    2.6000e+00   -1.5000e+00    2.9631e+00    4.6930e-01   -5.4452e-04    2.2146e-03   -7.2654e-05    2.5120e-03
   5.0000e-01    2.6000e+00   -1.5000e+00    2.9344e+00    6.2374e-01    2.1253e-03    5.7127e-04    2.6280e-03    8.9881e-04
   5.0000e-01    2.6000e+00   -1.5000e+00    2.8978e+00    7.7646e-01    6.4339e-04   -2.0301e-03    1.0138e-03   -1.8255e-03
   5.0000e-01    2.6000e+00   -1.5000e+00    2.8532e+00    9.2705e-01   -1.9241e-03   -7.5239e-04   -1.4368e-03   -6.0775e-04
   5.0000e-01    2.6000e+00   -1.5000e+00    2.8007e+00    1.0751e+00   -8.5948e-04    1.8151e-03   -5.4270e-04    1.8942e-03
   5.0000e-01    2.6000e+00   -1.5000e+00    2.7406e+00    1.2202e+00    1.6790e-03    1.0031e-03    1.9587e-03    1.0611e-03
   5.0000e-01    2.6000e+00   -1.5000e+00    2.6730e+00    1.3620e+00    1.1473e-03   -1.5231e-03    1.3783e-03   -1.5080e-03
   5.0000e-01    2.6000e+00   -1.5000e+00    2.5981e+00    1.5000e+00   -1.3162e-03   -1.3193e-03   -1.2118e-03   -1.2739e-03
   5.0000e-01    2.6000e+00   -1.5000e+00    2.5160e+00    1.6339e+00   -1.4775e-03    1.0672e-03   -1.4628e-03    1.0849e-03
   5.0000e-01    2.6000e+00   -1.5000e+00    2.4271e+00    1.7634e+00    7.7948e-04    1.6058e-03    7.0170e-04    1.5687e-03
   5.0000e-01    2.6000e+00   -1.5000e+00    2.3314e+00    1.8880e+00    1.6948e-03   -4.3737e-04    1.6462e-03   -4.4351e-04
   5.0000e-01    2.6000e+00   -1.5000e+00    2.2294e+00    2.0074e+00   -3.1695e-05   -1.7180e-03   -1.6923e-04   -1.7278e-03
   5.0000e-01    2.6000e+00   -1.5000e+00    2.1213e+00    2.1213e+00   -1.6422e-03   -3.9365e-04   -1.8202e-03   -4.9888e-04
   5.0000e-01    2.6000e+00   -1.5000e+00    2.0074e+00    2.2294e+00   -8.0761e-04    1.4513e-03   -1.0051e-03    1.3107e-03
   5.0000e-01    2.6000e+00   -1.5000e+00    1.8880e+00    2.3314e+00    1.1270e-03    1.1839e-03    9.6499e-04    1.0218e-03
   5.0000e-01    2.6000e+00   -1.5000e+00    1.7634e+00    2.4271e+00    1.4697e-03   -6.5840e-04    1.2307e-03   -8.1027e-04
   5.0000e-01    2.6000e+00   -1.5000e+00    1.6339e+00    2.5160e+00   -9.1230e-05   -1.5855e-03   -2.9132e-04   -1.8875e-03
   5.0000e-01    2.6000e+00   -1.5000e+00    1.5000e+00    2.5981e+00   -1.4816e-03   -5.0914e-04   -1.6905e-03   -8.8496e-04
   5.0000e-01    2.6000e+00   -1.5000e+00    1.3620e+00    2.6730e+00   -1.0600e-03    1.1265e-03   -1.2935e-03    7.6782e-04
   5.0000e-01    2.6000e+00   -1.5000e+00    1.2202e+00    2.7406e+00    5.4229e-04    1.4291e-03    3.3293e-04    1.0115e-03
   5.0000e-01    2.6000e+00   -1.5000e+00    1.0751e+00    2.8007e+00    1.4993e-03    1.8826e-04    1.2424e-03   -2.3974e-04
   5.0000e-01    2.6000e+00   -1.5000e+00    9.2705e-01    2.8532e+00    8.9316e-04   -1.1982e-03    6.9535e-04   -1.6984e-03
   5.0000e-01    2.6000e+00   -1.5000e+00    7.7646e-01    2.8978e+00   -5.4772e-04   -1.3739e-03   -7.9046e-04   -1.8340e-03
   5.0000e-01    2.6000e+00   -1.5000e+00    6.2374e-01    2.9344e+00   -1.4321e-03   -3.0858e-04   -1.6770e-03   -7.7397e-04
   5.0000e-01    2.6000e+00   -1.5000e+00    4.6930e-01    2.9631e+00   -1.0709e-03    9.7946e-04   -1.3524e-03    5.4220e-04
   5.0000e-01    2.6000e+00   -1.5000e+00    3.1359e-01    2.9836e+00    1.1750e-04    1.4338e-03   -1.9391e-04    1.0209e-03
   5.0000e-01    2.6000e+00   -1.5000e+00    1.5701e-01    2.9959e+00    1.1688e-03    8.1876e-04    7.5409e-04    4.4881e-04
   5.0000e-01    2.6000e+00   -1.5000e+00    0.0000e+00    3.0000e+00    1.3751e-03   -3.3753e-04    9.0005e-04   -6.8168e-04
   5.0000e-01    2.6000e+00   -1.5000e+00   -1.5701e-01    2.9959e+00    7.2073e-04   -1.2068e-03    2.4456e-04   -1.4536e-03
   5.0000e-01    2.6000e+00   -1.5000e+00   -3.1359e-01    2.9836e+00   -3.1029e-04   -1.3610e-03   -8.7315e-04   -1.5039e-03
   5.0000e-01    2.6000e+00   -1.5000e+00   -4.6930e-01    2.9631e+00   -1.1355e-03   -7.9642e-04   -1.7351e-03   -8.5002e-04
   5.0000e-01    2.6000e+00   -1.5000e+00   -6.2374e-01    2.9344e+00   -1.3743e-03    1.0938e-04   -2.0179e-03    1.8778e-04
   5.0000e-01    2.6000e+00   -1.5000e+00   -7.7646e-01    2.8978e+00   -1.0206e-03    9.1513e-04   -1.5855e-03    1.0527e-03
   5.0000e-01    2.6000e+00   -1.5000e+00   -9.2705e-01    2.8532e+00   -3.2064e-04    1.3256e-03   -8.8943e-04    1.4736e-03
   5.0000e-01    2.6000e+00   -1.5000e+00   -1.0751e+00    2.8007e+00    4.4779e-04    1.2814e-03   -1.5590e-04    1.5801e-03
   5.0000e-01    2.6000e+00   -1.5000e+00   -1.2202e+00    2.7406e+00    1.0287e-03    8.7632e-04    5.4177e-04    1.2677e-03
   5.0000e-01    2.6000e+00   -1.5000e+00   -1.3620e+00    2.6730e+00    1.3155e-03    2.8246e-04    9.7258e-04    7.5278e-04
   5.0000e-01    2.6000e+00   -1.5000e+00   -1.5000e+00    2.5981e+00    1.3052e-03   -3.0681e-04    9.7065e-04    2.3583e-04
   5.0000e-01    2.6000e+00   -1.5000e+00   -1.6339e+00    2.5160e+00    1.0785e-03   -7.8904e-04    8.6850e-04   -2.0263e-04
   5.0000e-01    2.6000e+00   -1.5000e+00   -1.7634e+00    2.4271e+00    7.1905e-04   -1.1216e-03    6.8664e-04   -5.2888e-04
   5.0000e-01    2.6000e+00   -1.5000e+00   -1.8880e+00    2.3314e+00    3.1783e-04   -1.2901e-03    4.5387e-04   -6.5280e-04
   5.0000e-01    2.6000e+00   -1.5000e+00   -2.0074e+00    2.2294e+00   -3.7765e-05   -1.3252e-03    1.5391e-04   -5.8661e-04
   5.0000e-01    2.6000e+00   -1.5000e+00   -2.1213e+00    2.1213e+00   -3.3918e-04   -1.2793e-03   -2.8315e-05   -6.0718e-04
   5.0000e-01    2.6000e+00   -1.5000e+00   -2.2294e+00    2.0074e+00   -5.8581e-04   -1.1844e-03   -1.9105e-04   -4.4945e-04
   5.0000e-01    2.6000e+00   -1.5000e+00   -2.3314e+00    1.8880e+00   -7.6520e-04   -1.0749e-03   -2.8447e-04   -3.6301e-04
   5.0000e-01    2.6000e+00   -1.5000e+00   -2.4271e+00    1.7634e+00   -8.6831e-04   -9.9206e-04   -2.7137e-04   -2.5266e-04
   5.0000e-01    2.6000e+00   -1.5000e+00   -2.5160e+00    1.6339e+00   -9.2580e-04   -9.3803e-04   -2.6321e-04   -1.8758e-04
   5.0000e-01    2.6000e+00   -1.5000e+00   -2.5981e+00    1.5000e+00   -9.5032e-04   -9.1263e-04   -3.9802e-04   -1.6583e-04
   5.0000e-01    2.6000e+00   -1.5000e+00   -2.6730e+00    1.3620e+00   -9.3393e-04   -9.2945e-04   -3.1448e-04   -1.9992e-04
   5.0000e-01    2.6000e+00   -1.5000e+00   -2.7406e+00    1.2202e+00   -8.6842e-04   -9.9226e-04   -2.9076e-04   -2.3964e-04
   5.0000e-01    2.6000e+00   -1.5000e+00   -2.8007e+00    1.0751e+00   -7.5739e-04   -1.0808e-03   -2.8083e-04   -3.7074e-04
   5.0000e-01    2.6000e+00   -1.5000e+00   -2.8532e+00    9.2705e-01   -5.8517e-04   -1.1844e-03   -2.1288e-04   -4.5963e-04
   5.0000e-01    2.6000e+00   -1.5000e+00   -2.8978e+00    7.7646e-01   -3.5589e-04   -1.2742e-03   -3.3186e-05   -5.9595e-04
   5.0000e-01    2.6000e+00   -1.5000e+00   -2.9344e+00    6.2374e-01   -4.4490e-05   -1.3249e-03    5.8027e-05   -7.0622e-04
   5.0000e-01    2.6000e+00   -1.5000e+00   -2.9631e+00    4.6930e-01    3.2275e-04   -1.2887e-03    3.6239e-04   -6.3590e-04
   5.0000e-01    2.6000e+00   -1.5000e+00   -2.9836e+00    3.1359e-01    7.2163e-04   -1.1196e-03    6.5621e-04   -5.8891e-04
   5.0000e-01    2.6000e+00   -1.5000e+00   -2.9959e+00    1.5701e-01    1.0729e-03   -7.9643e-04    9.5855e-04   -2.8382e-04
   5.0000e-01    2.6000e+00   -1.5000e+00   -3.0000e+00    0.0000e+00    1.3015e-03   -3.2094e-04    1.1456e-03    6.8696e-05
   5.0000e-01    2.6000e+00   -1.5000e+00   -2.9959e+00   -1.5701e-01    1.3156e-03    2.8222e-04    1.1158e-03    6.9306e-04
   5.0000e-01    2.6000e+00   -1.5000e+00   -2.9836e+00   -3.1359e-01    1.0333e-03    8.7002e-04    8.6100e-04    1.1745e-03
   5.0000e-01    2.6000e+00   -1.5000e+00   -2.9631e+00   -4.6930e-01    4.6082e-04    1.2760e-03    2.6486e-04    1.4679e-03
   5.0000e-01    2.6000e+00   -1.5000e+00   -2.9344e+00   -6.2374e-01   -3.0380e-04    1.3292e-03   -4.6956e-04    1.4728e-03
   5.0000e-01    2.6000e+00   -1.5000e+00   -2.8978e+00   -7.7646e-01   -1.0105e-03    9.2567e-04   -1.0098e-03    9.5107e-04
   5.0000e-01    2.6000e+00   -1.5000e+00   -2.8532e+00   -9.2705e-01   -1.3726e-03    1.2285e-04   -1.3330e-03    4.3025e-05
   5.0000e-01    2.6000e+00   -1.5000e+00   -2.8007e+00   -1.0751e+00   -1.1440e-03   -7.8363e-04   -9.8784e-04   -8.2666e-04
   5.0000e-01    2.6000e+00   -1.5000e+00   -2.7406e+00   -1.2202e+00   -3.3739e-04   -1.3542e-03   -9.7975e-05   -1.5244e-03
   5.0000e-01    2.6000e+00   -1.5000e+00   -2.6730e+00   -1.3620e+00    6.9868e-04   -1.2190e-03    1.1155e-03   -1.4583e-03
   5.0000e-01    2.6000e+00   -1.5000e+00   -2.5981e+00   -1.5000e+00    1.3726e-03   -3.4526e-04    1.7895e-03   -6.0647e-04
   5.0000e-01    2.6000e+00   -1.5000e+00   -2.5160e+00   -1.6339e+00    1.1783e-03    8.0437e-04    1.8010e-03    5.0711e-04
   5.0000e-01    2.6000e+00   -1.5000e+00   -2.4271e+00   -1.7634e+00    1.3889e-04    1.4315e-03    7.4889e-04    1.1037e-03
   5.0000e-01    2.6000e+00   -1.5000e+00   -2.3314e+00   -1.8880e+00   -1.0509e-03    1.0002e-03   -5.0413e-04    6.7585e-04
   5.0000e-01    2.6000e+00   -1.5000e+00   -2.2294e+00   -2.0074e+00   -1.4371e-03   -2.8278e-04   -8.1271e-04   -6.5287e-04
   5.0000e-01    2.6000e+00   -1.5000e+00   -2.1213e+00   -2.1213e+00   -5.5625e-04   -1.3704e-03    1.1865e-04   -1.7267e-03
   5.0000e-01    2.6000e+00   -1.5000e+00   -2.0074e+00   -2.2294e+00    8.8005e-04   -1.2074e-03    1.4492e-03   -1.5600e-03
   5.0000e-01    2.6000e+00   -1.5000e+00   -1.8880e+00   -2.3314e+00    1.5025e-03    1.5483e-04    2.0020e-03   -1.8242e-04
   5.0000e-01    2.6000e+00   -1.5000e+00   -1.7634e+00   -2.4271e+00    5.6453e-04    1.4198e-03    9.6527e-04    1.1856e-03
   5.0000e-01    2.6000e+00   -1.5000e+00   -1.6339e+00   -2.5160e+00   -1.0478e-03    1.1377e-03   -7.3179e-04    8.8047e-04
   5.0000e-01    2.6000e+00   -1.5000e+00   -1.5000e+00   -2.5981e+00   -1.4881e-03   -4.9040e-04   -1.3377e-03   -6.8699e-04
   5.0000e-01    2.6000e+00   -1.5000e+00   -1.3620e+00   -2.6730e+00   -1.2656e-04   -1.5824e-03   -3.5896e-05   -1.7749e-03
   5.0000e-01    2.6000e+00   -1.5000e+00   -1.2202e+00   -2.7406e+00    1.4607e-03   -6.7889e-04    1.4022e-03   -7.2782e-04
   5.0000e-01    2.6000e+00   -1.5000e+00   -1.0751e+00   -2.8007e+00    1.1381e-03    1.1738e-03    1.0204e-03    1.0834e-03
   5.0000e-01    2.6000e+00   -1.5000e+00   -9.2705e-01   -2.8532e+00   -7.9794e-04    1.4563e-03   -9.3669e-04    1.4831e-03
   5.0000e-01    2.6000e+00   -1.5000e+00   -7.7646e-01   -2.8978e+00   -1.6494e-03   -3.5984e-04   -1.8287e-03   -3.0654e-04
   5.0000e-01    2.6000e+00   -1.5000e+00   -6.2374e-01   -2.9344e+00   -6.6153e-05   -1.7170e-03   -2.9567e-04   -1.5929e-03
   5.0000e-01    2.6000e+00   -1.5000e+00   -4.6930e-01   -2.9631e+00    1.6911e-03   -4.5204e-04    1.4618e-03   -1.9807e-04
   5.0000e-01    2.6000e+00   -1.5000e+00   -3.1359e-01   -2.9836e+00    7.8773e-04    1.6019e-03    6.1264e-04    1.8100e-03
   5.0000e-01    2.6000e+00   -1.5000e+00   -1.5701e-01   -2.9959e+00   -1.4612e-03    1.0892e-03   -1.5807e-03    1.2904e-03
   5.0000e-01    2.6000e+00   -1.5000e+00    0.0000e+00   -3.0000e+00   -1.3483e-03   -1.2855e-03   -1.3538e-03   -1.0659e-03
   5.0000e-01    2.6000e+00   -1.5000e+00    1.5701e-01   -2.9959e+00    1.1314e-03   -1.5352e-03    1.1918e-03   -1.2638e-03
   5.0000e-01    2.6000e+00   -1.5000e+00    3.1359e-01   -2.9836e+00    1.6981e-03    9.6838e-04    1.8898e-03    1.3432e-03
   5.0000e-01    2.6000e+00   -1.5000e+00    4.6930e-01   -2.9631e+00   -8.2701e-04    1.8294e-03   -5.1605e-04    2.0848e-03
   5.0000e-01    2.6000e+00   -1.5000e+00    6.2374e-01   -2.9344e+00   -1.9382e-03   -7.1461e-04   -1.4937e-03   -3.5654e-04
   5.0000e-01    2.6000e+00   -1.5000e+00    7.7646e-01   -2.8978e+00    6.0739e-04   -2.0407e-03    1.0377e-03   -1.7164e-03
   5.0000e-01    2.6000e+00   -1.5000e+00    9.2705e-01   -2.8532e+00    2.1349e-03    5.3161e-04    2.6482e-03    7.7027e-04
   5.0000e-01    2.6000e+00   -1.5000e+00    1.0751e+00   -2.8007e+00   -5.0382e-04    2.2239e-03    3.0391e-05    2.4458e-03
   5.0000e-01    2.6000e+00   -1.5000e+00    1.2202e+00   -2.7406e+00   -2.3185e-03   -4.8996e-04   -1.7784e-03   -2.9255e-04
   5.0000e-01    2.6000e+00   -1.5000e+00    1.3620e+00   -2.6730e+00    5.2353e-04   -2.4153e-03    1.0859e-03   -2.2180e-03
   5.0000e-01    2.6000e+00   -1.5000e+00    1.5000e+00   -2.5981e+00    2.5249e-03    5.7145e-04    3.0589e-03    7.7353e-04
