   3.0000e-01    3.0000e+00    0.0000e+00    2.5981e+00    1.5000e+00    1.7913e-03    9.0077e-04    2.0498e-03    8.1400e-04
   3.0000e-01    3.0000e+00    0.0000e+00    2.5160e+00    1.6339e+00    1.6940e-03   -8.9140e-04    1.9574e-03   -9.4932e-04
   3.0000e-01    3.0000e+00    0.0000e+00    2.4271e+00    1.7634e+00    2.5666e-04   -1.8170e-03    5.2072e-04   -1.9351e-03
   3.0000e-01    3.0000e+00    0.0000e+00    2.3314e+00    1.8880e+00   -1.2613e-03   -1.2357e-03   -9.8622e-04   -1.3178e-03
   3.0000e-01    3.0000e+00    0.0000e+00    2.2294e+00    2.0074e+00   -1.6858e-03    2.5140e-04   -1.4309e-03    1.8360e-04
   3.0000e-01    3.0000e+00    0.0000e+00    2.1213e+00    2.1213e+00   -7.9867e-04    1.4433e-03   -5.3981e-04    1.4079e-03
   3.0000e-01    3.0000e+00    0.0000e+00    2.0074e+00    2.2294e+00    6.3001e-04    1.4707e-03    8.8753e-04    1.4062e-03
   3.0000e-01    3.0000e+00    0.0000e+00    1.8880e+00    2.3314e+00    1.4992e-03    4.1292e-04    1.6995e-03    3.1731e-04
   3.0000e-01    3.0000e+00    0.0000e+00    1.7634e+00    2.4271e+00    1.2379e-03   -8.7250e-04    1.4447e-03   -8.9917e-04
   3.0000e-01    3.0000e+00    0.0000e+00    1.6339e+00    2.5160e+00    1.2244e-04   -1.4723e-03    2.9752e-04   -1.5360e-03
   3.0000e-01    3.0000e+00    0.0000e+00    1.5000e+00    2.5981e+00   -1.0149e-03   -1.0260e-03   -8.5647e-04   -1.1251e-03
   3.0000e-01    3.0000e+00    0.0000e+00    1.3620e+00    2.6730e+00   -1.4096e-03    7.8720e-05   -1.3094e-03    3.8605e-05
   3.0000e-01    3.0000e+00    0.0000e+00    1.2202e+00    2.7406e+00   -8.6808e-04    1.0765e-03   -7.7222e-04    1.0211e-03
   3.0000e-01    3.0000e+00    0.0000e+00    1.0751e+00    2.8007e+00    1.9048e-04    1.3427e-03    2.3124e-04    1.3072e-03
   3.0000e-01    3.0000e+00    0.0000e+00    9.2705e-01    2.8532e+00    1.0825e-03    7.7461e-04    1.0909e-03    7.0783e-04
   3.0000e-01    3.0000e+00    0.0000e+00    7.7646e-01    2.8978e+00    1.2893e-03   -2.2034e-04    1.2461e-03   -2.9012e-04
   3.0000e-01    3.0000e+00    0.0000e+00    6.2374e-01    2.9344e+00    7.5756e-04   -1.0399e-03    5.7735e-04   -1.0750e-03
   3.0000e-01    3.0000e+00    0.0000e+00    4.6930e-01    2.9631e+00   -1.6658e-04   -1.2554e-03   -3.4602e-04   -1.2386e-03
   3.0000e-01    3.0000e+00    0.0000e+00    3.1359e-01    2.9836e+00   -9.5654e-04   -8.0100e-04   -1.1384e-03   -8.3378e-04
   3.0000e-01    3.0000e+00    0.0000e+00    1.5701e-01    2.9959e+00   -1.2297e-03    3.3121e-05   -1.4522e-03    1.7290e-05
   3.0000e-01    3.0000e+00    0.0000e+00    0.0000e+00    3.0000e+00   -8.9633e-04    8.1823e-04   -1.1892e-03    8.3467e-04
   3.0000e-01    3.0000e+00    0.0000e+00   -1.5701e-01    2.9959e+00   -1.7874e-04    1.1850e-03   -5.0724e-04    1.2415e-03
   3.0000e-01    3.0000e+00    0.0000e+00   -3.1359e-01    2.9836e+00    5.8602e-04    1.0288e-03    2.3452e-04    1.0812e-03
   3.0000e-01    3.0000e+00    0.0000e+00   -4.6930e-01    2.9631e+00    1.0790e-03    4.5350e-04    6.9415e-04    5.1996e-04
   3.0000e-01    3.0000e+00    0.0000e+00   -6.2374e-01    2.9344e+00    1.1258e-03   -2.6989e-04    6.7562e-04   -2.2912e-04
   3.0000e-01    3.0000e+00    0.0000e+00   -7.7646e-01    2.8978e+00    7.5908e-04   -8.5828e-04    2.8970e-04   -7.7486e-04
   3.0000e-01    3.0000e+00    0.0000e+00   -9.2705e-01    2.8532e+00    1.5644e-04   -1.1239e-03   -3.2529e-04   -9.8396e-04
   3.0000e-01    3.0000e+00    0.0000e+00   -1.0751e+00    2.8007e+00   -4.7323e-04   -1.0199e-03   -9.8359e-04   -9.7138e-04
   3.0000e-01    3.0000e+00    0.0000e+00   -1.2202e+00    2.7406e+00   -9.2712e-04   -6.1857e-04   -1.3990e-03   -4.9403e-04
   3.0000e-01    3.0000e+00    0.0000e+00   -1.3620e+00    2.6730e+00   -1.1034e-03   -6.3558e-05   -1.5829e-03    4.9665e-05
   3.0000e-01    3.0000e+00    0.0000e+00   -1.5000e+00    2.5981e+00   -9.9048e-04    4.7103e-04   -1.4387e-03    5.6065e-04
   3.0000e-01    3.0000e+00    0.0000e+00   -1.6339e+00    2.5160e+00   -6.5633e-04    8.6867e-04   -1.1744e-03    9.4815e-04
   3.0000e-01    3.0000e+00    0.0000e+00   -1.7634e+00    2.4271e+00   -1.9768e-04    1.0630e-03   -6.3150e-04    1.1221e-03
   3.0000e-01    3.0000e+00    0.0000e+00   -1.8880e+00    2.3314e+00    2.7247e-04    1.0390e-03   -1.6533e-04    1.1528e-03
   3.0000e-01    3.0000e+00    0.0000e+00   -2.0074e+00    2.2294e+00    6.5832e-04    8.4073e-04    2.3593e-04    9.7107e-04
   3.0000e-01    3.0000e+00    0.0000e+00   -2.1213e+00    2.1213e+00    9.2174e-04    5.2726e-04    5.5412e-04    7.0814e-04
   3.0000e-01    3.0000e+00    0.0000e+00   -2.2294e+00    2.0074e+00    1.0445e-03    1.5764e-04    7.1147e-04    2.6494e-04
   3.0000e-01    3.0000e+00    0.0000e+00   -2.3314e+00    1.8880e+00    1.0309e-03   -2.0482e-04    7.0056e-04   -9.2838e-05
   3.0000e-01    3.0000e+00    0.0000e+00   -2.4271e+00    1.7634e+00    9.1390e-04   -5.0977e-04    6.6283e-04   -3.8100e-04
   3.0000e-01    3.0000e+00    0.0000e+00   -2.5160e+00    1.6339e+00    7.2687e-04   -7.4705e-04    4.8435e-04   -5.6973e-04
   3.0000e-01    3.0000e+00    0.0000e+00   -2.5981e+00    1.5000e+00    4.9869e-04   -9.1080e-04    2.7619e-04   -7.4933e-04
   3.0000e-01    3.0000e+00    0.0000e+00   -2.6730e+00    1.3620e+00    2.6298e-04   -1.0010e-03    4.6367e-05   -8.4782e-04
   3.0000e-01    3.0000e+00    0.0000e+00   -2.7406e+00    1.2202e+00    4.2211e-05   -1.0311e-03   -1.0294e-04   -8.2180e-04
   3.0000e-01    3.0000e+00    0.0000e+00   -2.8007e+00    1.0751e+00   -1.5492e-04   -1.0176e-03   -2.1676e-04   -8.0658e-04
   3.0000e-01    3.0000e+00    0.0000e+00   -2.8532e+00    9.2705e-01   -3.2103e-04   -9.7542e-04   -3.7876e-04   -7.4573e-04
   3.0000e-01    3.0000e+00    0.0000e+00   -2.8978e+00    7.7646e-01   -4.5735e-04   -9.1719e-04   -4.6400e-04   -6.5445e-04
   3.0000e-01    3.0000e+00    0.0000e+00   -2.9344e+00    6.2374e-01   -5.5748e-04   -8.5822e-04   -5.6478e-04   -6.3860e-04
   3.0000e-01    3.0000e+00    0.0000e+00   -2.9631e+00    4.6930e-01   -6.3216e-04   -8.0316e-04   -6.0321e-04   -5.3515e-04
   3.0000e-01    3.0000e+00    0.0000e+00   -2.9836e+00    3.1359e-01   -6.7957e-04   -7.6235e-04   -6.2896e-04   -4.9924e-04
   3.0000e-01    3.0000e+00    0.0000e+00   -2.9959e+00    1.5701e-01   -7.0919e-04   -7.3424e-04   -6.2956e-04   -4.7634e-04
   3.0000e-01    3.0000e+00    0.0000e+00   -3.0000e+00    0.0000e+00   -7.2250e-04   -7.2081e-04   -6.4884e-04   -4.4827e-04
   3.0000e-01    3.0000e+00    0.0000e+00   -2.9959e+00   -1.5701e-01   -7.0919e-04   -7.3424e-04   -6.9949e-04   -4.9814e-04
   3.0000e-01    3.0000e+00    0.0000e+00   -2.9836e+00   -3.1359e-01   -6.7957e-04   -7.6235e-04   -6.6799e-04   -4.5808e-04
   3.0000e-01    3.0000e+00    0.0000e+00   -2.9631e+00   -4.6930e-01   -6.3216e-04   -8.0316e-04   -6.0567e-04   -5.2643e-04
   3.0000e-01    3.0000e+00    0.0000e+00   -2.9344e+00   -6.2374e-01   -5.5748e-04   -8.5822e-04   -6.3981e-04   -5.8984e-04
   3.0000e-01    3.0000e+00    0.0000e+00   -2.8978e+00   -7.7646e-01   -4.5735e-04   -9.1719e-04   -4.7898e-04   -6.9532e-04
   3.0000e-01    3.0000e+00    0.0000e+00   -2.8532e+00   -9.2705e-01   -3.2103e-04   -9.7542e-04   -4.0393e-04   -7.5056e-04
   3.0000e-01    3.0000e+00    0.0000e+00   -2.8007e+00   -1.0751e+00   -1.5492e-04   -1.0176e-03   -2.0171e-04   -8.3594e-04
   3.0000e-01    3.0000e+00    0.0000e+00   -2.7406e+00   -1.2202e+00    4.2211e-05   -1.0311e-03   -9.8977e-05   -7.9501e-04
   3.0000e-01    3.0000e+00    0.0000e+00   -2.6730e+00   -1.3620e+00    2.6298e-04   -1.0010e-03    8.5875e-05   -8.2749e-04
   3.0000e-01    3.0000e+00    0.0000e+00   -2.5981e+00   -1.5000e+00    4.9869e-04   -9.1080e-04    2.9945e-04   -7.7616e-04
   3.0000e-01    3.0000e+00    0.0000e+00   -2.5160e+00   -1.6339e+00    7.2687e-04   -7.4705e-04    4.9257e-04   -6.2520e-04
   3.0000e-01    3.0000e+00    0.0000e+00   -2.4271e+00   -1.7634e+00    9.1390e-04   -5.0977e-04    6.6093e-04   -3.6486e-04
   3.0000e-01    3.0000e+00    0.0000e+00   -2.3314e+00   -1.8880e+00    1.0309e-03   -2.0482e-04    7.8113e-04   -6.1336e-05
   3.0000e-01    3.0000e+00    0.0000e+00   -2.2294e+00   -2.0074e+00    1.0445e-03    1.5764e-04    7.3258e-04    2.4529e-04
   3.0000e-01    3.0000e+00    0.0000e+00   -2.1213e+00   -2.1213e+00    9.2174e-04    5.2726e-04    5.3421e-04    6.5155e-04
   3.0000e-01    3.0000e+00    0.0000e+00   -2.0074e+00   -2.2294e+00    6.5832e-04    8.4073e-04    2.9431e-04    9.0298e-04
   3.0000e-01    3.0000e+00    0.0000e+00   -1.8880e+00   -2.3314e+00    2.7247e-04    1.0390e-03   -1.3823e-04    1.1623e-03
   3.0000e-01    3.0000e+00    0.0000e+00   -1.7634e+00   -2.4271e+00   -1.9768e-04    1.0630e-03   -6.1505e-04    1.1832e-03
   3.0000e-01    3.0000e+00    0.0000e+00   -1.6339e+00   -2.5160e+00   -6.5633e-04    8.6867e-04   -1.1326e-03    9.4845e-04
   3.0000e-01    3.0000e+00    0.0000e+00   -1.5000e+00   -2.5981e+00   -9.9048e-04    4.7103e-04   -1.5144e-03    5.6884e-04
   3.0000e-01    3.0000e+00    0.0000e+00   -1.3620e+00   -2.6730e+00   -1.1034e-03   -6.3558e-05   -1.6026e-03    8.3207e-05
   3.0000e-01    3.0000e+00    0.0000e+00   -1.2202e+00   -2.7406e+00   -9.2712e-04   -6.1857e-04   -1.4381e-03   -5.2522e-04
   3.0000e-01    3.0000e+00    0.0000e+00   -1.0751e+00   -2.8007e+00   -4.7323e-04   -1.0199e-03   -1.0048e-03   -9.5146e-04
   3.0000e-01    3.0000e+00    0.0000e+00   -9.2705e-01   -2.8532e+00    1.5644e-04   -1.1239e-03   -3.1081e-04   -1.0268e-03
   3.0000e-01    3.0000e+00    0.0000e+00   -7.7646e-01   -2.8978e+00    7.5908e-04   -8.5828e-04    3.4402e-04   -7.9025e-04
   3.0000e-01    3.0000e+00    0.0000e+00   -6.2374e-01   -2.9344e+00    1.1258e-03   -2.6989e-04    6.6174e-04   -1.9584e-04
   3.0000e-01    3.0000e+00    0.0000e+00   -4.6930e-01   -2.9631e+00    1.0790e-03    4.5350e-04    6.9038e-04    5.2033e-04
   3.0000e-01    3.0000e+00    0.0000e+00   -3.1359e-01   -2.9836e+00    5.8602e-04    1.0288e-03    1.9661e-04    1.1034e-03
   3.0000e-01    3.0000e+00    0.0000e+00   -1.5701e-01   -2.9959e+00   -1.7874e-04    1.1850e-03   -5.0799e-04    1.2381e-03
   3.0000e-01    3.0000e+00    0.0000e+00    0.0000e+00   -3.0000e+00   -8.9633e-04    8.1823e-04   -1.1507e-03    8.6024e-04
   3.0000e-01    3.0000e+00    0.0000e+00    1.5701e-01   -2.9959e+00   -1.2297e-03    3.3121e-05   -1.4681e-03    1.0663e-04
   3.0000e-01    3.0000e+00    0.0000e+00    3.1359e-01   -2.9836e+00   -9.5654e-04   -8.0100e-04   -1.1503e-03   -8.0764e-04
   3.0000e-01    3.0000e+00    0.0000e+00    4.6930e-01   -2.9631e+00   -1.6658e-04   -1.2554e-03   -3.1692e-04   -1.2214e-03
   3.0000e-01    3.0000e+00    0.0000e+00    6.2374e-01   -2.9344e+00    7.5756e-04   -1.0399e-03    6.5490e-04   -1.0431e-03
   3.0000e-01    3.0000e+00    0.0000e+00    7.7646e-01   -2.8978e+00    1.2893e-03   -2.2034e-04    1.2639e-03   -2.6175e-04
   3.0000e-01    3.0000e+00    0.0000e+00    9.2705e-01   -2.8532e+00    1.0825e-03    7.7461e-04    1.0198e-03    7.4783e-04
   3.0000e-01    3.0000e+00    0.0000e+00    1.0751e+00   -2.8007e+00    1.9048e-04    1.3427e-03    2.2709e-04    1.2830e-03
   3.0000e-01    3.0000e+00    0.0000e+00    1.2202e+00   -2.7406e+00   -8.6808e-04    1.0765e-03   -7.7228e-04    1.0451e-03
   3.0000e-01    3.0000e+00    0.0000e+00    1.3620e+00   -2.6730e+00   -1.4096e-03    7.8720e-05   -1.3288e-03    3.9394e-05
   3.0000e-01    3.0000e+00    0.0000e+00    1.5000e+00   -2.5981e+00   -1.0149e-03   -1.0260e-03   -8.7708e-04   -1.1259e-03
   3.0000e-01    3.0000e+00    0.0000e+00    1.6339e+00   -2.5160e+00    1.2244e-04   -1.4723e-03    3.0917e-04   -1.5343e-03
   3.0000e-01    3.0000e+00    0.0000e+00    1.7634e+00   -2.4271e+00    1.2379e-03   -8.7250e-04    1.4166e-03   -9.2149e-04
   3.0000e-01    3.0000e+00    0.0000e+00    1.8880e+00   -2.3314e+00    1.4992e-03    4.1292e-04    1.7342e-03    3.2969e-04
   3.0000e-01    3.0000e+00    0.0000e+00    2.0074e+00   -2.2294e+00    6.3001e-04    1.4707e-03    8.8028e-04    1.4318e-03
   3.0000e-01    3.0000e+00    0.0000e+00    2.1213e+00   -2.1213e+00   -7.9867e-04    1.4433e-03   -5.6657e-04    1.3857e-03
   3.0000e-01    3.0000e+00    0.0000e+00    2.2294e+00   -2.0074e+00   -1.6858e-03    2.5140e-04   -1.4247e-03    2.4449e-04
   3.0000e-01    3.0000e+00    0.0000e+00    2.3314e+00   -1.8880e+00   -1.2613e-03   -1.2357e-03   -1.0484e-03   -1.2905e-03
   3.0000e-01    3.0000e+00    0.0000e+00    2.4271e+00   -1.7634e+00    2.5666e-04   -1.8170e-03    5.1566e-04   -1.8955e-03
   3.0000e-01    3.0000e+00    0.0000e+00    2.5160e+00   -1.6339e+00    1.6940e-03   -8.9140e-04    2.0144e-03   -9.6944e-04
   3.0000e-01    3.0000e+00    0.0000e+00    2.5981e+00   -1.5000e+00    1.7913e-03    9.0077e-04    2.1174e-03    8.0638e-04
   3.0000e-01    2.6000e+00    1.5000e+00    3.0000e+00    0.0000e+00    1.7929e-03    8.9701e-04    2.0641e-03    7.9789e-04
   3.0000e-01    2.6000e+00    1.5000e+00    1.5000e+00    2.5981e+00    1.7992e-03    8.8287e-04    1.9046e-03    6.7900e-04
   3.0000e-01    2.6000e+00    1.5000e+00    1.3620e+00    2.6730e+00    1.6862e-03   -9.0466e-04    1.7752e-03   -1.0971e-03
   3.0000e-01    2.6000e+00    1.5000e+00    1.2202e+00    2.7406e+00    2.4186e-04   -1.8186e-03    2.5144e-04   -1.9524e-03
   3.0000e-01    2.6000e+00    1.5000e+00    1.0751e+00    2.8007e+00   -1.2689e-03   -1.2275e-03   -1.2331e-03   -1.3619e-03
   3.0000e-01    2.6000e+00    1.5000e+00    9.2705e-01    2.8532e+00   -1.6815e-03    2.7364e-04   -1.6985e-03    1.0357e-04
   3.0000e-01    2.6000e+00    1.5000e+00    7.7646e-01    2.8978e+00   -7.8153e-04    1.4519e-03   -7.1035e-04    1.2526e-03
   3.0000e-01    2.6000e+00    1.5000e+00    6.2374e-01    2.9344e+00    6.3846e-04    1.4667e-03    5.4849e-04    1.2780e-03
   3.0000e-01    2.6000e+00    1.5000e+00    4.6930e-01    2.9631e+00    1.5023e-03    4.0018e-04    1.4382e-03    2.4539e-04
   3.0000e-01    2.6000e+00    1.5000e+00    3.1359e-01    2.9836e+00    1.2268e-03   -8.8720e-04    1.1563e-03   -1.0738e-03
   3.0000e-01    2.6000e+00    1.5000e+00    1.5701e-01    2.9959e+00    1.0645e-04   -1.4730e-03   -7.6064e-05   -1.6725e-03
   3.0000e-01    2.6000e+00    1.5000e+00    0.0000e+00    3.0000e+00   -1.0295e-03   -1.0107e-03   -1.1626e-03   -1.1958e-03
   3.0000e-01    2.6000e+00    1.5000e+00   -1.5701e-01    2.9959e+00   -1.4085e-03    9.1961e-05   -1.6607e-03   -1.2441e-04
   3.0000e-01    2.6000e+00    1.5000e+00   -3.1359e-01    2.9836e+00   -8.6198e-04    1.0810e-03   -1.0483e-03    9.0516e-04
   3.0000e-01    2.6000e+00    1.5000e+00   -4.6930e-01    2.9631e+00    2.0512e-04    1.3401e-03   -3.5071e-05    1.0891e-03
   3.0000e-01    2.6000e+00    1.5000e+00   -6.2374e-01    2.9344e+00    1.0907e-03    7.6233e-04    7.7058e-04    4.5023e-04
   3.0000e-01    2.6000e+00    1.5000e+00   -7.7646e-01    2.8978e+00    1.2864e-03   -2.3480e-04    9.7368e-04   -5.3973e-04
   3.0000e-01    2.6000e+00    1.5000e+00   -9.2705e-01    2.8532e+00    7.4694e-04   -1.0471e-03    4.2292e-04   -1.4154e-03
   3.0000e-01    2.6000e+00    1.5000e+00   -1.0751e+00    2.8007e+00   -1.8057e-04   -1.2532e-03   -5.8099e-04   -1.6665e-03
   3.0000e-01    2.6000e+00    1.5000e+00   -1.2202e+00    2.7406e+00   -9.6513e-04   -7.9030e-04   -1.3918e-03   -1.2010e-03
   3.0000e-01    2.6000e+00    1.5000e+00   -1.3620e+00    2.6730e+00   -1.2285e-03    5.3084e-05   -1.7140e-03   -4.2186e-04
   3.0000e-01    2.6000e+00    1.5000e+00   -1.5000e+00    2.5981e+00   -8.9054e-04    8.2425e-04   -1.3205e-03    3.6465e-04
   3.0000e-01    2.6000e+00    1.5000e+00   -1.6339e+00    2.5160e+00   -1.6376e-04    1.1868e-03   -6.2501e-04    6.7695e-04
   3.0000e-01    2.6000e+00    1.5000e+00   -1.7634e+00    2.4271e+00    6.0493e-04    1.0173e-03    1.0842e-04    4.2912e-04
   3.0000e-01    2.6000e+00    1.5000e+00   -1.8880e+00    2.3314e+00    1.0863e-03    4.3454e-04    5.6114e-04   -1.1221e-04
   3.0000e-01    2.6000e+00    1.5000e+00   -2.0074e+00    2.2294e+00    1.1227e-03   -2.8146e-04    6.3196e-04   -8.7954e-04
   3.0000e-01    2.6000e+00    1.5000e+00   -2.1213e+00    2.1213e+00    7.5188e-04   -8.6435e-04    3.1656e-04   -1.4911e-03
   3.0000e-01    2.6000e+00    1.5000e+00   -2.2294e+00    2.0074e+00    1.3736e-04   -1.1261e-03   -3.8680e-04   -1.7450e-03
   3.0000e-01    2.6000e+00    1.5000e+00   -2.3314e+00    1.8880e+00   -4.9042e-04   -1.0112e-03   -1.0478e-03   -1.5650e-03
   3.0000e-01    2.6000e+00    1.5000e+00   -2.4271e+00    1.7634e+00   -9.3491e-04   -6.0601e-04   -1.4428e-03   -1.2530e-03
   3.0000e-01    2.6000e+00    1.5000e+00   -2.5160e+00    1.6339e+00   -1.1037e-03   -5.5297e-05   -1.6617e-03   -6.2783e-04
   3.0000e-01    2.6000e+00    1.5000e+00   -2.5981e+00    1.5000e+00   -9.8379e-04    4.8397e-04   -1.5031e-03   -1.0303e-04
   3.0000e-01    2.6000e+00    1.5000e+00   -2.6730e+00    1.3620e+00   -6.4232e-04    8.7864e-04   -1.2367e-03    3.2044e-04
   3.0000e-01    2.6000e+00    1.5000e+00   -2.7406e+00    1.2202e+00   -1.8553e-04    1.0650e-03   -6.9961e-04    6.0931e-04
   3.0000e-01    2.6000e+00    1.5000e+00   -2.8007e+00    1.0751e+00    2.7941e-04    1.0371e-03   -2.0030e-04    6.2344e-04
   3.0000e-01    2.6000e+00    1.5000e+00   -2.8532e+00    9.2705e-01    6.6882e-04    8.3204e-04    1.7293e-04    4.5128e-04
   3.0000e-01    2.6000e+00    1.5000e+00   -2.8978e+00    7.7646e-01    9.3042e-04    5.1102e-04    5.1055e-04    2.7414e-04
   3.0000e-01    2.6000e+00    1.5000e+00   -2.9344e+00    6.2374e-01    1.0458e-03    1.4689e-04    6.8317e-04    4.7706e-07
   3.0000e-01    2.6000e+00    1.5000e+00   -2.9631e+00    4.6930e-01    1.0293e-03   -2.1214e-04    6.7578e-04   -2.5908e-04
   3.0000e-01    2.6000e+00    1.5000e+00   -2.9836e+00    3.1359e-01    9.0911e-04   -5.1803e-04    6.0364e-04   -5.3721e-04
   3.0000e-01    2.6000e+00    1.5000e+00   -2.9959e+00    1.5701e-01    7.1774e-04   -7.5562e-04    4.5074e-04   -6.8618e-04
   3.0000e-01    2.6000e+00    1.5000e+00   -3.0000e+00    0.0000e+00    4.8474e-04   -9.1813e-04    2.2414e-04   -7.4089e-04
   3.0000e-01    2.6000e+00    1.5000e+00   -2.9959e+00   -1.5701e-01    2.5568e-04   -1.0028e-03    1.1553e-04   -7.5847e-04
   3.0000e-01    2.6000e+00    1.5000e+00   -2.9836e+00   -3.1359e-01    3.4806e-05   -1.0312e-03   -7.9474e-05   -6.8654e-04
   3.0000e-01    2.6000e+00    1.5000e+00   -2.9631e+00   -4.6930e-01   -1.6660e-04   -1.0155e-03   -1.5744e-04   -6.0470e-04
   3.0000e-01    2.6000e+00    1.5000e+00   -2.9344e+00   -6.2374e-01   -3.3277e-04   -9.7141e-04   -3.3482e-04   -5.0873e-04
   3.0000e-01    2.6000e+00    1.5000e+00   -2.8978e+00   -7.7646e-01   -4.6719e-04   -9.1211e-04   -4.0675e-04   -4.0589e-04
   3.0000e-01    2.6000e+00    1.5000e+00   -2.8532e+00   -9.2705e-01   -5.6536e-04   -8.5288e-04   -4.6322e-04   -2.5317e-04
   3.0000e-01    2.6000e+00    1.5000e+00   -2.8007e+00   -1.0751e+00   -6.4018e-04   -7.9672e-04   -4.4063e-04   -1.2377e-04
   3.0000e-01    2.6000e+00    1.5000e+00   -2.7406e+00   -1.2202e+00   -6.8973e-04   -7.5306e-04   -4.7733e-04   -8.7013e-05
   3.0000e-01    2.6000e+00    1.5000e+00   -2.6730e+00   -1.3620e+00   -7.1986e-04   -7.2346e-04   -4.8601e-04   -3.8136e-05
   3.0000e-01    2.6000e+00    1.5000e+00   -2.5981e+00   -1.5000e+00   -7.2759e-04   -7.1560e-04   -4.8180e-04    3.7942e-05
   3.0000e-01    2.6000e+00    1.5000e+00   -2.5160e+00   -1.6339e+00   -7.1621e-04   -7.2733e-04   -4.8630e-04    8.7442e-05
   3.0000e-01    2.6000e+00    1.5000e+00   -2.4271e+00   -1.7634e+00   -6.8991e-04   -7.5288e-04   -4.0986e-04    -4.1591e-05
   3.0000e-01    2.6000e+00    1.5000e+00   -2.3314e+00   -1.8880e+00   -6.4391e-04   -7.9355e-04   -3.5751e-04   -4.0828e-05
   3.0000e-01    2.6000e+00    1.5000e+00   -2.2294e+00   -2.0074e+00   -5.6603e-04   -8.5245e-04   -3.0240e-04   -8.0060e-05
   3.0000e-01    2.6000e+00    1.5000e+00   -2.1213e+00   -2.1213e+00   -4.6059e-04   -9.1562e-04   -1.9817e-04   -2.2626e-04
   3.0000e-01    2.6000e+00    1.5000e+00   -2.0074e+00   -2.2294e+00   -3.3049e-04   -9.7226e-04   -1.2446e-04   -2.2329e-04
   3.0000e-01    2.6000e+00    1.5000e+00   -1.8880e+00   -2.3314e+00   -1.6975e-04   -1.0150e-03    8.9140e-05   -2.5953e-04
   3.0000e-01    2.6000e+00    1.5000e+00   -1.7634e+00   -2.4271e+00    3.2403e-05   -1.0313e-03    2.7737e-04   -4.1565e-04
   3.0000e-01    2.6000e+00    1.5000e+00   -1.6339e+00   -2.5160e+00    2.5896e-04   -1.0020e-03    4.4388e-04   -4.1461e-04
   3.0000e-01    2.6000e+00    1.5000e+00   -1.5000e+00   -2.5981e+00    4.9173e-04   -9.1455e-04    6.7058e-04   -3.0215e-04
   3.0000e-01    2.6000e+00    1.5000e+00   -1.3620e+00   -2.6730e+00    7.1703e-04   -7.5625e-04    7.8495e-04   -1.3256e-04
   3.0000e-01    2.6000e+00    1.5000e+00   -1.2202e+00   -2.7406e+00    9.1049e-04   -5.1596e-04    9.9183e-04    -4.2605e-05
   3.0000e-01    2.6000e+00    1.5000e+00   -1.0751e+00   -2.8007e+00    1.0306e-03   -2.0695e-04    1.0656e-03    2.5832e-04
   3.0000e-01    2.6000e+00    1.5000e+00   -9.2705e-01   -2.8532e+00    1.0450e-03    1.5364e-04    1.0381e-03    5.8504e-04
   3.0000e-01    2.6000e+00    1.5000e+00   -7.7646e-01   -2.8978e+00    9.2785e-04    5.1601e-04    9.2269e-04    8.7980e-04
   3.0000e-01    2.6000e+00    1.5000e+00   -6.2374e-01   -2.9344e+00    6.6498e-04    8.3541e-04    5.9471e-04    1.2515e-03
   3.0000e-01    2.6000e+00    1.5000e+00   -4.6930e-01   -2.9631e+00    2.7365e-04    1.0388e-03    1.3831e-04    1.3717e-03
   3.0000e-01    2.6000e+00    1.5000e+00   -3.1359e-01   -2.9836e+00   -1.9724e-04    1.0630e-03   -3.3494e-04    1.3347e-03
   3.0000e-01    2.6000e+00    1.5000e+00   -1.5701e-01   -2.9959e+00   -6.5106e-04    8.7255e-04   -8.0344e-04    1.1344e-03
   3.0000e-01    2.6000e+00    1.5000e+00    0.0000e+00   -3.0000e+00   -9.8520e-04    4.8154e-04   -1.2061e-03    7.6291e-04
   3.0000e-01    2.6000e+00    1.5000e+00    1.5701e-01   -2.9959e+00   -1.1035e-03   -6.2410e-05   -1.2987e-03    1.3797e-04
   3.0000e-01    2.6000e+00    1.5000e+00    3.1359e-01   -2.9836e+00   -9.3007e-04   -6.1379e-04   -1.1847e-03   -4.5250e-04
   3.0000e-01    2.6000e+00    1.5000e+00    4.6930e-01   -2.9631e+00   -4.7914e-04   -1.0169e-03   -6.9589e-04   -8.5404e-04
   3.0000e-01    2.6000e+00    1.5000e+00    6.2374e-01   -2.9344e+00    1.4886e-04   -1.1248e-03   -1.0217e-04   -9.7637e-04
   3.0000e-01    2.6000e+00    1.5000e+00    7.7646e-01   -2.8978e+00    7.5473e-04   -8.6193e-04    4.9943e-04   -7.2030e-04
   3.0000e-01    2.6000e+00    1.5000e+00    9.2705e-01   -2.8532e+00    1.1245e-03   -2.7469e-04    8.6693e-04   -1.4170e-04
   3.0000e-01    2.6000e+00    1.5000e+00    1.0751e+00   -2.8007e+00    1.0809e-03    4.4881e-04    8.2248e-04    6.0374e-04
   3.0000e-01    2.6000e+00    1.5000e+00    1.2202e+00   -2.7406e+00    5.9562e-04    1.0231e-03    3.1079e-04    1.1350e-03
   3.0000e-01    2.6000e+00    1.5000e+00    1.3620e+00   -2.6730e+00   -1.7128e-04    1.1858e-03   -4.7571e-04    1.3042e-03
   3.0000e-01    2.6000e+00    1.5000e+00    1.5000e+00   -2.5981e+00   -8.9682e-04    8.1751e-04   -1.1966e-03    9.8500e-04
   3.0000e-01    2.6000e+00    1.5000e+00    1.6339e+00   -2.5160e+00   -1.2295e-03    3.6530e-05   -1.4940e-03    2.2826e-04
   3.0000e-01    2.6000e+00    1.5000e+00    1.7634e+00   -2.4271e+00   -9.5842e-04   -7.9852e-04   -1.1447e-03   -6.4442e-04
   3.0000e-01    2.6000e+00    1.5000e+00    1.8880e+00   -2.3314e+00   -1.7340e-04   -1.2542e-03   -4.5261e-04   -1.1056e-03
   3.0000e-01    2.6000e+00    1.5000e+00    2.0074e+00   -2.2294e+00    7.5145e-04   -1.0441e-03    5.3043e-04   -9.2397e-04
   3.0000e-01    2.6000e+00    1.5000e+00    2.1213e+00   -2.1213e+00    1.2896e-03   -2.1856e-04    1.0830e-03   -4.6495e-05
   3.0000e-01    2.6000e+00    1.5000e+00    2.2294e+00   -2.0074e+00    1.0814e-03    7.7600e-04    8.9209e-04    9.1923e-04
   3.0000e-01    2.6000e+00    1.5000e+00    2.3314e+00   -1.8880e+00    1.9757e-04    1.3413e-03    2.5584e-05    1.5554e-03
   3.0000e-01    2.6000e+00    1.5000e+00    2.4271e+00   -1.7634e+00   -8.6586e-04    1.0780e-03   -9.9446e-04    1.2123e-03
   3.0000e-01    2.6000e+00    1.5000e+00    2.5160e+00   -1.6339e+00   -1.4095e-03    7.8570e-05   -1.5154e-03    2.5521e-04
   3.0000e-01    2.6000e+00    1.5000e+00    2.5981e+00   -1.5000e+00   -1.0140e-03   -1.0270e-03   -1.0971e-03   -8.7450e-04
   3.0000e-01    2.6000e+00    1.5000e+00    2.6730e+00   -1.3620e+00    1.1651e-04   -1.4724e-03    1.0620e-04   -1.3264e-03
   3.0000e-01    2.6000e+00    1.5000e+00    2.7406e+00   -1.2202e+00    1.2384e-03   -8.7194e-04    1.2807e-03   -7.7975e-04
   3.0000e-01    2.6000e+00    1.5000e+00    2.8007e+00   -1.0751e+00    1.4983e-03    4.1698e-04    1.5676e-03    4.8285e-04
   3.0000e-01    2.6000e+00    1.5000e+00    2.8532e+00   -9.2705e-01    6.2070e-04    1.4748e-03    6.8168e-04    1.5753e-03
   3.0000e-01    2.6000e+00    1.5000e+00    2.8978e+00   -7.7646e-01   -7.9776e-04    1.4436e-03   -6.6741e-04    1.4865e-03
   3.0000e-01    2.6000e+00    1.5000e+00    2.9344e+00   -6.2374e-01   -1.6852e-03    2.5429e-04   -1.5779e-03    2.8842e-04
   3.0000e-01    2.6000e+00    1.5000e+00    2.9631e+00   -4.6930e-01   -1.2553e-03   -1.2422e-03   -1.0990e-03   -1.2760e-03
   3.0000e-01    2.6000e+00    1.5000e+00    2.9836e+00   -3.1359e-01    2.7172e-04   -1.8154e-03    4.5921e-04   -1.8413e-03
   3.0000e-01    2.6000e+00    1.5000e+00    2.9959e+00   -1.5701e-01    1.6972e-03   -8.8578e-04    1.8722e-03   -9.3441e-04
   3.0000e-01    1.5000e+00    2.6000e+00    3.0000e+00    0.0000e+00   -1.0295e-03   -1.0107e-03   -8.8229e-04   -1.0869e-03
   3.0000e-01    1.5000e+00    2.6000e+00    2.9959e+00    1.5701e-01    1.0645e-04   -1.4730e-03    3.0250e-04   -1.5388e-03
   3.0000e-01    1.5000e+00    2.6000e+00    2.9836e+00    3.1359e-01    1.2268e-03   -8.8720e-04    1.3944e-03   -1.0118e-03
   3.0000e-01    1.5000e+00    2.6000e+00    2.9631e+00    4.6930e-01    1.5023e-03    4.0018e-04    1.7184e-03    2.2972e-04
   3.0000e-01    1.5000e+00    2.6000e+00    2.9344e+00    6.2374e-01    6.3846e-04    1.4667e-03    8.3106e-04    1.3021e-03
   3.0000e-01    1.5000e+00    2.6000e+00    2.8978e+00    7.7646e-01   -7.8153e-04    1.4519e-03   -5.7837e-04    1.2940e-03
   3.0000e-01    1.5000e+00    2.6000e+00    2.8532e+00    9.2705e-01   -1.6815e-03    2.7364e-04   -1.4849e-03    1.2856e-04
   3.0000e-01    1.5000e+00    2.6000e+00    2.8007e+00    1.0751e+00   -1.2689e-03   -1.2275e-03   -1.0784e-03   -1.4251e-03
   3.0000e-01    1.5000e+00    2.6000e+00    2.7406e+00    1.2202e+00    2.4186e-04   -1.8186e-03    3.7544e-04   -1.9955e-03
   3.0000e-01    1.5000e+00    2.6000e+00    2.6730e+00    1.3620e+00    1.6862e-03   -9.0466e-04    1.8485e-03   -1.0668e-03
   3.0000e-01    1.5000e+00    2.6000e+00    2.5981e+00    1.5000e+00    1.7992e-03    8.8287e-04    1.9027e-03    6.7801e-04
   3.0000e-01    1.5000e+00    2.6000e+00    0.0000e+00    3.0000e+00    1.7929e-03    8.9701e-04    1.8137e-03    7.5890e-04
   3.0000e-01    1.5000e+00    2.6000e+00   -1.5701e-01    2.9959e+00    1.6972e-03   -8.8578e-04    1.7359e-03   -1.0901e-03
   3.0000e-01    1.5000e+00    2.6000e+00   -3.1359e-01    2.9836e+00    2.7172e-04   -1.8154e-03    3.4669e-04   -1.9767e-03
   3.0000e-01    1.5000e+00    2.6000e+00   -4.6930e-01    2.9631e+00   -1.2553e-03   -1.2422e-03   -1.1623e-03   -1.3864e-03
   3.0000e-01    1.5000e+00    2.6000e+00   -6.2374e-01    2.9344e+00   -1.6852e-03    2.5429e-04   -1.6268e-03    1.4334e-05
   3.0000e-01    1.5000e+00    2.6000e+00   -7.7646e-01    2.8978e+00   -7.9776e-04    1.4436e-03   -7.2858e-04    1.2260e-03
   3.0000e-01    1.5000e+00    2.6000e+00   -9.2705e-01    2.8532e+00    6.2070e-04    1.4748e-03    6.3883e-04    1.1809e-03
   3.0000e-01    1.5000e+00    2.6000e+00   -1.0751e+00    2.8007e+00    1.4983e-03    4.1698e-04    1.5154e-03    -7.7091e-07
   3.0000e-01    1.5000e+00    2.6000e+00   -1.2202e+00    2.7406e+00    1.2384e-03   -8.7194e-04    1.2262e-03   -1.2926e-03
   3.0000e-01    1.5000e+00    2.6000e+00   -1.3620e+00    2.6730e+00    1.1651e-04   -1.4724e-03    1.7118e-04   -1.9150e-03
   3.0000e-01    1.5000e+00    2.6000e+00   -1.5000e+00    2.5981e+00   -1.0140e-03   -1.0270e-03   -1.0204e-03   -1.5122e-03
   3.0000e-01    1.5000e+00    2.6000e+00   -1.6339e+00    2.5160e+00   -1.4095e-03    7.8570e-05   -1.4215e-03   -4.3692e-04
   3.0000e-01    1.5000e+00    2.6000e+00   -1.7634e+00    2.4271e+00   -8.6586e-04    1.0780e-03   -8.9535e-04    5.3768e-04
   3.0000e-01    1.5000e+00    2.6000e+00   -1.8880e+00    2.3314e+00    1.9757e-04    1.3413e-03    6.6107e-05    8.1002e-04
   3.0000e-01    1.5000e+00    2.6000e+00   -2.0074e+00    2.2294e+00    1.0814e-03    7.7600e-04    9.3056e-04    2.6344e-04
   3.0000e-01    1.5000e+00    2.6000e+00   -2.1213e+00    2.1213e+00    1.2896e-03   -2.1856e-04    1.0959e-03   -8.1749e-04
   3.0000e-01    1.5000e+00    2.6000e+00   -2.2294e+00    2.0074e+00    7.5145e-04   -1.0441e-03    4.8677e-04   -1.6280e-03
   3.0000e-01    1.5000e+00    2.6000e+00   -2.3314e+00    1.8880e+00   -1.7340e-04   -1.2542e-03   -4.5482e-04   -1.8054e-03
   3.0000e-01    1.5000e+00    2.6000e+00   -2.4271e+00    1.7634e+00   -9.5842e-04   -7.9852e-04   -1.3111e-03   -1.3254e-03
   3.0000e-01    1.5000e+00    2.6000e+00   -2.5160e+00    1.6339e+00   -1.2295e-03    3.6530e-05   -1.6404e-03   -4.9974e-04
   3.0000e-01    1.5000e+00    2.6000e+00   -2.5981e+00    1.5000e+00   -8.9682e-04    8.1751e-04   -1.3341e-03    3.5812e-04
   3.0000e-01    1.5000e+00    2.6000e+00   -2.6730e+00    1.3620e+00   -1.7128e-04    1.1858e-03   -6.5759e-04    7.1049e-04
   3.0000e-01    1.5000e+00    2.6000e+00   -2.7406e+00    1.2202e+00    5.9562e-04    1.0231e-03    4.8830e-05    6.1978e-04
   3.0000e-01    1.5000e+00    2.6000e+00   -2.8007e+00    1.0751e+00    1.0809e-03    4.4881e-04    5.1944e-04    8.6393e-05
   3.0000e-01    1.5000e+00    2.6000e+00   -2.8532e+00    9.2705e-01    1.1245e-03   -2.7469e-04    5.0629e-04   -5.6070e-04
   3.0000e-01    1.5000e+00    2.6000e+00   -2.8978e+00    7.7646e-01    7.5473e-04   -8.6193e-04    1.4077e-04   -1.1356e-03
   3.0000e-01    1.5000e+00    2.6000e+00   -2.9344e+00    6.2374e-01    1.4886e-04   -1.1248e-03   -3.9858e-04   -1.3496e-03
   3.0000e-01    1.5000e+00    2.6000e+00   -2.9631e+00    4.6930e-01   -4.7914e-04   -1.0169e-03   -1.0508e-03   -1.1323e-03
   3.0000e-01    1.5000e+00    2.6000e+00   -2.9836e+00    3.1359e-01   -9.3007e-04   -6.1379e-04   -1.5097e-03   -6.2384e-04
   3.0000e-01    1.5000e+00    2.6000e+00   -2.9959e+00    1.5701e-01   -1.1035e-03   -6.2410e-05   -1.5853e-03   -9.3796e-05
   3.0000e-01    1.5000e+00    2.6000e+00   -3.0000e+00    0.0000e+00   -9.8520e-04    4.8154e-04   -1.5132e-03    6.0336e-04
   3.0000e-01    1.5000e+00    2.6000e+00   -2.9959e+00   -1.5701e-01   -6.5106e-04    8.7255e-04   -1.1311e-03    1.0276e-03
   3.0000e-01    1.5000e+00    2.6000e+00   -2.9836e+00   -3.1359e-01   -1.9724e-04    1.0630e-03   -5.8494e-04    1.3157e-03
   3.0000e-01    1.5000e+00    2.6000e+00   -2.9631e+00   -4.6930e-01    2.7365e-04    1.0388e-03   -6.4472e-05    1.3403e-03
   3.0000e-01    1.5000e+00    2.6000e+00   -2.9344e+00   -6.2374e-01    6.6498e-04    8.3541e-04    3.7486e-04    1.2313e-03
   3.0000e-01    1.5000e+00    2.6000e+00   -2.8978e+00   -7.7646e-01    9.2785e-04    5.1601e-04    7.1349e-04    9.4062e-04
   3.0000e-01    1.5000e+00    2.6000e+00   -2.8532e+00   -9.2705e-01    1.0450e-03    1.5364e-04    8.9735e-04    6.2105e-04
   3.0000e-01    1.5000e+00    2.6000e+00   -2.8007e+00   -1.0751e+00    1.0306e-03   -2.0695e-04    9.6279e-04    2.9760e-04
   3.0000e-01    1.5000e+00    2.6000e+00   -2.7406e+00   -1.2202e+00    9.1049e-04   -5.1596e-04    8.8711e-04    5.4045e-05
   3.0000e-01    1.5000e+00    2.6000e+00   -2.6730e+00   -1.3620e+00    7.1703e-04   -7.5625e-04    8.2987e-04   -1.6999e-04
   3.0000e-01    1.5000e+00    2.6000e+00   -2.5981e+00   -1.5000e+00    4.9173e-04   -9.1455e-04    6.4580e-04   -2.8569e-04
   3.0000e-01    1.5000e+00    2.6000e+00   -2.5160e+00   -1.6339e+00    2.5896e-04   -1.0020e-03    4.7342e-04   -3.6838e-04
   3.0000e-01    1.5000e+00    2.6000e+00   -2.4271e+00   -1.7634e+00    3.2403e-05   -1.0313e-03    2.7900e-04   -3.6940e-04
   3.0000e-01    1.5000e+00    2.6000e+00   -2.3314e+00   -1.8880e+00   -1.6975e-04   -1.0150e-03    1.1897e-04   -3.9961e-04
   3.0000e-01    1.5000e+00    2.6000e+00   -2.2294e+00   -2.0074e+00   -3.3049e-04   -9.7226e-04   -1.0816e-05   -3.8010e-04
   3.0000e-01    1.5000e+00    2.6000e+00   -2.1213e+00   -2.1213e+00   -4.6059e-04   -9.1562e-04   -1.1672e-04   -2.6146e-04
   3.0000e-01    1.5000e+00    2.6000e+00   -2.0074e+00   -2.2294e+00   -5.6603e-04   -8.5245e-04   -1.6580e-04   -2.1684e-04
   3.0000e-01    1.5000e+00    2.6000e+00   -1.8880e+00   -2.3314e+00   -6.4391e-04   -7.9355e-04   -2.3906e-04   -1.7887e-04
   3.0000e-01    1.5000e+00    2.6000e+00   -1.7634e+00   -2.4271e+00   -6.8991e-04   -7.5288e-04   -3.4132e-04   -1.9534e-04
   3.0000e-01    1.5000e+00    2.6000e+00   -1.6339e+00   -2.5160e+00   -7.1621e-04   -7.2733e-04   -3.7426e-04   -1.9026e-04
   3.0000e-01    1.5000e+00    2.6000e+00   -1.5000e+00   -2.5981e+00   -7.2759e-04   -7.1560e-04   -3.5278e-04   -1.7312e-04
   3.0000e-01    1.5000e+00    2.6000e+00   -1.3620e+00   -2.6730e+00   -7.1986e-04   -7.2346e-04   -3.6722e-04   -2.0267e-04
   3.0000e-01    1.5000e+00    2.6000e+00   -1.2202e+00   -2.7406e+00   -6.8973e-04   -7.5306e-04   -3.5301e-04   -2.3478e-04
   3.0000e-01    1.5000e+00    2.6000e+00   -1.0751e+00   -2.8007e+00   -6.4018e-04   -7.9672e-04   -3.8513e-04   -3.4903e-04
   3.0000e-01    1.5000e+00    2.6000e+00   -9.2705e-01   -2.8532e+00   -5.6536e-04   -8.5288e-04   -3.4642e-04   -4.7719e-04
   3.0000e-01    1.5000e+00    2.6000e+00   -7.7646e-01   -2.8978e+00   -4.6719e-04   -9.1211e-04   -2.5543e-04   -4.9177e-04
   3.0000e-01    1.5000e+00    2.6000e+00   -6.2374e-01   -2.9344e+00   -3.3277e-04   -9.7141e-04   -1.8728e-04   -6.3215e-04
   3.0000e-01    1.5000e+00    2.6000e+00   -4.6930e-01   -2.9631e+00   -1.6660e-04   -1.0155e-03   -3.8877e-05   -7.6196e-04
   3.0000e-01    1.5000e+00    2.6000e+00   -3.1359e-01   -2.9836e+00    3.4806e-05   -1.0312e-03    8.5198e-05   -7.3879e-04
   3.0000e-01    1.5000e+00    2.6000e+00   -1.5701e-01   -2.9959e+00    2.5568e-04   -1.0028e-03    2.3431e-04   -7.0489e-04
   3.0000e-01    1.5000e+00    2.6000e+00    0.0000e+00   -3.0000e+00    4.8474e-04   -9.1813e-04    4.5749e-04   -6.9407e-04
   3.0000e-01    1.5000e+00    2.6000e+00    1.5701e-01   -2.9959e+00    7.1774e-04   -7.5562e-04    6.0869e-04   -5.6015e-04
   3.0000e-01    1.5000e+00    2.6000e+00    3.1359e-01   -2.9836e+00    9.0911e-04   -5.1803e-04    7.3893e-04   -3.7033e-04
   3.0000e-01    1.5000e+00    2.6000e+00    4.6930e-01   -2.9631e+00    1.0293e-03   -2.1214e-04    8.6638e-04   -1.5914e-05
   3.0000e-01    1.5000e+00    2.6000e+00    6.2374e-01   -2.9344e+00    1.0458e-03    1.4689e-04    8.2211e-04    2.6831e-04
   3.0000e-01    1.5000e+00    2.6000e+00    7.7646e-01   -2.8978e+00    9.3042e-04    5.1102e-04    7.0267e-04    7.0899e-04
   3.0000e-01    1.5000e+00    2.6000e+00    9.2705e-01   -2.8532e+00    6.6882e-04    8.3204e-04    3.5013e-04    9.3948e-04
   3.0000e-01    1.5000e+00    2.6000e+00    1.0751e+00   -2.8007e+00    2.7941e-04    1.0371e-03   -1.0178e-04    1.1777e-03
   3.0000e-01    1.5000e+00    2.6000e+00    1.2202e+00   -2.7406e+00   -1.8553e-04    1.0650e-03   -5.9577e-04    1.1910e-03
   3.0000e-01    1.5000e+00    2.6000e+00    1.3620e+00   -2.6730e+00   -6.4232e-04    8.7864e-04   -1.0182e-03    9.6473e-04
   3.0000e-01    1.5000e+00    2.6000e+00    1.5000e+00   -2.5981e+00   -9.8379e-04    4.8397e-04   -1.3510e-03    6.5909e-04
   3.0000e-01    1.5000e+00    2.6000e+00    1.6339e+00   -2.5160e+00   -1.1037e-03   -5.5297e-05   -1.5744e-03    3.8331e-05
   3.0000e-01    1.5000e+00    2.6000e+00    1.7634e+00   -2.4271e+00   -9.3491e-04   -6.0601e-04   -1.3834e-03   -4.9520e-04
   3.0000e-01    1.5000e+00    2.6000e+00    1.8880e+00   -2.3314e+00   -4.9042e-04   -1.0112e-03   -9.3681e-04   -9.3702e-04
   3.0000e-01    1.5000e+00    2.6000e+00    2.0074e+00   -2.2294e+00    1.3736e-04   -1.1261e-03   -3.0186e-04   -9.2509e-04
   3.0000e-01    1.5000e+00    2.6000e+00    2.1213e+00   -2.1213e+00    7.5188e-04   -8.6435e-04    3.0008e-04   -7.1969e-04
   3.0000e-01    1.5000e+00    2.6000e+00    2.2294e+00   -2.0074e+00    1.1227e-03   -2.8146e-04    6.8004e-04   -1.0698e-04
   3.0000e-01    1.5000e+00    2.6000e+00    2.3314e+00   -1.8880e+00    1.0863e-03    4.3454e-04    7.0506e-04    6.4830e-04
   3.0000e-01    1.5000e+00    2.6000e+00    2.4271e+00   -1.7634e+00    6.0493e-04    1.0173e-03    2.6514e-04    1.1620e-03
   3.0000e-01    1.5000e+00    2.6000e+00    2.5160e+00   -1.6339e+00   -1.6376e-04    1.1868e-03   -4.5955e-04    1.3221e-03
   3.0000e-01    1.5000e+00    2.6000e+00    2.5981e+00   -1.5000e+00   -8.9054e-04    8.2425e-04   -1.2006e-03    9.7580e-04
   3.0000e-01    1.5000e+00    2.6000e+00    2.6730e+00   -1.3620e+00   -1.2285e-03    5.3084e-05   -1.4634e-03    1.9075e-04
   3.0000e-01    1.5000e+00    2.6000e+00    2.7406e+00   -1.2202e+00   -9.6513e-04   -7.9030e-04   -1.1401e-03   -6.8585e-04
   3.0000e-01    1.5000e+00    2.6000e+00    2.8007e+00   -1.0751e+00   -1.8057e-04   -1.2532e-03   -3.0823e-04   -1.1014e-03
   3.0000e-01    1.5000e+00    2.6000e+00    2.8532e+00   -9.2705e-01    7.4694e-04   -1.0471e-03    6.2269e-04   -9.1420e-04
   3.0000e-01    1.5000e+00    2.6000e+00    2.8978e+00   -7.7646e-01    1.2864e-03   -2.3480e-04    1.2328e-03   -1.9353e-04
   3.0000e-01    1.5000e+00    2.6000e+00    2.9344e+00   -6.2374e-01    1.0907e-03    7.6233e-04    1.1572e-03    8.0684e-04
   3.0000e-01    1.5000e+00    2.6000e+00    2.9631e+00   -4.6930e-01    2.0512e-04    1.3401e-03    2.8390e-04    1.3792e-03
   3.0000e-01    1.5000e+00    2.6000e+00    2.9836e+00   -3.1359e-01   -8.6198e-04    1.0810e-03   -8.3076e-04    1.0755e-03
   3.0000e-01    1.5000e+00    2.6000e+00    2.9959e+00   -1.5701e-01   -1.4085e-03    9.1961e-05   -1.3102e-03    1.9884e-05
   3.0000e-01    0.0000e+00    3.0000e+00    3.0000e+00    0.0000e+00   -8.9633e-04    8.1823e-04   -1.2368e-03    8.4596e-04
   3.0000e-01    0.0000e+00    3.0000e+00    2.9959e+00    1.5701e-01   -1.2297e-03    3.3121e-05   -1.5007e-03    3.8708e-05
   3.0000e-01    0.0000e+00    3.0000e+00    2.9836e+00    3.1359e-01   -9.5654e-04   -8.0100e-04   -1.2476e-03   -8.5793e-04
   3.0000e-01    0.0000e+00    3.0000e+00    2.9631e+00    4.6930e-01   -1.6658e-04   -1.2554e-03   -4.6919e-04   -1.3325e-03
   3.0000e-01    0.0000e+00    3.0000e+00    2.9344e+00    6.2374e-01    7.5756e-04   -1.0399e-03    4.6383e-04   -1.1341e-03
   3.0000e-01    0.0000e+00    3.0000e+00    2.8978e+00    7.7646e-01    1.2893e-03   -2.2034e-04    1.0363e-03   -3.5868e-04
   3.0000e-01    0.0000e+00    3.0000e+00    2.8532e+00    9.2705e-01    1.0825e-03    7.7461e-04    8.3829e-04    6.1613e-04
   3.0000e-01    0.0000e+00    3.0000e+00    2.8007e+00    1.0751e+00    1.9048e-04    1.3427e-03   -3.1166e-05    1.1996e-03
   3.0000e-01    0.0000e+00    3.0000e+00    2.7406e+00    1.2202e+00   -8.6808e-04    1.0765e-03   -1.0670e-03    9.1473e-04
   3.0000e-01    0.0000e+00    3.0000e+00    2.6730e+00    1.3620e+00   -1.4096e-03    7.8720e-05   -1.6419e-03   -1.2116e-04
   3.0000e-01    0.0000e+00    3.0000e+00    2.5981e+00    1.5000e+00   -1.0149e-03   -1.0260e-03   -1.1725e-03   -1.2084e-03
   3.0000e-01    0.0000e+00    3.0000e+00    2.5160e+00    1.6339e+00    1.2244e-04   -1.4723e-03   -6.7293e-05   -1.6763e-03
   3.0000e-01    0.0000e+00    3.0000e+00    2.4271e+00    1.7634e+00    1.2379e-03   -8.7250e-04    1.1477e-03   -1.0895e-03
   3.0000e-01    0.0000e+00    3.0000e+00    2.3314e+00    1.8880e+00    1.4992e-03    4.1292e-04    1.3919e-03    2.1408e-04
   3.0000e-01    0.0000e+00    3.0000e+00    2.2294e+00    2.0074e+00    6.3001e-04    1.4707e-03    5.5397e-04    1.2808e-03
   3.0000e-01    0.0000e+00    3.0000e+00    2.1213e+00    2.1213e+00   -7.9867e-04    1.4433e-03   -8.5882e-04    1.2448e-03
   3.0000e-01    0.0000e+00    3.0000e+00    2.0074e+00    2.2294e+00   -1.6858e-03    2.5140e-04   -1.7515e-03    5.3439e-05
   3.0000e-01    0.0000e+00    3.0000e+00    1.8880e+00    2.3314e+00   -1.2613e-03   -1.2357e-03   -1.2517e-03   -1.4226e-03
   3.0000e-01    0.0000e+00    3.0000e+00    1.7634e+00    2.4271e+00    2.5666e-04   -1.8170e-03    2.4435e-04   -1.9983e-03
   3.0000e-01    0.0000e+00    3.0000e+00    1.6339e+00    2.5160e+00    1.6940e-03   -8.9140e-04    1.7257e-03   -1.0675e-03
   3.0000e-01    0.0000e+00    3.0000e+00    1.5000e+00    2.5981e+00    1.7913e-03    9.0077e-04    1.8413e-03    7.3885e-04
   3.0000e-01    0.0000e+00    3.0000e+00   -1.5000e+00    2.5981e+00    1.7913e-03    9.0077e-04    1.7855e-03    7.7121e-04
   3.0000e-01    0.0000e+00    3.0000e+00   -1.6339e+00    2.5160e+00    1.6940e-03   -8.9140e-04    1.7071e-03   -1.0349e-03
   3.0000e-01    0.0000e+00    3.0000e+00   -1.7634e+00    2.4271e+00    2.5666e-04   -1.8170e-03    2.7921e-04   -1.9961e-03
   3.0000e-01    0.0000e+00    3.0000e+00   -1.8880e+00    2.3314e+00   -1.2613e-03   -1.2357e-03   -1.2747e-03   -1.4426e-03
   3.0000e-01    0.0000e+00    3.0000e+00   -2.0074e+00    2.2294e+00   -1.6858e-03    2.5140e-04   -1.6936e-03    7.6176e-05
   3.0000e-01    0.0000e+00    3.0000e+00   -2.1213e+00    2.1213e+00   -7.9867e-04    1.4433e-03   -8.4568e-04    1.2458e-03
   3.0000e-01    0.0000e+00    3.0000e+00   -2.2294e+00    2.0074e+00    6.3001e-04    1.4707e-03    5.2472e-04    1.2524e-03
   3.0000e-01    0.0000e+00    3.0000e+00   -2.3314e+00    1.8880e+00    1.4992e-03    4.1292e-04    1.4088e-03    2.0078e-04
   3.0000e-01    0.0000e+00    3.0000e+00   -2.4271e+00    1.7634e+00    1.2379e-03   -8.7250e-04    1.1170e-03   -1.1229e-03
   3.0000e-01    0.0000e+00    3.0000e+00   -2.5160e+00    1.6339e+00    1.2244e-04   -1.4723e-03   -1.6912e-05   -1.7004e-03
   3.0000e-01    0.0000e+00    3.0000e+00   -2.5981e+00    1.5000e+00   -1.0149e-03   -1.0260e-03   -1.2110e-03   -1.2310e-03
   3.0000e-01    0.0000e+00    3.0000e+00   -2.6730e+00    1.3620e+00   -1.4096e-03    7.8720e-05   -1.6477e-03   -9.0658e-05
   3.0000e-01    0.0000e+00    3.0000e+00   -2.7406e+00    1.2202e+00   -8.6808e-04    1.0765e-03   -1.0479e-03    8.9985e-04
   3.0000e-01    0.0000e+00    3.0000e+00   -2.8007e+00    1.0751e+00    1.9048e-04    1.3427e-03   -5.9181e-05    1.1584e-03
   3.0000e-01    0.0000e+00    3.0000e+00   -2.8532e+00    9.2705e-01    1.0825e-03    7.7461e-04    8.4058e-04    5.6902e-04
   3.0000e-01    0.0000e+00    3.0000e+00   -2.8978e+00    7.7646e-01    1.2893e-03   -2.2034e-04    1.0420e-03   -3.1449e-04
   3.0000e-01    0.0000e+00    3.0000e+00   -2.9344e+00    6.2374e-01    7.5756e-04   -1.0399e-03    4.8425e-04   -1.1423e-03
   3.0000e-01    0.0000e+00    3.0000e+00   -2.9631e+00    4.6930e-01   -1.6658e-04   -1.2554e-03   -4.3609e-04   -1.3069e-03
   3.0000e-01    0.0000e+00    3.0000e+00   -2.9836e+00    3.1359e-01   -9.5654e-04   -8.0100e-04   -1.2079e-03   -8.3480e-04
   3.0000e-01    0.0000e+00    3.0000e+00   -2.9959e+00    1.5701e-01   -1.2297e-03    3.3121e-05   -1.5369e-03    1.4583e-05
   3.0000e-01    0.0000e+00    3.0000e+00   -3.0000e+00    0.0000e+00   -8.9633e-04    8.1823e-04   -1.1814e-03    8.8713e-04
   3.0000e-01    0.0000e+00    3.0000e+00   -2.9959e+00   -1.5701e-01   -1.7874e-04    1.1850e-03   -4.7845e-04    1.2064e-03
   3.0000e-01    0.0000e+00    3.0000e+00   -2.9836e+00   -3.1359e-01    5.8602e-04    1.0288e-03    2.7302e-04    1.0475e-03
   3.0000e-01    0.0000e+00    3.0000e+00   -2.9631e+00   -4.6930e-01    1.0790e-03    4.5350e-04    8.0516e-04    5.2009e-04
   3.0000e-01    0.0000e+00    3.0000e+00   -2.9344e+00   -6.2374e-01    1.1258e-03   -2.6989e-04    8.1492e-04   -1.9629e-04
   3.0000e-01    0.0000e+00    3.0000e+00   -2.8978e+00   -7.7646e-01    7.5908e-04   -8.5828e-04    4.6111e-04   -6.8968e-04
   3.0000e-01    0.0000e+00    3.0000e+00   -2.8532e+00   -9.2705e-01    1.5644e-04   -1.1239e-03   -1.3644e-04   -1.0017e-03
   3.0000e-01    0.0000e+00    3.0000e+00   -2.8007e+00   -1.0751e+00   -4.7323e-04   -1.0199e-03   -7.1092e-04   -8.3958e-04
   3.0000e-01    0.0000e+00    3.0000e+00   -2.7406e+00   -1.2202e+00   -9.2712e-04   -6.1857e-04   -1.1435e-03   -3.9217e-04
   3.0000e-01    0.0000e+00    3.0000e+00   -2.6730e+00   -1.3620e+00   -1.1034e-03   -6.3558e-05   -1.3163e-03    1.1861e-04
   3.0000e-01    0.0000e+00    3.0000e+00   -2.5981e+00   -1.5000e+00   -9.9048e-04    4.7103e-04   -1.1913e-03    7.1410e-04
   3.0000e-01    0.0000e+00    3.0000e+00   -2.5160e+00   -1.6339e+00   -6.5633e-04    8.6867e-04   -8.5462e-04    1.0643e-03
   3.0000e-01    0.0000e+00    3.0000e+00   -2.4271e+00   -1.7634e+00   -1.9768e-04    1.0630e-03   -3.3111e-04    1.2938e-03
   3.0000e-01    0.0000e+00    3.0000e+00   -2.3314e+00   -1.8880e+00    2.7247e-04    1.0390e-03    1.1351e-04    1.2863e-03
   3.0000e-01    0.0000e+00    3.0000e+00   -2.2294e+00   -2.0074e+00    6.5832e-04    8.4073e-04    5.5451e-04    1.0959e-03
   3.0000e-01    0.0000e+00    3.0000e+00   -2.1213e+00   -2.1213e+00    9.2174e-04    5.2726e-04    7.9343e-04    7.9380e-04
   3.0000e-01    0.0000e+00    3.0000e+00   -2.0074e+00   -2.2294e+00    1.0445e-03    1.5764e-04    1.0015e-03    4.4305e-04
   3.0000e-01    0.0000e+00    3.0000e+00   -1.8880e+00   -2.3314e+00    1.0309e-03   -2.0482e-04    9.6060e-04    7.2298e-06
   3.0000e-01    0.0000e+00    3.0000e+00   -1.7634e+00   -2.4271e+00    9.1390e-04   -5.0977e-04    9.4168e-04   -3.0391e-04
   3.0000e-01    0.0000e+00    3.0000e+00   -1.6339e+00   -2.5160e+00    7.2687e-04   -7.4705e-04    6.4797e-04   -5.3159e-04
   3.0000e-01    0.0000e+00    3.0000e+00   -1.5000e+00   -2.5981e+00    4.9869e-04   -9.1080e-04    4.8669e-04   -6.6820e-04
   3.0000e-01    0.0000e+00    3.0000e+00   -1.3620e+00   -2.6730e+00    2.6298e-04   -1.0010e-03    1.7328e-04   -7.6754e-04
   3.0000e-01    0.0000e+00    3.0000e+00   -1.2202e+00   -2.7406e+00    4.2211e-05   -1.0311e-03    1.5025e-05   -8.1935e-04
   3.0000e-01    0.0000e+00    3.0000e+00   -1.0751e+00   -2.8007e+00   -1.5492e-04   -1.0176e-03   -2.2615e-04   -8.2209e-04
   3.0000e-01    0.0000e+00    3.0000e+00   -9.2705e-01   -2.8532e+00   -3.2103e-04   -9.7542e-04   -3.6524e-04   -7.6326e-04
   3.0000e-01    0.0000e+00    3.0000e+00   -7.7646e-01   -2.8978e+00   -4.5735e-04   -9.1719e-04   -4.9914e-04   -6.8870e-04
   3.0000e-01    0.0000e+00    3.0000e+00   -6.2374e-01   -2.9344e+00   -5.5748e-04   -8.5822e-04   -6.0877e-04   -7.0297e-04
   3.0000e-01    0.0000e+00    3.0000e+00   -4.6930e-01   -2.9631e+00   -6.3216e-04   -8.0316e-04   -6.7509e-04   -5.6340e-04
   3.0000e-01    0.0000e+00    3.0000e+00   -3.1359e-01   -2.9836e+00   -6.7957e-04   -7.6235e-04   -7.1686e-04   -4.9653e-04
   3.0000e-01    0.0000e+00    3.0000e+00   -1.5701e-01   -2.9959e+00   -7.0919e-04   -7.3424e-04   -7.1509e-04   -5.6884e-04
   3.0000e-01    0.0000e+00    3.0000e+00    0.0000e+00   -3.0000e+00   -7.2250e-04   -7.2081e-04   -7.6451e-04   -5.1586e-04
   3.0000e-01    0.0000e+00    3.0000e+00    1.5701e-01   -2.9959e+00   -7.0919e-04   -7.3424e-04   -7.6236e-04   -4.6863e-04
   3.0000e-01    0.0000e+00    3.0000e+00    3.1359e-01   -2.9836e+00   -6.7957e-04   -7.6235e-04   -7.2869e-04   -5.4354e-04
   3.0000e-01    0.0000e+00    3.0000e+00    4.6930e-01   -2.9631e+00   -6.3216e-04   -8.0316e-04   -6.1280e-04   -6.0469e-04
   3.0000e-01    0.0000e+00    3.0000e+00    6.2374e-01   -2.9344e+00   -5.5748e-04   -8.5822e-04   -6.1007e-04   -6.6167e-04
   3.0000e-01    0.0000e+00    3.0000e+00    7.7646e-01   -2.8978e+00   -4.5735e-04   -9.1719e-04   -4.7416e-04   -6.8472e-04
   3.0000e-01    0.0000e+00    3.0000e+00    9.2705e-01   -2.8532e+00   -3.2103e-04   -9.7542e-04   -3.5126e-04   -8.0355e-04
   3.0000e-01    0.0000e+00    3.0000e+00    1.0751e+00   -2.8007e+00   -1.5492e-04   -1.0176e-03   -1.9040e-04   -8.2063e-04
   3.0000e-01    0.0000e+00    3.0000e+00    1.2202e+00   -2.7406e+00    4.2211e-05   -1.0311e-03   -6.2288e-05   -8.3008e-04
   3.0000e-01    0.0000e+00    3.0000e+00    1.3620e+00   -2.6730e+00    2.6298e-04   -1.0010e-03    1.7313e-04   -7.5850e-04
   3.0000e-01    0.0000e+00    3.0000e+00    1.5000e+00   -2.5981e+00    4.9869e-04   -9.1080e-04    4.9568e-04   -6.2746e-04
   3.0000e-01    0.0000e+00    3.0000e+00    1.6339e+00   -2.5160e+00    7.2687e-04   -7.4705e-04    6.4227e-04   -5.2501e-04
   3.0000e-01    0.0000e+00    3.0000e+00    1.7634e+00   -2.4271e+00    9.1390e-04   -5.0977e-04    8.5494e-04   -2.3992e-04
   3.0000e-01    0.0000e+00    3.0000e+00    1.8880e+00   -2.3314e+00    1.0309e-03   -2.0482e-04    9.2969e-04    3.4972e-05
   3.0000e-01    0.0000e+00    3.0000e+00    2.0074e+00   -2.2294e+00    1.0445e-03    1.5764e-04    1.0032e-03    4.0071e-04
   3.0000e-01    0.0000e+00    3.0000e+00    2.1213e+00   -2.1213e+00    9.2174e-04    5.2726e-04    7.8913e-04    7.7788e-04
   3.0000e-01    0.0000e+00    3.0000e+00    2.2294e+00   -2.0074e+00    6.5832e-04    8.4073e-04    5.4175e-04    1.0595e-03
   3.0000e-01    0.0000e+00    3.0000e+00    2.3314e+00   -1.8880e+00    2.7247e-04    1.0390e-03    1.1807e-04    1.2528e-03
   3.0000e-01    0.0000e+00    3.0000e+00    2.4271e+00   -1.7634e+00   -1.9768e-04    1.0630e-03   -3.7021e-04    1.3588e-03
   3.0000e-01    0.0000e+00    3.0000e+00    2.5160e+00   -1.6339e+00   -6.5633e-04    8.6867e-04   -8.1711e-04    1.1024e-03
   3.0000e-01    0.0000e+00    3.0000e+00    2.5981e+00   -1.5000e+00   -9.9048e-04    4.7103e-04   -1.2142e-03    6.9111e-04
   3.0000e-01    0.0000e+00    3.0000e+00    2.6730e+00   -1.3620e+00   -1.1034e-03   -6.3558e-05   -1.2863e-03    1.3945e-04
   3.0000e-01    0.0000e+00    3.0000e+00    2.7406e+00   -1.2202e+00   -9.2712e-04   -6.1857e-04   -1.1146e-03   -4.5204e-04
   3.0000e-01    0.0000e+00    3.0000e+00    2.8007e+00   -1.0751e+00   -4.7323e-04   -1.0199e-03   -7.2418e-04   -7.8057e-04
   3.0000e-01    0.0000e+00    3.0000e+00    2.8532e+00   -9.2705e-01    1.5644e-04   -1.1239e-03   -1.5616e-04   -9.1850e-04
   3.0000e-01    0.0000e+00    3.0000e+00    2.8978e+00   -7.7646e-01    7.5908e-04   -8.5828e-04    4.4034e-04   -7.0833e-04
   3.0000e-01    0.0000e+00    3.0000e+00    2.9344e+00   -6.2374e-01    1.1258e-03   -2.6989e-04    8.4496e-04   -1.1699e-04
   3.0000e-01    0.0000e+00    3.0000e+00    2.9631e+00   -4.6930e-01    1.0790e-03    4.5350e-04    7.0649e-04    5.0433e-04
   3.0000e-01    0.0000e+00    3.0000e+00    2.9836e+00   -3.1359e-01    5.8602e-04    1.0288e-03    2.8163e-04    1.1079e-03
   3.0000e-01    0.0000e+00    3.0000e+00    2.9959e+00   -1.5701e-01   -1.7874e-04    1.1850e-03   -4.9467e-04    1.2299e-03
   3.0000e-01   -1.5000e+00    2.6000e+00    3.0000e+00    0.0000e+00   -9.8520e-04    4.8154e-04   -1.5058e-03    5.6911e-04
   3.0000e-01   -1.5000e+00    2.6000e+00    2.9959e+00    1.5701e-01   -1.1035e-03   -6.2410e-05   -1.6517e-03   -3.1053e-05
   3.0000e-01   -1.5000e+00    2.6000e+00    2.9836e+00    3.1359e-01   -9.3007e-04   -6.1379e-04   -1.4649e-03   -6.2129e-04
   3.0000e-01   -1.5000e+00    2.6000e+00    2.9631e+00    4.6930e-01   -4.7914e-04   -1.0169e-03   -1.0671e-03   -1.1434e-03
   3.0000e-01   -1.5000e+00    2.6000e+00    2.9344e+00    6.2374e-01    1.4886e-04   -1.1248e-03   -4.2721e-04   -1.3202e-03
   3.0000e-01   -1.5000e+00    2.6000e+00    2.8978e+00    7.7646e-01    7.5473e-04   -8.6193e-04    1.7702e-04   -1.1578e-03
   3.0000e-01   -1.5000e+00    2.6000e+00    2.8532e+00    9.2705e-01    1.1245e-03   -2.7469e-04    5.7067e-04   -6.1616e-04
   3.0000e-01   -1.5000e+00    2.6000e+00    2.8007e+00    1.0751e+00    1.0809e-03    4.4881e-04    5.0898e-04    3.1687e-05
   3.0000e-01   -1.5000e+00    2.6000e+00    2.7406e+00    1.2202e+00    5.9562e-04    1.0231e-03    1.1132e-04    5.9637e-04
   3.0000e-01   -1.5000e+00    2.6000e+00    2.6730e+00    1.3620e+00   -1.7128e-04    1.1858e-03   -6.2225e-04    7.2813e-04
   3.0000e-01   -1.5000e+00    2.6000e+00    2.5981e+00    1.5000e+00   -8.9682e-04    8.1751e-04   -1.3874e-03    2.8415e-04
   3.0000e-01   -1.5000e+00    2.6000e+00    2.5160e+00    1.6339e+00   -1.2295e-03    3.6530e-05   -1.6039e-03   -5.1756e-04
   3.0000e-01   -1.5000e+00    2.6000e+00    2.4271e+00    1.7634e+00   -9.5842e-04   -7.9852e-04   -1.3386e-03   -1.3551e-03
   3.0000e-01   -1.5000e+00    2.6000e+00    2.3314e+00    1.8880e+00   -1.7340e-04   -1.2542e-03   -4.8036e-04   -1.8450e-03
   3.0000e-01   -1.5000e+00    2.6000e+00    2.2294e+00    2.0074e+00    7.5145e-04   -1.0441e-03    4.9340e-04   -1.6254e-03
   3.0000e-01   -1.5000e+00    2.6000e+00    2.1213e+00    2.1213e+00    1.2896e-03   -2.1856e-04    1.0192e-03   -7.6906e-04
   3.0000e-01   -1.5000e+00    2.6000e+00    2.0074e+00    2.2294e+00    1.0814e-03    7.7600e-04    9.0688e-04    2.6004e-04
   3.0000e-01   -1.5000e+00    2.6000e+00    1.8880e+00    2.3314e+00    1.9757e-04    1.3413e-03    5.5196e-05    7.6181e-04
   3.0000e-01   -1.5000e+00    2.6000e+00    1.7634e+00    2.4271e+00   -8.6586e-04    1.0780e-03   -8.9903e-04    5.2091e-04
   3.0000e-01   -1.5000e+00    2.6000e+00    1.6339e+00    2.5160e+00   -1.4095e-03    7.8570e-05   -1.4568e-03   -3.8879e-04
   3.0000e-01   -1.5000e+00    2.6000e+00    1.5000e+00    2.5981e+00   -1.0140e-03   -1.0270e-03   -1.0233e-03   -1.5262e-03
   3.0000e-01   -1.5000e+00    2.6000e+00    1.3620e+00    2.6730e+00    1.1651e-04   -1.4724e-03    1.4623e-04   -1.8959e-03
   3.0000e-01   -1.5000e+00    2.6000e+00    1.2202e+00    2.7406e+00    1.2384e-03   -8.7194e-04    1.3198e-03   -1.2368e-03
   3.0000e-01   -1.5000e+00    2.6000e+00    1.0751e+00    2.8007e+00    1.4983e-03    4.1698e-04    1.6431e-03    2.5726e-05
   3.0000e-01   -1.5000e+00    2.6000e+00    9.2705e-01    2.8532e+00    6.2070e-04    1.4748e-03    6.8725e-04    1.1369e-03
   3.0000e-01   -1.5000e+00    2.6000e+00    7.7646e-01    2.8978e+00   -7.9776e-04    1.4436e-03   -6.9616e-04    1.1943e-03
   3.0000e-01   -1.5000e+00    2.6000e+00    6.2374e-01    2.9344e+00   -1.6852e-03    2.5429e-04   -1.5964e-03    -6.6548e-06
   3.0000e-01   -1.5000e+00    2.6000e+00    4.6930e-01    2.9631e+00   -1.2553e-03   -1.2422e-03   -1.2154e-03   -1.5076e-03
   3.0000e-01   -1.5000e+00    2.6000e+00    3.1359e-01    2.9836e+00    2.7172e-04   -1.8154e-03    3.7174e-04   -1.9808e-03
   3.0000e-01   -1.5000e+00    2.6000e+00    1.5701e-01    2.9959e+00    1.6972e-03   -8.8578e-04    1.7282e-03   -1.0151e-03
   3.0000e-01   -1.5000e+00    2.6000e+00    0.0000e+00    3.0000e+00    1.7867e-03    9.1095e-04    1.8304e-03    8.0309e-04
   3.0000e-01   -1.5000e+00    2.6000e+00   -2.5981e+00    1.5000e+00    1.7992e-03    8.8287e-04    1.8779e-03    6.5705e-04
   3.0000e-01   -1.5000e+00    2.6000e+00   -2.6730e+00    1.3620e+00    1.6862e-03   -9.0466e-04    1.8390e-03   -1.0978e-03
   3.0000e-01   -1.5000e+00    2.6000e+00   -2.7406e+00    1.2202e+00    2.4186e-04   -1.8186e-03    4.3684e-04   -2.0445e-03
   3.0000e-01   -1.5000e+00    2.6000e+00   -2.8007e+00    1.0751e+00   -1.2689e-03   -1.2275e-03   -1.0813e-03   -1.3537e-03
   3.0000e-01   -1.5000e+00    2.6000e+00   -2.8532e+00    9.2705e-01   -1.6815e-03    2.7364e-04   -1.4663e-03    1.2108e-04
   3.0000e-01   -1.5000e+00    2.6000e+00   -2.8978e+00    7.7646e-01   -7.8153e-04    1.4519e-03   -5.8089e-04    1.3097e-03
   3.0000e-01   -1.5000e+00    2.6000e+00   -2.9344e+00    6.2374e-01    6.3846e-04    1.4667e-03    8.9157e-04    1.3230e-03
   3.0000e-01   -1.5000e+00    2.6000e+00   -2.9631e+00    4.6930e-01    1.5023e-03    4.0018e-04    1.7334e-03    2.4787e-04
   3.0000e-01   -1.5000e+00    2.6000e+00   -2.9836e+00    3.1359e-01    1.2268e-03   -8.8720e-04    1.4283e-03   -9.6724e-04
   3.0000e-01   -1.5000e+00    2.6000e+00   -2.9959e+00    1.5701e-01    1.0645e-04   -1.4730e-03    2.5184e-04   -1.5250e-03
   3.0000e-01   -1.5000e+00    2.6000e+00   -3.0000e+00    0.0000e+00   -1.0295e-03   -1.0107e-03   -9.0633e-04   -1.0931e-03
   3.0000e-01   -1.5000e+00    2.6000e+00   -2.9959e+00   -1.5701e-01   -1.4085e-03    9.1961e-05   -1.2953e-03    1.1259e-04
   3.0000e-01   -1.5000e+00    2.6000e+00   -2.9836e+00   -3.1359e-01   -8.6198e-04    1.0810e-03   -7.7442e-04    1.0986e-03
   3.0000e-01   -1.5000e+00    2.6000e+00   -2.9631e+00   -4.6930e-01    2.0512e-04    1.3401e-03    2.2437e-04    1.3582e-03
   3.0000e-01   -1.5000e+00    2.6000e+00   -2.9344e+00   -6.2374e-01    1.0907e-03    7.6233e-04    1.0552e-03    7.8628e-04
   3.0000e-01   -1.5000e+00    2.6000e+00   -2.8978e+00   -7.7646e-01    1.2864e-03   -2.3480e-04    1.2634e-03   -1.7291e-04
   3.0000e-01   -1.5000e+00    2.6000e+00   -2.8532e+00   -9.2705e-01    7.4694e-04   -1.0471e-03    6.9516e-04   -9.6913e-04
   3.0000e-01   -1.5000e+00    2.6000e+00   -2.8007e+00   -1.0751e+00   -1.8057e-04   -1.2532e-03   -3.2578e-04   -1.1144e-03
   3.0000e-01   -1.5000e+00    2.6000e+00   -2.7406e+00   -1.2202e+00   -9.6513e-04   -7.9030e-04   -1.1691e-03   -7.1444e-04
   3.0000e-01   -1.5000e+00    2.6000e+00   -2.6730e+00   -1.3620e+00   -1.2285e-03    5.3084e-05   -1.4215e-03    1.9777e-04
   3.0000e-01   -1.5000e+00    2.6000e+00   -2.5981e+00   -1.5000e+00   -8.9054e-04    8.2425e-04   -1.2240e-03    9.6851e-04
   3.0000e-01   -1.5000e+00    2.6000e+00   -2.5160e+00   -1.6339e+00   -1.6376e-04    1.1868e-03   -4.8656e-04    1.3858e-03
   3.0000e-01   -1.5000e+00    2.6000e+00   -2.4271e+00   -1.7634e+00    6.0493e-04    1.0173e-03    2.3864e-04    1.1561e-03
   3.0000e-01   -1.5000e+00    2.6000e+00   -2.3314e+00   -1.8880e+00    1.0863e-03    4.3454e-04    6.8566e-04    5.6349e-04
   3.0000e-01   -1.5000e+00    2.6000e+00   -2.2294e+00   -2.0074e+00    1.1227e-03   -2.8146e-04    7.0238e-04   -1.6571e-04
   3.0000e-01   -1.5000e+00    2.6000e+00   -2.1213e+00   -2.1213e+00    7.5188e-04   -8.6435e-04    3.0250e-04   -7.5746e-04
   3.0000e-01   -1.5000e+00    2.6000e+00   -2.0074e+00   -2.2294e+00    1.3736e-04   -1.1261e-03   -3.3778e-04   -1.0203e-03
   3.0000e-01   -1.5000e+00    2.6000e+00   -1.8880e+00   -2.3314e+00   -4.9042e-04   -1.0112e-03   -9.4410e-04   -8.8328e-04
   3.0000e-01   -1.5000e+00    2.6000e+00   -1.7634e+00   -2.4271e+00   -9.3491e-04   -6.0601e-04   -1.4101e-03   -4.5246e-04
   3.0000e-01   -1.5000e+00    2.6000e+00   -1.6339e+00   -2.5160e+00   -1.1037e-03   -5.5297e-05   -1.5408e-03    6.6130e-05
   3.0000e-01   -1.5000e+00    2.6000e+00   -1.5000e+00   -2.5981e+00   -9.8379e-04    4.8397e-04   -1.4209e-03    6.5983e-04
   3.0000e-01   -1.5000e+00    2.6000e+00   -1.3620e+00   -2.6730e+00   -6.4232e-04    8.7864e-04   -1.0422e-03    1.0209e-03
   3.0000e-01   -1.5000e+00    2.6000e+00   -1.2202e+00   -2.7406e+00   -1.8553e-04    1.0650e-03   -6.4314e-04    1.1735e-03
   3.0000e-01   -1.5000e+00    2.6000e+00   -1.0751e+00   -2.8007e+00    2.7941e-04    1.0371e-03   -1.3872e-04    1.1537e-03
   3.0000e-01   -1.5000e+00    2.6000e+00   -9.2705e-01   -2.8532e+00    6.6882e-04    8.3204e-04    3.5537e-04    9.4599e-04
   3.0000e-01   -1.5000e+00    2.6000e+00   -7.7646e-01   -2.8978e+00    9.3042e-04    5.1102e-04    6.5843e-04    6.2395e-04
   3.0000e-01   -1.5000e+00    2.6000e+00   -6.2374e-01   -2.9344e+00    1.0458e-03    1.4689e-04    8.1582e-04    2.5530e-04
   3.0000e-01   -1.5000e+00    2.6000e+00   -4.6930e-01   -2.9631e+00    1.0293e-03   -2.1214e-04    8.1989e-04   -3.3137e-05
   3.0000e-01   -1.5000e+00    2.6000e+00   -3.1359e-01   -2.9836e+00    9.0911e-04   -5.1803e-04    7.6861e-04   -3.3688e-04
   3.0000e-01   -1.5000e+00    2.6000e+00   -1.5701e-01   -2.9959e+00    7.1774e-04   -7.5562e-04    6.6608e-04   -5.6090e-04
   3.0000e-01   -1.5000e+00    2.6000e+00    0.0000e+00   -3.0000e+00    4.8662e-04   -9.1717e-04    4.1870e-04   -7.6406e-04
   3.0000e-01   -1.5000e+00    2.6000e+00    1.5701e-01   -2.9959e+00    2.5568e-04   -1.0028e-03    3.0057e-04   -7.5475e-04
   3.0000e-01   -1.5000e+00    2.6000e+00    3.1359e-01   -2.9836e+00    3.4806e-05   -1.0312e-03    4.6869e-05   -7.0544e-04
   3.0000e-01   -1.5000e+00    2.6000e+00    4.6930e-01   -2.9631e+00   -1.6660e-04   -1.0155e-03   -3.4782e-05   -6.9248e-04
   3.0000e-01   -1.5000e+00    2.6000e+00    6.2374e-01   -2.9344e+00   -3.3277e-04   -9.7141e-04   -2.2773e-04   -6.0632e-04
   3.0000e-01   -1.5000e+00    2.6000e+00    7.7646e-01   -2.8978e+00   -4.6719e-04   -9.1211e-04   -2.9215e-04   -5.5858e-04
   3.0000e-01   -1.5000e+00    2.6000e+00    9.2705e-01   -2.8532e+00   -5.6536e-04   -8.5288e-04   -3.0178e-04   -4.9167e-04
   3.0000e-01   -1.5000e+00    2.6000e+00    1.0751e+00   -2.8007e+00   -6.4018e-04   -7.9672e-04   -3.5080e-04   -3.2825e-04
   3.0000e-01   -1.5000e+00    2.6000e+00    1.2202e+00   -2.7406e+00   -6.8973e-04   -7.5306e-04   -3.2450e-04   -2.5559e-04
   3.0000e-01   -1.5000e+00    2.6000e+00    1.3620e+00   -2.6730e+00   -7.1986e-04   -7.2346e-04   -4.4166e-04   -2.2843e-04
   3.0000e-01   -1.5000e+00    2.6000e+00    1.5000e+00   -2.5981e+00   -7.2759e-04   -7.1560e-04   -3.6890e-04   -1.5717e-04
   3.0000e-01   -1.5000e+00    2.6000e+00    1.6339e+00   -2.5160e+00   -7.1621e-04   -7.2733e-04   -3.1902e-04   -2.0706e-04
   3.0000e-01   -1.5000e+00    2.6000e+00    1.7634e+00   -2.4271e+00   -6.8991e-04   -7.5288e-04   -3.2168e-04   -1.2791e-04
   3.0000e-01   -1.5000e+00    2.6000e+00    1.8880e+00   -2.3314e+00   -6.4391e-04   -7.9355e-04   -2.2162e-04   -1.2615e-04
   3.0000e-01   -1.5000e+00    2.6000e+00    2.0074e+00   -2.2294e+00   -5.6603e-04   -8.5245e-04   -2.1185e-04   -1.9004e-04
   3.0000e-01   -1.5000e+00    2.6000e+00    2.1213e+00   -2.1213e+00   -4.6059e-04   -9.1562e-04   -6.8077e-05   -2.3924e-04
   3.0000e-01   -1.5000e+00    2.6000e+00    2.2294e+00   -2.0074e+00   -3.3049e-04   -9.7226e-04    9.0026e-06   -3.0318e-04
   3.0000e-01   -1.5000e+00    2.6000e+00    2.3314e+00   -1.8880e+00   -1.6975e-04   -1.0150e-03    9.4652e-05   -4.1301e-04
   3.0000e-01   -1.5000e+00    2.6000e+00    2.4271e+00   -1.7634e+00    3.2403e-05   -1.0313e-03    3.0082e-04   -4.0370e-04
   3.0000e-01   -1.5000e+00    2.6000e+00    2.5160e+00   -1.6339e+00    2.5896e-04   -1.0020e-03    4.4634e-04   -3.9336e-04
   3.0000e-01   -1.5000e+00    2.6000e+00    2.5981e+00   -1.5000e+00    4.9173e-04   -9.1455e-04    6.1393e-04   -3.0283e-04
   3.0000e-01   -1.5000e+00    2.6000e+00    2.6730e+00   -1.3620e+00    7.1703e-04   -7.5625e-04    7.6089e-04   -1.7494e-04
   3.0000e-01   -1.5000e+00    2.6000e+00    2.7406e+00   -1.2202e+00    9.1049e-04   -5.1596e-04    9.2279e-04    2.9301e-05
   3.0000e-01   -1.5000e+00    2.6000e+00    2.8007e+00   -1.0751e+00    1.0306e-03   -2.0695e-04    9.4649e-04    3.2448e-04
   3.0000e-01   -1.5000e+00    2.6000e+00    2.8532e+00   -9.2705e-01    1.0450e-03    1.5364e-04    9.6487e-04    6.0101e-04
   3.0000e-01   -1.5000e+00    2.6000e+00    2.8978e+00   -7.7646e-01    9.2785e-04    5.1601e-04    7.6248e-04    9.5618e-04
   3.0000e-01   -1.5000e+00    2.6000e+00    2.9344e+00   -6.2374e-01    6.6498e-04    8.3541e-04    3.2172e-04    1.1731e-03
   3.0000e-01   -1.5000e+00    2.6000e+00    2.9631e+00   -4.6930e-01    2.7365e-04    1.0388e-03   -7.6156e-05    1.3597e-03
   3.0000e-01   -1.5000e+00    2.6000e+00    2.9836e+00   -3.1359e-01   -1.9724e-04    1.0630e-03   -5.8327e-04    1.3095e-03
   3.0000e-01   -1.5000e+00    2.6000e+00    2.9959e+00   -1.5701e-01   -6.5106e-04    8.7255e-04   -1.0762e-03    1.0131e-03
   3.0000e-01   -2.6000e+00    1.5000e+00    3.0000e+00    0.0000e+00    4.8474e-04   -9.1813e-04    2.6433e-04   -7.7995e-04
   3.0000e-01   -2.6000e+00    1.5000e+00    2.9959e+00    1.5701e-01    7.1774e-04   -7.5562e-04    4.6066e-04   -6.7299e-04
   3.0000e-01   -2.6000e+00    1.5000e+00    2.9836e+00    3.1359e-01    9.0911e-04   -5.1803e-04    6.1235e-04   -5.3910e-04
   3.0000e-01   -2.6000e+00    1.5000e+00    2.9631e+00    4.6930e-01    1.0293e-03   -2.1214e-04    7.0685e-04   -2.7132e-04
   3.0000e-01   -2.6000e+00    1.5000e+00    2.9344e+00    6.2374e-01    1.0458e-03    1.4689e-04    6.9884e-04   -1.7739e-06
   3.0000e-01   -2.6000e+00    1.5000e+00    2.8978e+00    7.7646e-01    9.3042e-04    5.1102e-04    5.0648e-04    2.8270e-04
   3.0000e-01   -2.6000e+00    1.5000e+00    2.8532e+00    9.2705e-01    6.6882e-04    8.3204e-04    2.2487e-04    4.9011e-04
   3.0000e-01   -2.6000e+00    1.5000e+00    2.8007e+00    1.0751e+00    2.7941e-04    1.0371e-03   -1.7357e-04    6.9391e-04
   3.0000e-01   -2.6000e+00    1.5000e+00    2.7406e+00    1.2202e+00   -1.8553e-04    1.0650e-03   -6.4162e-04    6.1323e-04
   3.0000e-01   -2.6000e+00    1.5000e+00    2.6730e+00    1.3620e+00   -6.4232e-04    8.7864e-04   -1.1636e-03    3.8622e-04
   3.0000e-01   -2.6000e+00    1.5000e+00    2.5981e+00    1.5000e+00   -9.8379e-04    4.8397e-04   -1.5254e-03   -4.7310e-05
   3.0000e-01   -2.6000e+00    1.5000e+00    2.5160e+00    1.6339e+00   -1.1037e-03   -5.5297e-05   -1.6538e-03   -6.4545e-04
   3.0000e-01   -2.6000e+00    1.5000e+00    2.4271e+00    1.7634e+00   -9.3491e-04   -6.0601e-04   -1.4357e-03   -1.2087e-03
   3.0000e-01   -2.6000e+00    1.5000e+00    2.3314e+00    1.8880e+00   -4.9042e-04   -1.0112e-03   -1.0396e-03   -1.6056e-03
   3.0000e-01   -2.6000e+00    1.5000e+00    2.2294e+00    2.0074e+00    1.3736e-04   -1.1261e-03   -4.0011e-04   -1.7454e-03
   3.0000e-01   -2.6000e+00    1.5000e+00    2.1213e+00    2.1213e+00    7.5188e-04   -8.6435e-04    2.2045e-04   -1.5248e-03
   3.0000e-01   -2.6000e+00    1.5000e+00    2.0074e+00    2.2294e+00    1.1227e-03   -2.8146e-04    6.0293e-04   -9.2553e-04
   3.0000e-01   -2.6000e+00    1.5000e+00    1.8880e+00    2.3314e+00    1.0863e-03    4.3454e-04    5.8619e-04   -1.8892e-04
   3.0000e-01   -2.6000e+00    1.5000e+00    1.7634e+00    2.4271e+00    6.0493e-04    1.0173e-03    1.4568e-04    4.7142e-04
   3.0000e-01   -2.6000e+00    1.5000e+00    1.6339e+00    2.5160e+00   -1.6376e-04    1.1868e-03   -6.1909e-04    6.4576e-04
   3.0000e-01   -2.6000e+00    1.5000e+00    1.5000e+00    2.5981e+00   -8.9054e-04    8.2425e-04   -1.3214e-03    2.6590e-04
   3.0000e-01   -2.6000e+00    1.5000e+00    1.3620e+00    2.6730e+00   -1.2285e-03    5.3084e-05   -1.6796e-03   -4.1663e-04
   3.0000e-01   -2.6000e+00    1.5000e+00    1.2202e+00    2.7406e+00   -9.6513e-04   -7.9030e-04   -1.3492e-03   -1.2214e-03
   3.0000e-01   -2.6000e+00    1.5000e+00    1.0751e+00    2.8007e+00   -1.8057e-04   -1.2532e-03   -5.7682e-04   -1.6407e-03
   3.0000e-01   -2.6000e+00    1.5000e+00    9.2705e-01    2.8532e+00    7.4694e-04   -1.0471e-03    3.9364e-04   -1.4322e-03
   3.0000e-01   -2.6000e+00    1.5000e+00    7.7646e-01    2.8978e+00    1.2864e-03   -2.3480e-04    9.8168e-04   -5.5993e-04
   3.0000e-01   -2.6000e+00    1.5000e+00    6.2374e-01    2.9344e+00    1.0907e-03    7.6233e-04    8.3958e-04    4.9296e-04
   3.0000e-01   -2.6000e+00    1.5000e+00    4.6930e-01    2.9631e+00    2.0512e-04    1.3401e-03   -3.0172e-05    1.0894e-03
   3.0000e-01   -2.6000e+00    1.5000e+00    3.1359e-01    2.9836e+00   -8.6198e-04    1.0810e-03   -1.1118e-03    8.1844e-04
   3.0000e-01   -2.6000e+00    1.5000e+00    1.5701e-01    2.9959e+00   -1.4085e-03    9.1961e-05   -1.6470e-03   -4.1891e-05
   3.0000e-01   -2.6000e+00    1.5000e+00    0.0000e+00    3.0000e+00   -1.0227e-03   -1.0178e-03   -1.2214e-03   -1.2219e-03
   3.0000e-01   -2.6000e+00    1.5000e+00   -1.5701e-01    2.9959e+00    1.0645e-04   -1.4730e-03   -4.0897e-05   -1.6682e-03
   3.0000e-01   -2.6000e+00    1.5000e+00   -3.1359e-01    2.9836e+00    1.2268e-03   -8.8720e-04    1.1033e-03   -1.1194e-03
   3.0000e-01   -2.6000e+00    1.5000e+00   -4.6930e-01    2.9631e+00    1.5023e-03    4.0018e-04    1.3965e-03    1.8638e-04
   3.0000e-01   -2.6000e+00    1.5000e+00   -6.2374e-01    2.9344e+00    6.3846e-04    1.4667e-03    5.8724e-04    1.2741e-03
   3.0000e-01   -2.6000e+00    1.5000e+00   -7.7646e-01    2.8978e+00   -7.8153e-04    1.4519e-03   -8.1944e-04    1.2833e-03
   3.0000e-01   -2.6000e+00    1.5000e+00   -9.2705e-01    2.8532e+00   -1.6815e-03    2.7364e-04   -1.6865e-03    1.2168e-04
   3.0000e-01   -2.6000e+00    1.5000e+00   -1.0751e+00    2.8007e+00   -1.2689e-03   -1.2275e-03   -1.2393e-03   -1.4049e-03
   3.0000e-01   -2.6000e+00    1.5000e+00   -1.2202e+00    2.7406e+00    2.4186e-04   -1.8186e-03    2.7352e-04   -1.9905e-03
   3.0000e-01   -2.6000e+00    1.5000e+00   -1.3620e+00    2.6730e+00    1.6862e-03   -9.0466e-04    1.7717e-03   -1.0912e-03
   3.0000e-01   -2.6000e+00    1.5000e+00   -1.5000e+00    2.5981e+00    1.7992e-03    8.8287e-04    1.9335e-03    6.7232e-04
   3.0000e-01   -2.6000e+00    1.5000e+00   -3.0000e+00    0.0000e+00    1.7929e-03    8.9701e-04    2.0604e-03    8.0088e-04
   3.0000e-01   -2.6000e+00    1.5000e+00   -2.9959e+00   -1.5701e-01    1.6972e-03   -8.8578e-04    1.9704e-03   -9.1817e-04
   3.0000e-01   -2.6000e+00    1.5000e+00   -2.9836e+00   -3.1359e-01    2.7172e-04   -1.8154e-03    4.9122e-04   -1.8817e-03
   3.0000e-01   -2.6000e+00    1.5000e+00   -2.9631e+00   -4.6930e-01   -1.2553e-03   -1.2422e-03   -1.1122e-03   -1.2686e-03
   3.0000e-01   -2.6000e+00    1.5000e+00   -2.9344e+00   -6.2374e-01   -1.6852e-03    2.5429e-04   -1.5511e-03    2.8520e-04
   3.0000e-01   -2.6000e+00    1.5000e+00   -2.8978e+00   -7.7646e-01   -7.9776e-04    1.4436e-03   -7.1609e-04    1.5197e-03
   3.0000e-01   -2.6000e+00    1.5000e+00   -2.8532e+00   -9.2705e-01    6.2070e-04    1.4748e-03    6.9301e-04    1.4844e-03
   3.0000e-01   -2.6000e+00    1.5000e+00   -2.8007e+00   -1.0751e+00    1.4983e-03    4.1698e-04    1.5220e-03    4.3209e-04
   3.0000e-01   -2.6000e+00    1.5000e+00   -2.7406e+00   -1.2202e+00    1.2384e-03   -8.7194e-04    1.2198e-03   -7.7971e-04
   3.0000e-01   -2.6000e+00    1.5000e+00   -2.6730e+00   -1.3620e+00    1.1651e-04   -1.4724e-03    6.8302e-05   -1.3568e-03
   3.0000e-01   -2.6000e+00    1.5000e+00   -2.5981e+00   -1.5000e+00   -1.0140e-03   -1.0270e-03   -1.0889e-03   -9.0496e-04
   3.0000e-01   -2.6000e+00    1.5000e+00   -2.5160e+00   -1.6339e+00   -1.4095e-03    7.8570e-05   -1.4623e-03    2.6258e-04
   3.0000e-01   -2.6000e+00    1.5000e+00   -2.4271e+00   -1.7634e+00   -8.6586e-04    1.0780e-03   -1.0223e-03    1.2713e-03
   3.0000e-01   -2.6000e+00    1.5000e+00   -2.3314e+00   -1.8880e+00    1.9757e-04    1.3413e-03    1.1565e-06    1.4817e-03
   3.0000e-01   -2.6000e+00    1.5000e+00   -2.2294e+00   -2.0074e+00    1.0814e-03    7.7600e-04    9.4829e-04    8.7757e-04
   3.0000e-01   -2.6000e+00    1.5000e+00   -2.1213e+00   -2.1213e+00    1.2896e-03   -2.1856e-04    1.1064e-03   -9.0118e-05
   3.0000e-01   -2.6000e+00    1.5000e+00   -2.0074e+00   -2.2294e+00    7.5145e-04   -1.0441e-03    5.2848e-04   -8.8692e-04
   3.0000e-01   -2.6000e+00    1.5000e+00   -1.8880e+00   -2.3314e+00   -1.7340e-04   -1.2542e-03   -3.6071e-04   -1.1178e-03
   3.0000e-01   -2.6000e+00    1.5000e+00   -1.7634e+00   -2.4271e+00   -9.5842e-04   -7.9852e-04   -1.2112e-03   -6.2735e-04
   3.0000e-01   -2.6000e+00    1.5000e+00   -1.6339e+00   -2.5160e+00   -1.2295e-03    3.6530e-05   -1.4998e-03    1.6052e-04
   3.0000e-01   -2.6000e+00    1.5000e+00   -1.5000e+00   -2.5981e+00   -8.9682e-04    8.1751e-04   -1.1704e-03    9.6313e-04
   3.0000e-01   -2.6000e+00    1.5000e+00   -1.3620e+00   -2.6730e+00   -1.7128e-04    1.1858e-03   -4.2405e-04    1.2985e-03
   3.0000e-01   -2.6000e+00    1.5000e+00   -1.2202e+00   -2.7406e+00    5.9562e-04    1.0231e-03    3.0137e-04    1.1684e-03
   3.0000e-01   -2.6000e+00    1.5000e+00   -1.0751e+00   -2.8007e+00    1.0809e-03    4.4881e-04    7.9426e-04    5.7945e-04
   3.0000e-01   -2.6000e+00    1.5000e+00   -9.2705e-01   -2.8532e+00    1.1245e-03   -2.7469e-04    8.4482e-04   -1.5622e-04
   3.0000e-01   -2.6000e+00    1.5000e+00   -7.7646e-01   -2.8978e+00    7.5473e-04   -8.6193e-04    4.5932e-04   -7.0454e-04
   3.0000e-01   -2.6000e+00    1.5000e+00   -6.2374e-01   -2.9344e+00    1.4886e-04   -1.1248e-03   -1.4619e-04   -9.3815e-04
   3.0000e-01   -2.6000e+00    1.5000e+00   -4.6930e-01   -2.9631e+00   -4.7914e-04   -1.0169e-03   -7.2460e-04   -8.8604e-04
   3.0000e-01   -2.6000e+00    1.5000e+00   -3.1359e-01   -2.9836e+00   -9.3007e-04   -6.1379e-04   -1.1587e-03   -4.2555e-04
   3.0000e-01   -2.6000e+00    1.5000e+00   -1.5701e-01   -2.9959e+00   -1.1035e-03   -6.2410e-05   -1.2995e-03    1.7552e-04
   3.0000e-01   -2.6000e+00    1.5000e+00    0.0000e+00   -3.0000e+00   -9.8714e-04    4.7770e-04   -1.1920e-03    6.8891e-04
   3.0000e-01   -2.6000e+00    1.5000e+00    1.5701e-01   -2.9959e+00   -6.5106e-04    8.7255e-04   -8.3895e-04    1.1039e-03
   3.0000e-01   -2.6000e+00    1.5000e+00    3.1359e-01   -2.9836e+00   -1.9724e-04    1.0630e-03   -3.6180e-04    1.3623e-03
   3.0000e-01   -2.6000e+00    1.5000e+00    4.6930e-01   -2.9631e+00    2.7365e-04    1.0388e-03    1.6216e-04    1.3518e-03
   3.0000e-01   -2.6000e+00    1.5000e+00    6.2374e-01   -2.9344e+00    6.6498e-04    8.3541e-04    5.6481e-04    1.2100e-03
   3.0000e-01   -2.6000e+00    1.5000e+00    7.7646e-01   -2.8978e+00    9.2785e-04    5.1601e-04    8.6959e-04    8.9065e-04
   3.0000e-01   -2.6000e+00    1.5000e+00    9.2705e-01   -2.8532e+00    1.0450e-03    1.5364e-04    1.0306e-03    5.9072e-04
   3.0000e-01   -2.6000e+00    1.5000e+00    1.0751e+00   -2.8007e+00    1.0306e-03   -2.0695e-04    1.0270e-03    3.0244e-04
   3.0000e-01   -2.6000e+00    1.5000e+00    1.2202e+00   -2.7406e+00    9.1049e-04   -5.1596e-04    9.9755e-04    1.2107e-05
   3.0000e-01   -2.6000e+00    1.5000e+00    1.3620e+00   -2.6730e+00    7.1703e-04   -7.5625e-04    8.2098e-04   -1.7455e-04
   3.0000e-01   -2.6000e+00    1.5000e+00    1.5000e+00   -2.5981e+00    4.9173e-04   -9.1455e-04    6.2401e-04   -2.8408e-04
   3.0000e-01   -2.6000e+00    1.5000e+00    1.6339e+00   -2.5160e+00    2.5896e-04   -1.0020e-03    4.6899e-04   -3.5806e-04
   3.0000e-01   -2.6000e+00    1.5000e+00    1.7634e+00   -2.4271e+00    3.2403e-05   -1.0313e-03    2.3878e-04   -3.3271e-04
   3.0000e-01   -2.6000e+00    1.5000e+00    1.8880e+00   -2.3314e+00   -1.6975e-04   -1.0150e-03    4.2719e-05   -3.4537e-04
   3.0000e-01   -2.6000e+00    1.5000e+00    2.0074e+00   -2.2294e+00   -3.3049e-04   -9.7226e-04   -6.5998e-05   -2.8959e-04
   3.0000e-01   -2.6000e+00    1.5000e+00    2.1213e+00   -2.1213e+00   -4.6059e-04   -9.1562e-04   -1.5857e-04   -1.4386e-04
   3.0000e-01   -2.6000e+00    1.5000e+00    2.2294e+00   -2.0074e+00   -5.6603e-04   -8.5245e-04   -2.9712e-04   -9.1803e-05
   3.0000e-01   -2.6000e+00    1.5000e+00    2.3314e+00   -1.8880e+00   -6.4391e-04   -7.9355e-04   -3.2357e-04   -5.6087e-05
   3.0000e-01   -2.6000e+00    1.5000e+00    2.4271e+00   -1.7634e+00   -6.8991e-04   -7.5288e-04   -4.5878e-04    -4.6472e-06
   3.0000e-01   -2.6000e+00    1.5000e+00    2.5160e+00   -1.6339e+00   -7.1621e-04   -7.2733e-04   -4.7201e-04    2.3214e-06
   3.0000e-01   -2.6000e+00    1.5000e+00    2.5981e+00   -1.5000e+00   -7.2759e-04   -7.1560e-04   -4.8627e-04    2.9934e-05
   3.0000e-01   -2.6000e+00    1.5000e+00    2.6730e+00   -1.3620e+00   -7.1986e-04   -7.2346e-04   -5.2803e-04    3.9525e-05
   3.0000e-01   -2.6000e+00    1.5000e+00    2.7406e+00   -1.2202e+00   -6.8973e-04   -7.5306e-04   -5.4603e-04   -1.0298e-04
   3.0000e-01   -2.6000e+00    1.5000e+00    2.8007e+00   -1.0751e+00   -6.4018e-04   -7.9672e-04   -4.8222e-04   -1.5637e-04
   3.0000e-01   -2.6000e+00    1.5000e+00    2.8532e+00   -9.2705e-01   -5.6536e-04   -8.5288e-04   -4.4784e-04   -2.7243e-04
   3.0000e-01   -2.6000e+00    1.5000e+00    2.8978e+00   -7.7646e-01   -4.6719e-04   -9.1211e-04   -4.3403e-04   -3.8835e-04
   3.0000e-01   -2.6000e+00    1.5000e+00    2.9344e+00   -6.2374e-01   -3.3277e-04   -9.7141e-04   -3.3980e-04   -4.7711e-04
   3.0000e-01   -2.6000e+00    1.5000e+00    2.9631e+00   -4.6930e-01   -1.6660e-04   -1.0155e-03   -2.1965e-04   -5.8422e-04
   3.0000e-01   -2.6000e+00    1.5000e+00    2.9836e+00   -3.1359e-01    3.4806e-05   -1.0312e-03   -4.2606e-05   -6.6760e-04
   3.0000e-01   -2.6000e+00    1.5000e+00    2.9959e+00   -1.5701e-01    2.5568e-04   -1.0028e-03    1.3396e-04   -7.2600e-04
   3.0000e-01   -3.0000e+00    0.0000e+00    3.0000e+00    0.0000e+00   -7.2250e-04   -7.2081e-04   -6.7215e-04   -4.6616e-04
   3.0000e-01   -3.0000e+00    0.0000e+00    2.9959e+00    1.5701e-01   -7.0919e-04   -7.3424e-04   -6.9229e-04   -5.1801e-04
   3.0000e-01   -3.0000e+00    0.0000e+00    2.9836e+00    3.1359e-01   -6.7957e-04   -7.6235e-04   -6.5545e-04   -5.1747e-04
   3.0000e-01   -3.0000e+00    0.0000e+00    2.9631e+00    4.6930e-01   -6.3216e-04   -8.0316e-04   -6.1742e-04   -5.3100e-04
   3.0000e-01   -3.0000e+00    0.0000e+00    2.9344e+00    6.2374e-01   -5.5748e-04   -8.5822e-04   -6.1082e-04   -6.3868e-04
   3.0000e-01   -3.0000e+00    0.0000e+00    2.8978e+00    7.7646e-01   -4.5735e-04   -9.1719e-04   -5.0461e-04   -6.9441e-04
   3.0000e-01   -3.0000e+00    0.0000e+00    2.8532e+00    9.2705e-01   -3.2103e-04   -9.7542e-04   -3.8143e-04   -7.8321e-04
   3.0000e-01   -3.0000e+00    0.0000e+00    2.8007e+00    1.0751e+00   -1.5492e-04   -1.0176e-03   -2.4922e-04   -8.5388e-04
   3.0000e-01   -3.0000e+00    0.0000e+00    2.7406e+00    1.2202e+00    4.2211e-05   -1.0311e-03   -1.4789e-04   -8.1328e-04
   3.0000e-01   -3.0000e+00    0.0000e+00    2.6730e+00    1.3620e+00    2.6298e-04   -1.0010e-03    6.1545e-05   -8.3303e-04
   3.0000e-01   -3.0000e+00    0.0000e+00    2.5981e+00    1.5000e+00    4.9869e-04   -9.1080e-04    2.5654e-04   -7.8091e-04
   3.0000e-01   -3.0000e+00    0.0000e+00    2.5160e+00    1.6339e+00    7.2687e-04   -7.4705e-04    4.7505e-04   -6.0256e-04
   3.0000e-01   -3.0000e+00    0.0000e+00    2.4271e+00    1.7634e+00    9.1390e-04   -5.0977e-04    6.6369e-04   -3.5222e-04
   3.0000e-01   -3.0000e+00    0.0000e+00    2.3314e+00    1.8880e+00    1.0309e-03   -2.0482e-04    7.0908e-04   -4.7833e-05
   3.0000e-01   -3.0000e+00    0.0000e+00    2.2294e+00    2.0074e+00    1.0445e-03    1.5764e-04    7.2553e-04    2.9385e-04
   3.0000e-01   -3.0000e+00    0.0000e+00    2.1213e+00    2.1213e+00    9.2174e-04    5.2726e-04    5.2616e-04    6.7125e-04
   3.0000e-01   -3.0000e+00    0.0000e+00    2.0074e+00    2.2294e+00    6.5832e-04    8.4073e-04    2.9495e-04    9.6929e-04
   3.0000e-01   -3.0000e+00    0.0000e+00    1.8880e+00    2.3314e+00    2.7247e-04    1.0390e-03   -1.1614e-04    1.1718e-03
   3.0000e-01   -3.0000e+00    0.0000e+00    1.7634e+00    2.4271e+00   -1.9768e-04    1.0630e-03   -6.3444e-04    1.1321e-03
   3.0000e-01   -3.0000e+00    0.0000e+00    1.6339e+00    2.5160e+00   -6.5633e-04    8.6867e-04   -1.1656e-03    9.6182e-04
   3.0000e-01   -3.0000e+00    0.0000e+00    1.5000e+00    2.5981e+00   -9.9048e-04    4.7103e-04   -1.5264e-03    5.4652e-04
   3.0000e-01   -3.0000e+00    0.0000e+00    1.3620e+00    2.6730e+00   -1.1034e-03   -6.3558e-05   -1.5726e-03    7.1599e-06
   3.0000e-01   -3.0000e+00    0.0000e+00    1.2202e+00    2.7406e+00   -9.2712e-04   -6.1857e-04   -1.4057e-03   -5.7256e-04
   3.0000e-01   -3.0000e+00    0.0000e+00    1.0751e+00    2.8007e+00   -4.7323e-04   -1.0199e-03   -9.7437e-04   -9.1128e-04
   3.0000e-01   -3.0000e+00    0.0000e+00    9.2705e-01    2.8532e+00    1.5644e-04   -1.1239e-03   -3.1231e-04   -1.0419e-03
   3.0000e-01   -3.0000e+00    0.0000e+00    7.7646e-01    2.8978e+00    7.5908e-04   -8.5828e-04    3.5129e-04   -7.5228e-04
   3.0000e-01   -3.0000e+00    0.0000e+00    6.2374e-01    2.9344e+00    1.1258e-03   -2.6989e-04    6.6855e-04   -1.7149e-04
   3.0000e-01   -3.0000e+00    0.0000e+00    4.6930e-01    2.9631e+00    1.0790e-03    4.5350e-04    6.5832e-04    5.0591e-04
   3.0000e-01   -3.0000e+00    0.0000e+00    3.1359e-01    2.9836e+00    5.8602e-04    1.0288e-03    2.1687e-04    1.1017e-03
   3.0000e-01   -3.0000e+00    0.0000e+00    1.5701e-01    2.9959e+00   -1.7874e-04    1.1850e-03   -5.4246e-04    1.2311e-03
   3.0000e-01   -3.0000e+00    0.0000e+00    0.0000e+00    3.0000e+00   -9.0095e-04    8.1333e-04   -1.1763e-03    8.6098e-04
   3.0000e-01   -3.0000e+00    0.0000e+00   -1.5701e-01    2.9959e+00   -1.2297e-03    3.3121e-05   -1.4822e-03    7.4086e-05
   3.0000e-01   -3.0000e+00    0.0000e+00   -3.1359e-01    2.9836e+00   -9.5654e-04   -8.0100e-04   -1.1773e-03   -7.6678e-04
   3.0000e-01   -3.0000e+00    0.0000e+00   -4.6930e-01    2.9631e+00   -1.6658e-04   -1.2554e-03   -3.1012e-04   -1.3030e-03
   3.0000e-01   -3.0000e+00    0.0000e+00   -6.2374e-01    2.9344e+00    7.5756e-04   -1.0399e-03    6.6309e-04   -1.0527e-03
   3.0000e-01   -3.0000e+00    0.0000e+00   -7.7646e-01    2.8978e+00    1.2893e-03   -2.2034e-04    1.2199e-03   -2.6808e-04
   3.0000e-01   -3.0000e+00    0.0000e+00   -9.2705e-01    2.8532e+00    1.0825e-03    7.7461e-04    1.0619e-03    6.9851e-04
   3.0000e-01   -3.0000e+00    0.0000e+00   -1.0751e+00    2.8007e+00    1.9048e-04    1.3427e-03    2.6846e-04    1.2682e-03
   3.0000e-01   -3.0000e+00    0.0000e+00   -1.2202e+00    2.7406e+00   -8.6808e-04    1.0765e-03   -8.1568e-04    1.0603e-03
   3.0000e-01   -3.0000e+00    0.0000e+00   -1.3620e+00    2.6730e+00   -1.4096e-03    7.8720e-05   -1.2840e-03    4.5115e-05
   3.0000e-01   -3.0000e+00    0.0000e+00   -1.5000e+00    2.5981e+00   -1.0149e-03   -1.0260e-03   -8.2858e-04   -1.0927e-03
   3.0000e-01   -3.0000e+00    0.0000e+00   -1.6339e+00    2.5160e+00    1.2244e-04   -1.4723e-03    2.6670e-04   -1.5091e-03
   3.0000e-01   -3.0000e+00    0.0000e+00   -1.7634e+00    2.4271e+00    1.2379e-03   -8.7250e-04    1.4602e-03   -9.4556e-04
   3.0000e-01   -3.0000e+00    0.0000e+00   -1.8880e+00    2.3314e+00    1.4992e-03    4.1292e-04    1.6846e-03    3.8113e-04
   3.0000e-01   -3.0000e+00    0.0000e+00   -2.0074e+00    2.2294e+00    6.3001e-04    1.4707e-03    8.8525e-04    1.3642e-03
   3.0000e-01   -3.0000e+00    0.0000e+00   -2.1213e+00    2.1213e+00   -7.9867e-04    1.4433e-03   -5.2430e-04    1.3341e-03
   3.0000e-01   -3.0000e+00    0.0000e+00   -2.2294e+00    2.0074e+00   -1.6858e-03    2.5140e-04   -1.4385e-03    1.4851e-04
   3.0000e-01   -3.0000e+00    0.0000e+00   -2.3314e+00    1.8880e+00   -1.2613e-03   -1.2357e-03   -1.0137e-03   -1.3338e-03
   3.0000e-01   -3.0000e+00    0.0000e+00   -2.4271e+00    1.7634e+00    2.5666e-04   -1.8170e-03    5.0696e-04   -1.8722e-03
   3.0000e-01   -3.0000e+00    0.0000e+00   -2.5160e+00    1.6339e+00    1.6940e-03   -8.9140e-04    1.9689e-03   -9.5140e-04
   3.0000e-01   -3.0000e+00    0.0000e+00   -2.5981e+00    1.5000e+00    1.7913e-03    9.0077e-04    2.0848e-03    8.0835e-04
   3.0000e-01   -3.0000e+00    0.0000e+00   -2.5981e+00   -1.5000e+00    1.7913e-03    9.0077e-04    2.0562e-03    8.3414e-04
   3.0000e-01   -3.0000e+00    0.0000e+00   -2.5160e+00   -1.6339e+00    1.6940e-03   -8.9140e-04    2.0089e-03   -9.4374e-04
   3.0000e-01   -3.0000e+00    0.0000e+00   -2.4271e+00   -1.7634e+00    2.5666e-04   -1.8170e-03    5.6345e-04   -1.8638e-03
   3.0000e-01   -3.0000e+00    0.0000e+00   -2.3314e+00   -1.8880e+00   -1.2613e-03   -1.2357e-03   -9.6569e-04   -1.3607e-03
   3.0000e-01   -3.0000e+00    0.0000e+00   -2.2294e+00   -2.0074e+00   -1.6858e-03    2.5140e-04   -1.3999e-03    1.8635e-04
   3.0000e-01   -3.0000e+00    0.0000e+00   -2.1213e+00   -2.1213e+00   -7.9867e-04    1.4433e-03   -5.4485e-04    1.3600e-03
   3.0000e-01   -3.0000e+00    0.0000e+00   -2.0074e+00   -2.2294e+00    6.3001e-04    1.4707e-03    8.5690e-04    1.4149e-03
   3.0000e-01   -3.0000e+00    0.0000e+00   -1.8880e+00   -2.3314e+00    1.4992e-03    4.1292e-04    1.7442e-03    3.0363e-04
   3.0000e-01   -3.0000e+00    0.0000e+00   -1.7634e+00   -2.4271e+00    1.2379e-03   -8.7250e-04    1.4439e-03   -9.5218e-04
   3.0000e-01   -3.0000e+00    0.0000e+00   -1.6339e+00   -2.5160e+00    1.2244e-04   -1.4723e-03    2.6941e-04   -1.5219e-03
   3.0000e-01   -3.0000e+00    0.0000e+00   -1.5000e+00   -2.5981e+00   -1.0149e-03   -1.0260e-03   -8.8084e-04   -1.1026e-03
   3.0000e-01   -3.0000e+00    0.0000e+00   -1.3620e+00   -2.6730e+00   -1.4096e-03    7.8720e-05   -1.3224e-03    3.2685e-05
   3.0000e-01   -3.0000e+00    0.0000e+00   -1.2202e+00   -2.7406e+00   -8.6808e-04    1.0765e-03   -7.9723e-04    9.9699e-04
   3.0000e-01   -3.0000e+00    0.0000e+00   -1.0751e+00   -2.8007e+00    1.9048e-04    1.3427e-03    1.9676e-04    1.2950e-03
   3.0000e-01   -3.0000e+00    0.0000e+00   -9.2705e-01   -2.8532e+00    1.0825e-03    7.7461e-04    1.0802e-03    7.0962e-04
   3.0000e-01   -3.0000e+00    0.0000e+00   -7.7646e-01   -2.8978e+00    1.2893e-03   -2.2034e-04    1.2438e-03   -2.7056e-04
   3.0000e-01   -3.0000e+00    0.0000e+00   -6.2374e-01   -2.9344e+00    7.5756e-04   -1.0399e-03    7.2879e-04   -1.0844e-03
   3.0000e-01   -3.0000e+00    0.0000e+00   -4.6930e-01   -2.9631e+00   -1.6658e-04   -1.2554e-03   -3.4247e-04   -1.2579e-03
   3.0000e-01   -3.0000e+00    0.0000e+00   -3.1359e-01   -2.9836e+00   -9.5654e-04   -8.0100e-04   -1.1828e-03   -7.7582e-04
   3.0000e-01   -3.0000e+00    0.0000e+00   -1.5701e-01   -2.9959e+00   -1.2297e-03    3.3121e-05   -1.4252e-03    3.4694e-05
   3.0000e-01   -3.0000e+00    0.0000e+00    0.0000e+00   -3.0000e+00   -9.0095e-04    8.1333e-04   -1.1862e-03    8.2334e-04
   3.0000e-01   -3.0000e+00    0.0000e+00    1.5701e-01   -2.9959e+00   -1.7874e-04    1.1850e-03   -5.1048e-04    1.2588e-03
   3.0000e-01   -3.0000e+00    0.0000e+00    3.1359e-01   -2.9836e+00    5.8602e-04    1.0288e-03    2.4176e-04    1.0457e-03
   3.0000e-01   -3.0000e+00    0.0000e+00    4.6930e-01   -2.9631e+00    1.0790e-03    4.5350e-04    7.1952e-04    5.3932e-04
   3.0000e-01   -3.0000e+00    0.0000e+00    6.2374e-01   -2.9344e+00    1.1258e-03   -2.6989e-04    7.0715e-04   -2.2748e-04
   3.0000e-01   -3.0000e+00    0.0000e+00    7.7646e-01   -2.8978e+00    7.5908e-04   -8.5828e-04    3.0487e-04   -8.1153e-04
   3.0000e-01   -3.0000e+00    0.0000e+00    9.2705e-01   -2.8532e+00    1.5644e-04   -1.1239e-03   -3.0497e-04   -1.0591e-03
   3.0000e-01   -3.0000e+00    0.0000e+00    1.0751e+00   -2.8007e+00   -4.7323e-04   -1.0199e-03   -1.0237e-03   -9.1403e-04
   3.0000e-01   -3.0000e+00    0.0000e+00    1.2202e+00   -2.7406e+00   -9.2712e-04   -6.1857e-04   -1.4154e-03   -5.0375e-04
   3.0000e-01   -3.0000e+00    0.0000e+00    1.3620e+00   -2.6730e+00   -1.1034e-03   -6.3558e-05   -1.6011e-03    3.1333e-05
   3.0000e-01   -3.0000e+00    0.0000e+00    1.5000e+00   -2.5981e+00   -9.9048e-04    4.7103e-04   -1.4475e-03    5.7429e-04
   3.0000e-01   -3.0000e+00    0.0000e+00    1.6339e+00   -2.5160e+00   -6.5633e-04    8.6867e-04   -1.1259e-03    1.0542e-03
   3.0000e-01   -3.0000e+00    0.0000e+00    1.7634e+00   -2.4271e+00   -1.9768e-04    1.0630e-03   -6.6327e-04    1.1678e-03
   3.0000e-01   -3.0000e+00    0.0000e+00    1.8880e+00   -2.3314e+00    2.7247e-04    1.0390e-03   -1.1718e-04    1.1228e-03
   3.0000e-01   -3.0000e+00    0.0000e+00    2.0074e+00   -2.2294e+00    6.5832e-04    8.4073e-04    2.1539e-04    9.1003e-04
   3.0000e-01   -3.0000e+00    0.0000e+00    2.1213e+00   -2.1213e+00    9.2174e-04    5.2726e-04    5.5278e-04    6.6012e-04
   3.0000e-01   -3.0000e+00    0.0000e+00    2.2294e+00   -2.0074e+00    1.0445e-03    1.5764e-04    7.1491e-04    2.4387e-04
   3.0000e-01   -3.0000e+00    0.0000e+00    2.3314e+00   -1.8880e+00    1.0309e-03   -2.0482e-04    7.4495e-04   -3.5384e-05
   3.0000e-01   -3.0000e+00    0.0000e+00    2.4271e+00   -1.7634e+00    9.1390e-04   -5.0977e-04    6.3310e-04   -3.6403e-04
   3.0000e-01   -3.0000e+00    0.0000e+00    2.5160e+00   -1.6339e+00    7.2687e-04   -7.4705e-04    5.0547e-04   -5.8055e-04
   3.0000e-01   -3.0000e+00    0.0000e+00    2.5981e+00   -1.5000e+00    4.9869e-04   -9.1080e-04    3.1486e-04   -7.7177e-04
   3.0000e-01   -3.0000e+00    0.0000e+00    2.6730e+00   -1.3620e+00    2.6298e-04   -1.0010e-03    9.3564e-05   -8.5151e-04
   3.0000e-01   -3.0000e+00    0.0000e+00    2.7406e+00   -1.2202e+00    4.2211e-05   -1.0311e-03   -6.8985e-05   -8.1856e-04
   3.0000e-01   -3.0000e+00    0.0000e+00    2.8007e+00   -1.0751e+00   -1.5492e-04   -1.0176e-03   -2.5336e-04   -7.9766e-04
   3.0000e-01   -3.0000e+00    0.0000e+00    2.8532e+00   -9.2705e-01   -3.2103e-04   -9.7542e-04   -4.3024e-04   -7.2619e-04
   3.0000e-01   -3.0000e+00    0.0000e+00    2.8978e+00   -7.7646e-01   -4.5735e-04   -9.1719e-04   -5.0795e-04   -6.7610e-04
   3.0000e-01   -3.0000e+00    0.0000e+00    2.9344e+00   -6.2374e-01   -5.5748e-04   -8.5822e-04   -5.4094e-04   -6.3139e-04
   3.0000e-01   -3.0000e+00    0.0000e+00    2.9631e+00   -4.6930e-01   -6.3216e-04   -8.0316e-04   -5.9489e-04   -5.4243e-04
   3.0000e-01   -3.0000e+00    0.0000e+00    2.9836e+00   -3.1359e-01   -6.7957e-04   -7.6235e-04   -6.6291e-04   -4.8264e-04
   3.0000e-01   -3.0000e+00    0.0000e+00    2.9959e+00   -1.5701e-01   -7.0919e-04   -7.3424e-04   -7.2018e-04   -4.4936e-04
   3.0000e-01   -2.6000e+00   -1.5000e+00    3.0000e+00    0.0000e+00    4.8662e-04   -9.1717e-04    2.8867e-04   -7.1568e-04
   3.0000e-01   -2.6000e+00   -1.5000e+00    2.9959e+00    1.5701e-01    2.5568e-04   -1.0028e-03    1.0231e-04   -7.5850e-04
   3.0000e-01   -2.6000e+00   -1.5000e+00    2.9836e+00    3.1359e-01    3.4806e-05   -1.0312e-03   -4.8791e-05   -6.9875e-04
   3.0000e-01   -2.6000e+00   -1.5000e+00    2.9631e+00    4.6930e-01   -1.6660e-04   -1.0155e-03   -2.3930e-04   -6.1127e-04
   3.0000e-01   -2.6000e+00   -1.5000e+00    2.9344e+00    6.2374e-01   -3.3277e-04   -9.7141e-04   -2.8454e-04   -4.9462e-04
   3.0000e-01   -2.6000e+00   -1.5000e+00    2.8978e+00    7.7646e-01   -4.6719e-04   -9.1211e-04   -4.2942e-04   -3.4980e-04
   3.0000e-01   -2.6000e+00   -1.5000e+00    2.8532e+00    9.2705e-01   -5.6536e-04   -8.5288e-04   -5.1216e-04   -3.1494e-04
   3.0000e-01   -2.6000e+00   -1.5000e+00    2.8007e+00    1.0751e+00   -6.4018e-04   -7.9672e-04   -4.9299e-04   -1.4537e-04
   3.0000e-01   -2.6000e+00   -1.5000e+00    2.7406e+00    1.2202e+00   -6.8973e-04   -7.5306e-04   -5.0037e-04   -9.2105e-05
   3.0000e-01   -2.6000e+00   -1.5000e+00    2.6730e+00    1.3620e+00   -7.1986e-04   -7.2346e-04   -5.0924e-04   -4.5481e-05
   3.0000e-01   -2.6000e+00   -1.5000e+00    2.5981e+00    1.5000e+00   -7.2759e-04   -7.1560e-04   -4.8441e-04    -1.9659e-05
   3.0000e-01   -2.6000e+00   -1.5000e+00    2.5160e+00    1.6339e+00   -7.1621e-04   -7.2733e-04   -4.6883e-04    3.8231e-05
   3.0000e-01   -2.6000e+00   -1.5000e+00    2.4271e+00    1.7634e+00   -6.8991e-04   -7.5288e-04   -4.7567e-04    -2.5054e-06
   3.0000e-01   -2.6000e+00   -1.5000e+00    2.3314e+00    1.8880e+00   -6.4391e-04   -7.9355e-04   -3.5085e-04    1.4573e-05
   3.0000e-01   -2.6000e+00   -1.5000e+00    2.2294e+00    2.0074e+00   -5.6603e-04   -8.5245e-04   -3.4503e-04   -8.3624e-05
   3.0000e-01   -2.6000e+00   -1.5000e+00    2.1213e+00    2.1213e+00   -4.6059e-04   -9.1562e-04   -2.4423e-04   -2.0661e-04
   3.0000e-01   -2.6000e+00   -1.5000e+00    2.0074e+00    2.2294e+00   -3.3049e-04   -9.7226e-04   -4.6456e-05   -2.2625e-04
   3.0000e-01   -2.6000e+00   -1.5000e+00    1.8880e+00    2.3314e+00   -1.6975e-04   -1.0150e-03    2.9519e-05   -3.0722e-04
   3.0000e-01   -2.6000e+00   -1.5000e+00    1.7634e+00    2.4271e+00    3.2403e-05   -1.0313e-03    2.4449e-04   -3.5231e-04
   3.0000e-01   -2.6000e+00   -1.5000e+00    1.6339e+00    2.5160e+00    2.5896e-04   -1.0020e-03    4.8573e-04   -3.4319e-04
   3.0000e-01   -2.6000e+00   -1.5000e+00    1.5000e+00    2.5981e+00    4.9173e-04   -9.1455e-04    5.4013e-04   -3.1754e-04
   3.0000e-01   -2.6000e+00   -1.5000e+00    1.3620e+00    2.6730e+00    7.1703e-04   -7.5625e-04    7.9641e-04   -1.9526e-04
   3.0000e-01   -2.6000e+00   -1.5000e+00    1.2202e+00    2.7406e+00    9.1049e-04   -5.1596e-04    9.7397e-04    -7.4903e-06
   3.0000e-01   -2.6000e+00   -1.5000e+00    1.0751e+00    2.8007e+00    1.0306e-03   -2.0695e-04    1.0266e-03    3.1763e-04
   3.0000e-01   -2.6000e+00   -1.5000e+00    9.2705e-01    2.8532e+00    1.0450e-03    1.5364e-04    1.0518e-03    5.7922e-04
   3.0000e-01   -2.6000e+00   -1.5000e+00    7.7646e-01    2.8978e+00    9.2785e-04    5.1601e-04    9.0304e-04    9.3923e-04
   3.0000e-01   -2.6000e+00   -1.5000e+00    6.2374e-01    2.9344e+00    6.6498e-04    8.3541e-04    6.2161e-04    1.1702e-03
   3.0000e-01   -2.6000e+00   -1.5000e+00    4.6930e-01    2.9631e+00    2.7365e-04    1.0388e-03    1.8381e-04    1.3485e-03
   3.0000e-01   -2.6000e+00   -1.5000e+00    3.1359e-01    2.9836e+00   -1.9724e-04    1.0630e-03   -3.0795e-04    1.3488e-03
   3.0000e-01   -2.6000e+00   -1.5000e+00    1.5701e-01    2.9959e+00   -6.5106e-04    8.7255e-04   -8.8612e-04    1.1327e-03
   3.0000e-01   -2.6000e+00   -1.5000e+00    0.0000e+00    3.0000e+00   -9.8714e-04    4.7770e-04   -1.2321e-03    7.0280e-04
   3.0000e-01   -2.6000e+00   -1.5000e+00   -1.5701e-01    2.9959e+00   -1.1035e-03   -6.2410e-05   -1.3227e-03    1.3134e-04
   3.0000e-01   -2.6000e+00   -1.5000e+00   -3.1359e-01    2.9836e+00   -9.3007e-04   -6.1379e-04   -1.2088e-03   -4.6189e-04
   3.0000e-01   -2.6000e+00   -1.5000e+00   -4.6930e-01    2.9631e+00   -4.7914e-04   -1.0169e-03   -7.5467e-04   -8.5692e-04
   3.0000e-01   -2.6000e+00   -1.5000e+00   -6.2374e-01    2.9344e+00    1.4886e-04   -1.1248e-03   -7.8692e-05   -9.5107e-04
   3.0000e-01   -2.6000e+00   -1.5000e+00   -7.7646e-01    2.8978e+00    7.5473e-04   -8.6193e-04    4.6860e-04   -6.8095e-04
   3.0000e-01   -2.6000e+00   -1.5000e+00   -9.2705e-01    2.8532e+00    1.1245e-03   -2.7469e-04    8.0656e-04   -1.1711e-04
   3.0000e-01   -2.6000e+00   -1.5000e+00   -1.0751e+00    2.8007e+00    1.0809e-03    4.4881e-04    7.9403e-04    5.9139e-04
   3.0000e-01   -2.6000e+00   -1.5000e+00   -1.2202e+00    2.7406e+00    5.9562e-04    1.0231e-03    3.3217e-04    1.1401e-03
   3.0000e-01   -2.6000e+00   -1.5000e+00   -1.3620e+00    2.6730e+00   -1.7128e-04    1.1858e-03   -4.2640e-04    1.3249e-03
   3.0000e-01   -2.6000e+00   -1.5000e+00   -1.5000e+00    2.5981e+00   -8.9682e-04    8.1751e-04   -1.1004e-03    9.5186e-04
   3.0000e-01   -2.6000e+00   -1.5000e+00   -1.6339e+00    2.5160e+00   -1.2295e-03    3.6530e-05   -1.4568e-03    2.0212e-04
   3.0000e-01   -2.6000e+00   -1.5000e+00   -1.7634e+00    2.4271e+00   -9.5842e-04   -7.9852e-04   -1.2424e-03   -6.0658e-04
   3.0000e-01   -2.6000e+00   -1.5000e+00   -1.8880e+00    2.3314e+00   -1.7340e-04   -1.2542e-03   -4.3880e-04   -1.1580e-03
   3.0000e-01   -2.6000e+00   -1.5000e+00   -2.0074e+00    2.2294e+00    7.5145e-04   -1.0441e-03    5.5672e-04   -8.5155e-04
   3.0000e-01   -2.6000e+00   -1.5000e+00   -2.1213e+00    2.1213e+00    1.2896e-03   -2.1856e-04    1.0916e-03   -6.2013e-05
   3.0000e-01   -2.6000e+00   -1.5000e+00   -2.2294e+00    2.0074e+00    1.0814e-03    7.7600e-04    9.4995e-04    9.6115e-04
   3.0000e-01   -2.6000e+00   -1.5000e+00   -2.3314e+00    1.8880e+00    1.9757e-04    1.3413e-03    2.8498e-05    1.5255e-03
   3.0000e-01   -2.6000e+00   -1.5000e+00   -2.4271e+00    1.7634e+00   -8.6586e-04    1.0780e-03   -1.0251e-03    1.2200e-03
   3.0000e-01   -2.6000e+00   -1.5000e+00   -2.5160e+00    1.6339e+00   -1.4095e-03    7.8570e-05   -1.5346e-03    1.6588e-04
   3.0000e-01   -2.6000e+00   -1.5000e+00   -2.5981e+00    1.5000e+00   -1.0140e-03   -1.0270e-03   -1.1110e-03   -8.5354e-04
   3.0000e-01   -2.6000e+00   -1.5000e+00   -2.6730e+00    1.3620e+00    1.1651e-04   -1.4724e-03    5.4499e-05   -1.3632e-03
   3.0000e-01   -2.6000e+00   -1.5000e+00   -2.7406e+00    1.2202e+00    1.2384e-03   -8.7194e-04    1.2082e-03   -7.3965e-04
   3.0000e-01   -2.6000e+00   -1.5000e+00   -2.8007e+00    1.0751e+00    1.4983e-03    4.1698e-04    1.5355e-03    5.1920e-04
   3.0000e-01   -2.6000e+00   -1.5000e+00   -2.8532e+00    9.2705e-01    6.2070e-04    1.4748e-03    6.8992e-04    1.5082e-03
   3.0000e-01   -2.6000e+00   -1.5000e+00   -2.8978e+00    7.7646e-01   -7.9776e-04    1.4436e-03   -7.1828e-04    1.5101e-03
   3.0000e-01   -2.6000e+00   -1.5000e+00   -2.9344e+00    6.2374e-01   -1.6852e-03    2.5429e-04   -1.5458e-03    2.9444e-04
   3.0000e-01   -2.6000e+00   -1.5000e+00   -2.9631e+00    4.6930e-01   -1.2553e-03   -1.2422e-03   -1.1707e-03   -1.2184e-03
   3.0000e-01   -2.6000e+00   -1.5000e+00   -2.9836e+00    3.1359e-01    2.7172e-04   -1.8154e-03    4.6357e-04   -1.7868e-03
   3.0000e-01   -2.6000e+00   -1.5000e+00   -2.9959e+00    1.5701e-01    1.6972e-03   -8.8578e-04    1.9178e-03   -9.4383e-04
   3.0000e-01   -2.6000e+00   -1.5000e+00   -3.0000e+00    0.0000e+00    1.7867e-03    9.1095e-04    2.0669e-03    8.0074e-04
   3.0000e-01   -2.6000e+00   -1.5000e+00   -1.5000e+00   -2.5981e+00    1.7992e-03    8.8287e-04    1.9489e-03    6.5896e-04
   3.0000e-01   -2.6000e+00   -1.5000e+00   -1.3620e+00   -2.6730e+00    1.6862e-03   -9.0466e-04    1.8197e-03   -1.0803e-03
   3.0000e-01   -2.6000e+00   -1.5000e+00   -1.2202e+00   -2.7406e+00    2.4186e-04   -1.8186e-03    3.2509e-04   -2.0296e-03
   3.0000e-01   -2.6000e+00   -1.5000e+00   -1.0751e+00   -2.8007e+00   -1.2689e-03   -1.2275e-03   -1.2344e-03   -1.4028e-03
   3.0000e-01   -2.6000e+00   -1.5000e+00   -9.2705e-01   -2.8532e+00   -1.6815e-03    2.7364e-04   -1.7276e-03    7.9656e-05
   3.0000e-01   -2.6000e+00   -1.5000e+00   -7.7646e-01   -2.8978e+00   -7.8153e-04    1.4519e-03   -7.7342e-04    1.2413e-03
   3.0000e-01   -2.6000e+00   -1.5000e+00   -6.2374e-01   -2.9344e+00    6.3846e-04    1.4667e-03    6.2705e-04    1.2757e-03
   3.0000e-01   -2.6000e+00   -1.5000e+00   -4.6930e-01   -2.9631e+00    1.5023e-03    4.0018e-04    1.4340e-03    1.9326e-04
   3.0000e-01   -2.6000e+00   -1.5000e+00   -3.1359e-01   -2.9836e+00    1.2268e-03   -8.8720e-04    1.1335e-03   -1.0534e-03
   3.0000e-01   -2.6000e+00   -1.5000e+00   -1.5701e-01   -2.9959e+00    1.0645e-04   -1.4730e-03    1.4893e-06   -1.6219e-03
   3.0000e-01   -2.6000e+00   -1.5000e+00    0.0000e+00   -3.0000e+00   -1.0227e-03   -1.0178e-03   -1.1553e-03   -1.2101e-03
   3.0000e-01   -2.6000e+00   -1.5000e+00    1.5701e-01   -2.9959e+00   -1.4085e-03    9.1961e-05   -1.6400e-03   -8.5933e-05
   3.0000e-01   -2.6000e+00   -1.5000e+00    3.1359e-01   -2.9836e+00   -8.6198e-04    1.0810e-03   -1.1248e-03    8.3252e-04
   3.0000e-01   -2.6000e+00   -1.5000e+00    4.6930e-01   -2.9631e+00    2.0512e-04    1.3401e-03   -3.0103e-05    1.0929e-03
   3.0000e-01   -2.6000e+00   -1.5000e+00    6.2374e-01   -2.9344e+00    1.0907e-03    7.6233e-04    8.5081e-04    4.7400e-04
   3.0000e-01   -2.6000e+00   -1.5000e+00    7.7646e-01   -2.8978e+00    1.2864e-03   -2.3480e-04    9.2449e-04   -5.6177e-04
   3.0000e-01   -2.6000e+00   -1.5000e+00    9.2705e-01   -2.8532e+00    7.4694e-04   -1.0471e-03    4.1142e-04   -1.4118e-03
   3.0000e-01   -2.6000e+00   -1.5000e+00    1.0751e+00   -2.8007e+00   -1.8057e-04   -1.2532e-03   -5.0837e-04   -1.6515e-03
   3.0000e-01   -2.6000e+00   -1.5000e+00    1.2202e+00   -2.7406e+00   -9.6513e-04   -7.9030e-04   -1.3997e-03   -1.2060e-03
   3.0000e-01   -2.6000e+00   -1.5000e+00    1.3620e+00   -2.6730e+00   -1.2285e-03    5.3084e-05   -1.6810e-03   -3.6428e-04
   3.0000e-01   -2.6000e+00   -1.5000e+00    1.5000e+00   -2.5981e+00   -8.9054e-04    8.2425e-04   -1.3256e-03    2.8181e-04
   3.0000e-01   -2.6000e+00   -1.5000e+00    1.6339e+00   -2.5160e+00   -1.6376e-04    1.1868e-03   -5.9646e-04    7.1569e-04
   3.0000e-01   -2.6000e+00   -1.5000e+00    1.7634e+00   -2.4271e+00    6.0493e-04    1.0173e-03    6.2968e-05    4.7577e-04
   3.0000e-01   -2.6000e+00   -1.5000e+00    1.8880e+00   -2.3314e+00    1.0863e-03    4.3454e-04    5.9395e-04   -1.5049e-04
   3.0000e-01   -2.6000e+00   -1.5000e+00    2.0074e+00   -2.2294e+00    1.1227e-03   -2.8146e-04    6.1353e-04   -8.7941e-04
   3.0000e-01   -2.6000e+00   -1.5000e+00    2.1213e+00   -2.1213e+00    7.5188e-04   -8.6435e-04    2.0263e-04   -1.4502e-03
   3.0000e-01   -2.6000e+00   -1.5000e+00    2.2294e+00   -2.0074e+00    1.3736e-04   -1.1261e-03   -4.4259e-04   -1.6982e-03
   3.0000e-01   -2.6000e+00   -1.5000e+00    2.3314e+00   -1.8880e+00   -4.9042e-04   -1.0112e-03   -9.9824e-04   -1.6642e-03
   3.0000e-01   -2.6000e+00   -1.5000e+00    2.4271e+00   -1.7634e+00   -9.3491e-04   -6.0601e-04   -1.4857e-03   -1.1732e-03
   3.0000e-01   -2.6000e+00   -1.5000e+00    2.5160e+00   -1.6339e+00   -1.1037e-03   -5.5297e-05   -1.6643e-03   -6.4456e-04
   3.0000e-01   -2.6000e+00   -1.5000e+00    2.5981e+00   -1.5000e+00   -9.8379e-04    4.8397e-04   -1.5367e-03   -3.1786e-05
   3.0000e-01   -2.6000e+00   -1.5000e+00    2.6730e+00   -1.3620e+00   -6.4232e-04    8.7864e-04   -1.1900e-03    3.7415e-04
   3.0000e-01   -2.6000e+00   -1.5000e+00    2.7406e+00   -1.2202e+00   -1.8553e-04    1.0650e-03   -6.8230e-04    6.0635e-04
   3.0000e-01   -2.6000e+00   -1.5000e+00    2.8007e+00   -1.0751e+00    2.7941e-04    1.0371e-03   -2.3462e-04    6.0725e-04
   3.0000e-01   -2.6000e+00   -1.5000e+00    2.8532e+00   -9.2705e-01    6.6882e-04    8.3204e-04    1.6461e-04    4.7516e-04
   3.0000e-01   -2.6000e+00   -1.5000e+00    2.8978e+00   -7.7646e-01    9.3042e-04    5.1102e-04    4.5251e-04    2.4308e-04
   3.0000e-01   -2.6000e+00   -1.5000e+00    2.9344e+00   -6.2374e-01    1.0458e-03    1.4689e-04    6.6355e-04   -2.0385e-05
   3.0000e-01   -2.6000e+00   -1.5000e+00    2.9631e+00   -4.6930e-01    1.0293e-03   -2.1214e-04    6.5777e-04   -3.2612e-04
   3.0000e-01   -2.6000e+00   -1.5000e+00    2.9836e+00   -3.1359e-01    9.0911e-04   -5.1803e-04    5.7937e-04   -5.5780e-04
   3.0000e-01   -2.6000e+00   -1.5000e+00    2.9959e+00   -1.5701e-01    7.1774e-04   -7.5562e-04    4.3048e-04   -6.4939e-04
   3.0000e-01   -1.5000e+00   -2.6000e+00    3.0000e+00    0.0000e+00   -9.8714e-04    4.7770e-04   -1.5143e-03    5.7655e-04
   3.0000e-01   -1.5000e+00   -2.6000e+00    2.9959e+00    1.5701e-01   -6.5106e-04    8.7255e-04   -1.1117e-03    1.1074e-03
   3.0000e-01   -1.5000e+00   -2.6000e+00    2.9836e+00    3.1359e-01   -1.9724e-04    1.0630e-03   -6.3950e-04    1.3016e-03
   3.0000e-01   -1.5000e+00   -2.6000e+00    2.9631e+00    4.6930e-01    2.7365e-04    1.0388e-03   -6.7601e-05    1.3158e-03
   3.0000e-01   -1.5000e+00   -2.6000e+00    2.9344e+00    6.2374e-01    6.6498e-04    8.3541e-04    4.0579e-04    1.1991e-03
   3.0000e-01   -1.5000e+00   -2.6000e+00    2.8978e+00    7.7646e-01    9.2785e-04    5.1601e-04    6.9725e-04    9.4307e-04
   3.0000e-01   -1.5000e+00   -2.6000e+00    2.8532e+00    9.2705e-01    1.0450e-03    1.5364e-04    9.2286e-04    6.5512e-04
   3.0000e-01   -1.5000e+00   -2.6000e+00    2.8007e+00    1.0751e+00    1.0306e-03   -2.0695e-04    9.5028e-04    3.4384e-04
   3.0000e-01   -1.5000e+00   -2.6000e+00    2.7406e+00    1.2202e+00    9.1049e-04   -5.1596e-04    9.1025e-04    -2.4465e-05
   3.0000e-01   -1.5000e+00   -2.6000e+00    2.6730e+00    1.3620e+00    7.1703e-04   -7.5625e-04    8.0464e-04   -1.7919e-04
   3.0000e-01   -1.5000e+00   -2.6000e+00    2.5981e+00    1.5000e+00    4.9173e-04   -9.1455e-04    6.0007e-04   -2.8299e-04
   3.0000e-01   -1.5000e+00   -2.6000e+00    2.5160e+00    1.6339e+00    2.5896e-04   -1.0020e-03    4.3378e-04   -3.4817e-04
   3.0000e-01   -1.5000e+00   -2.6000e+00    2.4271e+00    1.7634e+00    3.2403e-05   -1.0313e-03    2.7065e-04   -3.7262e-04
   3.0000e-01   -1.5000e+00   -2.6000e+00    2.3314e+00    1.8880e+00   -1.6975e-04   -1.0150e-03    1.3626e-04   -3.5863e-04
   3.0000e-01   -1.5000e+00   -2.6000e+00    2.2294e+00    2.0074e+00   -3.3049e-04   -9.7226e-04   -4.0717e-05   -3.0058e-04
   3.0000e-01   -1.5000e+00   -2.6000e+00    2.1213e+00    2.1213e+00   -4.6059e-04   -9.1562e-04   -1.1593e-04   -2.1647e-04
   3.0000e-01   -1.5000e+00   -2.6000e+00    2.0074e+00    2.2294e+00   -5.6603e-04   -8.5245e-04   -1.8724e-04   -1.9985e-04
   3.0000e-01   -1.5000e+00   -2.6000e+00    1.8880e+00    2.3314e+00   -6.4391e-04   -7.9355e-04   -2.8700e-04   -1.9035e-04
   3.0000e-01   -1.5000e+00   -2.6000e+00    1.7634e+00    2.4271e+00   -6.8991e-04   -7.5288e-04   -3.0960e-04   -1.8852e-04
   3.0000e-01   -1.5000e+00   -2.6000e+00    1.6339e+00    2.5160e+00   -7.1621e-04   -7.2733e-04   -3.7994e-04   -1.5464e-04
   3.0000e-01   -1.5000e+00   -2.6000e+00    1.5000e+00    2.5981e+00   -7.2759e-04   -7.1560e-04   -3.7294e-04   -1.6152e-04
   3.0000e-01   -1.5000e+00   -2.6000e+00    1.3620e+00    2.6730e+00   -7.1986e-04   -7.2346e-04   -3.5174e-04   -2.1609e-04
   3.0000e-01   -1.5000e+00   -2.6000e+00    1.2202e+00    2.7406e+00   -6.8973e-04   -7.5306e-04   -3.6330e-04   -2.6890e-04
   3.0000e-01   -1.5000e+00   -2.6000e+00    1.0751e+00    2.8007e+00   -6.4018e-04   -7.9672e-04   -3.7235e-04   -3.3398e-04
   3.0000e-01   -1.5000e+00   -2.6000e+00    9.2705e-01    2.8532e+00   -5.6536e-04   -8.5288e-04   -3.8988e-04   -4.2940e-04
   3.0000e-01   -1.5000e+00   -2.6000e+00    7.7646e-01    2.8978e+00   -4.6719e-04   -9.1211e-04   -2.9262e-04   -5.5176e-04
   3.0000e-01   -1.5000e+00   -2.6000e+00    6.2374e-01    2.9344e+00   -3.3277e-04   -9.7141e-04   -2.4054e-04   -6.3072e-04
   3.0000e-01   -1.5000e+00   -2.6000e+00    4.6930e-01    2.9631e+00   -1.6660e-04   -1.0155e-03   -1.2294e-04   -6.7091e-04
   3.0000e-01   -1.5000e+00   -2.6000e+00    3.1359e-01    2.9836e+00    3.4806e-05   -1.0312e-03    7.3395e-05   -7.9048e-04
   3.0000e-01   -1.5000e+00   -2.6000e+00    1.5701e-01    2.9959e+00    2.5568e-04   -1.0028e-03    2.3141e-04   -7.2292e-04
   3.0000e-01   -1.5000e+00   -2.6000e+00    0.0000e+00    3.0000e+00    4.8662e-04   -9.1717e-04    4.1462e-04   -6.9388e-04
   3.0000e-01   -1.5000e+00   -2.6000e+00   -1.5701e-01    2.9959e+00    7.1774e-04   -7.5562e-04    6.0070e-04   -5.5279e-04
   3.0000e-01   -1.5000e+00   -2.6000e+00   -3.1359e-01    2.9836e+00    9.0911e-04   -5.1803e-04    7.0530e-04   -3.3457e-04
   3.0000e-01   -1.5000e+00   -2.6000e+00   -4.6930e-01    2.9631e+00    1.0293e-03   -2.1214e-04    8.1150e-04    3.8621e-05
   3.0000e-01   -1.5000e+00   -2.6000e+00   -6.2374e-01    2.9344e+00    1.0458e-03    1.4689e-04    7.9348e-04    2.8640e-04
   3.0000e-01   -1.5000e+00   -2.6000e+00   -7.7646e-01    2.8978e+00    9.3042e-04    5.1102e-04    6.7173e-04    6.4849e-04
   3.0000e-01   -1.5000e+00   -2.6000e+00   -9.2705e-01    2.8532e+00    6.6882e-04    8.3204e-04    3.5197e-04    9.4034e-04
   3.0000e-01   -1.5000e+00   -2.6000e+00   -1.0751e+00    2.8007e+00    2.7941e-04    1.0371e-03   -3.3203e-05    1.1480e-03
   3.0000e-01   -1.5000e+00   -2.6000e+00   -1.2202e+00    2.7406e+00   -1.8553e-04    1.0650e-03   -5.5928e-04    1.2241e-03
   3.0000e-01   -1.5000e+00   -2.6000e+00   -1.3620e+00    2.6730e+00   -6.4232e-04    8.7864e-04   -1.0576e-03    1.0074e-03
   3.0000e-01   -1.5000e+00   -2.6000e+00   -1.5000e+00    2.5981e+00   -9.8379e-04    4.8397e-04   -1.3912e-03    6.3405e-04
   3.0000e-01   -1.5000e+00   -2.6000e+00   -1.6339e+00    2.5160e+00   -1.1037e-03   -5.5297e-05   -1.5703e-03    8.3502e-05
   3.0000e-01   -1.5000e+00   -2.6000e+00   -1.7634e+00    2.4271e+00   -9.3491e-04   -6.0601e-04   -1.4022e-03   -4.8711e-04
   3.0000e-01   -1.5000e+00   -2.6000e+00   -1.8880e+00    2.3314e+00   -4.9042e-04   -1.0112e-03   -9.4770e-04   -8.2949e-04
   3.0000e-01   -1.5000e+00   -2.6000e+00   -2.0074e+00    2.2294e+00    1.3736e-04   -1.1261e-03   -2.5017e-04   -9.0236e-04
   3.0000e-01   -1.5000e+00   -2.6000e+00   -2.1213e+00    2.1213e+00    7.5188e-04   -8.6435e-04    3.3010e-04   -7.3579e-04
   3.0000e-01   -1.5000e+00   -2.6000e+00   -2.2294e+00    2.0074e+00    1.1227e-03   -2.8146e-04    6.9477e-04   -7.9529e-05
   3.0000e-01   -1.5000e+00   -2.6000e+00   -2.3314e+00    1.8880e+00    1.0863e-03    4.3454e-04    6.6788e-04    5.8436e-04
   3.0000e-01   -1.5000e+00   -2.6000e+00   -2.4271e+00    1.7634e+00    6.0493e-04    1.0173e-03    2.4325e-04    1.2221e-03
   3.0000e-01   -1.5000e+00   -2.6000e+00   -2.5160e+00    1.6339e+00   -1.6376e-04    1.1868e-03   -5.0383e-04    1.3676e-03
   3.0000e-01   -1.5000e+00   -2.6000e+00   -2.5981e+00    1.5000e+00   -8.9054e-04    8.2425e-04   -1.1255e-03    9.6253e-04
   3.0000e-01   -1.5000e+00   -2.6000e+00   -2.6730e+00    1.3620e+00   -1.2285e-03    5.3084e-05   -1.4452e-03    1.4247e-04
   3.0000e-01   -1.5000e+00   -2.6000e+00   -2.7406e+00    1.2202e+00   -9.6513e-04   -7.9030e-04   -1.1532e-03   -6.7749e-04
   3.0000e-01   -1.5000e+00   -2.6000e+00   -2.8007e+00    1.0751e+00   -1.8057e-04   -1.2532e-03   -3.9322e-04   -1.1388e-03
   3.0000e-01   -1.5000e+00   -2.6000e+00   -2.8532e+00    9.2705e-01    7.4694e-04   -1.0471e-03    6.6412e-04   -1.0114e-03
   3.0000e-01   -1.5000e+00   -2.6000e+00   -2.8978e+00    7.7646e-01    1.2864e-03   -2.3480e-04    1.1997e-03   -1.9304e-04
   3.0000e-01   -1.5000e+00   -2.6000e+00   -2.9344e+00    6.2374e-01    1.0907e-03    7.6233e-04    1.0735e-03    7.9377e-04
   3.0000e-01   -1.5000e+00   -2.6000e+00   -2.9631e+00    4.6930e-01    2.0512e-04    1.3401e-03    2.1796e-04    1.3275e-03
   3.0000e-01   -1.5000e+00   -2.6000e+00   -2.9836e+00    3.1359e-01   -8.6198e-04    1.0810e-03   -7.7449e-04    1.0586e-03
   3.0000e-01   -1.5000e+00   -2.6000e+00   -2.9959e+00    1.5701e-01   -1.4085e-03    9.1961e-05   -1.2983e-03    5.1377e-05
   3.0000e-01   -1.5000e+00   -2.6000e+00   -3.0000e+00    0.0000e+00   -1.0227e-03   -1.0178e-03   -8.6733e-04   -1.0821e-03
   3.0000e-01   -1.5000e+00   -2.6000e+00   -2.9959e+00   -1.5701e-01    1.0645e-04   -1.4730e-03    2.9754e-04   -1.5532e-03
   3.0000e-01   -1.5000e+00   -2.6000e+00   -2.9836e+00   -3.1359e-01    1.2268e-03   -8.8720e-04    1.4368e-03   -9.5753e-04
   3.0000e-01   -1.5000e+00   -2.6000e+00   -2.9631e+00   -4.6930e-01    1.5023e-03    4.0018e-04    1.6573e-03    2.9876e-04
   3.0000e-01   -1.5000e+00   -2.6000e+00   -2.9344e+00   -6.2374e-01    6.3846e-04    1.4667e-03    8.9097e-04    1.2925e-03
   3.0000e-01   -1.5000e+00   -2.6000e+00   -2.8978e+00   -7.7646e-01   -7.8153e-04    1.4519e-03   -5.8125e-04    1.2779e-03
   3.0000e-01   -1.5000e+00   -2.6000e+00   -2.8532e+00   -9.2705e-01   -1.6815e-03    2.7364e-04   -1.4734e-03    1.1115e-04
   3.0000e-01   -1.5000e+00   -2.6000e+00   -2.8007e+00   -1.0751e+00   -1.2689e-03   -1.2275e-03   -1.1039e-03   -1.3790e-03
   3.0000e-01   -1.5000e+00   -2.6000e+00   -2.7406e+00   -1.2202e+00    2.4186e-04   -1.8186e-03    3.8547e-04   -2.0198e-03
   3.0000e-01   -1.5000e+00   -2.6000e+00   -2.6730e+00   -1.3620e+00    1.6862e-03   -9.0466e-04    1.8625e-03   -1.0526e-03
   3.0000e-01   -1.5000e+00   -2.6000e+00   -2.5981e+00   -1.5000e+00    1.7992e-03    8.8287e-04    1.9094e-03    6.9941e-04
   3.0000e-01   -1.5000e+00   -2.6000e+00    0.0000e+00   -3.0000e+00    1.7867e-03    9.1095e-04    1.8153e-03    7.3066e-04
   3.0000e-01   -1.5000e+00   -2.6000e+00    1.5701e-01   -2.9959e+00    1.6972e-03   -8.8578e-04    1.7086e-03   -1.0756e-03
   3.0000e-01   -1.5000e+00   -2.6000e+00    3.1359e-01   -2.9836e+00    2.7172e-04   -1.8154e-03    3.0908e-04   -2.0070e-03
   3.0000e-01   -1.5000e+00   -2.6000e+00    4.6930e-01   -2.9631e+00   -1.2553e-03   -1.2422e-03   -1.1935e-03   -1.4139e-03
   3.0000e-01   -1.5000e+00   -2.6000e+00    6.2374e-01   -2.9344e+00   -1.6852e-03    2.5429e-04   -1.6058e-03    9.0488e-05
   3.0000e-01   -1.5000e+00   -2.6000e+00    7.7646e-01   -2.8978e+00   -7.9776e-04    1.4436e-03   -7.3575e-04    1.1934e-03
   3.0000e-01   -1.5000e+00   -2.6000e+00    9.2705e-01   -2.8532e+00    6.2070e-04    1.4748e-03    6.9960e-04    1.2098e-03
   3.0000e-01   -1.5000e+00   -2.6000e+00    1.0751e+00   -2.8007e+00    1.4983e-03    4.1698e-04    1.5464e-03    9.6271e-05
   3.0000e-01   -1.5000e+00   -2.6000e+00    1.2202e+00   -2.7406e+00    1.2384e-03   -8.7194e-04    1.3295e-03   -1.2739e-03
   3.0000e-01   -1.5000e+00   -2.6000e+00    1.3620e+00   -2.6730e+00    1.1651e-04   -1.4724e-03    1.3879e-04   -1.8761e-03
   3.0000e-01   -1.5000e+00   -2.6000e+00    1.5000e+00   -2.5981e+00   -1.0140e-03   -1.0270e-03   -1.0263e-03   -1.5041e-03
   3.0000e-01   -1.5000e+00   -2.6000e+00    1.6339e+00   -2.5160e+00   -1.4095e-03    7.8570e-05   -1.3869e-03   -4.1221e-04
   3.0000e-01   -1.5000e+00   -2.6000e+00    1.7634e+00   -2.4271e+00   -8.6586e-04    1.0780e-03   -8.8355e-04    5.5140e-04
   3.0000e-01   -1.5000e+00   -2.6000e+00    1.8880e+00   -2.3314e+00    1.9757e-04    1.3413e-03    8.1902e-05    8.2911e-04
   3.0000e-01   -1.5000e+00   -2.6000e+00    2.0074e+00   -2.2294e+00    1.0814e-03    7.7600e-04    9.2403e-04    1.9765e-04
   3.0000e-01   -1.5000e+00   -2.6000e+00    2.1213e+00   -2.1213e+00    1.2896e-03   -2.1856e-04    1.0721e-03   -7.7557e-04
   3.0000e-01   -1.5000e+00   -2.6000e+00    2.2294e+00   -2.0074e+00    7.5145e-04   -1.0441e-03    4.8378e-04   -1.6093e-03
   3.0000e-01   -1.5000e+00   -2.6000e+00    2.3314e+00   -1.8880e+00   -1.7340e-04   -1.2542e-03   -5.3927e-04   -1.8321e-03
   3.0000e-01   -1.5000e+00   -2.6000e+00    2.4271e+00   -1.7634e+00   -9.5842e-04   -7.9852e-04   -1.3128e-03   -1.3645e-03
   3.0000e-01   -1.5000e+00   -2.6000e+00    2.5160e+00   -1.6339e+00   -1.2295e-03    3.6530e-05   -1.6535e-03   -5.2090e-04
   3.0000e-01   -1.5000e+00   -2.6000e+00    2.5981e+00   -1.5000e+00   -8.9682e-04    8.1751e-04   -1.3372e-03    3.5695e-04
   3.0000e-01   -1.5000e+00   -2.6000e+00    2.6730e+00   -1.3620e+00   -1.7128e-04    1.1858e-03   -6.9440e-04    7.1260e-04
   3.0000e-01   -1.5000e+00   -2.6000e+00    2.7406e+00   -1.2202e+00    5.9562e-04    1.0231e-03    1.0611e-04    6.0982e-04
   3.0000e-01   -1.5000e+00   -2.6000e+00    2.8007e+00   -1.0751e+00    1.0809e-03    4.4881e-04    5.3342e-04    6.3897e-05
   3.0000e-01   -1.5000e+00   -2.6000e+00    2.8532e+00   -9.2705e-01    1.1245e-03   -2.7469e-04    5.6052e-04   -5.9310e-04
   3.0000e-01   -1.5000e+00   -2.6000e+00    2.8978e+00   -7.7646e-01    7.5473e-04   -8.6193e-04    1.1657e-04   -1.1339e-03
   3.0000e-01   -1.5000e+00   -2.6000e+00    2.9344e+00   -6.2374e-01    1.4886e-04   -1.1248e-03   -4.8377e-04   -1.2752e-03
   3.0000e-01   -1.5000e+00   -2.6000e+00    2.9631e+00   -4.6930e-01   -4.7914e-04   -1.0169e-03   -1.0252e-03   -1.1567e-03
   3.0000e-01   -1.5000e+00   -2.6000e+00    2.9836e+00   -3.1359e-01   -9.3007e-04   -6.1379e-04   -1.4586e-03   -5.9253e-04
   3.0000e-01   -1.5000e+00   -2.6000e+00    2.9959e+00   -1.5701e-01   -1.1035e-03   -6.2410e-05   -1.6453e-03   -1.1696e-06
   3.0000e-01    0.0000e+00   -3.0000e+00    3.0000e+00    0.0000e+00   -9.0095e-04    8.1333e-04   -1.1809e-03    8.3123e-04
   3.0000e-01    0.0000e+00   -3.0000e+00    2.9959e+00    1.5701e-01   -1.7874e-04    1.1850e-03   -5.0070e-04    1.2205e-03
   3.0000e-01    0.0000e+00   -3.0000e+00    2.9836e+00    3.1359e-01    5.8602e-04    1.0288e-03    2.8648e-04    1.0413e-03
   3.0000e-01    0.0000e+00   -3.0000e+00    2.9631e+00    4.6930e-01    1.0790e-03    4.5350e-04    8.1084e-04    5.4953e-04
   3.0000e-01    0.0000e+00   -3.0000e+00    2.9344e+00    6.2374e-01    1.1258e-03   -2.6989e-04    8.6286e-04   -1.5220e-04
   3.0000e-01    0.0000e+00   -3.0000e+00    2.8978e+00    7.7646e-01    7.5908e-04   -8.5828e-04    5.7768e-04   -7.5271e-04
   3.0000e-01    0.0000e+00   -3.0000e+00    2.8532e+00    9.2705e-01    1.5644e-04   -1.1239e-03   -1.2573e-04   -9.3218e-04
   3.0000e-01    0.0000e+00   -3.0000e+00    2.8007e+00    1.0751e+00   -4.7323e-04   -1.0199e-03   -6.4918e-04   -8.5802e-04
   3.0000e-01    0.0000e+00   -3.0000e+00    2.7406e+00    1.2202e+00   -9.2712e-04   -6.1857e-04   -1.1039e-03   -4.3911e-04
   3.0000e-01    0.0000e+00   -3.0000e+00    2.6730e+00    1.3620e+00   -1.1034e-03   -6.3558e-05   -1.2795e-03    1.5750e-04
   3.0000e-01    0.0000e+00   -3.0000e+00    2.5981e+00    1.5000e+00   -9.9048e-04    4.7103e-04   -1.1247e-03    7.5039e-04
   3.0000e-01    0.0000e+00   -3.0000e+00    2.5160e+00    1.6339e+00   -6.5633e-04    8.6867e-04   -8.5645e-04    1.1881e-03
   3.0000e-01    0.0000e+00   -3.0000e+00    2.4271e+00    1.7634e+00   -1.9768e-04    1.0630e-03   -3.9416e-04    1.2967e-03
   3.0000e-01    0.0000e+00   -3.0000e+00    2.3314e+00    1.8880e+00    2.7247e-04    1.0390e-03    1.7630e-04    1.2650e-03
   3.0000e-01    0.0000e+00   -3.0000e+00    2.2294e+00    2.0074e+00    6.5832e-04    8.4073e-04    5.0717e-04    1.0921e-03
   3.0000e-01    0.0000e+00   -3.0000e+00    2.1213e+00    2.1213e+00    9.2174e-04    5.2726e-04    8.1568e-04    7.8544e-04
   3.0000e-01    0.0000e+00   -3.0000e+00    2.0074e+00    2.2294e+00    1.0445e-03    1.5764e-04    9.1959e-04    4.0933e-04
   3.0000e-01    0.0000e+00   -3.0000e+00    1.8880e+00    2.3314e+00    1.0309e-03   -2.0482e-04    9.5960e-04    8.1602e-05
   3.0000e-01    0.0000e+00   -3.0000e+00    1.7634e+00    2.4271e+00    9.1390e-04   -5.0977e-04    8.4472e-04   -3.0545e-04
   3.0000e-01    0.0000e+00   -3.0000e+00    1.6339e+00    2.5160e+00    7.2687e-04   -7.4705e-04    6.5930e-04   -5.2934e-04
   3.0000e-01    0.0000e+00   -3.0000e+00    1.5000e+00    2.5981e+00    4.9869e-04   -9.1080e-04    4.7797e-04   -7.2755e-04
   3.0000e-01    0.0000e+00   -3.0000e+00    1.3620e+00    2.6730e+00    2.6298e-04   -1.0010e-03    2.2954e-04   -8.0529e-04
   3.0000e-01    0.0000e+00   -3.0000e+00    1.2202e+00    2.7406e+00    4.2211e-05   -1.0311e-03    3.5560e-05   -7.8849e-04
   3.0000e-01    0.0000e+00   -3.0000e+00    1.0751e+00    2.8007e+00   -1.5492e-04   -1.0176e-03   -1.8539e-04   -7.8726e-04
   3.0000e-01    0.0000e+00   -3.0000e+00    9.2705e-01    2.8532e+00   -3.2103e-04   -9.7542e-04   -3.6241e-04   -7.4476e-04
   3.0000e-01    0.0000e+00   -3.0000e+00    7.7646e-01    2.8978e+00   -4.5735e-04   -9.1719e-04   -4.8583e-04   -6.8881e-04
   3.0000e-01    0.0000e+00   -3.0000e+00    6.2374e-01    2.9344e+00   -5.5748e-04   -8.5822e-04   -5.8021e-04   -7.2420e-04
   3.0000e-01    0.0000e+00   -3.0000e+00    4.6930e-01    2.9631e+00   -6.3216e-04   -8.0316e-04   -6.6870e-04   -5.5863e-04
   3.0000e-01    0.0000e+00   -3.0000e+00    3.1359e-01    2.9836e+00   -6.7957e-04   -7.6235e-04   -6.5950e-04   -5.5986e-04
   3.0000e-01    0.0000e+00   -3.0000e+00    1.5701e-01    2.9959e+00   -7.0919e-04   -7.3424e-04   -7.3258e-04   -5.4536e-04
   3.0000e-01    0.0000e+00   -3.0000e+00    0.0000e+00    3.0000e+00   -7.2250e-04   -7.2081e-04   -7.2302e-04   -5.0635e-04
   3.0000e-01    0.0000e+00   -3.0000e+00   -1.5701e-01    2.9959e+00   -7.0919e-04   -7.3424e-04   -7.5674e-04   -5.1713e-04
   3.0000e-01    0.0000e+00   -3.0000e+00   -3.1359e-01    2.9836e+00   -6.7957e-04   -7.6235e-04   -6.6572e-04   -5.8986e-04
   3.0000e-01    0.0000e+00   -3.0000e+00   -4.6930e-01    2.9631e+00   -6.3216e-04   -8.0316e-04   -6.5944e-04   -5.8847e-04
   3.0000e-01    0.0000e+00   -3.0000e+00   -6.2374e-01    2.9344e+00   -5.5748e-04   -8.5822e-04   -5.6140e-04   -6.6585e-04
   3.0000e-01    0.0000e+00   -3.0000e+00   -7.7646e-01    2.8978e+00   -4.5735e-04   -9.1719e-04   -4.9939e-04   -7.2266e-04
   3.0000e-01    0.0000e+00   -3.0000e+00   -9.2705e-01    2.8532e+00   -3.2103e-04   -9.7542e-04   -3.4196e-04   -7.5175e-04
   3.0000e-01    0.0000e+00   -3.0000e+00   -1.0751e+00    2.8007e+00   -1.5492e-04   -1.0176e-03   -1.9215e-04   -8.4019e-04
   3.0000e-01    0.0000e+00   -3.0000e+00   -1.2202e+00    2.7406e+00    4.2211e-05   -1.0311e-03   -3.1329e-05   -7.9230e-04
   3.0000e-01    0.0000e+00   -3.0000e+00   -1.3620e+00    2.6730e+00    2.6298e-04   -1.0010e-03    1.7911e-04   -7.6871e-04
   3.0000e-01    0.0000e+00   -3.0000e+00   -1.5000e+00    2.5981e+00    4.9869e-04   -9.1080e-04    4.3040e-04   -6.9715e-04
   3.0000e-01    0.0000e+00   -3.0000e+00   -1.6339e+00    2.5160e+00    7.2687e-04   -7.4705e-04    6.5926e-04   -4.6430e-04
   3.0000e-01    0.0000e+00   -3.0000e+00   -1.7634e+00    2.4271e+00    9.1390e-04   -5.0977e-04    8.4361e-04   -2.7834e-04
   3.0000e-01    0.0000e+00   -3.0000e+00   -1.8880e+00    2.3314e+00    1.0309e-03   -2.0482e-04    8.9983e-04    5.3517e-05
   3.0000e-01    0.0000e+00   -3.0000e+00   -2.0074e+00    2.2294e+00    1.0445e-03    1.5764e-04    9.7290e-04    4.2095e-04
   3.0000e-01    0.0000e+00   -3.0000e+00   -2.1213e+00    2.1213e+00    9.2174e-04    5.2726e-04    8.3589e-04    7.8798e-04
   3.0000e-01    0.0000e+00   -3.0000e+00   -2.2294e+00    2.0074e+00    6.5832e-04    8.4073e-04    4.8842e-04    1.0871e-03
   3.0000e-01    0.0000e+00   -3.0000e+00   -2.3314e+00    1.8880e+00    2.7247e-04    1.0390e-03    1.3996e-04    1.3062e-03
   3.0000e-01    0.0000e+00   -3.0000e+00   -2.4271e+00    1.7634e+00   -1.9768e-04    1.0630e-03   -3.7629e-04    1.3038e-03
   3.0000e-01    0.0000e+00   -3.0000e+00   -2.5160e+00    1.6339e+00   -6.5633e-04    8.6867e-04   -8.2775e-04    1.1410e-03
   3.0000e-01    0.0000e+00   -3.0000e+00   -2.5981e+00    1.5000e+00   -9.9048e-04    4.7103e-04   -1.1593e-03    7.1823e-04
   3.0000e-01    0.0000e+00   -3.0000e+00   -2.6730e+00    1.3620e+00   -1.1034e-03   -6.3558e-05   -1.3049e-03    1.2633e-04
   3.0000e-01    0.0000e+00   -3.0000e+00   -2.7406e+00    1.2202e+00   -9.2712e-04   -6.1857e-04   -1.1869e-03   -4.1574e-04
   3.0000e-01    0.0000e+00   -3.0000e+00   -2.8007e+00    1.0751e+00   -4.7323e-04   -1.0199e-03   -6.8647e-04   -8.1872e-04
   3.0000e-01    0.0000e+00   -3.0000e+00   -2.8532e+00    9.2705e-01    1.5644e-04   -1.1239e-03   -8.3414e-05   -9.9467e-04
   3.0000e-01    0.0000e+00   -3.0000e+00   -2.8978e+00    7.7646e-01    7.5908e-04   -8.5828e-04    4.5138e-04   -6.7407e-04
   3.0000e-01    0.0000e+00   -3.0000e+00   -2.9344e+00    6.2374e-01    1.1258e-03   -2.6989e-04    8.4887e-04   -1.7753e-04
   3.0000e-01    0.0000e+00   -3.0000e+00   -2.9631e+00    4.6930e-01    1.0790e-03    4.5350e-04    8.2080e-04    5.6595e-04
   3.0000e-01    0.0000e+00   -3.0000e+00   -2.9836e+00    3.1359e-01    5.8602e-04    1.0288e-03    3.8124e-04    1.1423e-03
   3.0000e-01    0.0000e+00   -3.0000e+00   -2.9959e+00    1.5701e-01   -1.7874e-04    1.1850e-03   -4.5956e-04    1.2319e-03
   3.0000e-01    0.0000e+00   -3.0000e+00   -3.0000e+00    0.0000e+00   -9.0095e-04    8.1333e-04   -1.1846e-03    8.3502e-04
   3.0000e-01    0.0000e+00   -3.0000e+00   -2.9959e+00   -1.5701e-01   -1.2297e-03    3.3121e-05   -1.5581e-03    5.3911e-05
   3.0000e-01    0.0000e+00   -3.0000e+00   -2.9836e+00   -3.1359e-01   -9.5654e-04   -8.0100e-04   -1.2311e-03   -9.1333e-04
   3.0000e-01    0.0000e+00   -3.0000e+00   -2.9631e+00   -4.6930e-01   -1.6658e-04   -1.2554e-03   -4.5924e-04   -1.3403e-03
   3.0000e-01    0.0000e+00   -3.0000e+00   -2.9344e+00   -6.2374e-01    7.5756e-04   -1.0399e-03    5.2086e-04   -1.1295e-03
   3.0000e-01    0.0000e+00   -3.0000e+00   -2.8978e+00   -7.7646e-01    1.2893e-03   -2.2034e-04    1.0790e-03   -3.7838e-04
   3.0000e-01    0.0000e+00   -3.0000e+00   -2.8532e+00   -9.2705e-01    1.0825e-03    7.7461e-04    8.1440e-04    6.6788e-04
   3.0000e-01    0.0000e+00   -3.0000e+00   -2.8007e+00   -1.0751e+00    1.9048e-04    1.3427e-03   -4.9594e-05    1.1552e-03
   3.0000e-01    0.0000e+00   -3.0000e+00   -2.7406e+00   -1.2202e+00   -8.6808e-04    1.0765e-03   -1.0869e-03    8.7984e-04
   3.0000e-01    0.0000e+00   -3.0000e+00   -2.6730e+00   -1.3620e+00   -1.4096e-03    7.8720e-05   -1.5798e-03   -7.8775e-05
   3.0000e-01    0.0000e+00   -3.0000e+00   -2.5981e+00   -1.5000e+00   -1.0149e-03   -1.0260e-03   -1.2252e-03   -1.2348e-03
   3.0000e-01    0.0000e+00   -3.0000e+00   -2.5160e+00   -1.6339e+00    1.2244e-04   -1.4723e-03   -2.1637e-05   -1.6785e-03
   3.0000e-01    0.0000e+00   -3.0000e+00   -2.4271e+00   -1.7634e+00    1.2379e-03   -8.7250e-04    1.1371e-03   -1.0810e-03
   3.0000e-01    0.0000e+00   -3.0000e+00   -2.3314e+00   -1.8880e+00    1.4992e-03    4.1292e-04    1.3782e-03    1.6983e-04
   3.0000e-01    0.0000e+00   -3.0000e+00   -2.2294e+00   -2.0074e+00    6.3001e-04    1.4707e-03    4.9530e-04    1.2512e-03
   3.0000e-01    0.0000e+00   -3.0000e+00   -2.1213e+00   -2.1213e+00   -7.9867e-04    1.4433e-03   -8.6046e-04    1.2666e-03
   3.0000e-01    0.0000e+00   -3.0000e+00   -2.0074e+00   -2.2294e+00   -1.6858e-03    2.5140e-04   -1.7400e-03    1.2407e-04
   3.0000e-01    0.0000e+00   -3.0000e+00   -1.8880e+00   -2.3314e+00   -1.2613e-03   -1.2357e-03   -1.2894e-03   -1.4305e-03
   3.0000e-01    0.0000e+00   -3.0000e+00   -1.7634e+00   -2.4271e+00    2.5666e-04   -1.8170e-03    2.5990e-04   -2.0119e-03
   3.0000e-01    0.0000e+00   -3.0000e+00   -1.6339e+00   -2.5160e+00    1.6940e-03   -8.9140e-04    1.7093e-03   -1.1018e-03
   3.0000e-01    0.0000e+00   -3.0000e+00   -1.5000e+00   -2.5981e+00    1.7913e-03    9.0077e-04    1.8346e-03    7.6727e-04
   3.0000e-01    0.0000e+00   -3.0000e+00    1.5000e+00   -2.5981e+00    1.7913e-03    9.0077e-04    1.8215e-03    7.6976e-04
   3.0000e-01    0.0000e+00   -3.0000e+00    1.6339e+00   -2.5160e+00    1.6940e-03   -8.9140e-04    1.6673e-03   -1.0687e-03
   3.0000e-01    0.0000e+00   -3.0000e+00    1.7634e+00   -2.4271e+00    2.5666e-04   -1.8170e-03    2.9348e-04   -1.9704e-03
   3.0000e-01    0.0000e+00   -3.0000e+00    1.8880e+00   -2.3314e+00   -1.2613e-03   -1.2357e-03   -1.3041e-03   -1.4049e-03
   3.0000e-01    0.0000e+00   -3.0000e+00    2.0074e+00   -2.2294e+00   -1.6858e-03    2.5140e-04   -1.7178e-03    1.1361e-04
   3.0000e-01    0.0000e+00   -3.0000e+00    2.1213e+00   -2.1213e+00   -7.9867e-04    1.4433e-03   -8.2943e-04    1.2521e-03
   3.0000e-01    0.0000e+00   -3.0000e+00    2.2294e+00   -2.0074e+00    6.3001e-04    1.4707e-03    5.3425e-04    1.3122e-03
   3.0000e-01    0.0000e+00   -3.0000e+00    2.3314e+00   -1.8880e+00    1.4992e-03    4.1292e-04    1.3917e-03    1.7667e-04
   3.0000e-01    0.0000e+00   -3.0000e+00    2.4271e+00   -1.7634e+00    1.2379e-03   -8.7250e-04    1.0789e-03   -1.1088e-03
   3.0000e-01    0.0000e+00   -3.0000e+00    2.5160e+00   -1.6339e+00    1.2244e-04   -1.4723e-03   -3.2350e-05   -1.6591e-03
   3.0000e-01    0.0000e+00   -3.0000e+00    2.5981e+00   -1.5000e+00   -1.0149e-03   -1.0260e-03   -1.1544e-03   -1.1940e-03
   3.0000e-01    0.0000e+00   -3.0000e+00    2.6730e+00   -1.3620e+00   -1.4096e-03    7.8720e-05   -1.5908e-03   -8.6893e-05
   3.0000e-01    0.0000e+00   -3.0000e+00    2.7406e+00   -1.2202e+00   -8.6808e-04    1.0765e-03   -1.0080e-03    9.2714e-04
   3.0000e-01    0.0000e+00   -3.0000e+00    2.8007e+00   -1.0751e+00    1.9048e-04    1.3427e-03    1.4352e-05    1.1424e-03
   3.0000e-01    0.0000e+00   -3.0000e+00    2.8532e+00   -9.2705e-01    1.0825e-03    7.7461e-04    8.2385e-04    6.1639e-04
   3.0000e-01    0.0000e+00   -3.0000e+00    2.8978e+00   -7.7646e-01    1.2893e-03   -2.2034e-04    9.6109e-04   -3.3122e-04
   3.0000e-01    0.0000e+00   -3.0000e+00    2.9344e+00   -6.2374e-01    7.5756e-04   -1.0399e-03    5.3251e-04   -1.1435e-03
   3.0000e-01    0.0000e+00   -3.0000e+00    2.9631e+00   -4.6930e-01   -1.6658e-04   -1.2554e-03   -4.3571e-04   -1.3410e-03
   3.0000e-01    0.0000e+00   -3.0000e+00    2.9836e+00   -3.1359e-01   -9.5654e-04   -8.0100e-04   -1.2528e-03   -8.2724e-04
   3.0000e-01    0.0000e+00   -3.0000e+00    2.9959e+00   -1.5701e-01   -1.2297e-03    3.3121e-05   -1.5513e-03    6.0892e-05
   3.0000e-01    1.5000e+00   -2.6000e+00    3.0000e+00    0.0000e+00   -1.0227e-03   -1.0178e-03   -9.3462e-04   -1.0686e-03
   3.0000e-01    1.5000e+00   -2.6000e+00    2.9959e+00    1.5701e-01   -1.4085e-03    9.1961e-05   -1.3092e-03    1.0005e-04
   3.0000e-01    1.5000e+00   -2.6000e+00    2.9836e+00    3.1359e-01   -8.6198e-04    1.0810e-03   -7.6160e-04    1.0131e-03
   3.0000e-01    1.5000e+00   -2.6000e+00    2.9631e+00    4.6930e-01    2.0512e-04    1.3401e-03    1.7649e-04    1.3276e-03
   3.0000e-01    1.5000e+00   -2.6000e+00    2.9344e+00    6.2374e-01    1.0907e-03    7.6233e-04    1.0743e-03    7.9710e-04
   3.0000e-01    1.5000e+00   -2.6000e+00    2.8978e+00    7.7646e-01    1.2864e-03   -2.3480e-04    1.2406e-03   -1.5274e-04
   3.0000e-01    1.5000e+00   -2.6000e+00    2.8532e+00    9.2705e-01    7.4694e-04   -1.0471e-03    6.1538e-04   -1.0144e-03
   3.0000e-01    1.5000e+00   -2.6000e+00    2.8007e+00    1.0751e+00   -1.8057e-04   -1.2532e-03   -3.1302e-04   -1.1608e-03
   3.0000e-01    1.5000e+00   -2.6000e+00    2.7406e+00    1.2202e+00   -9.6513e-04   -7.9030e-04   -1.1536e-03   -6.8958e-04
   3.0000e-01    1.5000e+00   -2.6000e+00    2.6730e+00    1.3620e+00   -1.2285e-03    5.3084e-05   -1.4633e-03    2.2814e-04
   3.0000e-01    1.5000e+00   -2.6000e+00    2.5981e+00    1.5000e+00   -8.9054e-04    8.2425e-04   -1.2087e-03    9.3254e-04
   3.0000e-01    1.5000e+00   -2.6000e+00    2.5160e+00    1.6339e+00   -1.6376e-04    1.1868e-03   -4.5696e-04    1.3808e-03
   3.0000e-01    1.5000e+00   -2.6000e+00    2.4271e+00    1.7634e+00    6.0493e-04    1.0173e-03    2.5346e-04    1.1367e-03
   3.0000e-01    1.5000e+00   -2.6000e+00    2.3314e+00    1.8880e+00    1.0863e-03    4.3454e-04    6.5477e-04    6.0072e-04
   3.0000e-01    1.5000e+00   -2.6000e+00    2.2294e+00    2.0074e+00    1.1227e-03   -2.8146e-04    6.8684e-04   -6.3441e-05
   3.0000e-01    1.5000e+00   -2.6000e+00    2.1213e+00    2.1213e+00    7.5188e-04   -8.6435e-04    3.9801e-04   -7.0555e-04
   3.0000e-01    1.5000e+00   -2.6000e+00    2.0074e+00    2.2294e+00    1.3736e-04   -1.1261e-03   -2.8163e-04   -9.7948e-04
   3.0000e-01    1.5000e+00   -2.6000e+00    1.8880e+00    2.3314e+00   -4.9042e-04   -1.0112e-03   -8.9701e-04   -8.6401e-04
   3.0000e-01    1.5000e+00   -2.6000e+00    1.7634e+00    2.4271e+00   -9.3491e-04   -6.0601e-04   -1.3736e-03   -4.2748e-04
   3.0000e-01    1.5000e+00   -2.6000e+00    1.6339e+00    2.5160e+00   -1.1037e-03   -5.5297e-05   -1.5217e-03    1.3871e-04
   3.0000e-01    1.5000e+00   -2.6000e+00    1.5000e+00    2.5981e+00   -9.8379e-04    4.8397e-04   -1.4542e-03    5.9899e-04
   3.0000e-01    1.5000e+00   -2.6000e+00    1.3620e+00    2.6730e+00   -6.4232e-04    8.7864e-04   -1.0746e-03    1.0312e-03
   3.0000e-01    1.5000e+00   -2.6000e+00    1.2202e+00    2.7406e+00   -1.8553e-04    1.0650e-03   -5.8389e-04    1.2091e-03
   3.0000e-01    1.5000e+00   -2.6000e+00    1.0751e+00    2.8007e+00    2.7941e-04    1.0371e-03   -1.1035e-04    1.1631e-03
   3.0000e-01    1.5000e+00   -2.6000e+00    9.2705e-01    2.8532e+00    6.6882e-04    8.3204e-04    4.0985e-04    1.0115e-03
   3.0000e-01    1.5000e+00   -2.6000e+00    7.7646e-01    2.8978e+00    9.3042e-04    5.1102e-04    5.9054e-04    6.6323e-04
   3.0000e-01    1.5000e+00   -2.6000e+00    6.2374e-01    2.9344e+00    1.0458e-03    1.4689e-04    8.2291e-04    2.8533e-04
   3.0000e-01    1.5000e+00   -2.6000e+00    4.6930e-01    2.9631e+00    1.0293e-03   -2.1214e-04    7.9608e-04   -2.6279e-05
   3.0000e-01    1.5000e+00   -2.6000e+00    3.1359e-01    2.9836e+00    9.0911e-04   -5.1803e-04    7.5629e-04   -3.1763e-04
   3.0000e-01    1.5000e+00   -2.6000e+00    1.5701e-01    2.9959e+00    7.1774e-04   -7.5562e-04    6.0667e-04   -4.8315e-04
   3.0000e-01    1.5000e+00   -2.6000e+00    0.0000e+00    3.0000e+00    4.8474e-04   -9.1813e-04    4.0412e-04   -7.0072e-04
   3.0000e-01    1.5000e+00   -2.6000e+00   -1.5701e-01    2.9959e+00    2.5568e-04   -1.0028e-03    2.6506e-04   -7.2358e-04
   3.0000e-01    1.5000e+00   -2.6000e+00   -3.1359e-01    2.9836e+00    3.4806e-05   -1.0312e-03    4.1129e-05   -7.0611e-04
   3.0000e-01    1.5000e+00   -2.6000e+00   -4.6930e-01    2.9631e+00   -1.6660e-04   -1.0155e-03   -1.1106e-04   -6.9537e-04
   3.0000e-01    1.5000e+00   -2.6000e+00   -6.2374e-01    2.9344e+00   -3.3277e-04   -9.7141e-04   -1.9579e-04   -6.3822e-04
   3.0000e-01    1.5000e+00   -2.6000e+00   -7.7646e-01    2.8978e+00   -4.6719e-04   -9.1211e-04   -2.4246e-04   -5.9189e-04
   3.0000e-01    1.5000e+00   -2.6000e+00   -9.2705e-01    2.8532e+00   -5.6536e-04   -8.5288e-04   -3.5202e-04   -4.5684e-04
   3.0000e-01    1.5000e+00   -2.6000e+00   -1.0751e+00    2.8007e+00   -6.4018e-04   -7.9672e-04   -3.4208e-04   -2.9735e-04
   3.0000e-01    1.5000e+00   -2.6000e+00   -1.2202e+00    2.7406e+00   -6.8973e-04   -7.5306e-04   -3.6062e-04   -2.2529e-04
   3.0000e-01    1.5000e+00   -2.6000e+00   -1.3620e+00    2.6730e+00   -7.1986e-04   -7.2346e-04   -4.4637e-04   -2.0012e-04
   3.0000e-01    1.5000e+00   -2.6000e+00   -1.5000e+00    2.5981e+00   -7.2759e-04   -7.1560e-04   -4.0990e-04   -1.7786e-04
   3.0000e-01    1.5000e+00   -2.6000e+00   -1.6339e+00    2.5160e+00   -7.1621e-04   -7.2733e-04   -3.3987e-04   -1.4889e-04
   3.0000e-01    1.5000e+00   -2.6000e+00   -1.7634e+00    2.4271e+00   -6.8991e-04   -7.5288e-04   -2.7338e-04   -2.1140e-04
   3.0000e-01    1.5000e+00   -2.6000e+00   -1.8880e+00    2.3314e+00   -6.4391e-04   -7.9355e-04   -2.8901e-04   -2.2078e-04
   3.0000e-01    1.5000e+00   -2.6000e+00   -2.0074e+00    2.2294e+00   -5.6603e-04   -8.5245e-04   -2.4721e-04   -1.9264e-04
   3.0000e-01    1.5000e+00   -2.6000e+00   -2.1213e+00    2.1213e+00   -4.6059e-04   -9.1562e-04   -1.1138e-04   -2.2909e-04
   3.0000e-01    1.5000e+00   -2.6000e+00   -2.2294e+00    2.0074e+00   -3.3049e-04   -9.7226e-04    2.2072e-05   -3.2469e-04
   3.0000e-01    1.5000e+00   -2.6000e+00   -2.3314e+00    1.8880e+00   -1.6975e-04   -1.0150e-03    8.9562e-05   -3.4394e-04
   3.0000e-01    1.5000e+00   -2.6000e+00   -2.4271e+00    1.7634e+00    3.2403e-05   -1.0313e-03    2.5340e-04   -4.2784e-04
   3.0000e-01    1.5000e+00   -2.6000e+00   -2.5160e+00    1.6339e+00    2.5896e-04   -1.0020e-03    4.1456e-04   -3.7352e-04
   3.0000e-01    1.5000e+00   -2.6000e+00   -2.5981e+00    1.5000e+00    4.9173e-04   -9.1455e-04    6.6090e-04   -3.0793e-04
   3.0000e-01    1.5000e+00   -2.6000e+00   -2.6730e+00    1.3620e+00    7.1703e-04   -7.5625e-04    8.2450e-04   -1.7429e-04
   3.0000e-01    1.5000e+00   -2.6000e+00   -2.7406e+00    1.2202e+00    9.1049e-04   -5.1596e-04    9.0374e-04    1.0855e-04
   3.0000e-01    1.5000e+00   -2.6000e+00   -2.8007e+00    1.0751e+00    1.0306e-03   -2.0695e-04    1.0191e-03    3.0778e-04
   3.0000e-01    1.5000e+00   -2.6000e+00   -2.8532e+00    9.2705e-01    1.0450e-03    1.5364e-04    8.8827e-04    5.7247e-04
   3.0000e-01    1.5000e+00   -2.6000e+00   -2.8978e+00    7.7646e-01    9.2785e-04    5.1601e-04    7.3889e-04    9.2376e-04
   3.0000e-01    1.5000e+00   -2.6000e+00   -2.9344e+00    6.2374e-01    6.6498e-04    8.3541e-04    4.1008e-04    1.2038e-03
   3.0000e-01    1.5000e+00   -2.6000e+00   -2.9631e+00    4.6930e-01    2.7365e-04    1.0388e-03   -4.5795e-05    1.3699e-03
   3.0000e-01    1.5000e+00   -2.6000e+00   -2.9836e+00    3.1359e-01   -1.9724e-04    1.0630e-03   -5.7971e-04    1.2756e-03
   3.0000e-01    1.5000e+00   -2.6000e+00   -2.9959e+00    1.5701e-01   -6.5106e-04    8.7255e-04   -1.1160e-03    1.0551e-03
   3.0000e-01    1.5000e+00   -2.6000e+00   -3.0000e+00    0.0000e+00   -9.8714e-04    4.7770e-04   -1.5049e-03    5.9640e-04
   3.0000e-01    1.5000e+00   -2.6000e+00   -2.9959e+00   -1.5701e-01   -1.1035e-03   -6.2410e-05   -1.6075e-03   -3.9206e-05
   3.0000e-01    1.5000e+00   -2.6000e+00   -2.9836e+00   -3.1359e-01   -9.3007e-04   -6.1379e-04   -1.5035e-03   -7.1217e-04
   3.0000e-01    1.5000e+00   -2.6000e+00   -2.9631e+00   -4.6930e-01   -4.7914e-04   -1.0169e-03   -1.0803e-03   -1.1804e-03
   3.0000e-01    1.5000e+00   -2.6000e+00   -2.9344e+00   -6.2374e-01    1.4886e-04   -1.1248e-03   -4.2780e-04   -1.3243e-03
   3.0000e-01    1.5000e+00   -2.6000e+00   -2.8978e+00   -7.7646e-01    7.5473e-04   -8.6193e-04    1.5242e-04   -1.0889e-03
   3.0000e-01    1.5000e+00   -2.6000e+00   -2.8532e+00   -9.2705e-01    1.1245e-03   -2.7469e-04    5.6380e-04   -5.8889e-04
   3.0000e-01    1.5000e+00   -2.6000e+00   -2.8007e+00   -1.0751e+00    1.0809e-03    4.4881e-04    5.5188e-04    1.0601e-04
   3.0000e-01    1.5000e+00   -2.6000e+00   -2.7406e+00   -1.2202e+00    5.9562e-04    1.0231e-03    3.3057e-05    6.2036e-04
   3.0000e-01    1.5000e+00   -2.6000e+00   -2.6730e+00   -1.3620e+00   -1.7128e-04    1.1858e-03   -7.0603e-04    6.9792e-04
   3.0000e-01    1.5000e+00   -2.6000e+00   -2.5981e+00   -1.5000e+00   -8.9682e-04    8.1751e-04   -1.3105e-03    3.3441e-04
   3.0000e-01    1.5000e+00   -2.6000e+00   -2.5160e+00   -1.6339e+00   -1.2295e-03    3.6530e-05   -1.6066e-03   -4.9072e-04
   3.0000e-01    1.5000e+00   -2.6000e+00   -2.4271e+00   -1.7634e+00   -9.5842e-04   -7.9852e-04   -1.2677e-03   -1.3936e-03
   3.0000e-01    1.5000e+00   -2.6000e+00   -2.3314e+00   -1.8880e+00   -1.7340e-04   -1.2542e-03   -4.8399e-04   -1.8150e-03
   3.0000e-01    1.5000e+00   -2.6000e+00   -2.2294e+00   -2.0074e+00    7.5145e-04   -1.0441e-03    5.6028e-04   -1.5827e-03
   3.0000e-01    1.5000e+00   -2.6000e+00   -2.1213e+00   -2.1213e+00    1.2896e-03   -2.1856e-04    1.1219e-03   -8.0485e-04
   3.0000e-01    1.5000e+00   -2.6000e+00   -2.0074e+00   -2.2294e+00    1.0814e-03    7.7600e-04    9.9357e-04    2.3646e-04
   3.0000e-01    1.5000e+00   -2.6000e+00   -1.8880e+00   -2.3314e+00    1.9757e-04    1.3413e-03    5.9280e-05    8.7296e-04
   3.0000e-01    1.5000e+00   -2.6000e+00   -1.7634e+00   -2.4271e+00   -8.6586e-04    1.0780e-03   -9.7307e-04    5.4120e-04
   3.0000e-01    1.5000e+00   -2.6000e+00   -1.6339e+00   -2.5160e+00   -1.4095e-03    7.8570e-05   -1.4454e-03   -4.3347e-04
   3.0000e-01    1.5000e+00   -2.6000e+00   -1.5000e+00   -2.5981e+00   -1.0140e-03   -1.0270e-03   -9.9907e-04   -1.4715e-03
   3.0000e-01    1.5000e+00   -2.6000e+00   -1.3620e+00   -2.6730e+00    1.1651e-04   -1.4724e-03    1.4412e-04   -1.8368e-03
   3.0000e-01    1.5000e+00   -2.6000e+00   -1.2202e+00   -2.7406e+00    1.2384e-03   -8.7194e-04    1.2371e-03   -1.2148e-03
   3.0000e-01    1.5000e+00   -2.6000e+00   -1.0751e+00   -2.8007e+00    1.4983e-03    4.1698e-04    1.5337e-03    1.1374e-04
   3.0000e-01    1.5000e+00   -2.6000e+00   -9.2705e-01   -2.8532e+00    6.2070e-04    1.4748e-03    7.4181e-04    1.2323e-03
   3.0000e-01    1.5000e+00   -2.6000e+00   -7.7646e-01   -2.8978e+00   -7.9776e-04    1.4436e-03   -7.3426e-04    1.1381e-03
   3.0000e-01    1.5000e+00   -2.6000e+00   -6.2374e-01   -2.9344e+00   -1.6852e-03    2.5429e-04   -1.6085e-03    1.3847e-05
   3.0000e-01    1.5000e+00   -2.6000e+00   -4.6930e-01   -2.9631e+00   -1.2553e-03   -1.2422e-03   -1.2442e-03   -1.4293e-03
   3.0000e-01    1.5000e+00   -2.6000e+00   -3.1359e-01   -2.9836e+00    2.7172e-04   -1.8154e-03    2.9720e-04   -1.9544e-03
   3.0000e-01    1.5000e+00   -2.6000e+00   -1.5701e-01   -2.9959e+00    1.6972e-03   -8.8578e-04    1.7629e-03   -1.0495e-03
   3.0000e-01    1.5000e+00   -2.6000e+00    0.0000e+00   -3.0000e+00    1.7929e-03    8.9701e-04    1.8164e-03    7.5451e-04
   3.0000e-01    1.5000e+00   -2.6000e+00    2.5981e+00   -1.5000e+00    1.7992e-03    8.8287e-04    1.9109e-03    7.6500e-04
   3.0000e-01    1.5000e+00   -2.6000e+00    2.6730e+00   -1.3620e+00    1.6862e-03   -9.0466e-04    1.8070e-03   -1.1063e-03
   3.0000e-01    1.5000e+00   -2.6000e+00    2.7406e+00   -1.2202e+00    2.4186e-04   -1.8186e-03    4.3781e-04   -2.0268e-03
   3.0000e-01    1.5000e+00   -2.6000e+00    2.8007e+00   -1.0751e+00   -1.2689e-03   -1.2275e-03   -1.1027e-03   -1.4538e-03
   3.0000e-01    1.5000e+00   -2.6000e+00    2.8532e+00   -9.2705e-01   -1.6815e-03    2.7364e-04   -1.4521e-03    1.1659e-04
   3.0000e-01    1.5000e+00   -2.6000e+00    2.8978e+00   -7.7646e-01   -7.8153e-04    1.4519e-03   -5.6704e-04    1.2453e-03
   3.0000e-01    1.5000e+00   -2.6000e+00    2.9344e+00   -6.2374e-01    6.3846e-04    1.4667e-03    8.5474e-04    1.3281e-03
   3.0000e-01    1.5000e+00   -2.6000e+00    2.9631e+00   -4.6930e-01    1.5023e-03    4.0018e-04    1.6891e-03    2.3366e-04
   3.0000e-01    1.5000e+00   -2.6000e+00    2.9836e+00   -3.1359e-01    1.2268e-03   -8.8720e-04    1.4100e-03   -1.0175e-03
   3.0000e-01    1.5000e+00   -2.6000e+00    2.9959e+00   -1.5701e-01    1.0645e-04   -1.4730e-03    2.7541e-04   -1.5543e-03
   3.0000e-01    2.6000e+00   -1.5000e+00    3.0000e+00    0.0000e+00    1.7867e-03    9.1095e-04    2.0386e-03    8.5052e-04
   3.0000e-01    2.6000e+00   -1.5000e+00    2.9959e+00    1.5701e-01    1.6972e-03   -8.8578e-04    1.9304e-03   -9.2965e-04
   3.0000e-01    2.6000e+00   -1.5000e+00    2.9836e+00    3.1359e-01    2.7172e-04   -1.8154e-03    4.8941e-04   -1.8198e-03
   3.0000e-01    2.6000e+00   -1.5000e+00    2.9631e+00    4.6930e-01   -1.2553e-03   -1.2422e-03   -1.1084e-03   -1.2596e-03
   3.0000e-01    2.6000e+00   -1.5000e+00    2.9344e+00    6.2374e-01   -1.6852e-03    2.5429e-04   -1.5181e-03    2.7686e-04
   3.0000e-01    2.6000e+00   -1.5000e+00    2.8978e+00    7.7646e-01   -7.9776e-04    1.4436e-03   -6.5882e-04    1.5075e-03
   3.0000e-01    2.6000e+00   -1.5000e+00    2.8532e+00    9.2705e-01    6.2070e-04    1.4748e-03    6.8032e-04    1.5663e-03
   3.0000e-01    2.6000e+00   -1.5000e+00    2.8007e+00    1.0751e+00    1.4983e-03    4.1698e-04    1.5282e-03    5.3239e-04
   3.0000e-01    2.6000e+00   -1.5000e+00    2.7406e+00    1.2202e+00    1.2384e-03   -8.7194e-04    1.2936e-03   -7.3325e-04
   3.0000e-01    2.6000e+00   -1.5000e+00    2.6730e+00    1.3620e+00    1.1651e-04   -1.4724e-03    1.5042e-04   -1.3915e-03
   3.0000e-01    2.6000e+00   -1.5000e+00    2.5981e+00    1.5000e+00   -1.0140e-03   -1.0270e-03   -1.0932e-03   -8.9569e-04
   3.0000e-01    2.6000e+00   -1.5000e+00    2.5160e+00    1.6339e+00   -1.4095e-03    7.8570e-05   -1.5161e-03    2.3873e-04
   3.0000e-01    2.6000e+00   -1.5000e+00    2.4271e+00    1.7634e+00   -8.6586e-04    1.0780e-03   -1.0004e-03    1.2671e-03
   3.0000e-01    2.6000e+00   -1.5000e+00    2.3314e+00    1.8880e+00    1.9757e-04    1.3413e-03    7.4958e-05    1.5165e-03
   3.0000e-01    2.6000e+00   -1.5000e+00    2.2294e+00    2.0074e+00    1.0814e-03    7.7600e-04    8.7644e-04    9.5649e-04
   3.0000e-01    2.6000e+00   -1.5000e+00    2.1213e+00    2.1213e+00    1.2896e-03   -2.1856e-04    1.1092e-03   -4.4600e-05
   3.0000e-01    2.6000e+00   -1.5000e+00    2.0074e+00    2.2294e+00    7.5145e-04   -1.0441e-03    5.3341e-04   -8.4216e-04
   3.0000e-01    2.6000e+00   -1.5000e+00    1.8880e+00    2.3314e+00   -1.7340e-04   -1.2542e-03   -4.2430e-04   -1.1052e-03
   3.0000e-01    2.6000e+00   -1.5000e+00    1.7634e+00    2.4271e+00   -9.5842e-04   -7.9852e-04   -1.1903e-03   -6.3008e-04
   3.0000e-01    2.6000e+00   -1.5000e+00    1.6339e+00    2.5160e+00   -1.2295e-03    3.6530e-05   -1.4686e-03    1.7576e-04
   3.0000e-01    2.6000e+00   -1.5000e+00    1.5000e+00    2.5981e+00   -8.9682e-04    8.1751e-04   -1.2059e-03    9.2543e-04
   3.0000e-01    2.6000e+00   -1.5000e+00    1.3620e+00    2.6730e+00   -1.7128e-04    1.1858e-03   -4.6134e-04    1.3476e-03
   3.0000e-01    2.6000e+00   -1.5000e+00    1.2202e+00    2.7406e+00    5.9562e-04    1.0231e-03    3.3653e-04    1.1079e-03
   3.0000e-01    2.6000e+00   -1.5000e+00    1.0751e+00    2.8007e+00    1.0809e-03    4.4881e-04    8.1411e-04    5.8223e-04
   3.0000e-01    2.6000e+00   -1.5000e+00    9.2705e-01    2.8532e+00    1.1245e-03   -2.7469e-04    8.1579e-04   -7.4471e-05
   3.0000e-01    2.6000e+00   -1.5000e+00    7.7646e-01    2.8978e+00    7.5473e-04   -8.6193e-04    4.8944e-04   -6.9359e-04
   3.0000e-01    2.6000e+00   -1.5000e+00    6.2374e-01    2.9344e+00    1.4886e-04   -1.1248e-03   -4.2472e-05   -9.8761e-04
   3.0000e-01    2.6000e+00   -1.5000e+00    4.6930e-01    2.9631e+00   -4.7914e-04   -1.0169e-03   -7.4199e-04   -8.0772e-04
   3.0000e-01    2.6000e+00   -1.5000e+00    3.1359e-01    2.9836e+00   -9.3007e-04   -6.1379e-04   -1.2037e-03   -4.2820e-04
   3.0000e-01    2.6000e+00   -1.5000e+00    1.5701e-01    2.9959e+00   -1.1035e-03   -6.2410e-05   -1.3198e-03    1.7017e-04
   3.0000e-01    2.6000e+00   -1.5000e+00    0.0000e+00    3.0000e+00   -9.8520e-04    4.8154e-04   -1.1679e-03    6.8715e-04
   3.0000e-01    2.6000e+00   -1.5000e+00   -1.5701e-01    2.9959e+00   -6.5106e-04    8.7255e-04   -7.9426e-04    1.1556e-03
   3.0000e-01    2.6000e+00   -1.5000e+00   -3.1359e-01    2.9836e+00   -1.9724e-04    1.0630e-03   -3.7042e-04    1.3347e-03
   3.0000e-01    2.6000e+00   -1.5000e+00   -4.6930e-01    2.9631e+00    2.7365e-04    1.0388e-03    1.4684e-04    1.3332e-03
   3.0000e-01    2.6000e+00   -1.5000e+00   -6.2374e-01    2.9344e+00    6.6498e-04    8.3541e-04    6.1587e-04    1.1909e-03
   3.0000e-01    2.6000e+00   -1.5000e+00   -7.7646e-01    2.8978e+00    9.2785e-04    5.1601e-04    8.7592e-04    8.9072e-04
   3.0000e-01    2.6000e+00   -1.5000e+00   -9.2705e-01    2.8532e+00    1.0450e-03    1.5364e-04    1.0237e-03    6.4026e-04
   3.0000e-01    2.6000e+00   -1.5000e+00   -1.0751e+00    2.8007e+00    1.0306e-03   -2.0695e-04    1.0785e-03    2.3322e-04
   3.0000e-01    2.6000e+00   -1.5000e+00   -1.2202e+00    2.7406e+00    9.1049e-04   -5.1596e-04    9.4556e-04    2.8948e-05
   3.0000e-01    2.6000e+00   -1.5000e+00   -1.3620e+00    2.6730e+00    7.1703e-04   -7.5625e-04    8.0316e-04   -2.0515e-04
   3.0000e-01    2.6000e+00   -1.5000e+00   -1.5000e+00    2.5981e+00    4.9173e-04   -9.1455e-04    6.0052e-04   -3.4701e-04
   3.0000e-01    2.6000e+00   -1.5000e+00   -1.6339e+00    2.5160e+00    2.5896e-04   -1.0020e-03    4.2479e-04   -3.7111e-04
   3.0000e-01    2.6000e+00   -1.5000e+00   -1.7634e+00    2.4271e+00    3.2403e-05   -1.0313e-03    2.5860e-04   -3.5933e-04
   3.0000e-01    2.6000e+00   -1.5000e+00   -1.8880e+00    2.3314e+00   -1.6975e-04   -1.0150e-03    2.4960e-05   -2.9377e-04
   3.0000e-01    2.6000e+00   -1.5000e+00   -2.0074e+00    2.2294e+00   -3.3049e-04   -9.7226e-04   -5.3533e-05   -2.6600e-04
   3.0000e-01    2.6000e+00   -1.5000e+00   -2.1213e+00    2.1213e+00   -4.6059e-04   -9.1562e-04   -2.5744e-04   -1.8207e-04
   3.0000e-01    2.6000e+00   -1.5000e+00   -2.2294e+00    2.0074e+00   -5.6603e-04   -8.5245e-04   -3.4067e-04   -4.6762e-05
   3.0000e-01    2.6000e+00   -1.5000e+00   -2.3314e+00    1.8880e+00   -6.4391e-04   -7.9355e-04   -4.1247e-04   -3.8571e-05
   3.0000e-01    2.6000e+00   -1.5000e+00   -2.4271e+00    1.7634e+00   -6.8991e-04   -7.5288e-04   -3.8420e-04    3.6962e-05
   3.0000e-01    2.6000e+00   -1.5000e+00   -2.5160e+00    1.6339e+00   -7.1621e-04   -7.2733e-04   -4.7915e-04    8.6479e-06
   3.0000e-01    2.6000e+00   -1.5000e+00   -2.5981e+00    1.5000e+00   -7.2759e-04   -7.1560e-04   -4.9577e-04    1.9283e-05
   3.0000e-01    2.6000e+00   -1.5000e+00   -2.6730e+00    1.3620e+00   -7.1986e-04   -7.2346e-04   -4.6260e-04   -1.0251e-05
   3.0000e-01    2.6000e+00   -1.5000e+00   -2.7406e+00    1.2202e+00   -6.8973e-04   -7.5306e-04   -5.4484e-04   -3.8908e-05
   3.0000e-01    2.6000e+00   -1.5000e+00   -2.8007e+00    1.0751e+00   -6.4018e-04   -7.9672e-04   -4.6352e-04   -1.5691e-04
   3.0000e-01    2.6000e+00   -1.5000e+00   -2.8532e+00    9.2705e-01   -5.6536e-04   -8.5288e-04   -4.3780e-04   -2.5345e-04
   3.0000e-01    2.6000e+00   -1.5000e+00   -2.8978e+00    7.7646e-01   -4.6719e-04   -9.1211e-04   -4.3894e-04   -3.7237e-04
   3.0000e-01    2.6000e+00   -1.5000e+00   -2.9344e+00    6.2374e-01   -3.3277e-04   -9.7141e-04   -3.5286e-04   -5.0994e-04
   3.0000e-01    2.6000e+00   -1.5000e+00   -2.9631e+00    4.6930e-01   -1.6660e-04   -1.0155e-03   -2.3265e-04   -5.9635e-04
   3.0000e-01    2.6000e+00   -1.5000e+00   -2.9836e+00    3.1359e-01    3.4806e-05   -1.0312e-03   -5.3978e-05   -7.3444e-04
   3.0000e-01    2.6000e+00   -1.5000e+00   -2.9959e+00    1.5701e-01    2.5568e-04   -1.0028e-03    8.2401e-05   -7.4829e-04
   3.0000e-01    2.6000e+00   -1.5000e+00   -3.0000e+00    0.0000e+00    4.8662e-04   -9.1717e-04    3.0008e-04   -7.4298e-04
   3.0000e-01    2.6000e+00   -1.5000e+00   -2.9959e+00   -1.5701e-01    7.1774e-04   -7.5562e-04    4.0299e-04   -6.3318e-04
   3.0000e-01    2.6000e+00   -1.5000e+00   -2.9836e+00   -3.1359e-01    9.0911e-04   -5.1803e-04    6.5769e-04   -4.7365e-04
   3.0000e-01    2.6000e+00   -1.5000e+00   -2.9631e+00   -4.6930e-01    1.0293e-03   -2.1214e-04    6.9659e-04   -2.7826e-04
   3.0000e-01    2.6000e+00   -1.5000e+00   -2.9344e+00   -6.2374e-01    1.0458e-03    1.4689e-04    6.3652e-04   -1.6577e-05
   3.0000e-01    2.6000e+00   -1.5000e+00   -2.8978e+00   -7.7646e-01    9.3042e-04    5.1102e-04    4.6921e-04    2.6711e-04
   3.0000e-01    2.6000e+00   -1.5000e+00   -2.8532e+00   -9.2705e-01    6.6882e-04    8.3204e-04    1.6711e-04    5.2514e-04
   3.0000e-01    2.6000e+00   -1.5000e+00   -2.8007e+00   -1.0751e+00    2.7941e-04    1.0371e-03   -2.2012e-04    6.6696e-04
   3.0000e-01    2.6000e+00   -1.5000e+00   -2.7406e+00   -1.2202e+00   -1.8553e-04    1.0650e-03   -6.9243e-04    5.9922e-04
   3.0000e-01    2.6000e+00   -1.5000e+00   -2.6730e+00   -1.3620e+00   -6.4232e-04    8.7864e-04   -1.1489e-03    3.4120e-04
   3.0000e-01    2.6000e+00   -1.5000e+00   -2.5981e+00   -1.5000e+00   -9.8379e-04    4.8397e-04   -1.5328e-03   -8.0069e-05
   3.0000e-01    2.6000e+00   -1.5000e+00   -2.5160e+00   -1.6339e+00   -1.1037e-03   -5.5297e-05   -1.6293e-03   -6.4210e-04
   3.0000e-01    2.6000e+00   -1.5000e+00   -2.4271e+00   -1.7634e+00   -9.3491e-04   -6.0601e-04   -1.4779e-03   -1.1985e-03
   3.0000e-01    2.6000e+00   -1.5000e+00   -2.3314e+00   -1.8880e+00   -4.9042e-04   -1.0112e-03   -1.1079e-03   -1.6568e-03
   3.0000e-01    2.6000e+00   -1.5000e+00   -2.2294e+00   -2.0074e+00    1.3736e-04   -1.1261e-03   -4.0109e-04   -1.7250e-03
   3.0000e-01    2.6000e+00   -1.5000e+00   -2.1213e+00   -2.1213e+00    7.5188e-04   -8.6435e-04    2.3846e-04   -1.4531e-03
   3.0000e-01    2.6000e+00   -1.5000e+00   -2.0074e+00   -2.2294e+00    1.1227e-03   -2.8146e-04    5.9753e-04   -8.9049e-04
   3.0000e-01    2.6000e+00   -1.5000e+00   -1.8880e+00   -2.3314e+00    1.0863e-03    4.3454e-04    5.6609e-04   -1.6780e-04
   3.0000e-01    2.6000e+00   -1.5000e+00   -1.7634e+00   -2.4271e+00    6.0493e-04    1.0173e-03    9.6203e-05    4.3482e-04
   3.0000e-01    2.6000e+00   -1.5000e+00   -1.6339e+00   -2.5160e+00   -1.6376e-04    1.1868e-03   -6.3242e-04    6.3015e-04
   3.0000e-01    2.6000e+00   -1.5000e+00   -1.5000e+00   -2.5981e+00   -8.9054e-04    8.2425e-04   -1.3324e-03    2.7005e-04
   3.0000e-01    2.6000e+00   -1.5000e+00   -1.3620e+00   -2.6730e+00   -1.2285e-03    5.3084e-05   -1.6364e-03   -4.0739e-04
   3.0000e-01    2.6000e+00   -1.5000e+00   -1.2202e+00   -2.7406e+00   -9.6513e-04   -7.9030e-04   -1.3464e-03   -1.2323e-03
   3.0000e-01    2.6000e+00   -1.5000e+00   -1.0751e+00   -2.8007e+00   -1.8057e-04   -1.2532e-03   -5.6276e-04   -1.6167e-03
   3.0000e-01    2.6000e+00   -1.5000e+00   -9.2705e-01   -2.8532e+00    7.4694e-04   -1.0471e-03    4.0211e-04   -1.3456e-03
   3.0000e-01    2.6000e+00   -1.5000e+00   -7.7646e-01   -2.8978e+00    1.2864e-03   -2.3480e-04    9.3253e-04   -5.6098e-04
   3.0000e-01    2.6000e+00   -1.5000e+00   -6.2374e-01   -2.9344e+00    1.0907e-03    7.6233e-04    7.7377e-04    4.5183e-04
   3.0000e-01    2.6000e+00   -1.5000e+00   -4.6930e-01   -2.9631e+00    2.0512e-04    1.3401e-03   -7.3348e-05    1.0667e-03
   3.0000e-01    2.6000e+00   -1.5000e+00   -3.1359e-01   -2.9836e+00   -8.6198e-04    1.0810e-03   -1.0657e-03    8.1255e-04
   3.0000e-01    2.6000e+00   -1.5000e+00   -1.5701e-01   -2.9959e+00   -1.4085e-03    9.1961e-05   -1.5880e-03   -1.6422e-04
   3.0000e-01    2.6000e+00   -1.5000e+00    0.0000e+00   -3.0000e+00   -1.0295e-03   -1.0107e-03   -1.2092e-03   -1.1716e-03
   3.0000e-01    2.6000e+00   -1.5000e+00    1.5701e-01   -2.9959e+00    1.0645e-04   -1.4730e-03   -1.7607e-05   -1.6525e-03
   3.0000e-01    2.6000e+00   -1.5000e+00    3.1359e-01   -2.9836e+00    1.2268e-03   -8.8720e-04    1.1376e-03   -1.0502e-03
   3.0000e-01    2.6000e+00   -1.5000e+00    4.6930e-01   -2.9631e+00    1.5023e-03    4.0018e-04    1.4426e-03    2.6551e-04
   3.0000e-01    2.6000e+00   -1.5000e+00    6.2374e-01   -2.9344e+00    6.3846e-04    1.4667e-03    5.6142e-04    1.2915e-03
   3.0000e-01    2.6000e+00   -1.5000e+00    7.7646e-01   -2.8978e+00   -7.8153e-04    1.4519e-03   -7.8193e-04    1.2984e-03
   3.0000e-01    2.6000e+00   -1.5000e+00    9.2705e-01   -2.8532e+00   -1.6815e-03    2.7364e-04   -1.6542e-03    1.3228e-04
   3.0000e-01    2.6000e+00   -1.5000e+00    1.0751e+00   -2.8007e+00   -1.2689e-03   -1.2275e-03   -1.2426e-03   -1.4495e-03
   3.0000e-01    2.6000e+00   -1.5000e+00    1.2202e+00   -2.7406e+00    2.4186e-04   -1.8186e-03    3.4708e-04   -2.0091e-03
   3.0000e-01    2.6000e+00   -1.5000e+00    1.3620e+00   -2.6730e+00    1.6862e-03   -9.0466e-04    1.7677e-03   -1.1018e-03
   3.0000e-01    2.6000e+00   -1.5000e+00    1.5000e+00   -2.5981e+00    1.7992e-03    8.8287e-04    1.9120e-03    7.0572e-04
   4.0000e-01    3.0000e+00    0.0000e+00    2.5981e+00    1.5000e+00   -2.1743e-03   -7.9775e-04   -2.0663e-03   -9.8587e-04
   4.0000e-01    3.0000e+00    0.0000e+00    2.5160e+00    1.6339e+00   -1.3484e-03    1.7520e-03   -1.2524e-03    1.4998e-03
   4.0000e-01    3.0000e+00    0.0000e+00    2.4271e+00    1.7634e+00    1.2053e-03    1.7432e-03    1.3144e-03    1.3569e-03
   4.0000e-01    3.0000e+00    0.0000e+00    2.3314e+00    1.8880e+00    1.9588e-03   -5.6680e-04    1.9799e-03   -9.0971e-04
   4.0000e-01    3.0000e+00    0.0000e+00    2.2294e+00    2.0074e+00    1.1527e-04   -1.9650e-03    1.5481e-04   -2.3716e-03
   4.0000e-01    3.0000e+00    0.0000e+00    2.1213e+00    2.1213e+00   -1.7497e-03   -7.5343e-04   -1.6863e-03   -1.1834e-03
   4.0000e-01    3.0000e+00    0.0000e+00    2.0074e+00    2.2294e+00   -1.2785e-03    1.3340e-03   -1.2512e-03    9.2993e-04
   4.0000e-01    3.0000e+00    0.0000e+00    1.8880e+00    2.3314e+00    7.5192e-04    1.6308e-03    7.4670e-04    1.1873e-03
   4.0000e-01    3.0000e+00    0.0000e+00    1.7634e+00    2.4271e+00    1.7477e-03   -6.6354e-05    1.7082e-03   -4.3343e-04
   4.0000e-01    3.0000e+00    0.0000e+00    1.6339e+00    2.5160e+00    6.1360e-04   -1.5920e-03    5.7072e-04   -1.9593e-03
   4.0000e-01    3.0000e+00    0.0000e+00    1.5000e+00    2.5981e+00   -1.1750e-03   -1.1819e-03   -1.2762e-03   -1.6291e-03
   4.0000e-01    3.0000e+00    0.0000e+00    1.3620e+00    2.6730e+00   -1.5368e-03    5.4430e-04   -1.6892e-03    1.7380e-04
   4.0000e-01    3.0000e+00    0.0000e+00    1.2202e+00    2.7406e+00   -1.8388e-04    1.5864e-03   -3.0939e-04    1.2863e-03
   4.0000e-01    3.0000e+00    0.0000e+00    1.0751e+00    2.8007e+00    1.2982e-03    8.7598e-04    1.1031e-03    5.3170e-04
   4.0000e-01    3.0000e+00    0.0000e+00    9.2705e-01    2.8532e+00    1.3601e-03   -7.1613e-04    1.1166e-03   -1.0096e-03
   4.0000e-01    3.0000e+00    0.0000e+00    7.7646e-01    2.8978e+00    4.8948e-05   -1.5096e-03   -2.4552e-04   -1.8060e-03
   4.0000e-01    3.0000e+00    0.0000e+00    6.2374e-01    2.9344e+00   -1.2476e-03   -8.0684e-04   -1.5502e-03   -1.0298e-03
   4.0000e-01    3.0000e+00    0.0000e+00    4.6930e-01    2.9631e+00   -1.3224e-03    6.2450e-04   -1.6442e-03    3.8100e-04
   4.0000e-01    3.0000e+00    0.0000e+00    3.1359e-01    2.9836e+00   -2.0201e-04    1.4265e-03   -6.2039e-04    1.3948e-03
   4.0000e-01    3.0000e+00    0.0000e+00    1.5701e-01    2.9959e+00    1.0432e-03    9.6430e-04    6.0965e-04    8.4067e-04
   4.0000e-01    3.0000e+00    0.0000e+00    0.0000e+00    3.0000e+00    1.3724e-03   -2.8451e-04    9.6615e-04   -4.2421e-04
   4.0000e-01    3.0000e+00    0.0000e+00   -1.5701e-01    2.9959e+00    6.1213e-04   -1.2412e-03    2.3842e-04   -1.3271e-03
   4.0000e-01    3.0000e+00    0.0000e+00   -3.1359e-01    2.9836e+00   -5.7218e-04   -1.2418e-03   -1.0124e-03   -1.2390e-03
   4.0000e-01    3.0000e+00    0.0000e+00   -4.6930e-01    2.9631e+00   -1.3042e-03   -3.5471e-04   -1.7838e-03   -4.1325e-04
   4.0000e-01    3.0000e+00    0.0000e+00   -6.2374e-01    2.9344e+00   -1.1193e-03    7.3117e-04   -1.5839e-03    6.5812e-04
   4.0000e-01    3.0000e+00    0.0000e+00   -7.7646e-01    2.8978e+00   -2.3299e-04    1.3025e-03   -6.7209e-04    1.3126e-03
   4.0000e-01    3.0000e+00    0.0000e+00   -9.2705e-01    2.8532e+00    7.4433e-04    1.0785e-03    3.0845e-04    1.1074e-03
   4.0000e-01    3.0000e+00    0.0000e+00   -1.0751e+00    2.8007e+00    1.2718e-03    2.6183e-04    8.7005e-04    2.9388e-04
   4.0000e-01    3.0000e+00    0.0000e+00   -1.2202e+00    2.7406e+00    1.1121e-03   -6.4803e-04    6.8271e-04   -5.6952e-04
   4.0000e-01    3.0000e+00    0.0000e+00   -1.3620e+00    2.6730e+00    4.2008e-04   -1.2051e-03    -1.1282e-05   -1.1023e-03
   4.0000e-01    3.0000e+00    0.0000e+00   -1.5000e+00    2.5981e+00   -4.1423e-04   -1.1969e-03   -8.1225e-04   -1.0980e-03
   4.0000e-01    3.0000e+00    0.0000e+00   -1.6339e+00    2.5160e+00   -1.0392e-03   -7.0757e-04   -1.3486e-03   -6.9436e-04
   4.0000e-01    3.0000e+00    0.0000e+00   -1.7634e+00    2.4271e+00   -1.2482e-03    2.4710e-05   -1.6129e-03    1.3759e-04
   4.0000e-01    3.0000e+00    0.0000e+00   -1.8880e+00    2.3314e+00   -1.0189e-03    7.0739e-04   -1.2971e-03    8.6139e-04
   4.0000e-01    3.0000e+00    0.0000e+00   -2.0074e+00    2.2294e+00   -5.0287e-04    1.1258e-03   -7.2874e-04    1.2857e-03
   4.0000e-01    3.0000e+00    0.0000e+00   -2.1213e+00    2.1213e+00    1.1730e-04    1.2206e-03   -1.7875e-04    1.4793e-03
   4.0000e-01    3.0000e+00    0.0000e+00   -2.2294e+00    2.0074e+00    6.7754e-04    1.0143e-03    4.0497e-04    1.3386e-03
   4.0000e-01    3.0000e+00    0.0000e+00   -2.3314e+00    1.8880e+00    1.0529e-03    6.0373e-04    7.6513e-04    9.6617e-04
   4.0000e-01    3.0000e+00    0.0000e+00   -2.4271e+00    1.7634e+00    1.2019e-03    1.2507e-04    9.4757e-04    5.9023e-04
   4.0000e-01    3.0000e+00    0.0000e+00   -2.5160e+00    1.6339e+00    1.1556e-03   -3.3655e-04    8.6354e-04    2.8750e-04
   4.0000e-01    3.0000e+00    0.0000e+00   -2.5981e+00    1.5000e+00    9.5855e-04   -7.2032e-04    7.2726e-04    4.9193e-05
   4.0000e-01    3.0000e+00    0.0000e+00   -2.6730e+00    1.3620e+00    6.7571e-04   -9.8563e-04    4.1750e-04   -1.2143e-04
   4.0000e-01    3.0000e+00    0.0000e+00   -2.7406e+00    1.2202e+00    3.6684e-04   -1.1338e-03    1.8062e-04   -1.7672e-04
   4.0000e-01    3.0000e+00    0.0000e+00   -2.8007e+00    1.0751e+00    6.7580e-05   -1.1866e-03   -1.4544e-04   -1.0366e-04
   4.0000e-01    3.0000e+00    0.0000e+00   -2.8532e+00    9.2705e-01   -1.9547e-04   -1.1695e-03   -3.3598e-04    1.6287e-05
   4.0000e-01    3.0000e+00    0.0000e+00   -2.8978e+00    7.7646e-01   -4.1515e-04   -1.1082e-03   -5.3892e-04    1.8598e-04
   4.0000e-01    3.0000e+00    0.0000e+00   -2.9344e+00    6.2374e-01   -5.7669e-04   -1.0315e-03   -6.6226e-04    3.6491e-04
   4.0000e-01    3.0000e+00    0.0000e+00   -2.9631e+00    4.6930e-01   -6.9606e-04   -9.5308e-04   -8.4099e-04    4.6021e-04
   4.0000e-01    3.0000e+00    0.0000e+00   -2.9836e+00    3.1359e-01   -7.7087e-04   -8.9239e-04   -9.6126e-04    6.4851e-04
   4.0000e-01    3.0000e+00    0.0000e+00   -2.9959e+00    1.5701e-01   -8.1703e-04   -8.4967e-04   -9.5757e-04    7.2271e-04
   4.0000e-01    3.0000e+00    0.0000e+00   -3.0000e+00    0.0000e+00   -8.3757e-04   -8.2903e-04   -9.8142e-04    7.4029e-04
   4.0000e-01    3.0000e+00    0.0000e+00   -2.9959e+00   -1.5701e-01   -8.1703e-04   -8.4967e-04   -9.7181e-04    7.2321e-04
   4.0000e-01    3.0000e+00    0.0000e+00   -2.9836e+00   -3.1359e-01   -7.7087e-04   -8.9239e-04   -9.1779e-04    7.0184e-04
   4.0000e-01    3.0000e+00    0.0000e+00   -2.9631e+00   -4.6930e-01   -6.9606e-04   -9.5308e-04   -8.5942e-04    5.5834e-04
   4.0000e-01    3.0000e+00    0.0000e+00   -2.9344e+00   -6.2374e-01   -5.7669e-04   -1.0315e-03   -7.6218e-04    3.4722e-04
   4.0000e-01    3.0000e+00    0.0000e+00   -2.8978e+00   -7.7646e-01   -4.1515e-04   -1.1082e-03   -5.9964e-04    2.4111e-04
   4.0000e-01    3.0000e+00    0.0000e+00   -2.8532e+00   -9.2705e-01   -1.9547e-04   -1.1695e-03   -3.5205e-04    3.4656e-05
   4.0000e-01    3.0000e+00    0.0000e+00   -2.8007e+00   -1.0751e+00    6.7580e-05   -1.1866e-03   -1.0812e-04   -1.3981e-04
   4.0000e-01    3.0000e+00    0.0000e+00   -2.7406e+00   -1.2202e+00    3.6684e-04   -1.1338e-03    2.1947e-04   -1.1589e-04
   4.0000e-01    3.0000e+00    0.0000e+00   -2.6730e+00   -1.3620e+00    6.7571e-04   -9.8563e-04    4.6492e-04   -1.3609e-04
   4.0000e-01    3.0000e+00    0.0000e+00   -2.5981e+00   -1.5000e+00    9.5855e-04   -7.2032e-04    7.5496e-04    5.9663e-06
   4.0000e-01    3.0000e+00    0.0000e+00   -2.5160e+00   -1.6339e+00    1.1556e-03   -3.3655e-04    9.0343e-04    2.6666e-04
   4.0000e-01    3.0000e+00    0.0000e+00   -2.4271e+00   -1.7634e+00    1.2019e-03    1.2507e-04    9.3124e-04    6.2696e-04
   4.0000e-01    3.0000e+00    0.0000e+00   -2.3314e+00   -1.8880e+00    1.0529e-03    6.0373e-04    8.0759e-04    1.0199e-03
   4.0000e-01    3.0000e+00    0.0000e+00   -2.2294e+00   -2.0074e+00    6.7754e-04    1.0143e-03    3.7141e-04    1.3364e-03
   4.0000e-01    3.0000e+00    0.0000e+00   -2.1213e+00   -2.1213e+00    1.1730e-04    1.2206e-03   -2.4523e-04    1.5493e-03
   4.0000e-01    3.0000e+00    0.0000e+00   -2.0074e+00   -2.2294e+00   -5.0287e-04    1.1258e-03   -8.0856e-04    1.3718e-03
   4.0000e-01    3.0000e+00    0.0000e+00   -1.8880e+00   -2.3314e+00   -1.0189e-03    7.0739e-04   -1.3776e-03    9.2841e-04
   4.0000e-01    3.0000e+00    0.0000e+00   -1.7634e+00   -2.4271e+00   -1.2482e-03    2.4710e-05   -1.6008e-03    2.0434e-04
   4.0000e-01    3.0000e+00    0.0000e+00   -1.6339e+00   -2.5160e+00   -1.0392e-03   -7.0757e-04   -1.4148e-03   -6.1455e-04
   4.0000e-01    3.0000e+00    0.0000e+00   -1.5000e+00   -2.5981e+00   -4.1423e-04   -1.1969e-03   -8.2429e-04   -1.1227e-03
   4.0000e-01    3.0000e+00    0.0000e+00   -1.3620e+00   -2.6730e+00    4.2008e-04   -1.2051e-03    2.1853e-05   -1.0988e-03
   4.0000e-01    3.0000e+00    0.0000e+00   -1.2202e+00   -2.7406e+00    1.1121e-03   -6.4803e-04    7.4675e-04   -6.1017e-04
   4.0000e-01    3.0000e+00    0.0000e+00   -1.0751e+00   -2.8007e+00    1.2718e-03    2.6183e-04    8.8276e-04    1.8400e-04
   4.0000e-01    3.0000e+00    0.0000e+00   -9.2705e-01   -2.8532e+00    7.4433e-04    1.0785e-03    2.8495e-04    1.0928e-03
   4.0000e-01    3.0000e+00    0.0000e+00   -7.7646e-01   -2.8978e+00   -2.3299e-04    1.3025e-03   -6.5012e-04    1.3108e-03
   4.0000e-01    3.0000e+00    0.0000e+00   -6.2374e-01   -2.9344e+00   -1.1193e-03    7.3117e-04   -1.5735e-03    6.9088e-04
   4.0000e-01    3.0000e+00    0.0000e+00   -4.6930e-01   -2.9631e+00   -1.3042e-03   -3.5471e-04   -1.7842e-03   -3.2734e-04
   4.0000e-01    3.0000e+00    0.0000e+00   -3.1359e-01   -2.9836e+00   -5.7218e-04   -1.2418e-03   -9.7745e-04   -1.2574e-03
   4.0000e-01    3.0000e+00    0.0000e+00   -1.5701e-01   -2.9959e+00    6.1213e-04   -1.2412e-03    1.7669e-04   -1.3439e-03
   4.0000e-01    3.0000e+00    0.0000e+00    0.0000e+00   -3.0000e+00    1.3724e-03   -2.8451e-04    9.7035e-04   -3.8979e-04
   4.0000e-01    3.0000e+00    0.0000e+00    1.5701e-01   -2.9959e+00    1.0432e-03    9.6430e-04    6.3669e-04    8.2944e-04
   4.0000e-01    3.0000e+00    0.0000e+00    3.1359e-01   -2.9836e+00   -2.0201e-04    1.4265e-03   -6.0263e-04    1.2324e-03
   4.0000e-01    3.0000e+00    0.0000e+00    4.6930e-01   -2.9631e+00   -1.3224e-03    6.2450e-04   -1.6818e-03    3.8374e-04
   4.0000e-01    3.0000e+00    0.0000e+00    6.2374e-01   -2.9344e+00   -1.2476e-03   -8.0684e-04   -1.5454e-03   -9.9855e-04
   4.0000e-01    3.0000e+00    0.0000e+00    7.7646e-01   -2.8978e+00    4.8948e-05   -1.5096e-03   -2.6444e-04   -1.8274e-03
   4.0000e-01    3.0000e+00    0.0000e+00    9.2705e-01   -2.8532e+00    1.3601e-03   -7.1613e-04    1.1261e-03   -9.9163e-04
   4.0000e-01    3.0000e+00    0.0000e+00    1.0751e+00   -2.8007e+00    1.2982e-03    8.7598e-04    1.0885e-03    5.1451e-04
   4.0000e-01    3.0000e+00    0.0000e+00    1.2202e+00   -2.7406e+00   -1.8388e-04    1.5864e-03   -4.2513e-04    1.3070e-03
   4.0000e-01    3.0000e+00    0.0000e+00    1.3620e+00   -2.6730e+00   -1.5368e-03    5.4430e-04   -1.6802e-03    1.9735e-04
   4.0000e-01    3.0000e+00    0.0000e+00    1.5000e+00   -2.5981e+00   -1.1750e-03   -1.1819e-03   -1.2758e-03   -1.5530e-03
   4.0000e-01    3.0000e+00    0.0000e+00    1.6339e+00   -2.5160e+00    6.1360e-04   -1.5920e-03    5.0522e-04   -2.0099e-03
   4.0000e-01    3.0000e+00    0.0000e+00    1.7634e+00   -2.4271e+00    1.7477e-03   -6.6354e-05    1.6664e-03   -5.1663e-04
   4.0000e-01    3.0000e+00    0.0000e+00    1.8880e+00   -2.3314e+00    7.5192e-04    1.6308e-03    7.1914e-04    1.1522e-03
   4.0000e-01    3.0000e+00    0.0000e+00    2.0074e+00   -2.2294e+00   -1.2785e-03    1.3340e-03   -1.2756e-03    8.9990e-04
   4.0000e-01    3.0000e+00    0.0000e+00    2.1213e+00   -2.1213e+00   -1.7497e-03   -7.5343e-04   -1.7512e-03   -1.1530e-03
   4.0000e-01    3.0000e+00    0.0000e+00    2.2294e+00   -2.0074e+00    1.1527e-04   -1.9650e-03    1.6927e-04   -2.3675e-03
   4.0000e-01    3.0000e+00    0.0000e+00    2.3314e+00   -1.8880e+00    1.9588e-03   -5.6680e-04    2.0942e-03   -8.8245e-04
   4.0000e-01    3.0000e+00    0.0000e+00    2.4271e+00   -1.7634e+00    1.2053e-03    1.7432e-03    1.3178e-03    1.4301e-03
   4.0000e-01    3.0000e+00    0.0000e+00    2.5160e+00   -1.6339e+00   -1.3484e-03    1.7520e-03   -1.2397e-03    1.5261e-03
   4.0000e-01    3.0000e+00    0.0000e+00    2.5981e+00   -1.5000e+00   -2.1743e-03   -7.9775e-04   -2.1349e-03   -1.0216e-03
   4.0000e-01    2.6000e+00    1.5000e+00    3.0000e+00    0.0000e+00   -2.1761e-03   -7.9174e-04   -1.9990e-03   -1.0068e-03
   4.0000e-01    2.6000e+00    1.5000e+00    1.5000e+00    2.5981e+00   -2.1833e-03   -7.6948e-04   -1.9928e-03   -9.6563e-04
   4.0000e-01    2.6000e+00    1.5000e+00    1.3620e+00    2.6730e+00   -1.3295e-03    1.7655e-03   -1.1945e-03    1.5291e-03
   4.0000e-01    2.6000e+00    1.5000e+00    1.2202e+00    2.7406e+00    1.2236e-03    1.7301e-03    1.2283e-03    1.5571e-03
   4.0000e-01    2.6000e+00    1.5000e+00    1.0751e+00    2.8007e+00    1.9540e-03   -5.8306e-04    1.9422e-03   -9.0019e-04
   4.0000e-01    2.6000e+00    1.5000e+00    9.2705e-01    2.8532e+00    8.0721e-05   -1.9659e-03    1.0032e-05   -2.2148e-03
   4.0000e-01    2.6000e+00    1.5000e+00    7.7646e-01    2.8978e+00   -1.7603e-03   -7.2619e-04   -1.8516e-03   -9.6985e-04
   4.0000e-01    2.6000e+00    1.5000e+00    6.2374e-01    2.9344e+00   -1.2680e-03    1.3436e-03   -1.4062e-03    1.0794e-03
   4.0000e-01    2.6000e+00    1.5000e+00    4.6930e-01    2.9631e+00    7.6992e-04    1.6221e-03    6.0553e-04    1.3043e-03
   4.0000e-01    2.6000e+00    1.5000e+00    3.1359e-01    2.9836e+00    1.7458e-03   -9.4569e-05    1.5291e-03   -4.0836e-04
   4.0000e-01    2.6000e+00    1.5000e+00    1.5701e-01    2.9959e+00    5.9040e-04   -1.6001e-03    3.5062e-04   -1.8565e-03
   4.0000e-01    2.6000e+00    1.5000e+00    0.0000e+00    3.0000e+00   -1.1975e-03   -1.1583e-03   -1.3468e-03   -1.4167e-03
   4.0000e-01    2.6000e+00    1.5000e+00   -1.5701e-01    2.9959e+00   -1.5295e-03    5.6347e-04   -1.7232e-03    2.6997e-04
   4.0000e-01    2.6000e+00    1.5000e+00   -3.1359e-01    2.9836e+00   -1.7212e-04    1.5873e-03   -3.3897e-04    1.3659e-03
   4.0000e-01    2.6000e+00    1.5000e+00   -4.6930e-01    2.9631e+00    1.3105e-03    8.5643e-04    1.2030e-03    6.7677e-04
   4.0000e-01    2.6000e+00    1.5000e+00   -6.2374e-01    2.9344e+00    1.3489e-03   -7.3627e-04    1.2166e-03   -9.6277e-04
   4.0000e-01    2.6000e+00    1.5000e+00   -7.7646e-01    2.8978e+00    2.5923e-05   -1.5097e-03   -8.7002e-05   -1.7502e-03
   4.0000e-01    2.6000e+00    1.5000e+00   -9.2705e-01    2.8532e+00   -1.2580e-03   -7.8959e-04   -1.3005e-03   -9.5813e-04
   4.0000e-01    2.6000e+00    1.5000e+00   -1.0751e+00    2.8007e+00   -1.3125e-03    6.4443e-04   -1.3402e-03    4.7040e-04
   4.0000e-01    2.6000e+00    1.5000e+00   -1.2202e+00    2.7406e+00   -1.8055e-04    1.4292e-03   -1.5882e-04    1.3410e-03
   4.0000e-01    2.6000e+00    1.5000e+00   -1.3620e+00    2.6730e+00    1.0637e-03    9.4059e-04    1.1301e-03    9.2599e-04
   4.0000e-01    2.6000e+00    1.5000e+00   -1.5000e+00    2.5981e+00    1.3693e-03   -2.9762e-04    1.3686e-03   -2.7219e-04
   4.0000e-01    2.6000e+00    1.5000e+00   -1.6339e+00    2.5160e+00    5.9038e-04   -1.2511e-03    6.2100e-04   -1.1375e-03
   4.0000e-01    2.6000e+00    1.5000e+00   -1.7634e+00    2.4271e+00   -6.0332e-04   -1.2263e-03   -5.5343e-04   -1.1380e-03
   4.0000e-01    2.6000e+00    1.5000e+00   -1.8880e+00    2.3314e+00   -1.3117e-03   -3.2360e-04   -1.2833e-03   -2.2314e-04
   4.0000e-01    2.6000e+00    1.5000e+00   -2.0074e+00    2.2294e+00   -1.1082e-03    7.4689e-04   -1.0368e-03    1.0261e-03
   4.0000e-01    2.6000e+00    1.5000e+00   -2.1213e+00    2.1213e+00   -2.1792e-04    1.3048e-03   -2.7882e-04    1.5470e-03
   4.0000e-01    2.6000e+00    1.5000e+00   -2.2294e+00    2.0074e+00    7.6883e-04    1.0606e-03    7.3829e-04    1.3382e-03
   4.0000e-01    2.6000e+00    1.5000e+00   -2.3314e+00    1.8880e+00    1.2768e-03    2.3187e-04    1.2626e-03    6.2297e-04
   4.0000e-01    2.6000e+00    1.5000e+00   -2.4271e+00    1.7634e+00    1.0995e-03   -6.6784e-04    9.9328e-04   -2.0125e-04
   4.0000e-01    2.6000e+00    1.5000e+00   -2.5160e+00    1.6339e+00    4.0737e-04   -1.2093e-03    2.6990e-04   -7.8104e-04
   4.0000e-01    2.6000e+00    1.5000e+00   -2.5981e+00    1.5000e+00   -4.3574e-04   -1.1886e-03   -6.0211e-04   -7.3401e-04
   4.0000e-01    2.6000e+00    1.5000e+00   -2.6730e+00    1.3620e+00   -1.0538e-03   -6.8481e-04   -1.2144e-03   -1.3846e-04
   4.0000e-01    2.6000e+00    1.5000e+00   -2.7406e+00    1.2202e+00   -1.2475e-03    4.4210e-05   -1.5095e-03    6.0152e-04
   4.0000e-01    2.6000e+00    1.5000e+00   -2.8007e+00    1.0751e+00   -1.0121e-03    7.1689e-04   -1.3232e-03    1.3278e-03
   4.0000e-01    2.6000e+00    1.5000e+00   -2.8532e+00    9.2705e-01   -4.8304e-04    1.1341e-03   -8.3072e-04    1.7698e-03
   4.0000e-01    2.6000e+00    1.5000e+00   -2.8978e+00    7.7646e-01    1.4582e-04    1.2170e-03   -1.8393e-04    1.9048e-03
   4.0000e-01    2.6000e+00    1.5000e+00   -2.9344e+00    6.2374e-01    6.9145e-04    1.0045e-03    4.1249e-04    1.7251e-03
   4.0000e-01    2.6000e+00    1.5000e+00   -2.9631e+00    4.6930e-01    1.0585e-03    5.9339e-04    7.4551e-04    1.2806e-03
   4.0000e-01    2.6000e+00    1.5000e+00   -2.9836e+00    3.1359e-01    1.2032e-03    1.1026e-04    8.9958e-04    8.3546e-04
   4.0000e-01    2.6000e+00    1.5000e+00   -2.9959e+00    1.5701e-01    1.1499e-03   -3.5504e-04    9.0646e-04    3.5882e-04
   4.0000e-01    2.6000e+00    1.5000e+00   -3.0000e+00    0.0000e+00    9.4369e-04   -7.3949e-04    6.9528e-04    3.6155e-06
   4.0000e-01    2.6000e+00    1.5000e+00   -2.9959e+00   -1.5701e-01    6.6621e-04   -9.9212e-04    5.4745e-04   -1.9522e-04
   4.0000e-01    2.6000e+00    1.5000e+00   -2.9836e+00   -3.1359e-01    3.5608e-04   -1.1370e-03    2.7613e-04   -4.5580e-04
   4.0000e-01    2.6000e+00    1.5000e+00   -2.9631e+00   -4.6930e-01    4.9619e-05   -1.1873e-03    6.2763e-05   -5.1976e-04
   4.0000e-01    2.6000e+00    1.5000e+00   -2.9344e+00   -6.2374e-01   -2.1394e-04   -1.1662e-03   -2.0671e-04   -4.7818e-04
   4.0000e-01    2.6000e+00    1.5000e+00   -2.8978e+00   -7.7646e-01   -4.3067e-04   -1.1021e-03   -3.6910e-04   -4.3138e-04
   4.0000e-01    2.6000e+00    1.5000e+00   -2.8532e+00   -9.2705e-01   -5.8897e-04   -1.0243e-03   -4.0877e-04   -4.0192e-04
   4.0000e-01    2.6000e+00    1.5000e+00   -2.8007e+00   -1.0751e+00   -7.0843e-04   -9.4407e-04   -4.8388e-04   -3.4403e-04
   4.0000e-01    2.6000e+00    1.5000e+00   -2.7406e+00   -1.2202e+00   -7.8637e-04   -8.7892e-04   -4.4857e-04   -3.6292e-04
   4.0000e-01    2.6000e+00    1.5000e+00   -2.6730e+00   -1.3620e+00   -8.3304e-04   -8.3365e-04   -4.2133e-04   -4.4366e-04
   4.0000e-01    2.6000e+00    1.5000e+00   -2.5981e+00   -1.5000e+00   -8.4487e-04   -8.2143e-04   -4.0969e-04   -3.8082e-04
   4.0000e-01    2.6000e+00    1.5000e+00   -2.5160e+00   -1.6339e+00   -8.2731e-04   -8.3950e-04   -4.0215e-04   -4.2868e-04
   4.0000e-01    2.6000e+00    1.5000e+00   -2.4271e+00   -1.7634e+00   -7.8645e-04   -8.7864e-04   -2.9407e-04   -5.4325e-04
   4.0000e-01    2.6000e+00    1.5000e+00   -2.3314e+00   -1.8880e+00   -7.1412e-04   -9.3963e-04   -2.3796e-04   -6.2091e-04
   4.0000e-01    2.6000e+00    1.5000e+00   -2.2294e+00   -2.0074e+00   -5.8980e-04   -1.0240e-03   -1.0830e-04   -6.9286e-04
   4.0000e-01    2.6000e+00    1.5000e+00   -2.1213e+00   -2.1213e+00   -4.1965e-04   -1.1066e-03    4.0121e-06   -8.0416e-04
   4.0000e-01    2.6000e+00    1.5000e+00   -2.0074e+00   -2.2294e+00   -2.0979e-04   -1.1670e-03    1.4520e-04   -9.3487e-04
   4.0000e-01    2.6000e+00    1.5000e+00   -1.8880e+00   -2.3314e+00    4.5286e-05   -1.1875e-03    3.3480e-04   -9.9506e-04
   4.0000e-01    2.6000e+00    1.5000e+00   -1.7634e+00   -2.4271e+00    3.5316e-04   -1.1380e-03    6.6725e-04   -9.0004e-04
   4.0000e-01    2.6000e+00    1.5000e+00   -1.6339e+00   -2.5160e+00    6.7109e-04   -9.8895e-04    8.9040e-04   -8.7459e-04
   4.0000e-01    2.6000e+00    1.5000e+00   -1.5000e+00   -2.5981e+00    9.5167e-04   -7.2950e-04    1.1317e-03   -6.1101e-04
   4.0000e-01    2.6000e+00    1.5000e+00   -1.3620e+00   -2.6730e+00    1.1496e-03   -3.5574e-04    1.2198e-03   -2.2824e-04
   4.0000e-01    2.6000e+00    1.5000e+00   -1.2202e+00   -2.7406e+00    1.2031e-03    1.1482e-04    1.2324e-03    1.2542e-04
   4.0000e-01    2.6000e+00    1.5000e+00   -1.0751e+00   -2.8007e+00    1.0544e-03    6.0144e-04    9.7421e-04    6.5204e-04
   4.0000e-01    2.6000e+00    1.5000e+00   -9.2705e-01   -2.8532e+00    6.8221e-04    1.0111e-03    4.9578e-04    9.8172e-04
   4.0000e-01    2.6000e+00    1.5000e+00   -7.7646e-01   -2.8978e+00    1.3649e-04    1.2184e-03   -7.0314e-05    1.2094e-03
   4.0000e-01    2.6000e+00    1.5000e+00   -6.2374e-01   -2.9344e+00   -4.9114e-04    1.1310e-03   -7.6745e-04    1.1105e-03
   4.0000e-01    2.6000e+00    1.5000e+00   -4.6930e-01   -2.9631e+00   -1.0180e-03    7.0874e-04   -1.3146e-03    6.7042e-04
   4.0000e-01    2.6000e+00    1.5000e+00   -3.1359e-01   -2.9836e+00   -1.2483e-03    2.5146e-05   -1.4958e-03   -3.9997e-05
   4.0000e-01    2.6000e+00    1.5000e+00   -1.5701e-01   -2.9959e+00   -1.0448e-03   -6.9934e-04   -1.2886e-03   -7.4184e-04
   4.0000e-01    2.6000e+00    1.5000e+00    0.0000e+00   -3.0000e+00   -4.3123e-04   -1.1906e-03   -7.0252e-04   -1.3251e-03
   4.0000e-01    2.6000e+00    1.5000e+00    1.5701e-01   -2.9959e+00    4.1838e-04   -1.2058e-03    1.2106e-04   -1.3722e-03
   4.0000e-01    2.6000e+00    1.5000e+00    3.1359e-01   -2.9836e+00    1.1074e-03   -6.5540e-04    8.6536e-04   -8.1281e-04
   4.0000e-01    2.6000e+00    1.5000e+00    4.6930e-01   -2.9631e+00    1.2735e-03    2.5155e-04    1.0708e-03    8.8949e-05
   4.0000e-01    2.6000e+00    1.5000e+00    6.2374e-01   -2.9344e+00    7.5414e-04    1.0715e-03    5.8823e-04    8.6775e-04
   4.0000e-01    2.6000e+00    1.5000e+00    7.7646e-01   -2.8978e+00   -2.2398e-04    1.3038e-03   -3.7984e-04    1.0829e-03
   4.0000e-01    2.6000e+00    1.5000e+00    9.2705e-01   -2.8532e+00   -1.1146e-03    7.3777e-04   -1.1541e-03    5.1483e-04
   4.0000e-01    2.6000e+00    1.5000e+00    1.0751e+00   -2.8007e+00   -1.3063e-03   -3.4671e-04   -1.3182e-03   -5.4089e-04
   4.0000e-01    2.6000e+00    1.5000e+00    1.2202e+00   -2.7406e+00   -5.8815e-04   -1.2341e-03   -5.2636e-04   -1.5176e-03
   4.0000e-01    2.6000e+00    1.5000e+00    1.3620e+00   -2.6730e+00    6.0104e-04   -1.2461e-03    6.9251e-04   -1.5103e-03
   4.0000e-01    2.6000e+00    1.5000e+00    1.5000e+00   -2.5981e+00    1.3722e-03   -2.8374e-04    1.5107e-03   -5.0148e-04
   4.0000e-01    2.6000e+00    1.5000e+00    1.6339e+00   -2.5160e+00    1.0470e-03    9.5984e-04    1.2455e-03    7.9191e-04
   4.0000e-01    2.6000e+00    1.5000e+00    1.7634e+00   -2.4271e+00   -1.9660e-04    1.4270e-03    -4.1193e-06    1.1934e-03
   4.0000e-01    2.6000e+00    1.5000e+00    1.8880e+00   -2.3314e+00   -1.3172e-03    6.3451e-04   -1.0648e-03    4.5172e-04
   4.0000e-01    2.6000e+00    1.5000e+00    2.0074e+00   -2.2294e+00   -1.2538e-03   -7.9658e-04   -1.0440e-03   -9.7971e-04
   4.0000e-01    2.6000e+00    1.5000e+00    2.1213e+00   -2.1213e+00    5.1079e-05   -1.5095e-03    3.2779e-04   -1.7130e-03
   4.0000e-01    2.6000e+00    1.5000e+00    2.2294e+00   -2.0074e+00    1.3609e-03   -7.1419e-04    1.5988e-03   -8.7878e-04
   4.0000e-01    2.6000e+00    1.5000e+00    2.3314e+00   -1.8880e+00    1.3043e-03    8.6592e-04    1.5548e-03    6.9565e-04
   4.0000e-01    2.6000e+00    1.5000e+00    2.4271e+00   -1.7634e+00   -1.7921e-04    1.5865e-03    1.2529e-05    1.3482e-03
   4.0000e-01    2.6000e+00    1.5000e+00    2.5160e+00   -1.6339e+00   -1.5366e-03    5.4454e-04   -1.3449e-03    3.6479e-04
   4.0000e-01    2.6000e+00    1.5000e+00    2.5981e+00   -1.5000e+00   -1.1741e-03   -1.1830e-03   -9.9053e-04   -1.3771e-03
   4.0000e-01    2.6000e+00    1.5000e+00    2.6730e+00   -1.3620e+00    6.0446e-04   -1.5949e-03    7.6463e-04   -1.7448e-03
   4.0000e-01    2.6000e+00    1.5000e+00    2.7406e+00   -1.2202e+00    1.7479e-03   -6.5610e-05    1.8298e-03   -1.9508e-04
   4.0000e-01    2.6000e+00    1.5000e+00    2.8007e+00   -1.0751e+00    7.4655e-04    1.6336e-03    8.1534e-04    1.4442e-03
   4.0000e-01    2.6000e+00    1.5000e+00    2.8532e+00   -9.2705e-01   -1.2896e-03    1.3234e-03   -1.2230e-03    1.1560e-03
   4.0000e-01    2.6000e+00    1.5000e+00    2.8978e+00   -7.7646e-01   -1.7501e-03   -7.5174e-04   -1.7438e-03   -9.0047e-04
   4.0000e-01    2.6000e+00    1.5000e+00    2.9344e+00   -6.2374e-01    1.1054e-04   -1.9652e-03    1.3849e-04   -2.1684e-03
   4.0000e-01    2.6000e+00    1.5000e+00    2.9631e+00   -4.6930e-01    1.9630e-03   -5.5393e-04    1.9254e-03   -7.2029e-04
   4.0000e-01    2.6000e+00    1.5000e+00    2.9836e+00   -3.1359e-01    1.1865e-03    1.7569e-03    1.2230e-03    1.5734e-03
   4.0000e-01    2.6000e+00    1.5000e+00    2.9959e+00   -1.5701e-01   -1.3564e-03    1.7461e-03   -1.2584e-03    1.4626e-03
   4.0000e-01    1.5000e+00    2.6000e+00    3.0000e+00    0.0000e+00   -1.1975e-03   -1.1583e-03   -1.2571e-03   -1.4934e-03
   4.0000e-01    1.5000e+00    2.6000e+00    2.9959e+00    1.5701e-01    5.9040e-04   -1.6001e-03    4.4665e-04   -1.9369e-03
   4.0000e-01    1.5000e+00    2.6000e+00    2.9836e+00    3.1359e-01    1.7458e-03   -9.4569e-05    1.6114e-03   -4.9065e-04
   4.0000e-01    1.5000e+00    2.6000e+00    2.9631e+00    4.6930e-01    7.6992e-04    1.6221e-03    6.7131e-04    1.3472e-03
   4.0000e-01    1.5000e+00    2.6000e+00    2.9344e+00    6.2374e-01   -1.2680e-03    1.3436e-03   -1.3290e-03    1.0245e-03
   4.0000e-01    1.5000e+00    2.6000e+00    2.8978e+00    7.7646e-01   -1.7603e-03   -7.2619e-04   -1.7742e-03   -1.0480e-03
   4.0000e-01    1.5000e+00    2.6000e+00    2.8532e+00    9.2705e-01    8.0721e-05   -1.9659e-03    1.2649e-04   -2.1867e-03
   4.0000e-01    1.5000e+00    2.6000e+00    2.8007e+00    1.0751e+00    1.9540e-03   -5.8306e-04    2.0031e-03   -8.6578e-04
   4.0000e-01    1.5000e+00    2.6000e+00    2.7406e+00    1.2202e+00    1.2236e-03    1.7301e-03    1.3414e-03    1.5091e-03
   4.0000e-01    1.5000e+00    2.6000e+00    2.6730e+00    1.3620e+00   -1.3295e-03    1.7655e-03   -1.1805e-03    1.5967e-03
   4.0000e-01    1.5000e+00    2.6000e+00    2.5981e+00    1.5000e+00   -2.1833e-03   -7.6948e-04   -1.9947e-03   -9.9033e-04
   4.0000e-01    1.5000e+00    2.6000e+00    0.0000e+00    3.0000e+00   -2.1761e-03   -7.9174e-04   -2.1286e-03   -9.4671e-04
   4.0000e-01    1.5000e+00    2.6000e+00   -1.5701e-01    2.9959e+00   -1.3564e-03    1.7461e-03   -1.3432e-03    1.6136e-03
   4.0000e-01    1.5000e+00    2.6000e+00   -3.1359e-01    2.9836e+00    1.1865e-03    1.7569e-03    1.2136e-03    1.6432e-03
   4.0000e-01    1.5000e+00    2.6000e+00   -4.6930e-01    2.9631e+00    1.9630e-03   -5.5393e-04    2.0065e-03   -6.8366e-04
   4.0000e-01    1.5000e+00    2.6000e+00   -6.2374e-01    2.9344e+00    1.1054e-04   -1.9652e-03    1.5427e-04   -2.0872e-03
   4.0000e-01    1.5000e+00    2.6000e+00   -7.7646e-01    2.8978e+00   -1.7501e-03   -7.5174e-04   -1.6660e-03   -7.9874e-04
   4.0000e-01    1.5000e+00    2.6000e+00   -9.2705e-01    2.8532e+00   -1.2896e-03    1.3234e-03   -1.1728e-03    1.2594e-03
   4.0000e-01    1.5000e+00    2.6000e+00   -1.0751e+00    2.8007e+00    7.4655e-04    1.6336e-03    9.0697e-04    1.6146e-03
   4.0000e-01    1.5000e+00    2.6000e+00   -1.2202e+00    2.7406e+00    1.7479e-03   -6.5610e-05    1.9694e-03   -1.2245e-05
   4.0000e-01    1.5000e+00    2.6000e+00   -1.3620e+00    2.6730e+00    6.0446e-04   -1.5949e-03    7.8402e-04   -1.6029e-03
   4.0000e-01    1.5000e+00    2.6000e+00   -1.5000e+00    2.5981e+00   -1.1741e-03   -1.1830e-03   -8.9708e-04   -1.2272e-03
   4.0000e-01    1.5000e+00    2.6000e+00   -1.6339e+00    2.5160e+00   -1.5366e-03    5.4454e-04   -1.1972e-03    5.7000e-04
   4.0000e-01    1.5000e+00    2.6000e+00   -1.7634e+00    2.4271e+00   -1.7921e-04    1.5865e-03    8.1864e-05    1.6583e-03
   4.0000e-01    1.5000e+00    2.6000e+00   -1.8880e+00    2.3314e+00    1.3043e-03    8.6592e-04    1.5188e-03    9.1330e-04
   4.0000e-01    1.5000e+00    2.6000e+00   -2.0074e+00    2.2294e+00    1.3609e-03   -7.1419e-04    1.6125e-03   -6.7197e-04
   4.0000e-01    1.5000e+00    2.6000e+00   -2.1213e+00    2.1213e+00    5.1079e-05   -1.5095e-03    3.3504e-04   -1.4391e-03
   4.0000e-01    1.5000e+00    2.6000e+00   -2.2294e+00    2.0074e+00   -1.2538e-03   -7.9658e-04   -9.9531e-04   -6.8559e-04
   4.0000e-01    1.5000e+00    2.6000e+00   -2.3314e+00    1.8880e+00   -1.3172e-03    6.3451e-04   -1.1079e-03    6.5057e-04
   4.0000e-01    1.5000e+00    2.6000e+00   -2.4271e+00    1.7634e+00   -1.9660e-04    1.4270e-03    8.3393e-06    1.4475e-03
   4.0000e-01    1.5000e+00    2.6000e+00   -2.5160e+00    1.6339e+00    1.0470e-03    9.5984e-04    1.1688e-03    8.3499e-04
   4.0000e-01    1.5000e+00    2.6000e+00   -2.5981e+00    1.5000e+00    1.3722e-03   -2.8374e-04    1.4353e-03   -2.7544e-04
   4.0000e-01    1.5000e+00    2.6000e+00   -2.6730e+00    1.3620e+00    6.0104e-04   -1.2461e-03    5.6815e-04   -1.2621e-03
   4.0000e-01    1.5000e+00    2.6000e+00   -2.7406e+00    1.2202e+00   -5.8815e-04   -1.2341e-03   -6.3917e-04   -1.3008e-03
   4.0000e-01    1.5000e+00    2.6000e+00   -2.8007e+00    1.0751e+00   -1.3063e-03   -3.4671e-04   -1.3417e-03   -2.9672e-04
   4.0000e-01    1.5000e+00    2.6000e+00   -2.8532e+00    9.2705e-01   -1.1146e-03    7.3777e-04   -1.3122e-03    8.1905e-04
   4.0000e-01    1.5000e+00    2.6000e+00   -2.8978e+00    7.7646e-01   -2.2398e-04    1.3038e-03   -4.8077e-04    1.2931e-03
   4.0000e-01    1.5000e+00    2.6000e+00   -2.9344e+00    6.2374e-01    7.5414e-04    1.0715e-03    4.7645e-04    1.0428e-03
   4.0000e-01    1.5000e+00    2.6000e+00   -2.9631e+00    4.6930e-01    1.2735e-03    2.5155e-04    9.4258e-04    3.3592e-04
   4.0000e-01    1.5000e+00    2.6000e+00   -2.9836e+00    3.1359e-01    1.1074e-03   -6.5540e-04    7.4799e-04   -6.5606e-04
   4.0000e-01    1.5000e+00    2.6000e+00   -2.9959e+00    1.5701e-01    4.1838e-04   -1.2058e-03    3.4479e-05   -1.1461e-03
   4.0000e-01    1.5000e+00    2.6000e+00   -3.0000e+00    0.0000e+00   -4.3123e-04   -1.1906e-03   -8.4760e-04   -1.1956e-03
   4.0000e-01    1.5000e+00    2.6000e+00   -2.9959e+00   -1.5701e-01   -1.0448e-03   -6.9934e-04   -1.4630e-03   -6.3226e-04
   4.0000e-01    1.5000e+00    2.6000e+00   -2.9836e+00   -3.1359e-01   -1.2483e-03    2.5146e-05   -1.5557e-03    2.1662e-04
   4.0000e-01    1.5000e+00    2.6000e+00   -2.9631e+00   -4.6930e-01   -1.0180e-03    7.0874e-04   -1.2944e-03    7.8043e-04
   4.0000e-01    1.5000e+00    2.6000e+00   -2.9344e+00   -6.2374e-01   -4.9114e-04    1.1310e-03   -7.6248e-04    1.2739e-03
   4.0000e-01    1.5000e+00    2.6000e+00   -2.8978e+00   -7.7646e-01    1.3649e-04    1.2184e-03   -3.7962e-05    1.3392e-03
   4.0000e-01    1.5000e+00    2.6000e+00   -2.8532e+00   -9.2705e-01    6.8221e-04    1.0111e-03    5.5925e-04    1.1611e-03
   4.0000e-01    1.5000e+00    2.6000e+00   -2.8007e+00   -1.0751e+00    1.0544e-03    6.0144e-04    1.0732e-03    7.0956e-04
   4.0000e-01    1.5000e+00    2.6000e+00   -2.7406e+00   -1.2202e+00    1.2031e-03    1.1482e-04    1.2177e-03    2.4188e-04
   4.0000e-01    1.5000e+00    2.6000e+00   -2.6730e+00   -1.3620e+00    1.1496e-03   -3.5574e-04    1.2116e-03   -3.2321e-04
   4.0000e-01    1.5000e+00    2.6000e+00   -2.5981e+00   -1.5000e+00    9.5167e-04   -7.2950e-04    1.1125e-03   -6.3897e-04
   4.0000e-01    1.5000e+00    2.6000e+00   -2.5160e+00   -1.6339e+00    6.7109e-04   -9.8895e-04    9.1968e-04   -8.5560e-04
   4.0000e-01    1.5000e+00    2.6000e+00   -2.4271e+00   -1.7634e+00    3.5316e-04   -1.1380e-03    6.5930e-04   -1.0291e-03
   4.0000e-01    1.5000e+00    2.6000e+00   -2.3314e+00   -1.8880e+00    4.5286e-05   -1.1875e-03    3.7990e-04   -1.0888e-03
   4.0000e-01    1.5000e+00    2.6000e+00   -2.2294e+00   -2.0074e+00   -2.0979e-04   -1.1670e-03    1.4676e-04   -9.9066e-04
   4.0000e-01    1.5000e+00    2.6000e+00   -2.1213e+00   -2.1213e+00   -4.1965e-04   -1.1066e-03   -4.5422e-05   -9.0099e-04
   4.0000e-01    1.5000e+00    2.6000e+00   -2.0074e+00   -2.2294e+00   -5.8980e-04   -1.0240e-03   -2.1634e-04   -7.5088e-04
   4.0000e-01    1.5000e+00    2.6000e+00   -1.8880e+00   -2.3314e+00   -7.1412e-04   -9.3963e-04   -3.5302e-04   -6.2701e-04
   4.0000e-01    1.5000e+00    2.6000e+00   -1.7634e+00   -2.4271e+00   -7.8645e-04   -8.7864e-04   -3.9417e-04   -5.5071e-04
   4.0000e-01    1.5000e+00    2.6000e+00   -1.6339e+00   -2.5160e+00   -8.2731e-04   -8.3950e-04   -4.6924e-04   -4.4924e-04
   4.0000e-01    1.5000e+00    2.6000e+00   -1.5000e+00   -2.5981e+00   -8.4487e-04   -8.2143e-04   -5.2241e-04   -2.7924e-04
   4.0000e-01    1.5000e+00    2.6000e+00   -1.3620e+00   -2.6730e+00   -8.3304e-04   -8.3365e-04   -6.1717e-04   -3.9636e-04
   4.0000e-01    1.5000e+00    2.6000e+00   -1.2202e+00   -2.7406e+00   -7.8637e-04   -8.7892e-04   -5.7781e-04   -3.3068e-04
   4.0000e-01    1.5000e+00    2.6000e+00   -1.0751e+00   -2.8007e+00   -7.0843e-04   -9.4407e-04   -5.6715e-04   -3.2783e-04
   4.0000e-01    1.5000e+00    2.6000e+00   -9.2705e-01   -2.8532e+00   -5.8897e-04   -1.0243e-03   -4.9176e-04   -2.9344e-04
   4.0000e-01    1.5000e+00    2.6000e+00   -7.7646e-01   -2.8978e+00   -4.3067e-04   -1.1021e-03   -3.1206e-04   -3.3626e-04
   4.0000e-01    1.5000e+00    2.6000e+00   -6.2374e-01   -2.9344e+00   -2.1394e-04   -1.1662e-03   -9.3954e-05   -4.3105e-04
   4.0000e-01    1.5000e+00    2.6000e+00   -4.6930e-01   -2.9631e+00    4.9619e-05   -1.1873e-03    -3.8868e-05   -3.2143e-04
   4.0000e-01    1.5000e+00    2.6000e+00   -3.1359e-01   -2.9836e+00    3.5608e-04   -1.1370e-03    3.3160e-04   -3.2502e-04
   4.0000e-01    1.5000e+00    2.6000e+00   -1.5701e-01   -2.9959e+00    6.6621e-04   -9.9212e-04    5.4378e-04   -2.1575e-04
   4.0000e-01    1.5000e+00    2.6000e+00    0.0000e+00   -3.0000e+00    9.4369e-04   -7.3949e-04    8.9731e-04    8.1500e-05
   4.0000e-01    1.5000e+00    2.6000e+00    1.5701e-01   -2.9959e+00    1.1499e-03   -3.5504e-04    9.8110e-04    4.2740e-04
   4.0000e-01    1.5000e+00    2.6000e+00    3.1359e-01   -2.9836e+00    1.2032e-03    1.1026e-04    1.1401e-03    9.5292e-04
   4.0000e-01    1.5000e+00    2.6000e+00    4.6930e-01   -2.9631e+00    1.0585e-03    5.9339e-04    9.6702e-04    1.4636e-03
   4.0000e-01    1.5000e+00    2.6000e+00    6.2374e-01   -2.9344e+00    6.9145e-04    1.0045e-03    6.3256e-04    1.8005e-03
   4.0000e-01    1.5000e+00    2.6000e+00    7.7646e-01   -2.8978e+00    1.4582e-04    1.2170e-03    1.0871e-04    1.9331e-03
   4.0000e-01    1.5000e+00    2.6000e+00    9.2705e-01   -2.8532e+00   -4.8304e-04    1.1341e-03   -6.0611e-04    1.7110e-03
   4.0000e-01    1.5000e+00    2.6000e+00    1.0751e+00   -2.8007e+00   -1.0121e-03    7.1689e-04   -1.0955e-03    1.3033e-03
   4.0000e-01    1.5000e+00    2.6000e+00    1.2202e+00   -2.7406e+00   -1.2475e-03    4.4210e-05   -1.2833e-03    5.7327e-04
   4.0000e-01    1.5000e+00    2.6000e+00    1.3620e+00   -2.6730e+00   -1.0538e-03   -6.8481e-04   -1.0654e-03   -2.1736e-04
   4.0000e-01    1.5000e+00    2.6000e+00    1.5000e+00   -2.5981e+00   -4.3574e-04   -1.1886e-03   -3.8762e-04   -8.0525e-04
   4.0000e-01    1.5000e+00    2.6000e+00    1.6339e+00   -2.5160e+00    4.0737e-04   -1.2093e-03    4.3389e-04   -9.8903e-04
   4.0000e-01    1.5000e+00    2.6000e+00    1.7634e+00   -2.4271e+00    1.0995e-03   -6.6784e-04    1.1943e-03   -4.5067e-04
   4.0000e-01    1.5000e+00    2.6000e+00    1.8880e+00   -2.3314e+00    1.2768e-03    2.3187e-04    1.3324e-03    4.3878e-04
   4.0000e-01    1.5000e+00    2.6000e+00    2.0074e+00   -2.2294e+00    7.6883e-04    1.0606e-03    9.1054e-04    1.1940e-03
   4.0000e-01    1.5000e+00    2.6000e+00    2.1213e+00   -2.1213e+00   -2.1792e-04    1.3048e-03   -5.6879e-05    1.3094e-03
   4.0000e-01    1.5000e+00    2.6000e+00    2.2294e+00   -2.0074e+00   -1.1082e-03    7.4689e-04   -9.7553e-04    7.0753e-04
   4.0000e-01    1.5000e+00    2.6000e+00    2.3314e+00   -1.8880e+00   -1.3117e-03   -3.2360e-04   -1.1003e-03   -3.7248e-04
   4.0000e-01    1.5000e+00    2.6000e+00    2.4271e+00   -1.7634e+00   -6.0332e-04   -1.2263e-03   -4.5938e-04   -1.3305e-03
   4.0000e-01    1.5000e+00    2.6000e+00    2.5160e+00   -1.6339e+00    5.9038e-04   -1.2511e-03    7.5420e-04   -1.4403e-03
   4.0000e-01    1.5000e+00    2.6000e+00    2.5981e+00   -1.5000e+00    1.3693e-03   -2.9762e-04    1.5263e-03   -4.9859e-04
   4.0000e-01    1.5000e+00    2.6000e+00    2.6730e+00   -1.3620e+00    1.0637e-03    9.4059e-04    1.1827e-03    6.2329e-04
   4.0000e-01    1.5000e+00    2.6000e+00    2.7406e+00   -1.2202e+00   -1.8055e-04    1.4292e-03   -6.3766e-05    1.1126e-03
   4.0000e-01    1.5000e+00    2.6000e+00    2.8007e+00   -1.0751e+00   -1.3125e-03    6.4443e-04   -1.2751e-03    2.8060e-04
   4.0000e-01    1.5000e+00    2.6000e+00    2.8532e+00   -9.2705e-01   -1.2580e-03   -7.8959e-04   -1.2171e-03   -1.1481e-03
   4.0000e-01    1.5000e+00    2.6000e+00    2.8978e+00   -7.7646e-01    2.5923e-05   -1.5097e-03    6.3426e-05   -1.8943e-03
   4.0000e-01    1.5000e+00    2.6000e+00    2.9344e+00   -6.2374e-01    1.3489e-03   -7.3627e-04    1.3524e-03   -1.1383e-03
   4.0000e-01    1.5000e+00    2.6000e+00    2.9631e+00   -4.6930e-01    1.3105e-03    8.5643e-04    1.2878e-03    4.7607e-04
   4.0000e-01    1.5000e+00    2.6000e+00    2.9836e+00   -3.1359e-01   -1.7212e-04    1.5873e-03   -2.1836e-04    1.2427e-03
   4.0000e-01    1.5000e+00    2.6000e+00    2.9959e+00   -1.5701e-01   -1.5295e-03    5.6347e-04   -1.6280e-03    1.1353e-04
   4.0000e-01    0.0000e+00    3.0000e+00    3.0000e+00    0.0000e+00    1.3724e-03   -2.8451e-04    9.4767e-04   -3.5983e-04
   4.0000e-01    0.0000e+00    3.0000e+00    2.9959e+00    1.5701e-01    1.0432e-03    9.6430e-04    6.2500e-04    8.4765e-04
   4.0000e-01    0.0000e+00    3.0000e+00    2.9836e+00    3.1359e-01   -2.0201e-04    1.4265e-03   -6.7553e-04    1.2433e-03
   4.0000e-01    0.0000e+00    3.0000e+00    2.9631e+00    4.6930e-01   -1.3224e-03    6.2450e-04   -1.7026e-03    4.7431e-04
   4.0000e-01    0.0000e+00    3.0000e+00    2.9344e+00    6.2374e-01   -1.2476e-03   -8.0684e-04   -1.6560e-03   -9.9901e-04
   4.0000e-01    0.0000e+00    3.0000e+00    2.8978e+00    7.7646e-01    4.8948e-05   -1.5096e-03   -3.3497e-04   -1.7807e-03
   4.0000e-01    0.0000e+00    3.0000e+00    2.8532e+00    9.2705e-01    1.3601e-03   -7.1613e-04    1.0340e-03   -9.6171e-04
   4.0000e-01    0.0000e+00    3.0000e+00    2.8007e+00    1.0751e+00    1.2982e-03    8.7598e-04    1.0166e-03    6.3201e-04
   4.0000e-01    0.0000e+00    3.0000e+00    2.7406e+00    1.2202e+00   -1.8388e-04    1.5864e-03   -3.8343e-04    1.3393e-03
   4.0000e-01    0.0000e+00    3.0000e+00    2.6730e+00    1.3620e+00   -1.5368e-03    5.4430e-04   -1.7722e-03    2.9298e-04
   4.0000e-01    0.0000e+00    3.0000e+00    2.5981e+00    1.5000e+00   -1.1750e-03   -1.1819e-03   -1.4107e-03   -1.4621e-03
   4.0000e-01    0.0000e+00    3.0000e+00    2.5160e+00    1.6339e+00    6.1360e-04   -1.5920e-03    5.0789e-04   -1.8442e-03
   4.0000e-01    0.0000e+00    3.0000e+00    2.4271e+00    1.7634e+00    1.7477e-03   -6.6354e-05    1.6689e-03   -2.6092e-04
   4.0000e-01    0.0000e+00    3.0000e+00    2.3314e+00    1.8880e+00    7.5192e-04    1.6308e-03    6.4784e-04    1.4130e-03
   4.0000e-01    0.0000e+00    3.0000e+00    2.2294e+00    2.0074e+00   -1.2785e-03    1.3340e-03   -1.3296e-03    1.1454e-03
   4.0000e-01    0.0000e+00    3.0000e+00    2.1213e+00    2.1213e+00   -1.7497e-03   -7.5343e-04   -1.7695e-03   -9.3571e-04
   4.0000e-01    0.0000e+00    3.0000e+00    2.0074e+00    2.2294e+00    1.1527e-04   -1.9650e-03    1.6244e-04   -2.1355e-03
   4.0000e-01    0.0000e+00    3.0000e+00    1.8880e+00    2.3314e+00    1.9588e-03   -5.6680e-04    1.9519e-03   -7.5928e-04
   4.0000e-01    0.0000e+00    3.0000e+00    1.7634e+00    2.4271e+00    1.2053e-03    1.7432e-03    1.1861e-03    1.6110e-03
   4.0000e-01    0.0000e+00    3.0000e+00    1.6339e+00    2.5160e+00   -1.3484e-03    1.7520e-03   -1.2966e-03    1.5785e-03
   4.0000e-01    0.0000e+00    3.0000e+00    1.5000e+00    2.5981e+00   -2.1743e-03   -7.9775e-04   -2.2425e-03   -9.8569e-04
   4.0000e-01    0.0000e+00    3.0000e+00   -1.5000e+00    2.5981e+00   -2.1743e-03   -7.9775e-04   -2.1618e-03   -9.9695e-04
   4.0000e-01    0.0000e+00    3.0000e+00   -1.6339e+00    2.5160e+00   -1.3484e-03    1.7520e-03   -1.4142e-03    1.5713e-03
   4.0000e-01    0.0000e+00    3.0000e+00   -1.7634e+00    2.4271e+00    1.2053e-03    1.7432e-03    1.1378e-03    1.5854e-03
   4.0000e-01    0.0000e+00    3.0000e+00   -1.8880e+00    2.3314e+00    1.9588e-03   -5.6680e-04    1.9450e-03   -7.4389e-04
   4.0000e-01    0.0000e+00    3.0000e+00   -2.0074e+00    2.2294e+00    1.1527e-04   -1.9650e-03    1.5345e-04   -2.1908e-03
   4.0000e-01    0.0000e+00    3.0000e+00   -2.1213e+00    2.1213e+00   -1.7497e-03   -7.5343e-04   -1.8509e-03   -9.6485e-04
   4.0000e-01    0.0000e+00    3.0000e+00   -2.2294e+00    2.0074e+00   -1.2785e-03    1.3340e-03   -1.3093e-03    1.0539e-03
   4.0000e-01    0.0000e+00    3.0000e+00   -2.3314e+00    1.8880e+00    7.5192e-04    1.6308e-03    6.6122e-04    1.3719e-03
   4.0000e-01    0.0000e+00    3.0000e+00   -2.4271e+00    1.7634e+00    1.7477e-03   -6.6354e-05    1.6401e-03   -3.5172e-04
   4.0000e-01    0.0000e+00    3.0000e+00   -2.5160e+00    1.6339e+00    6.1360e-04   -1.5920e-03    5.6578e-04   -1.8780e-03
   4.0000e-01    0.0000e+00    3.0000e+00   -2.5981e+00    1.5000e+00   -1.1750e-03   -1.1819e-03   -1.3512e-03   -1.4831e-03
   4.0000e-01    0.0000e+00    3.0000e+00   -2.6730e+00    1.3620e+00   -1.5368e-03    5.4430e-04   -1.8542e-03    3.0885e-04
   4.0000e-01    0.0000e+00    3.0000e+00   -2.7406e+00    1.2202e+00   -1.8388e-04    1.5864e-03   -5.5722e-04    1.3540e-03
   4.0000e-01    0.0000e+00    3.0000e+00   -2.8007e+00    1.0751e+00    1.2982e-03    8.7598e-04    9.5479e-04    5.5690e-04
   4.0000e-01    0.0000e+00    3.0000e+00   -2.8532e+00    9.2705e-01    1.3601e-03   -7.1613e-04    1.0275e-03   -8.9056e-04
   4.0000e-01    0.0000e+00    3.0000e+00   -2.8978e+00    7.7646e-01    4.8948e-05   -1.5096e-03   -2.9792e-04   -1.7462e-03
   4.0000e-01    0.0000e+00    3.0000e+00   -2.9344e+00    6.2374e-01   -1.2476e-03   -8.0684e-04   -1.6566e-03   -9.8881e-04
   4.0000e-01    0.0000e+00    3.0000e+00   -2.9631e+00    4.6930e-01   -1.3224e-03    6.2450e-04   -1.7353e-03    4.7201e-04
   4.0000e-01    0.0000e+00    3.0000e+00   -2.9836e+00    3.1359e-01   -2.0201e-04    1.4265e-03   -6.8419e-04    1.2923e-03
   4.0000e-01    0.0000e+00    3.0000e+00   -2.9959e+00    1.5701e-01    1.0432e-03    9.6430e-04    6.3553e-04    7.8731e-04
   4.0000e-01    0.0000e+00    3.0000e+00   -3.0000e+00    0.0000e+00    1.3724e-03   -2.8451e-04    9.1334e-04   -3.9423e-04
   4.0000e-01    0.0000e+00    3.0000e+00   -2.9959e+00   -1.5701e-01    6.1213e-04   -1.2412e-03    1.7589e-04   -1.3233e-03
   4.0000e-01    0.0000e+00    3.0000e+00   -2.9836e+00   -3.1359e-01   -5.7218e-04   -1.2418e-03   -1.0361e-03   -1.3579e-03
   4.0000e-01    0.0000e+00    3.0000e+00   -2.9631e+00   -4.6930e-01   -1.3042e-03   -3.5471e-04   -1.6316e-03   -4.6470e-04
   4.0000e-01    0.0000e+00    3.0000e+00   -2.9344e+00   -6.2374e-01   -1.1193e-03    7.3117e-04   -1.5263e-03    6.4193e-04
   4.0000e-01    0.0000e+00    3.0000e+00   -2.8978e+00   -7.7646e-01   -2.3299e-04    1.3025e-03   -6.2178e-04    1.2565e-03
   4.0000e-01    0.0000e+00    3.0000e+00   -2.8532e+00   -9.2705e-01    7.4433e-04    1.0785e-03    3.5953e-04    1.0079e-03
   4.0000e-01    0.0000e+00    3.0000e+00   -2.8007e+00   -1.0751e+00    1.2718e-03    2.6183e-04    8.9141e-04    1.7822e-04
   4.0000e-01    0.0000e+00    3.0000e+00   -2.7406e+00   -1.2202e+00    1.1121e-03   -6.4803e-04    7.6977e-04   -7.7333e-04
   4.0000e-01    0.0000e+00    3.0000e+00   -2.6730e+00   -1.3620e+00    4.2008e-04   -1.2051e-03    9.7164e-05   -1.3051e-03
   4.0000e-01    0.0000e+00    3.0000e+00   -2.5981e+00   -1.5000e+00   -4.1423e-04   -1.1969e-03   -7.6126e-04   -1.3455e-03
   4.0000e-01    0.0000e+00    3.0000e+00   -2.5160e+00   -1.6339e+00   -1.0392e-03   -7.0757e-04   -1.2540e-03   -7.8526e-04
   4.0000e-01    0.0000e+00    3.0000e+00   -2.4271e+00   -1.7634e+00   -1.2482e-03    2.4710e-05   -1.5331e-03   -1.3273e-05
   4.0000e-01    0.0000e+00    3.0000e+00   -2.3314e+00   -1.8880e+00   -1.0189e-03    7.0739e-04   -1.2756e-03    6.1722e-04
   4.0000e-01    0.0000e+00    3.0000e+00   -2.2294e+00   -2.0074e+00   -5.0287e-04    1.1258e-03   -7.3301e-04    1.1788e-03
   4.0000e-01    0.0000e+00    3.0000e+00   -2.1213e+00   -2.1213e+00    1.1730e-04    1.2206e-03   -8.6619e-05    1.3365e-03
   4.0000e-01    0.0000e+00    3.0000e+00   -2.0074e+00   -2.2294e+00    6.7754e-04    1.0143e-03    4.7597e-04    1.3063e-03
   4.0000e-01    0.0000e+00    3.0000e+00   -1.8880e+00   -2.3314e+00    1.0529e-03    6.0373e-04    8.8045e-04    9.6334e-04
   4.0000e-01    0.0000e+00    3.0000e+00   -1.7634e+00   -2.4271e+00    1.2019e-03    1.2507e-04    1.0717e-03    6.2342e-04
   4.0000e-01    0.0000e+00    3.0000e+00   -1.6339e+00   -2.5160e+00    1.1556e-03   -3.3655e-04    1.0759e-03    3.2074e-04
   4.0000e-01    0.0000e+00    3.0000e+00   -1.5000e+00   -2.5981e+00    9.5855e-04   -7.2032e-04    8.8555e-04    7.8445e-05
   4.0000e-01    0.0000e+00    3.0000e+00   -1.3620e+00   -2.6730e+00    6.7571e-04   -9.8563e-04    5.7753e-04    2.8727e-05
   4.0000e-01    0.0000e+00    3.0000e+00   -1.2202e+00   -2.7406e+00    3.6684e-04   -1.1338e-03    3.5005e-04    4.3429e-05
   4.0000e-01    0.0000e+00    3.0000e+00   -1.0751e+00   -2.8007e+00    6.7580e-05   -1.1866e-03    9.7352e-05    7.5327e-05
   4.0000e-01    0.0000e+00    3.0000e+00   -9.2705e-01   -2.8532e+00   -1.9547e-04   -1.1695e-03   -1.6091e-04    2.2497e-04
   4.0000e-01    0.0000e+00    3.0000e+00   -7.7646e-01   -2.8978e+00   -4.1515e-04   -1.1082e-03   -3.3256e-04    4.5574e-04
   4.0000e-01    0.0000e+00    3.0000e+00   -6.2374e-01   -2.9344e+00   -5.7669e-04   -1.0315e-03   -4.7758e-04    7.1669e-04
   4.0000e-01    0.0000e+00    3.0000e+00   -4.6930e-01   -2.9631e+00   -6.9606e-04   -9.5308e-04   -6.1369e-04    8.6506e-04
   4.0000e-01    0.0000e+00    3.0000e+00   -3.1359e-01   -2.9836e+00   -7.7087e-04   -8.9239e-04   -6.1948e-04    9.3937e-04
   4.0000e-01    0.0000e+00    3.0000e+00   -1.5701e-01   -2.9959e+00   -8.1703e-04   -8.4967e-04   -6.7426e-04    1.0895e-03
   4.0000e-01    0.0000e+00    3.0000e+00    0.0000e+00   -3.0000e+00   -8.3757e-04   -8.2903e-04   -6.6636e-04    1.0600e-03
   4.0000e-01    0.0000e+00    3.0000e+00    1.5701e-01   -2.9959e+00   -8.1703e-04   -8.4967e-04   -6.9727e-04    1.1249e-03
   4.0000e-01    0.0000e+00    3.0000e+00    3.1359e-01   -2.9836e+00   -7.7087e-04   -8.9239e-04   -6.1456e-04    9.7117e-04
   4.0000e-01    0.0000e+00    3.0000e+00    4.6930e-01   -2.9631e+00   -6.9606e-04   -9.5308e-04   -6.0435e-04    9.3209e-04
   4.0000e-01    0.0000e+00    3.0000e+00    6.2374e-01   -2.9344e+00   -5.7669e-04   -1.0315e-03   -5.4543e-04    6.8895e-04
   4.0000e-01    0.0000e+00    3.0000e+00    7.7646e-01   -2.8978e+00   -4.1515e-04   -1.1082e-03   -3.4485e-04    5.0106e-04
   4.0000e-01    0.0000e+00    3.0000e+00    9.2705e-01   -2.8532e+00   -1.9547e-04   -1.1695e-03   -1.9881e-04    3.3175e-04
   4.0000e-01    0.0000e+00    3.0000e+00    1.0751e+00   -2.8007e+00    6.7580e-05   -1.1866e-03    1.0281e-04    1.9344e-04
   4.0000e-01    0.0000e+00    3.0000e+00    1.2202e+00   -2.7406e+00    3.6684e-04   -1.1338e-03    3.1212e-04    3.1942e-06
   4.0000e-01    0.0000e+00    3.0000e+00    1.3620e+00   -2.6730e+00    6.7571e-04   -9.8563e-04    6.6181e-04    6.8131e-05
   4.0000e-01    0.0000e+00    3.0000e+00    1.5000e+00   -2.5981e+00    9.5855e-04   -7.2032e-04    8.7213e-04    4.8825e-05
   4.0000e-01    0.0000e+00    3.0000e+00    1.6339e+00   -2.5160e+00    1.1556e-03   -3.3655e-04    1.0297e-03    3.6169e-04
   4.0000e-01    0.0000e+00    3.0000e+00    1.7634e+00   -2.4271e+00    1.2019e-03    1.2507e-04    1.0830e-03    6.7760e-04
   4.0000e-01    0.0000e+00    3.0000e+00    1.8880e+00   -2.3314e+00    1.0529e-03    6.0373e-04    9.5507e-04    9.6325e-04
   4.0000e-01    0.0000e+00    3.0000e+00    2.0074e+00   -2.2294e+00    6.7754e-04    1.0143e-03    4.5138e-04    1.2220e-03
   4.0000e-01    0.0000e+00    3.0000e+00    2.1213e+00   -2.1213e+00    1.1730e-04    1.2206e-03   -1.0359e-04    1.4010e-03
   4.0000e-01    0.0000e+00    3.0000e+00    2.2294e+00   -2.0074e+00   -5.0287e-04    1.1258e-03   -6.7671e-04    1.1911e-03
   4.0000e-01    0.0000e+00    3.0000e+00    2.3314e+00   -1.8880e+00   -1.0189e-03    7.0739e-04   -1.2729e-03    6.9338e-04
   4.0000e-01    0.0000e+00    3.0000e+00    2.4271e+00   -1.7634e+00   -1.2482e-03    2.4710e-05   -1.4760e-03   -6.3753e-05
   4.0000e-01    0.0000e+00    3.0000e+00    2.5160e+00   -1.6339e+00   -1.0392e-03   -7.0757e-04   -1.3310e-03   -8.0625e-04
   4.0000e-01    0.0000e+00    3.0000e+00    2.5981e+00   -1.5000e+00   -4.1423e-04   -1.1969e-03   -7.1933e-04   -1.2456e-03
   4.0000e-01    0.0000e+00    3.0000e+00    2.6730e+00   -1.3620e+00    4.2008e-04   -1.2051e-03    6.8282e-05   -1.2366e-03
   4.0000e-01    0.0000e+00    3.0000e+00    2.7406e+00   -1.2202e+00    1.1121e-03   -6.4803e-04    7.5391e-04   -7.9655e-04
   4.0000e-01    0.0000e+00    3.0000e+00    2.8007e+00   -1.0751e+00    1.2718e-03    2.6183e-04    8.9841e-04    1.7375e-04
   4.0000e-01    0.0000e+00    3.0000e+00    2.8532e+00   -9.2705e-01    7.4433e-04    1.0785e-03    3.7959e-04    1.0174e-03
   4.0000e-01    0.0000e+00    3.0000e+00    2.8978e+00   -7.7646e-01   -2.3299e-04    1.3025e-03   -6.4138e-04    1.1529e-03
   4.0000e-01    0.0000e+00    3.0000e+00    2.9344e+00   -6.2374e-01   -1.1193e-03    7.3117e-04   -1.5243e-03    6.5836e-04
   4.0000e-01    0.0000e+00    3.0000e+00    2.9631e+00   -4.6930e-01   -1.3042e-03   -3.5471e-04   -1.7604e-03   -4.3824e-04
   4.0000e-01    0.0000e+00    3.0000e+00    2.9836e+00   -3.1359e-01   -5.7218e-04   -1.2418e-03   -9.6523e-04   -1.3551e-03
   4.0000e-01    0.0000e+00    3.0000e+00    2.9959e+00   -1.5701e-01    6.1213e-04   -1.2412e-03    1.6376e-04   -1.3731e-03
   4.0000e-01   -1.5000e+00    2.6000e+00    3.0000e+00    0.0000e+00   -4.3123e-04   -1.1906e-03   -8.2608e-04   -1.0961e-03
   4.0000e-01   -1.5000e+00    2.6000e+00    2.9959e+00    1.5701e-01    4.1838e-04   -1.2058e-03    1.2588e-04   -1.0998e-03
   4.0000e-01   -1.5000e+00    2.6000e+00    2.9836e+00    3.1359e-01    1.1074e-03   -6.5540e-04    6.8340e-04   -6.5914e-04
   4.0000e-01   -1.5000e+00    2.6000e+00    2.9631e+00    4.6930e-01    1.2735e-03    2.5155e-04    9.1705e-04    3.4937e-04
   4.0000e-01   -1.5000e+00    2.6000e+00    2.9344e+00    6.2374e-01    7.5414e-04    1.0715e-03    4.6315e-04    1.0826e-03
   4.0000e-01   -1.5000e+00    2.6000e+00    2.8978e+00    7.7646e-01   -2.2398e-04    1.3038e-03   -4.5463e-04    1.3748e-03
   4.0000e-01   -1.5000e+00    2.6000e+00    2.8532e+00    9.2705e-01   -1.1146e-03    7.3777e-04   -1.2729e-03    7.1239e-04
   4.0000e-01   -1.5000e+00    2.6000e+00    2.8007e+00    1.0751e+00   -1.3063e-03   -3.4671e-04   -1.4392e-03   -3.8427e-04
   4.0000e-01   -1.5000e+00    2.6000e+00    2.7406e+00    1.2202e+00   -5.8815e-04   -1.2341e-03   -7.0060e-04   -1.2734e-03
   4.0000e-01   -1.5000e+00    2.6000e+00    2.6730e+00    1.3620e+00    6.0104e-04   -1.2461e-03    5.7437e-04   -1.2901e-03
   4.0000e-01   -1.5000e+00    2.6000e+00    2.5981e+00    1.5000e+00    1.3722e-03   -2.8374e-04    1.4469e-03   -2.7319e-04
   4.0000e-01   -1.5000e+00    2.6000e+00    2.5160e+00    1.6339e+00    1.0470e-03    9.5984e-04    1.1227e-03    9.9399e-04
   4.0000e-01   -1.5000e+00    2.6000e+00    2.4271e+00    1.7634e+00   -1.9660e-04    1.4270e-03    1.9291e-05    1.4622e-03
   4.0000e-01   -1.5000e+00    2.6000e+00    2.3314e+00    1.8880e+00   -1.3172e-03    6.3451e-04   -1.1311e-03    6.5265e-04
   4.0000e-01   -1.5000e+00    2.6000e+00    2.2294e+00    2.0074e+00   -1.2538e-03   -7.9658e-04   -1.0138e-03   -7.8582e-04
   4.0000e-01   -1.5000e+00    2.6000e+00    2.1213e+00    2.1213e+00    5.1079e-05   -1.5095e-03    2.6005e-04   -1.4812e-03
   4.0000e-01   -1.5000e+00    2.6000e+00    2.0074e+00    2.2294e+00    1.3609e-03   -7.1419e-04    1.6928e-03   -7.0117e-04
   4.0000e-01   -1.5000e+00    2.6000e+00    1.8880e+00    2.3314e+00    1.3043e-03    8.6592e-04    1.5284e-03    9.0248e-04
   4.0000e-01   -1.5000e+00    2.6000e+00    1.7634e+00    2.4271e+00   -1.7921e-04    1.5865e-03    1.5006e-04    1.5615e-03
   4.0000e-01   -1.5000e+00    2.6000e+00    1.6339e+00    2.5160e+00   -1.5366e-03    5.4454e-04   -1.2530e-03    5.8896e-04
   4.0000e-01   -1.5000e+00    2.6000e+00    1.5000e+00    2.5981e+00   -1.1741e-03   -1.1830e-03   -8.9838e-04   -1.1466e-03
   4.0000e-01   -1.5000e+00    2.6000e+00    1.3620e+00    2.6730e+00    6.0446e-04   -1.5949e-03    8.5596e-04   -1.6516e-03
   4.0000e-01   -1.5000e+00    2.6000e+00    1.2202e+00    2.7406e+00    1.7479e-03   -6.5610e-05    1.9682e-03   -3.3706e-05
   4.0000e-01   -1.5000e+00    2.6000e+00    1.0751e+00    2.8007e+00    7.4655e-04    1.6336e-03    9.0263e-04    1.6088e-03
   4.0000e-01   -1.5000e+00    2.6000e+00    9.2705e-01    2.8532e+00   -1.2896e-03    1.3234e-03   -1.1972e-03    1.3102e-03
   4.0000e-01   -1.5000e+00    2.6000e+00    7.7646e-01    2.8978e+00   -1.7501e-03   -7.5174e-04   -1.6778e-03   -7.7501e-04
   4.0000e-01   -1.5000e+00    2.6000e+00    6.2374e-01    2.9344e+00    1.1054e-04   -1.9652e-03    1.6039e-04   -2.0444e-03
   4.0000e-01   -1.5000e+00    2.6000e+00    4.6930e-01    2.9631e+00    1.9630e-03   -5.5393e-04    1.9802e-03   -6.0977e-04
   4.0000e-01   -1.5000e+00    2.6000e+00    3.1359e-01    2.9836e+00    1.1865e-03    1.7569e-03    1.1315e-03    1.6296e-03
   4.0000e-01   -1.5000e+00    2.6000e+00    1.5701e-01    2.9959e+00   -1.3564e-03    1.7461e-03   -1.4297e-03    1.5482e-03
   4.0000e-01   -1.5000e+00    2.6000e+00    0.0000e+00    3.0000e+00   -2.1688e-03   -8.1403e-04   -2.1069e-03   -9.4646e-04
   4.0000e-01   -1.5000e+00    2.6000e+00   -2.5981e+00    1.5000e+00   -2.1833e-03   -7.6948e-04   -2.0827e-03   -9.5810e-04
   4.0000e-01   -1.5000e+00    2.6000e+00   -2.6730e+00    1.3620e+00   -1.3295e-03    1.7655e-03   -1.2259e-03    1.5763e-03
   4.0000e-01   -1.5000e+00    2.6000e+00   -2.7406e+00    1.2202e+00    1.2236e-03    1.7301e-03    1.3694e-03    1.5220e-03
   4.0000e-01   -1.5000e+00    2.6000e+00   -2.8007e+00    1.0751e+00    1.9540e-03   -5.8306e-04    2.0033e-03   -8.1917e-04
   4.0000e-01   -1.5000e+00    2.6000e+00   -2.8532e+00    9.2705e-01    8.0721e-05   -1.9659e-03    3.3369e-05   -2.2180e-03
   4.0000e-01   -1.5000e+00    2.6000e+00   -2.8978e+00    7.7646e-01   -1.7603e-03   -7.2619e-04   -1.7729e-03   -1.0476e-03
   4.0000e-01   -1.5000e+00    2.6000e+00   -2.9344e+00    6.2374e-01   -1.2680e-03    1.3436e-03   -1.3651e-03    1.0748e-03
   4.0000e-01   -1.5000e+00    2.6000e+00   -2.9631e+00    4.6930e-01    7.6992e-04    1.6221e-03    6.8248e-04    1.2406e-03
   4.0000e-01   -1.5000e+00    2.6000e+00   -2.9836e+00    3.1359e-01    1.7458e-03   -9.4569e-05    1.6254e-03   -4.6962e-04
   4.0000e-01   -1.5000e+00    2.6000e+00   -2.9959e+00    1.5701e-01    5.9040e-04   -1.6001e-03    4.7957e-04   -1.9760e-03
   4.0000e-01   -1.5000e+00    2.6000e+00   -3.0000e+00    0.0000e+00   -1.1975e-03   -1.1583e-03   -1.3117e-03   -1.4822e-03
   4.0000e-01   -1.5000e+00    2.6000e+00   -2.9959e+00   -1.5701e-01   -1.5295e-03    5.6347e-04   -1.5879e-03    2.2413e-04
   4.0000e-01   -1.5000e+00    2.6000e+00   -2.9836e+00   -3.1359e-01   -1.7212e-04    1.5873e-03   -2.9975e-04    1.1950e-03
   4.0000e-01   -1.5000e+00    2.6000e+00   -2.9631e+00   -4.6930e-01    1.3105e-03    8.5643e-04    1.3104e-03    4.8766e-04
   4.0000e-01   -1.5000e+00    2.6000e+00   -2.9344e+00   -6.2374e-01    1.3489e-03   -7.3627e-04    1.3118e-03   -1.1521e-03
   4.0000e-01   -1.5000e+00    2.6000e+00   -2.8978e+00   -7.7646e-01    2.5923e-05   -1.5097e-03    7.7747e-05   -1.8943e-03
   4.0000e-01   -1.5000e+00    2.6000e+00   -2.8532e+00   -9.2705e-01   -1.2580e-03   -7.8959e-04   -1.1848e-03   -1.1435e-03
   4.0000e-01   -1.5000e+00    2.6000e+00   -2.8007e+00   -1.0751e+00   -1.3125e-03    6.4443e-04   -1.2381e-03    3.1255e-04
   4.0000e-01   -1.5000e+00    2.6000e+00   -2.7406e+00   -1.2202e+00   -1.8055e-04    1.4292e-03   -1.0634e-04    1.1833e-03
   4.0000e-01   -1.5000e+00    2.6000e+00   -2.6730e+00   -1.3620e+00    1.0637e-03    9.4059e-04    1.2075e-03    7.1856e-04
   4.0000e-01   -1.5000e+00    2.6000e+00   -2.5981e+00   -1.5000e+00    1.3693e-03   -2.9762e-04    1.4905e-03   -5.4860e-04
   4.0000e-01   -1.5000e+00    2.6000e+00   -2.5160e+00   -1.6339e+00    5.9038e-04   -1.2511e-03    7.2925e-04   -1.4671e-03
   4.0000e-01   -1.5000e+00    2.6000e+00   -2.4271e+00   -1.7634e+00   -6.0332e-04   -1.2263e-03   -4.2623e-04   -1.3352e-03
   4.0000e-01   -1.5000e+00    2.6000e+00   -2.3314e+00   -1.8880e+00   -1.3117e-03   -3.2360e-04   -1.1809e-03   -4.1503e-04
   4.0000e-01   -1.5000e+00    2.6000e+00   -2.2294e+00   -2.0074e+00   -1.1082e-03    7.4689e-04   -9.5375e-04    7.0024e-04
   4.0000e-01   -1.5000e+00    2.6000e+00   -2.1213e+00   -2.1213e+00   -2.1792e-04    1.3048e-03   -1.0586e-04    1.4048e-03
   4.0000e-01   -1.5000e+00    2.6000e+00   -2.0074e+00   -2.2294e+00    7.6883e-04    1.0606e-03    8.5068e-04    1.1510e-03
   4.0000e-01   -1.5000e+00    2.6000e+00   -1.8880e+00   -2.3314e+00    1.2768e-03    2.3187e-04    1.4551e-03    3.3113e-04
   4.0000e-01   -1.5000e+00    2.6000e+00   -1.7634e+00   -2.4271e+00    1.0995e-03   -6.6784e-04    1.1203e-03   -3.5825e-04
   4.0000e-01   -1.5000e+00    2.6000e+00   -1.6339e+00   -2.5160e+00    4.0737e-04   -1.2093e-03    4.2952e-04   -8.7682e-04
   4.0000e-01   -1.5000e+00    2.6000e+00   -1.5000e+00   -2.5981e+00   -4.3574e-04   -1.1886e-03   -3.4691e-04   -8.3132e-04
   4.0000e-01   -1.5000e+00    2.6000e+00   -1.3620e+00   -2.6730e+00   -1.0538e-03   -6.8481e-04   -1.0860e-03   -2.1977e-04
   4.0000e-01   -1.5000e+00    2.6000e+00   -1.2202e+00   -2.7406e+00   -1.2475e-03    4.4210e-05   -1.2860e-03    5.4093e-04
   4.0000e-01   -1.5000e+00    2.6000e+00   -1.0751e+00   -2.8007e+00   -1.0121e-03    7.1689e-04   -1.0736e-03    1.2463e-03
   4.0000e-01   -1.5000e+00    2.6000e+00   -9.2705e-01   -2.8532e+00   -4.8304e-04    1.1341e-03   -5.4122e-04    1.7985e-03
   4.0000e-01   -1.5000e+00    2.6000e+00   -7.7646e-01   -2.8978e+00    1.4582e-04    1.2170e-03    5.4968e-05    1.8952e-03
   4.0000e-01   -1.5000e+00    2.6000e+00   -6.2374e-01   -2.9344e+00    6.9145e-04    1.0045e-03    6.1538e-04    1.7160e-03
   4.0000e-01   -1.5000e+00    2.6000e+00   -4.6930e-01   -2.9631e+00    1.0585e-03    5.9339e-04    9.4824e-04    1.3592e-03
   4.0000e-01   -1.5000e+00    2.6000e+00   -3.1359e-01   -2.9836e+00    1.2032e-03    1.1026e-04    1.1553e-03    9.0518e-04
   4.0000e-01   -1.5000e+00    2.6000e+00   -1.5701e-01   -2.9959e+00    1.1499e-03   -3.5504e-04    1.0544e-03    4.5531e-04
   4.0000e-01   -1.5000e+00    2.6000e+00    0.0000e+00   -3.0000e+00    9.4572e-04   -7.3696e-04    8.6052e-04    5.4459e-05
   4.0000e-01   -1.5000e+00    2.6000e+00    1.5701e-01   -2.9959e+00    6.6621e-04   -9.9212e-04    5.7556e-04   -1.3622e-04
   4.0000e-01   -1.5000e+00    2.6000e+00    3.1359e-01   -2.9836e+00    3.5608e-04   -1.1370e-03    3.0214e-04   -3.1970e-04
   4.0000e-01   -1.5000e+00    2.6000e+00    4.6930e-01   -2.9631e+00    4.9619e-05   -1.1873e-03    3.3773e-05   -4.4192e-04
   4.0000e-01   -1.5000e+00    2.6000e+00    6.2374e-01   -2.9344e+00   -2.1394e-04   -1.1662e-03   -1.9379e-04   -3.5312e-04
   4.0000e-01   -1.5000e+00    2.6000e+00    7.7646e-01   -2.8978e+00   -4.3067e-04   -1.1021e-03   -3.6743e-04   -4.0225e-04
   4.0000e-01   -1.5000e+00    2.6000e+00    9.2705e-01   -2.8532e+00   -5.8897e-04   -1.0243e-03   -4.8795e-04   -3.5692e-04
   4.0000e-01   -1.5000e+00    2.6000e+00    1.0751e+00   -2.8007e+00   -7.0843e-04   -9.4407e-04   -5.4000e-04   -3.3079e-04
   4.0000e-01   -1.5000e+00    2.6000e+00    1.2202e+00   -2.7406e+00   -7.8637e-04   -8.7892e-04   -5.8721e-04   -3.2346e-04
   4.0000e-01   -1.5000e+00    2.6000e+00    1.3620e+00   -2.6730e+00   -8.3304e-04   -8.3365e-04   -5.7562e-04   -3.0766e-04
   4.0000e-01   -1.5000e+00    2.6000e+00    1.5000e+00   -2.5981e+00   -8.4487e-04   -8.2143e-04   -5.5819e-04   -3.4060e-04
   4.0000e-01   -1.5000e+00    2.6000e+00    1.6339e+00   -2.5160e+00   -8.2731e-04   -8.3950e-04   -5.2327e-04   -3.9290e-04
   4.0000e-01   -1.5000e+00    2.6000e+00    1.7634e+00   -2.4271e+00   -7.8645e-04   -8.7864e-04   -4.3782e-04   -4.7704e-04
   4.0000e-01   -1.5000e+00    2.6000e+00    1.8880e+00   -2.3314e+00   -7.1412e-04   -9.3963e-04   -3.6967e-04   -6.3315e-04
   4.0000e-01   -1.5000e+00    2.6000e+00    2.0074e+00   -2.2294e+00   -5.8980e-04   -1.0240e-03   -2.6541e-04   -7.6839e-04
   4.0000e-01   -1.5000e+00    2.6000e+00    2.1213e+00   -2.1213e+00   -4.1965e-04   -1.1066e-03   -4.9714e-05   -9.0126e-04
   4.0000e-01   -1.5000e+00    2.6000e+00    2.2294e+00   -2.0074e+00   -2.0979e-04   -1.1670e-03    1.6670e-04   -9.8121e-04
   4.0000e-01   -1.5000e+00    2.6000e+00    2.3314e+00   -1.8880e+00    4.5286e-05   -1.1875e-03    3.9615e-04   -1.0678e-03
   4.0000e-01   -1.5000e+00    2.6000e+00    2.4271e+00   -1.7634e+00    3.5316e-04   -1.1380e-03    5.9551e-04   -1.0161e-03
   4.0000e-01   -1.5000e+00    2.6000e+00    2.5160e+00   -1.6339e+00    6.7109e-04   -9.8895e-04    9.0868e-04   -8.3908e-04
   4.0000e-01   -1.5000e+00    2.6000e+00    2.5981e+00   -1.5000e+00    9.5167e-04   -7.2950e-04    1.0920e-03   -6.2899e-04
   4.0000e-01   -1.5000e+00    2.6000e+00    2.6730e+00   -1.3620e+00    1.1496e-03   -3.5574e-04    1.2272e-03   -2.1833e-04
   4.0000e-01   -1.5000e+00    2.6000e+00    2.7406e+00   -1.2202e+00    1.2031e-03    1.1482e-04    1.2420e-03    2.2161e-04
   4.0000e-01   -1.5000e+00    2.6000e+00    2.8007e+00   -1.0751e+00    1.0544e-03    6.0144e-04    9.7675e-04    7.1288e-04
   4.0000e-01   -1.5000e+00    2.6000e+00    2.8532e+00   -9.2705e-01    6.8221e-04    1.0111e-03    5.5534e-04    1.1271e-03
   4.0000e-01   -1.5000e+00    2.6000e+00    2.8978e+00   -7.7646e-01    1.3649e-04    1.2184e-03   -7.6333e-05    1.3877e-03
   4.0000e-01   -1.5000e+00    2.6000e+00    2.9344e+00   -6.2374e-01   -4.9114e-04    1.1310e-03   -7.6995e-04    1.2894e-03
   4.0000e-01   -1.5000e+00    2.6000e+00    2.9631e+00   -4.6930e-01   -1.0180e-03    7.0874e-04   -1.2751e-03    8.4282e-04
   4.0000e-01   -1.5000e+00    2.6000e+00    2.9836e+00   -3.1359e-01   -1.2483e-03    2.5146e-05   -1.5288e-03    1.3762e-04
   4.0000e-01   -1.5000e+00    2.6000e+00    2.9959e+00   -1.5701e-01   -1.0448e-03   -6.9934e-04   -1.4318e-03   -6.3307e-04
   4.0000e-01   -2.6000e+00    1.5000e+00    3.0000e+00    0.0000e+00    9.4369e-04   -7.3949e-04    7.0593e-04    2.7485e-05
   4.0000e-01   -2.6000e+00    1.5000e+00    2.9959e+00    1.5701e-01    1.1499e-03   -3.5504e-04    8.3569e-04    3.2811e-04
   4.0000e-01   -2.6000e+00    1.5000e+00    2.9836e+00    3.1359e-01    1.2032e-03    1.1026e-04    9.6545e-04    8.7248e-04
   4.0000e-01   -2.6000e+00    1.5000e+00    2.9631e+00    4.6930e-01    1.0585e-03    5.9339e-04    7.6482e-04    1.3393e-03
   4.0000e-01   -2.6000e+00    1.5000e+00    2.9344e+00    6.2374e-01    6.9145e-04    1.0045e-03    4.0285e-04    1.6901e-03
   4.0000e-01   -2.6000e+00    1.5000e+00    2.8978e+00    7.7646e-01    1.4582e-04    1.2170e-03   -2.1814e-04    1.9305e-03
   4.0000e-01   -2.6000e+00    1.5000e+00    2.8532e+00    9.2705e-01   -4.8304e-04    1.1341e-03   -7.6817e-04    1.7202e-03
   4.0000e-01   -2.6000e+00    1.5000e+00    2.8007e+00    1.0751e+00   -1.0121e-03    7.1689e-04   -1.2855e-03    1.3015e-03
   4.0000e-01   -2.6000e+00    1.5000e+00    2.7406e+00    1.2202e+00   -1.2475e-03    4.4210e-05   -1.5008e-03    5.9640e-04
   4.0000e-01   -2.6000e+00    1.5000e+00    2.6730e+00    1.3620e+00   -1.0538e-03   -6.8481e-04   -1.2468e-03   -1.6812e-04
   4.0000e-01   -2.6000e+00    1.5000e+00    2.5981e+00    1.5000e+00   -4.3574e-04   -1.1886e-03   -6.5369e-04   -6.8299e-04
   4.0000e-01   -2.6000e+00    1.5000e+00    2.5160e+00    1.6339e+00    4.0737e-04   -1.2093e-03    2.8619e-04   -8.2360e-04
   4.0000e-01   -2.6000e+00    1.5000e+00    2.4271e+00    1.7634e+00    1.0995e-03   -6.6784e-04    1.0168e-03   -2.4381e-04
   4.0000e-01   -2.6000e+00    1.5000e+00    2.3314e+00    1.8880e+00    1.2768e-03    2.3187e-04    1.2133e-03    5.8487e-04
   4.0000e-01   -2.6000e+00    1.5000e+00    2.2294e+00    2.0074e+00    7.6883e-04    1.0606e-03    7.1478e-04    1.2967e-03
   4.0000e-01   -2.6000e+00    1.5000e+00    2.1213e+00    2.1213e+00   -2.1792e-04    1.3048e-03   -1.9787e-04    1.5529e-03
   4.0000e-01   -2.6000e+00    1.5000e+00    2.0074e+00    2.2294e+00   -1.1082e-03    7.4689e-04   -1.0672e-03    9.4148e-04
   4.0000e-01   -2.6000e+00    1.5000e+00    1.8880e+00    2.3314e+00   -1.3117e-03   -3.2360e-04   -1.2781e-03   -1.6335e-04
   4.0000e-01   -2.6000e+00    1.5000e+00    1.7634e+00    2.4271e+00   -6.0332e-04   -1.2263e-03   -5.5465e-04   -1.0888e-03
   4.0000e-01   -2.6000e+00    1.5000e+00    1.6339e+00    2.5160e+00    5.9038e-04   -1.2511e-03    6.2729e-04   -1.2445e-03
   4.0000e-01   -2.6000e+00    1.5000e+00    1.5000e+00    2.5981e+00    1.3693e-03   -2.9762e-04    1.4210e-03   -3.3327e-04
   4.0000e-01   -2.6000e+00    1.5000e+00    1.3620e+00    2.6730e+00    1.0637e-03    9.4059e-04    1.0061e-03    8.6677e-04
   4.0000e-01   -2.6000e+00    1.5000e+00    1.2202e+00    2.7406e+00   -1.8055e-04    1.4292e-03   -1.8166e-04    1.3226e-03
   4.0000e-01   -2.6000e+00    1.5000e+00    1.0751e+00    2.8007e+00   -1.3125e-03    6.4443e-04   -1.3770e-03    5.1750e-04
   4.0000e-01   -2.6000e+00    1.5000e+00    9.2705e-01    2.8532e+00   -1.2580e-03   -7.8959e-04   -1.2512e-03   -9.1624e-04
   4.0000e-01   -2.6000e+00    1.5000e+00    7.7646e-01    2.8978e+00    2.5923e-05   -1.5097e-03   -4.1382e-05   -1.6661e-03
   4.0000e-01   -2.6000e+00    1.5000e+00    6.2374e-01    2.9344e+00    1.3489e-03   -7.3627e-04    1.2357e-03   -9.8637e-04
   4.0000e-01   -2.6000e+00    1.5000e+00    4.6930e-01    2.9631e+00    1.3105e-03    8.5643e-04    1.2085e-03    5.7529e-04
   4.0000e-01   -2.6000e+00    1.5000e+00    3.1359e-01    2.9836e+00   -1.7212e-04    1.5873e-03   -3.1115e-04    1.3250e-03
   4.0000e-01   -2.6000e+00    1.5000e+00    1.5701e-01    2.9959e+00   -1.5295e-03    5.6347e-04   -1.7146e-03    2.7281e-04
   4.0000e-01   -2.6000e+00    1.5000e+00    0.0000e+00    3.0000e+00   -1.1872e-03   -1.1693e-03   -1.3343e-03   -1.5070e-03
   4.0000e-01   -2.6000e+00    1.5000e+00   -1.5701e-01    2.9959e+00    5.9040e-04   -1.6001e-03    4.0851e-04   -1.8952e-03
   4.0000e-01   -2.6000e+00    1.5000e+00   -3.1359e-01    2.9836e+00    1.7458e-03   -9.4569e-05    1.5317e-03   -3.7632e-04
   4.0000e-01   -2.6000e+00    1.5000e+00   -4.6930e-01    2.9631e+00    7.6992e-04    1.6221e-03    6.0644e-04    1.3435e-03
   4.0000e-01   -2.6000e+00    1.5000e+00   -6.2374e-01    2.9344e+00   -1.2680e-03    1.3436e-03   -1.4097e-03    1.1272e-03
   4.0000e-01   -2.6000e+00    1.5000e+00   -7.7646e-01    2.8978e+00   -1.7603e-03   -7.2619e-04   -1.8987e-03   -9.6636e-04
   4.0000e-01   -2.6000e+00    1.5000e+00   -9.2705e-01    2.8532e+00    8.0721e-05   -1.9659e-03    -5.3316e-05   -2.1919e-03
   4.0000e-01   -2.6000e+00    1.5000e+00   -1.0751e+00    2.8007e+00    1.9540e-03   -5.8306e-04    1.8680e-03   -7.8841e-04
   4.0000e-01   -2.6000e+00    1.5000e+00   -1.2202e+00    2.7406e+00    1.2236e-03    1.7301e-03    1.2473e-03    1.5222e-03
   4.0000e-01   -2.6000e+00    1.5000e+00   -1.3620e+00    2.6730e+00   -1.3295e-03    1.7655e-03   -1.2767e-03    1.5658e-03
   4.0000e-01   -2.6000e+00    1.5000e+00   -1.5000e+00    2.5981e+00   -2.1833e-03   -7.6948e-04   -1.9807e-03   -9.3563e-04
   4.0000e-01   -2.6000e+00    1.5000e+00   -3.0000e+00    0.0000e+00   -2.1761e-03   -7.9174e-04   -2.1044e-03   -9.9222e-04
   4.0000e-01   -2.6000e+00    1.5000e+00   -2.9959e+00   -1.5701e-01   -1.3564e-03    1.7461e-03   -1.2667e-03    1.5786e-03
   4.0000e-01   -2.6000e+00    1.5000e+00   -2.9836e+00   -3.1359e-01    1.1865e-03    1.7569e-03    1.1969e-03    1.5483e-03
   4.0000e-01   -2.6000e+00    1.5000e+00   -2.9631e+00   -4.6930e-01    1.9630e-03   -5.5393e-04    1.9641e-03   -7.3690e-04
   4.0000e-01   -2.6000e+00    1.5000e+00   -2.9344e+00   -6.2374e-01    1.1054e-04   -1.9652e-03    9.7092e-05   -2.2187e-03
   4.0000e-01   -2.6000e+00    1.5000e+00   -2.8978e+00   -7.7646e-01   -1.7501e-03   -7.5174e-04   -1.7191e-03   -9.1368e-04
   4.0000e-01   -2.6000e+00    1.5000e+00   -2.8532e+00   -9.2705e-01   -1.2896e-03    1.3234e-03   -1.2253e-03    1.1955e-03
   4.0000e-01   -2.6000e+00    1.5000e+00   -2.8007e+00   -1.0751e+00    7.4655e-04    1.6336e-03    7.8120e-04    1.4508e-03
   4.0000e-01   -2.6000e+00    1.5000e+00   -2.7406e+00   -1.2202e+00    1.7479e-03   -6.5610e-05    1.8045e-03   -2.2022e-04
   4.0000e-01   -2.6000e+00    1.5000e+00   -2.6730e+00   -1.3620e+00    6.0446e-04   -1.5949e-03    7.3805e-04   -1.7768e-03
   4.0000e-01   -2.6000e+00    1.5000e+00   -2.5981e+00   -1.5000e+00   -1.1741e-03   -1.1830e-03   -1.0055e-03   -1.3750e-03
   4.0000e-01   -2.6000e+00    1.5000e+00   -2.5160e+00   -1.6339e+00   -1.5366e-03    5.4454e-04   -1.3782e-03    4.3136e-04
   4.0000e-01   -2.6000e+00    1.5000e+00   -2.4271e+00   -1.7634e+00   -1.7921e-04    1.5865e-03    6.7971e-05    1.4035e-03
   4.0000e-01   -2.6000e+00    1.5000e+00   -2.3314e+00   -1.8880e+00    1.3043e-03    8.6592e-04    1.4840e-03    6.7354e-04
   4.0000e-01   -2.6000e+00    1.5000e+00   -2.2294e+00   -2.0074e+00    1.3609e-03   -7.1419e-04    1.6295e-03   -8.9901e-04
   4.0000e-01   -2.6000e+00    1.5000e+00   -2.1213e+00   -2.1213e+00    5.1079e-05   -1.5095e-03    3.4014e-04   -1.6635e-03
   4.0000e-01   -2.6000e+00    1.5000e+00   -2.0074e+00   -2.2294e+00   -1.2538e-03   -7.9658e-04   -1.0099e-03   -1.0212e-03
   4.0000e-01   -2.6000e+00    1.5000e+00   -1.8880e+00   -2.3314e+00   -1.3172e-03    6.3451e-04   -1.1032e-03    4.0226e-04
   4.0000e-01   -2.6000e+00    1.5000e+00   -1.7634e+00   -2.4271e+00   -1.9660e-04    1.4270e-03    4.6406e-05    1.1888e-03
   4.0000e-01   -2.6000e+00    1.5000e+00   -1.6339e+00   -2.5160e+00    1.0470e-03    9.5984e-04    1.1668e-03    7.4881e-04
   4.0000e-01   -2.6000e+00    1.5000e+00   -1.5000e+00   -2.5981e+00    1.3722e-03   -2.8374e-04    1.5090e-03   -5.3231e-04
   4.0000e-01   -2.6000e+00    1.5000e+00   -1.3620e+00   -2.6730e+00    6.0104e-04   -1.2461e-03    6.2481e-04   -1.4369e-03
   4.0000e-01   -2.6000e+00    1.5000e+00   -1.2202e+00   -2.7406e+00   -5.8815e-04   -1.2341e-03   -5.1885e-04   -1.5055e-03
   4.0000e-01   -2.6000e+00    1.5000e+00   -1.0751e+00   -2.8007e+00   -1.3063e-03   -3.4671e-04   -1.3105e-03   -6.1105e-04
   4.0000e-01   -2.6000e+00    1.5000e+00   -9.2705e-01   -2.8532e+00   -1.1146e-03    7.3777e-04   -1.2288e-03    4.4527e-04
   4.0000e-01   -2.6000e+00    1.5000e+00   -7.7646e-01   -2.8978e+00   -2.2398e-04    1.3038e-03   -3.1684e-04    1.1304e-03
   4.0000e-01   -2.6000e+00    1.5000e+00   -6.2374e-01   -2.9344e+00    7.5414e-04    1.0715e-03    5.7106e-04    8.7843e-04
   4.0000e-01   -2.6000e+00    1.5000e+00   -4.6930e-01   -2.9631e+00    1.2735e-03    2.5155e-04    1.1180e-03    5.0915e-05
   4.0000e-01   -2.6000e+00    1.5000e+00   -3.1359e-01   -2.9836e+00    1.1074e-03   -6.5540e-04    8.0782e-04   -8.0581e-04
   4.0000e-01   -2.6000e+00    1.5000e+00   -1.5701e-01   -2.9959e+00    4.1838e-04   -1.2058e-03    1.5137e-04   -1.3498e-03
   4.0000e-01   -2.6000e+00    1.5000e+00    0.0000e+00   -3.0000e+00   -4.2502e-04   -1.1930e-03   -7.8227e-04   -1.3290e-03
   4.0000e-01   -2.6000e+00    1.5000e+00    1.5701e-01   -2.9959e+00   -1.0448e-03   -6.9934e-04   -1.3316e-03   -7.6087e-04
   4.0000e-01   -2.6000e+00    1.5000e+00    3.1359e-01   -2.9836e+00   -1.2483e-03    2.5146e-05   -1.6126e-03   -8.2869e-05
   4.0000e-01   -2.6000e+00    1.5000e+00    4.6930e-01   -2.9631e+00   -1.0180e-03    7.0874e-04   -1.3374e-03    6.6888e-04
   4.0000e-01   -2.6000e+00    1.5000e+00    6.2374e-01   -2.9344e+00   -4.9114e-04    1.1310e-03   -6.6206e-04    1.1051e-03
   4.0000e-01   -2.6000e+00    1.5000e+00    7.7646e-01   -2.8978e+00    1.3649e-04    1.2184e-03   -6.5678e-05    1.1974e-03
   4.0000e-01   -2.6000e+00    1.5000e+00    9.2705e-01   -2.8532e+00    6.8221e-04    1.0111e-03    6.2718e-04    1.0185e-03
   4.0000e-01   -2.6000e+00    1.5000e+00    1.0751e+00   -2.8007e+00    1.0544e-03    6.0144e-04    9.5396e-04    6.5825e-04
   4.0000e-01   -2.6000e+00    1.5000e+00    1.2202e+00   -2.7406e+00    1.2031e-03    1.1482e-04    1.1455e-03    2.1677e-04
   4.0000e-01   -2.6000e+00    1.5000e+00    1.3620e+00   -2.6730e+00    1.1496e-03   -3.5574e-04    1.2160e-03   -2.9151e-04
   4.0000e-01   -2.6000e+00    1.5000e+00    1.5000e+00   -2.5981e+00    9.5167e-04   -7.2950e-04    1.0734e-03   -6.8058e-04
   4.0000e-01   -2.6000e+00    1.5000e+00    1.6339e+00   -2.5160e+00    6.7109e-04   -9.8895e-04    8.6866e-04   -9.2947e-04
   4.0000e-01   -2.6000e+00    1.5000e+00    1.7634e+00   -2.4271e+00    3.5316e-04   -1.1380e-03    6.2508e-04   -9.9059e-04
   4.0000e-01   -2.6000e+00    1.5000e+00    1.8880e+00   -2.3314e+00    4.5286e-05   -1.1875e-03    3.7545e-04   -1.0186e-03
   4.0000e-01   -2.6000e+00    1.5000e+00    2.0074e+00   -2.2294e+00   -2.0979e-04   -1.1670e-03    1.6182e-04   -9.0131e-04
   4.0000e-01   -2.6000e+00    1.5000e+00    2.1213e+00   -2.1213e+00   -4.1965e-04   -1.1066e-03    7.2435e-05   -8.5761e-04
   4.0000e-01   -2.6000e+00    1.5000e+00    2.2294e+00   -2.0074e+00   -5.8980e-04   -1.0240e-03   -8.1313e-05   -7.4798e-04
   4.0000e-01   -2.6000e+00    1.5000e+00    2.3314e+00   -1.8880e+00   -7.1412e-04   -9.3963e-04   -2.4453e-04   -6.4922e-04
   4.0000e-01   -2.6000e+00    1.5000e+00    2.4271e+00   -1.7634e+00   -7.8645e-04   -8.7864e-04   -2.8696e-04   -4.9453e-04
   4.0000e-01   -2.6000e+00    1.5000e+00    2.5160e+00   -1.6339e+00   -8.2731e-04   -8.3950e-04   -4.1996e-04   -4.2930e-04
   4.0000e-01   -2.6000e+00    1.5000e+00    2.5981e+00   -1.5000e+00   -8.4487e-04   -8.2143e-04   -4.4131e-04   -4.0938e-04
   4.0000e-01   -2.6000e+00    1.5000e+00    2.6730e+00   -1.3620e+00   -8.3304e-04   -8.3365e-04   -4.5623e-04   -4.1701e-04
   4.0000e-01   -2.6000e+00    1.5000e+00    2.7406e+00   -1.2202e+00   -7.8637e-04   -8.7892e-04   -4.8262e-04   -2.8193e-04
   4.0000e-01   -2.6000e+00    1.5000e+00    2.8007e+00   -1.0751e+00   -7.0843e-04   -9.4407e-04   -4.3862e-04   -4.1529e-04
   4.0000e-01   -2.6000e+00    1.5000e+00    2.8532e+00   -9.2705e-01   -5.8897e-04   -1.0243e-03   -3.8695e-04   -4.1308e-04
   4.0000e-01   -2.6000e+00    1.5000e+00    2.8978e+00   -7.7646e-01   -4.3067e-04   -1.1021e-03   -3.3100e-04   -4.8126e-04
   4.0000e-01   -2.6000e+00    1.5000e+00    2.9344e+00   -6.2374e-01   -2.1394e-04   -1.1662e-03   -1.7899e-04   -5.1485e-04
   4.0000e-01   -2.6000e+00    1.5000e+00    2.9631e+00   -4.6930e-01    4.9619e-05   -1.1873e-03    5.8942e-06   -4.6277e-04
   4.0000e-01   -2.6000e+00    1.5000e+00    2.9836e+00   -3.1359e-01    3.5608e-04   -1.1370e-03    2.7694e-04   -4.6681e-04
   4.0000e-01   -2.6000e+00    1.5000e+00    2.9959e+00   -1.5701e-01    6.6621e-04   -9.9212e-04    4.8176e-04   -2.0476e-04
   4.0000e-01   -3.0000e+00    0.0000e+00    3.0000e+00    0.0000e+00   -8.3757e-04   -8.2903e-04   -8.9222e-04    7.5899e-04
   4.0000e-01   -3.0000e+00    0.0000e+00    2.9959e+00    1.5701e-01   -8.1703e-04   -8.4967e-04   -8.9152e-04    7.5604e-04
   4.0000e-01   -3.0000e+00    0.0000e+00    2.9836e+00    3.1359e-01   -7.7087e-04   -8.9239e-04   -9.1470e-04    5.6303e-04
   4.0000e-01   -3.0000e+00    0.0000e+00    2.9631e+00    4.6930e-01   -6.9606e-04   -9.5308e-04   -8.3688e-04    4.7202e-04
   4.0000e-01   -3.0000e+00    0.0000e+00    2.9344e+00    6.2374e-01   -5.7669e-04   -1.0315e-03   -7.1937e-04    4.2673e-04
   4.0000e-01   -3.0000e+00    0.0000e+00    2.8978e+00    7.7646e-01   -4.1515e-04   -1.1082e-03   -5.6044e-04    1.6759e-04
   4.0000e-01   -3.0000e+00    0.0000e+00    2.8532e+00    9.2705e-01   -1.9547e-04   -1.1695e-03   -4.0980e-04    -4.0848e-05
   4.0000e-01   -3.0000e+00    0.0000e+00    2.8007e+00    1.0751e+00    6.7580e-05   -1.1866e-03   -1.8508e-04   -4.2335e-05
   4.0000e-01   -3.0000e+00    0.0000e+00    2.7406e+00    1.2202e+00    3.6684e-04   -1.1338e-03    1.9980e-04   -1.7056e-04
   4.0000e-01   -3.0000e+00    0.0000e+00    2.6730e+00    1.3620e+00    6.7571e-04   -9.8563e-04    4.6065e-04   -1.3844e-04
   4.0000e-01   -3.0000e+00    0.0000e+00    2.5981e+00    1.5000e+00    9.5855e-04   -7.2032e-04    7.3120e-04    6.2316e-05
   4.0000e-01   -3.0000e+00    0.0000e+00    2.5160e+00    1.6339e+00    1.1556e-03   -3.3655e-04    9.2466e-04    2.1311e-04
   4.0000e-01   -3.0000e+00    0.0000e+00    2.4271e+00    1.7634e+00    1.2019e-03    1.2507e-04    9.8181e-04    5.7470e-04
   4.0000e-01   -3.0000e+00    0.0000e+00    2.3314e+00    1.8880e+00    1.0529e-03    6.0373e-04    7.6675e-04    9.8187e-04
   4.0000e-01   -3.0000e+00    0.0000e+00    2.2294e+00    2.0074e+00    6.7754e-04    1.0143e-03    3.8826e-04    1.3137e-03
   4.0000e-01   -3.0000e+00    0.0000e+00    2.1213e+00    2.1213e+00    1.1730e-04    1.2206e-03   -2.4085e-04    1.4556e-03
   4.0000e-01   -3.0000e+00    0.0000e+00    2.0074e+00    2.2294e+00   -5.0287e-04    1.1258e-03   -7.9759e-04    1.3339e-03
   4.0000e-01   -3.0000e+00    0.0000e+00    1.8880e+00    2.3314e+00   -1.0189e-03    7.0739e-04   -1.3345e-03    9.2493e-04
   4.0000e-01   -3.0000e+00    0.0000e+00    1.7634e+00    2.4271e+00   -1.2482e-03    2.4710e-05   -1.5974e-03    1.7261e-04
   4.0000e-01   -3.0000e+00    0.0000e+00    1.6339e+00    2.5160e+00   -1.0392e-03   -7.0757e-04   -1.4492e-03   -6.1598e-04
   4.0000e-01   -3.0000e+00    0.0000e+00    1.5000e+00    2.5981e+00   -4.1423e-04   -1.1969e-03   -8.4661e-04   -1.1056e-03
   4.0000e-01   -3.0000e+00    0.0000e+00    1.3620e+00    2.6730e+00    4.2008e-04   -1.2051e-03    4.6344e-05   -1.1178e-03
   4.0000e-01   -3.0000e+00    0.0000e+00    1.2202e+00    2.7406e+00    1.1121e-03   -6.4803e-04    6.9038e-04   -5.8121e-04
   4.0000e-01   -3.0000e+00    0.0000e+00    1.0751e+00    2.8007e+00    1.2718e-03    2.6183e-04    8.3371e-04    2.6151e-04
   4.0000e-01   -3.0000e+00    0.0000e+00    9.2705e-01    2.8532e+00    7.4433e-04    1.0785e-03    3.1991e-04    1.1099e-03
   4.0000e-01   -3.0000e+00    0.0000e+00    7.7646e-01    2.8978e+00   -2.3299e-04    1.3025e-03   -6.0278e-04    1.3218e-03
   4.0000e-01   -3.0000e+00    0.0000e+00    6.2374e-01    2.9344e+00   -1.1193e-03    7.3117e-04   -1.6111e-03    6.7230e-04
   4.0000e-01   -3.0000e+00    0.0000e+00    4.6930e-01    2.9631e+00   -1.3042e-03   -3.5471e-04   -1.8022e-03   -3.9294e-04
   4.0000e-01   -3.0000e+00    0.0000e+00    3.1359e-01    2.9836e+00   -5.7218e-04   -1.2418e-03   -1.0573e-03   -1.2554e-03
   4.0000e-01   -3.0000e+00    0.0000e+00    1.5701e-01    2.9959e+00    6.1213e-04   -1.2412e-03    1.6583e-04   -1.3016e-03
   4.0000e-01   -3.0000e+00    0.0000e+00    0.0000e+00    3.0000e+00    1.3746e-03   -2.7437e-04    9.5820e-04   -3.6661e-04
   4.0000e-01   -3.0000e+00    0.0000e+00   -1.5701e-01    2.9959e+00    1.0432e-03    9.6430e-04    6.0403e-04    8.2913e-04
   4.0000e-01   -3.0000e+00    0.0000e+00   -3.1359e-01    2.9836e+00   -2.0201e-04    1.4265e-03   -5.9523e-04    1.2601e-03
   4.0000e-01   -3.0000e+00    0.0000e+00   -4.6930e-01    2.9631e+00   -1.3224e-03    6.2450e-04   -1.6686e-03    4.5805e-04
   4.0000e-01   -3.0000e+00    0.0000e+00   -6.2374e-01    2.9344e+00   -1.2476e-03   -8.0684e-04   -1.5836e-03   -9.9909e-04
   4.0000e-01   -3.0000e+00    0.0000e+00   -7.7646e-01    2.8978e+00    4.8948e-05   -1.5096e-03   -2.2493e-04   -1.7028e-03
   4.0000e-01   -3.0000e+00    0.0000e+00   -9.2705e-01    2.8532e+00    1.3601e-03   -7.1613e-04    9.9291e-04   -1.0233e-03
   4.0000e-01   -3.0000e+00    0.0000e+00   -1.0751e+00    2.8007e+00    1.2982e-03    8.7598e-04    1.1330e-03    4.7185e-04
   4.0000e-01   -3.0000e+00    0.0000e+00   -1.2202e+00    2.7406e+00   -1.8388e-04    1.5864e-03   -3.0280e-04    1.2485e-03
   4.0000e-01   -3.0000e+00    0.0000e+00   -1.3620e+00    2.6730e+00   -1.5368e-03    5.4430e-04   -1.7458e-03    2.0531e-04
   4.0000e-01   -3.0000e+00    0.0000e+00   -1.5000e+00    2.5981e+00   -1.1750e-03   -1.1819e-03   -1.3111e-03   -1.6007e-03
   4.0000e-01   -3.0000e+00    0.0000e+00   -1.6339e+00    2.5160e+00    6.1360e-04   -1.5920e-03    6.0384e-04   -2.0078e-03
   4.0000e-01   -3.0000e+00    0.0000e+00   -1.7634e+00    2.4271e+00    1.7477e-03   -6.6354e-05    1.6806e-03   -4.0535e-04
   4.0000e-01   -3.0000e+00    0.0000e+00   -1.8880e+00    2.3314e+00    7.5192e-04    1.6308e-03    7.7803e-04    1.2051e-03
   4.0000e-01   -3.0000e+00    0.0000e+00   -2.0074e+00    2.2294e+00   -1.2785e-03    1.3340e-03   -1.2874e-03    9.1813e-04
   4.0000e-01   -3.0000e+00    0.0000e+00   -2.1213e+00    2.1213e+00   -1.7497e-03   -7.5343e-04   -1.6519e-03   -1.1835e-03
   4.0000e-01   -3.0000e+00    0.0000e+00   -2.2294e+00    2.0074e+00    1.1527e-04   -1.9650e-03    1.2388e-04   -2.2916e-03
   4.0000e-01   -3.0000e+00    0.0000e+00   -2.3314e+00    1.8880e+00    1.9588e-03   -5.6680e-04    2.0118e-03   -9.0466e-04
   4.0000e-01   -3.0000e+00    0.0000e+00   -2.4271e+00    1.7634e+00    1.2053e-03    1.7432e-03    1.2964e-03    1.4279e-03
   4.0000e-01   -3.0000e+00    0.0000e+00   -2.5160e+00    1.6339e+00   -1.3484e-03    1.7520e-03   -1.3590e-03    1.4910e-03
   4.0000e-01   -3.0000e+00    0.0000e+00   -2.5981e+00    1.5000e+00   -2.1743e-03   -7.9775e-04   -2.0537e-03   -9.1898e-04
   4.0000e-01   -3.0000e+00    0.0000e+00   -2.5981e+00   -1.5000e+00   -2.1743e-03   -7.9775e-04   -2.1025e-03   -9.9811e-04
   4.0000e-01   -3.0000e+00    0.0000e+00   -2.5160e+00   -1.6339e+00   -1.3484e-03    1.7520e-03   -1.2227e-03    1.5200e-03
   4.0000e-01   -3.0000e+00    0.0000e+00   -2.4271e+00   -1.7634e+00    1.2053e-03    1.7432e-03    1.2881e-03    1.3707e-03
   4.0000e-01   -3.0000e+00    0.0000e+00   -2.3314e+00   -1.8880e+00    1.9588e-03   -5.6680e-04    2.0069e-03   -9.0055e-04
   4.0000e-01   -3.0000e+00    0.0000e+00   -2.2294e+00   -2.0074e+00    1.1527e-04   -1.9650e-03    1.1525e-04   -2.3506e-03
   4.0000e-01   -3.0000e+00    0.0000e+00   -2.1213e+00   -2.1213e+00   -1.7497e-03   -7.5343e-04   -1.6472e-03   -1.1574e-03
   4.0000e-01   -3.0000e+00    0.0000e+00   -2.0074e+00   -2.2294e+00   -1.2785e-03    1.3340e-03   -1.3106e-03    8.5762e-04
   4.0000e-01   -3.0000e+00    0.0000e+00   -1.8880e+00   -2.3314e+00    7.5192e-04    1.6308e-03    7.4422e-04    1.1963e-03
   4.0000e-01   -3.0000e+00    0.0000e+00   -1.7634e+00   -2.4271e+00    1.7477e-03   -6.6354e-05    1.6839e-03   -4.6936e-04
   4.0000e-01   -3.0000e+00    0.0000e+00   -1.6339e+00   -2.5160e+00    6.1360e-04   -1.5920e-03    5.6142e-04   -1.9876e-03
   4.0000e-01   -3.0000e+00    0.0000e+00   -1.5000e+00   -2.5981e+00   -1.1750e-03   -1.1819e-03   -1.2607e-03   -1.6121e-03
   4.0000e-01   -3.0000e+00    0.0000e+00   -1.3620e+00   -2.6730e+00   -1.5368e-03    5.4430e-04   -1.6954e-03    1.6749e-04
   4.0000e-01   -3.0000e+00    0.0000e+00   -1.2202e+00   -2.7406e+00   -1.8388e-04    1.5864e-03   -3.5812e-04    1.2811e-03
   4.0000e-01   -3.0000e+00    0.0000e+00   -1.0751e+00   -2.8007e+00    1.2982e-03    8.7598e-04    1.0616e-03    5.3453e-04
   4.0000e-01   -3.0000e+00    0.0000e+00   -9.2705e-01   -2.8532e+00    1.3601e-03   -7.1613e-04    1.1655e-03   -9.9450e-04
   4.0000e-01   -3.0000e+00    0.0000e+00   -7.7646e-01   -2.8978e+00    4.8948e-05   -1.5096e-03   -2.8703e-04   -1.7729e-03
   4.0000e-01   -3.0000e+00    0.0000e+00   -6.2374e-01   -2.9344e+00   -1.2476e-03   -8.0684e-04   -1.6113e-03   -1.0696e-03
   4.0000e-01   -3.0000e+00    0.0000e+00   -4.6930e-01   -2.9631e+00   -1.3224e-03    6.2450e-04   -1.7211e-03    4.0493e-04
   4.0000e-01   -3.0000e+00    0.0000e+00   -3.1359e-01   -2.9836e+00   -2.0201e-04    1.4265e-03   -5.0582e-04    1.3000e-03
   4.0000e-01   -3.0000e+00    0.0000e+00   -1.5701e-01   -2.9959e+00    1.0432e-03    9.6430e-04    6.9096e-04    8.6943e-04
   4.0000e-01   -3.0000e+00    0.0000e+00    0.0000e+00   -3.0000e+00    1.3746e-03   -2.7437e-04    9.4790e-04   -3.6447e-04
   4.0000e-01   -3.0000e+00    0.0000e+00    1.5701e-01   -2.9959e+00    6.1213e-04   -1.2412e-03    1.8001e-04   -1.3631e-03
   4.0000e-01   -3.0000e+00    0.0000e+00    3.1359e-01   -2.9836e+00   -5.7218e-04   -1.2418e-03   -1.0596e-03   -1.2720e-03
   4.0000e-01   -3.0000e+00    0.0000e+00    4.6930e-01   -2.9631e+00   -1.3042e-03   -3.5471e-04   -1.7992e-03   -3.8850e-04
   4.0000e-01   -3.0000e+00    0.0000e+00    6.2374e-01   -2.9344e+00   -1.1193e-03    7.3117e-04   -1.5481e-03    7.3453e-04
   4.0000e-01   -3.0000e+00    0.0000e+00    7.7646e-01   -2.8978e+00   -2.3299e-04    1.3025e-03   -6.6873e-04    1.2524e-03
   4.0000e-01   -3.0000e+00    0.0000e+00    9.2705e-01   -2.8532e+00    7.4433e-04    1.0785e-03    3.2129e-04    1.0788e-03
   4.0000e-01   -3.0000e+00    0.0000e+00    1.0751e+00   -2.8007e+00    1.2718e-03    2.6183e-04    8.0379e-04    2.1020e-04
   4.0000e-01   -3.0000e+00    0.0000e+00    1.2202e+00   -2.7406e+00    1.1121e-03   -6.4803e-04    7.0761e-04   -6.6921e-04
   4.0000e-01   -3.0000e+00    0.0000e+00    1.3620e+00   -2.6730e+00    4.2008e-04   -1.2051e-03    -4.7618e-05   -1.0897e-03
   4.0000e-01   -3.0000e+00    0.0000e+00    1.5000e+00   -2.5981e+00   -4.1423e-04   -1.1969e-03   -8.4850e-04   -1.1406e-03
   4.0000e-01   -3.0000e+00    0.0000e+00    1.6339e+00   -2.5160e+00   -1.0392e-03   -7.0757e-04   -1.4117e-03   -6.1042e-04
   4.0000e-01   -3.0000e+00    0.0000e+00    1.7634e+00   -2.4271e+00   -1.2482e-03    2.4710e-05   -1.6426e-03    1.2664e-04
   4.0000e-01   -3.0000e+00    0.0000e+00    1.8880e+00   -2.3314e+00   -1.0189e-03    7.0739e-04   -1.3295e-03    8.6600e-04
   4.0000e-01   -3.0000e+00    0.0000e+00    2.0074e+00   -2.2294e+00   -5.0287e-04    1.1258e-03   -8.2768e-04    1.2629e-03
   4.0000e-01   -3.0000e+00    0.0000e+00    2.1213e+00   -2.1213e+00    1.1730e-04    1.2206e-03   -2.1195e-04    1.5240e-03
   4.0000e-01   -3.0000e+00    0.0000e+00    2.2294e+00   -2.0074e+00    6.7754e-04    1.0143e-03    3.6059e-04    1.3247e-03
   4.0000e-01   -3.0000e+00    0.0000e+00    2.3314e+00   -1.8880e+00    1.0529e-03    6.0373e-04    7.9483e-04    1.0532e-03
   4.0000e-01   -3.0000e+00    0.0000e+00    2.4271e+00   -1.7634e+00    1.2019e-03    1.2507e-04    9.5568e-04    6.2372e-04
   4.0000e-01   -3.0000e+00    0.0000e+00    2.5160e+00   -1.6339e+00    1.1556e-03   -3.3655e-04    9.3758e-04    3.4294e-04
   4.0000e-01   -3.0000e+00    0.0000e+00    2.5981e+00   -1.5000e+00    9.5855e-04   -7.2032e-04    7.7368e-04    -4.3938e-05
   4.0000e-01   -3.0000e+00    0.0000e+00    2.6730e+00   -1.3620e+00    6.7571e-04   -9.8563e-04    5.7147e-04   -1.8423e-04
   4.0000e-01   -3.0000e+00    0.0000e+00    2.7406e+00   -1.2202e+00    3.6684e-04   -1.1338e-03    1.2496e-04   -1.5491e-04
   4.0000e-01   -3.0000e+00    0.0000e+00    2.8007e+00   -1.0751e+00    6.7580e-05   -1.1866e-03   -1.1994e-04   -8.7829e-05
   4.0000e-01   -3.0000e+00    0.0000e+00    2.8532e+00   -9.2705e-01   -1.9547e-04   -1.1695e-03   -3.2060e-04    6.3178e-05
   4.0000e-01   -3.0000e+00    0.0000e+00    2.8978e+00   -7.7646e-01   -4.1515e-04   -1.1082e-03   -6.0150e-04    1.9841e-04
   4.0000e-01   -3.0000e+00    0.0000e+00    2.9344e+00   -6.2374e-01   -5.7669e-04   -1.0315e-03   -6.8792e-04    4.0180e-04
   4.0000e-01   -3.0000e+00    0.0000e+00    2.9631e+00   -4.6930e-01   -6.9606e-04   -9.5308e-04   -7.9425e-04    5.4751e-04
   4.0000e-01   -3.0000e+00    0.0000e+00    2.9836e+00   -3.1359e-01   -7.7087e-04   -8.9239e-04   -8.8450e-04    6.1634e-04
   4.0000e-01   -3.0000e+00    0.0000e+00    2.9959e+00   -1.5701e-01   -8.1703e-04   -8.4967e-04   -9.9678e-04    7.2779e-04
   4.0000e-01   -2.6000e+00   -1.5000e+00    3.0000e+00    0.0000e+00    9.4572e-04   -7.3696e-04    7.1539e-04    4.4682e-05
   4.0000e-01   -2.6000e+00   -1.5000e+00    2.9959e+00    1.5701e-01    6.6621e-04   -9.9212e-04    4.6723e-04   -2.7623e-04
   4.0000e-01   -2.6000e+00   -1.5000e+00    2.9836e+00    3.1359e-01    3.5608e-04   -1.1370e-03    2.3222e-04   -3.8544e-04
   4.0000e-01   -2.6000e+00   -1.5000e+00    2.9631e+00    4.6930e-01    4.9619e-05   -1.1873e-03    3.9137e-05   -4.8854e-04
   4.0000e-01   -2.6000e+00   -1.5000e+00    2.9344e+00    6.2374e-01   -2.1394e-04   -1.1662e-03   -1.6851e-04   -4.3550e-04
   4.0000e-01   -2.6000e+00   -1.5000e+00    2.8978e+00    7.7646e-01   -4.3067e-04   -1.1021e-03   -3.8284e-04   -4.3331e-04
   4.0000e-01   -2.6000e+00   -1.5000e+00    2.8532e+00    9.2705e-01   -5.8897e-04   -1.0243e-03   -3.6801e-04   -3.7261e-04
   4.0000e-01   -2.6000e+00   -1.5000e+00    2.8007e+00    1.0751e+00   -7.0843e-04   -9.4407e-04   -4.2543e-04   -4.0228e-04
   4.0000e-01   -2.6000e+00   -1.5000e+00    2.7406e+00    1.2202e+00   -7.8637e-04   -8.7892e-04   -4.8640e-04   -3.2605e-04
   4.0000e-01   -2.6000e+00   -1.5000e+00    2.6730e+00    1.3620e+00   -8.3304e-04   -8.3365e-04   -4.7650e-04   -3.5515e-04
   4.0000e-01   -2.6000e+00   -1.5000e+00    2.5981e+00    1.5000e+00   -8.4487e-04   -8.2143e-04   -4.7684e-04   -4.1982e-04
   4.0000e-01   -2.6000e+00   -1.5000e+00    2.5160e+00    1.6339e+00   -8.2731e-04   -8.3950e-04   -3.6111e-04   -4.5037e-04
   4.0000e-01   -2.6000e+00   -1.5000e+00    2.4271e+00    1.7634e+00   -7.8645e-04   -8.7864e-04   -3.3932e-04   -5.2350e-04
   4.0000e-01   -2.6000e+00   -1.5000e+00    2.3314e+00    1.8880e+00   -7.1412e-04   -9.3963e-04   -2.2282e-04   -6.2881e-04
   4.0000e-01   -2.6000e+00   -1.5000e+00    2.2294e+00    2.0074e+00   -5.8980e-04   -1.0240e-03   -1.1623e-04   -7.3378e-04
   4.0000e-01   -2.6000e+00   -1.5000e+00    2.1213e+00    2.1213e+00   -4.1965e-04   -1.1066e-03    1.1650e-05   -8.5192e-04
   4.0000e-01   -2.6000e+00   -1.5000e+00    2.0074e+00    2.2294e+00   -2.0979e-04   -1.1670e-03    1.6019e-04   -9.6371e-04
   4.0000e-01   -2.6000e+00   -1.5000e+00    1.8880e+00    2.3314e+00    4.5286e-05   -1.1875e-03    3.3057e-04   -1.0396e-03
   4.0000e-01   -2.6000e+00   -1.5000e+00    1.7634e+00    2.4271e+00    3.5316e-04   -1.1380e-03    5.9860e-04   -9.8711e-04
   4.0000e-01   -2.6000e+00   -1.5000e+00    1.6339e+00    2.5160e+00    6.7109e-04   -9.8895e-04    9.2927e-04   -8.4801e-04
   4.0000e-01   -2.6000e+00   -1.5000e+00    1.5000e+00    2.5981e+00    9.5167e-04   -7.2950e-04    1.1002e-03   -6.4637e-04
   4.0000e-01   -2.6000e+00   -1.5000e+00    1.3620e+00    2.6730e+00    1.1496e-03   -3.5574e-04    1.2266e-03   -2.0024e-04
   4.0000e-01   -2.6000e+00   -1.5000e+00    1.2202e+00    2.7406e+00    1.2031e-03    1.1482e-04    1.1900e-03    1.5804e-04
   4.0000e-01   -2.6000e+00   -1.5000e+00    1.0751e+00    2.8007e+00    1.0544e-03    6.0144e-04    9.3044e-04    6.6208e-04
   4.0000e-01   -2.6000e+00   -1.5000e+00    9.2705e-01    2.8532e+00    6.8221e-04    1.0111e-03    5.0039e-04    1.0657e-03
   4.0000e-01   -2.6000e+00   -1.5000e+00    7.7646e-01    2.8978e+00    1.3649e-04    1.2184e-03   -1.0431e-04    1.1666e-03
   4.0000e-01   -2.6000e+00   -1.5000e+00    6.2374e-01    2.9344e+00   -4.9114e-04    1.1310e-03   -7.2414e-04    1.0689e-03
   4.0000e-01   -2.6000e+00   -1.5000e+00    4.6930e-01    2.9631e+00   -1.0180e-03    7.0874e-04   -1.2802e-03    7.0709e-04
   4.0000e-01   -2.6000e+00   -1.5000e+00    3.1359e-01    2.9836e+00   -1.2483e-03    2.5146e-05   -1.5738e-03   -3.1425e-05
   4.0000e-01   -2.6000e+00   -1.5000e+00    1.5701e-01    2.9959e+00   -1.0448e-03   -6.9934e-04   -1.3061e-03   -8.0328e-04
   4.0000e-01   -2.6000e+00   -1.5000e+00    0.0000e+00    3.0000e+00   -4.2502e-04   -1.1930e-03   -6.7353e-04   -1.3132e-03
   4.0000e-01   -2.6000e+00   -1.5000e+00   -1.5701e-01    2.9959e+00    4.1838e-04   -1.2058e-03    9.7898e-05   -1.3356e-03
   4.0000e-01   -2.6000e+00   -1.5000e+00   -3.1359e-01    2.9836e+00    1.1074e-03   -6.5540e-04    8.5850e-04   -7.6962e-04
   4.0000e-01   -2.6000e+00   -1.5000e+00   -4.6930e-01    2.9631e+00    1.2735e-03    2.5155e-04    1.0868e-03    9.1358e-05
   4.0000e-01   -2.6000e+00   -1.5000e+00   -6.2374e-01    2.9344e+00    7.5414e-04    1.0715e-03    6.0579e-04    8.8708e-04
   4.0000e-01   -2.6000e+00   -1.5000e+00   -7.7646e-01    2.8978e+00   -2.2398e-04    1.3038e-03   -3.1638e-04    1.0802e-03
   4.0000e-01   -2.6000e+00   -1.5000e+00   -9.2705e-01    2.8532e+00   -1.1146e-03    7.3777e-04   -1.2188e-03    5.2822e-04
   4.0000e-01   -2.6000e+00   -1.5000e+00   -1.0751e+00    2.8007e+00   -1.3063e-03   -3.4671e-04   -1.2193e-03   -5.4305e-04
   4.0000e-01   -2.6000e+00   -1.5000e+00   -1.2202e+00    2.7406e+00   -5.8815e-04   -1.2341e-03   -5.6906e-04   -1.4145e-03
   4.0000e-01   -2.6000e+00   -1.5000e+00   -1.3620e+00    2.6730e+00    6.0104e-04   -1.2461e-03    6.2837e-04   -1.4881e-03
   4.0000e-01   -2.6000e+00   -1.5000e+00   -1.5000e+00    2.5981e+00    1.3722e-03   -2.8374e-04    1.5269e-03   -5.3971e-04
   4.0000e-01   -2.6000e+00   -1.5000e+00   -1.6339e+00    2.5160e+00    1.0470e-03    9.5984e-04    1.2058e-03    7.2598e-04
   4.0000e-01   -2.6000e+00   -1.5000e+00   -1.7634e+00    2.4271e+00   -1.9660e-04    1.4270e-03    -5.6180e-06    1.1758e-03
   4.0000e-01   -2.6000e+00   -1.5000e+00   -1.8880e+00    2.3314e+00   -1.3172e-03    6.3451e-04   -1.1244e-03    3.6104e-04
   4.0000e-01   -2.6000e+00   -1.5000e+00   -2.0074e+00    2.2294e+00   -1.2538e-03   -7.9658e-04   -1.0416e-03   -1.0081e-03
   4.0000e-01   -2.6000e+00   -1.5000e+00   -2.1213e+00    2.1213e+00    5.1079e-05   -1.5095e-03    3.4004e-04   -1.7315e-03
   4.0000e-01   -2.6000e+00   -1.5000e+00   -2.2294e+00    2.0074e+00    1.3609e-03   -7.1419e-04    1.5653e-03   -8.4740e-04
   4.0000e-01   -2.6000e+00   -1.5000e+00   -2.3314e+00    1.8880e+00    1.3043e-03    8.6592e-04    1.4983e-03    6.8464e-04
   4.0000e-01   -2.6000e+00   -1.5000e+00   -2.4271e+00    1.7634e+00   -1.7921e-04    1.5865e-03    5.1734e-06    1.3843e-03
   4.0000e-01   -2.6000e+00   -1.5000e+00   -2.5160e+00    1.6339e+00   -1.5366e-03    5.4454e-04   -1.3276e-03    3.9112e-04
   4.0000e-01   -2.6000e+00   -1.5000e+00   -2.5981e+00    1.5000e+00   -1.1741e-03   -1.1830e-03   -9.6130e-04   -1.3256e-03
   4.0000e-01   -2.6000e+00   -1.5000e+00   -2.6730e+00    1.3620e+00    6.0446e-04   -1.5949e-03    7.4735e-04   -1.7370e-03
   4.0000e-01   -2.6000e+00   -1.5000e+00   -2.7406e+00    1.2202e+00    1.7479e-03   -6.5610e-05    1.8194e-03   -1.8554e-04
   4.0000e-01   -2.6000e+00   -1.5000e+00   -2.8007e+00    1.0751e+00    7.4655e-04    1.6336e-03    8.4682e-04    1.4868e-03
   4.0000e-01   -2.6000e+00   -1.5000e+00   -2.8532e+00    9.2705e-01   -1.2896e-03    1.3234e-03   -1.2105e-03    1.1033e-03
   4.0000e-01   -2.6000e+00   -1.5000e+00   -2.8978e+00    7.7646e-01   -1.7501e-03   -7.5174e-04   -1.7521e-03   -9.1801e-04
   4.0000e-01   -2.6000e+00   -1.5000e+00   -2.9344e+00    6.2374e-01    1.1054e-04   -1.9652e-03    1.4403e-04   -2.1204e-03
   4.0000e-01   -2.6000e+00   -1.5000e+00   -2.9631e+00    4.6930e-01    1.9630e-03   -5.5393e-04    1.9923e-03   -7.4225e-04
   4.0000e-01   -2.6000e+00   -1.5000e+00   -2.9836e+00    3.1359e-01    1.1865e-03    1.7569e-03    1.2646e-03    1.5817e-03
   4.0000e-01   -2.6000e+00   -1.5000e+00   -2.9959e+00    1.5701e-01   -1.3564e-03    1.7461e-03   -1.2811e-03    1.5951e-03
   4.0000e-01   -2.6000e+00   -1.5000e+00   -3.0000e+00    0.0000e+00   -2.1688e-03   -8.1403e-04   -2.0508e-03   -1.0029e-03
   4.0000e-01   -2.6000e+00   -1.5000e+00   -1.5000e+00   -2.5981e+00   -2.1833e-03   -7.6948e-04   -1.9842e-03   -9.4835e-04
   4.0000e-01   -2.6000e+00   -1.5000e+00   -1.3620e+00   -2.6730e+00   -1.3295e-03    1.7655e-03   -1.1858e-03    1.6469e-03
   4.0000e-01   -2.6000e+00   -1.5000e+00   -1.2202e+00   -2.7406e+00    1.2236e-03    1.7301e-03    1.2268e-03    1.4892e-03
   4.0000e-01   -2.6000e+00   -1.5000e+00   -1.0751e+00   -2.8007e+00    1.9540e-03   -5.8306e-04    1.9920e-03   -8.0442e-04
   4.0000e-01   -2.6000e+00   -1.5000e+00   -9.2705e-01   -2.8532e+00    8.0721e-05   -1.9659e-03    -6.2659e-06   -2.2333e-03
   4.0000e-01   -2.6000e+00   -1.5000e+00   -7.7646e-01   -2.8978e+00   -1.7603e-03   -7.2619e-04   -1.8434e-03   -9.6124e-04
   4.0000e-01   -2.6000e+00   -1.5000e+00   -6.2374e-01   -2.9344e+00   -1.2680e-03    1.3436e-03   -1.3463e-03    1.0730e-03
   4.0000e-01   -2.6000e+00   -1.5000e+00   -4.6930e-01   -2.9631e+00    7.6992e-04    1.6221e-03    6.2750e-04    1.4052e-03
   4.0000e-01   -2.6000e+00   -1.5000e+00   -3.1359e-01   -2.9836e+00    1.7458e-03   -9.4569e-05    1.5068e-03   -4.1559e-04
   4.0000e-01   -2.6000e+00   -1.5000e+00   -1.5701e-01   -2.9959e+00    5.9040e-04   -1.6001e-03    4.0860e-04   -1.9054e-03
   4.0000e-01   -2.6000e+00   -1.5000e+00    0.0000e+00   -3.0000e+00   -1.1872e-03   -1.1693e-03   -1.3904e-03   -1.4737e-03
   4.0000e-01   -2.6000e+00   -1.5000e+00    1.5701e-01   -2.9959e+00   -1.5295e-03    5.6347e-04   -1.7069e-03    2.5678e-04
   4.0000e-01   -2.6000e+00   -1.5000e+00    3.1359e-01   -2.9836e+00   -1.7212e-04    1.5873e-03   -3.6917e-04    1.3397e-03
   4.0000e-01   -2.6000e+00   -1.5000e+00    4.6930e-01   -2.9631e+00    1.3105e-03    8.5643e-04    1.1886e-03    6.4944e-04
   4.0000e-01   -2.6000e+00   -1.5000e+00    6.2374e-01   -2.9344e+00    1.3489e-03   -7.3627e-04    1.2703e-03   -9.3942e-04
   4.0000e-01   -2.6000e+00   -1.5000e+00    7.7646e-01   -2.8978e+00    2.5923e-05   -1.5097e-03   -1.4610e-05   -1.7321e-03
   4.0000e-01   -2.6000e+00   -1.5000e+00    9.2705e-01   -2.8532e+00   -1.2580e-03   -7.8959e-04   -1.3128e-03   -9.3618e-04
   4.0000e-01   -2.6000e+00   -1.5000e+00    1.0751e+00   -2.8007e+00   -1.3125e-03    6.4443e-04   -1.2882e-03    5.4882e-04
   4.0000e-01   -2.6000e+00   -1.5000e+00    1.2202e+00   -2.7406e+00   -1.8055e-04    1.4292e-03   -1.7351e-04    1.3445e-03
   4.0000e-01   -2.6000e+00   -1.5000e+00    1.3620e+00   -2.6730e+00    1.0637e-03    9.4059e-04    1.1062e-03    8.6463e-04
   4.0000e-01   -2.6000e+00   -1.5000e+00    1.5000e+00   -2.5981e+00    1.3693e-03   -2.9762e-04    1.4463e-03   -2.5865e-04
   4.0000e-01   -2.6000e+00   -1.5000e+00    1.6339e+00   -2.5160e+00    5.9038e-04   -1.2511e-03    6.7593e-04   -1.1569e-03
   4.0000e-01   -2.6000e+00   -1.5000e+00    1.7634e+00   -2.4271e+00   -6.0332e-04   -1.2263e-03   -5.1649e-04   -1.1876e-03
   4.0000e-01   -2.6000e+00   -1.5000e+00    1.8880e+00   -2.3314e+00   -1.3117e-03   -3.2360e-04   -1.2606e-03   -2.2059e-04
   4.0000e-01   -2.6000e+00   -1.5000e+00    2.0074e+00   -2.2294e+00   -1.1082e-03    7.4689e-04   -1.1169e-03    9.4515e-04
   4.0000e-01   -2.6000e+00   -1.5000e+00    2.1213e+00   -2.1213e+00   -2.1792e-04    1.3048e-03   -1.7410e-04    1.5680e-03
   4.0000e-01   -2.6000e+00   -1.5000e+00    2.2294e+00   -2.0074e+00    7.6883e-04    1.0606e-03    7.5058e-04    1.4238e-03
   4.0000e-01   -2.6000e+00   -1.5000e+00    2.3314e+00   -1.8880e+00    1.2768e-03    2.3187e-04    1.2275e-03    5.4398e-04
   4.0000e-01   -2.6000e+00   -1.5000e+00    2.4271e+00   -1.7634e+00    1.0995e-03   -6.6784e-04    9.5199e-04   -3.0710e-04
   4.0000e-01   -2.6000e+00   -1.5000e+00    2.5160e+00   -1.6339e+00    4.0737e-04   -1.2093e-03    2.7274e-04   -8.2773e-04
   4.0000e-01   -2.6000e+00   -1.5000e+00    2.5981e+00   -1.5000e+00   -4.3574e-04   -1.1886e-03   -5.9641e-04   -6.9608e-04
   4.0000e-01   -2.6000e+00   -1.5000e+00    2.6730e+00   -1.3620e+00   -1.0538e-03   -6.8481e-04   -1.2925e-03   -1.5689e-04
   4.0000e-01   -2.6000e+00   -1.5000e+00    2.7406e+00   -1.2202e+00   -1.2475e-03    4.4210e-05   -1.4781e-03    5.8547e-04
   4.0000e-01   -2.6000e+00   -1.5000e+00    2.8007e+00   -1.0751e+00   -1.0121e-03    7.1689e-04   -1.2643e-03    1.2926e-03
   4.0000e-01   -2.6000e+00   -1.5000e+00    2.8532e+00   -9.2705e-01   -4.8304e-04    1.1341e-03   -7.6309e-04    1.8221e-03
   4.0000e-01   -2.6000e+00   -1.5000e+00    2.8978e+00   -7.7646e-01    1.4582e-04    1.2170e-03   -1.5376e-04    1.8386e-03
   4.0000e-01   -2.6000e+00   -1.5000e+00    2.9344e+00   -6.2374e-01    6.9145e-04    1.0045e-03    3.7820e-04    1.6997e-03
   4.0000e-01   -2.6000e+00   -1.5000e+00    2.9631e+00   -4.6930e-01    1.0585e-03    5.9339e-04    7.1896e-04    1.2608e-03
   4.0000e-01   -2.6000e+00   -1.5000e+00    2.9836e+00   -3.1359e-01    1.2032e-03    1.1026e-04    8.9663e-04    8.6728e-04
   4.0000e-01   -2.6000e+00   -1.5000e+00    2.9959e+00   -1.5701e-01    1.1499e-03   -3.5504e-04    9.1832e-04    4.2239e-04
   4.0000e-01   -1.5000e+00   -2.6000e+00    3.0000e+00    0.0000e+00   -4.2502e-04   -1.1930e-03   -8.1638e-04   -1.0443e-03
   4.0000e-01   -1.5000e+00   -2.6000e+00    2.9959e+00    1.5701e-01   -1.0448e-03   -6.9934e-04   -1.4508e-03   -5.9841e-04
   4.0000e-01   -1.5000e+00   -2.6000e+00    2.9836e+00    3.1359e-01   -1.2483e-03    2.5146e-05   -1.6049e-03    1.7126e-04
   4.0000e-01   -1.5000e+00   -2.6000e+00    2.9631e+00    4.6930e-01   -1.0180e-03    7.0874e-04   -1.3240e-03    7.7166e-04
   4.0000e-01   -1.5000e+00   -2.6000e+00    2.9344e+00    6.2374e-01   -4.9114e-04    1.1310e-03   -7.3865e-04    1.1947e-03
   4.0000e-01   -1.5000e+00   -2.6000e+00    2.8978e+00    7.7646e-01    1.3649e-04    1.2184e-03   -9.1388e-05    1.3584e-03
   4.0000e-01   -1.5000e+00   -2.6000e+00    2.8532e+00    9.2705e-01    6.8221e-04    1.0111e-03    5.4996e-04    1.1488e-03
   4.0000e-01   -1.5000e+00   -2.6000e+00    2.8007e+00    1.0751e+00    1.0544e-03    6.0144e-04    9.6141e-04    7.5583e-04
   4.0000e-01   -1.5000e+00   -2.6000e+00    2.7406e+00    1.2202e+00    1.2031e-03    1.1482e-04    1.2057e-03    1.5338e-04
   4.0000e-01   -1.5000e+00   -2.6000e+00    2.6730e+00    1.3620e+00    1.1496e-03   -3.5574e-04    1.1960e-03   -2.9462e-04
   4.0000e-01   -1.5000e+00   -2.6000e+00    2.5981e+00    1.5000e+00    9.5167e-04   -7.2950e-04    1.0421e-03   -5.9425e-04
   4.0000e-01   -1.5000e+00   -2.6000e+00    2.5160e+00    1.6339e+00    6.7109e-04   -9.8895e-04    8.8550e-04   -8.4092e-04
   4.0000e-01   -1.5000e+00   -2.6000e+00    2.4271e+00    1.7634e+00    3.5316e-04   -1.1380e-03    5.7895e-04   -9.7910e-04
   4.0000e-01   -1.5000e+00   -2.6000e+00    2.3314e+00    1.8880e+00    4.5286e-05   -1.1875e-03    2.8645e-04   -1.0475e-03
   4.0000e-01   -1.5000e+00   -2.6000e+00    2.2294e+00    2.0074e+00   -2.0979e-04   -1.1670e-03    1.0734e-04   -1.0026e-03
   4.0000e-01   -1.5000e+00   -2.6000e+00    2.1213e+00    2.1213e+00   -4.1965e-04   -1.1066e-03   -7.5512e-05   -8.8894e-04
   4.0000e-01   -1.5000e+00   -2.6000e+00    2.0074e+00    2.2294e+00   -5.8980e-04   -1.0240e-03   -2.2394e-04   -7.5804e-04
   4.0000e-01   -1.5000e+00   -2.6000e+00    1.8880e+00    2.3314e+00   -7.1412e-04   -9.3963e-04   -3.3246e-04   -6.6020e-04
   4.0000e-01   -1.5000e+00   -2.6000e+00    1.7634e+00    2.4271e+00   -7.8645e-04   -8.7864e-04   -4.3116e-04   -5.2055e-04
   4.0000e-01   -1.5000e+00   -2.6000e+00    1.6339e+00    2.5160e+00   -8.2731e-04   -8.3950e-04   -5.1096e-04   -4.3170e-04
   4.0000e-01   -1.5000e+00   -2.6000e+00    1.5000e+00    2.5981e+00   -8.4487e-04   -8.2143e-04   -6.4333e-04   -2.9442e-04
   4.0000e-01   -1.5000e+00   -2.6000e+00    1.3620e+00    2.6730e+00   -8.3304e-04   -8.3365e-04   -6.2138e-04   -3.4748e-04
   4.0000e-01   -1.5000e+00   -2.6000e+00    1.2202e+00    2.7406e+00   -7.8637e-04   -8.7892e-04   -5.9529e-04   -3.5291e-04
   4.0000e-01   -1.5000e+00   -2.6000e+00    1.0751e+00    2.8007e+00   -7.0843e-04   -9.4407e-04   -4.8545e-04   -3.3827e-04
   4.0000e-01   -1.5000e+00   -2.6000e+00    9.2705e-01    2.8532e+00   -5.8897e-04   -1.0243e-03   -4.9715e-04   -3.7472e-04
   4.0000e-01   -1.5000e+00   -2.6000e+00    7.7646e-01    2.8978e+00   -4.3067e-04   -1.1021e-03   -3.3681e-04   -3.2775e-04
   4.0000e-01   -1.5000e+00   -2.6000e+00    6.2374e-01    2.9344e+00   -2.1394e-04   -1.1662e-03   -1.6727e-04   -4.3117e-04
   4.0000e-01   -1.5000e+00   -2.6000e+00    4.6930e-01    2.9631e+00    4.9619e-05   -1.1873e-03    9.8453e-05   -3.8399e-04
   4.0000e-01   -1.5000e+00   -2.6000e+00    3.1359e-01    2.9836e+00    3.5608e-04   -1.1370e-03    2.9663e-04   -3.2561e-04
   4.0000e-01   -1.5000e+00   -2.6000e+00    1.5701e-01    2.9959e+00    6.6621e-04   -9.9212e-04    6.1332e-04   -1.5863e-04
   4.0000e-01   -1.5000e+00   -2.6000e+00    0.0000e+00    3.0000e+00    9.4572e-04   -7.3696e-04    8.7438e-04    9.0010e-05
   4.0000e-01   -1.5000e+00   -2.6000e+00   -1.5701e-01    2.9959e+00    1.1499e-03   -3.5504e-04    1.1255e-03    5.6309e-04
   4.0000e-01   -1.5000e+00   -2.6000e+00   -3.1359e-01    2.9836e+00    1.2032e-03    1.1026e-04    1.1086e-03    8.7397e-04
   4.0000e-01   -1.5000e+00   -2.6000e+00   -4.6930e-01    2.9631e+00    1.0585e-03    5.9339e-04    9.2156e-04    1.3909e-03
   4.0000e-01   -1.5000e+00   -2.6000e+00   -6.2374e-01    2.9344e+00    6.9145e-04    1.0045e-03    5.3726e-04    1.7289e-03
   4.0000e-01   -1.5000e+00   -2.6000e+00   -7.7646e-01    2.8978e+00    1.4582e-04    1.2170e-03    7.4971e-05    1.9097e-03
   4.0000e-01   -1.5000e+00   -2.6000e+00   -9.2705e-01    2.8532e+00   -4.8304e-04    1.1341e-03   -5.7251e-04    1.8346e-03
   4.0000e-01   -1.5000e+00   -2.6000e+00   -1.0751e+00    2.8007e+00   -1.0121e-03    7.1689e-04   -1.0402e-03    1.2771e-03
   4.0000e-01   -1.5000e+00   -2.6000e+00   -1.2202e+00    2.7406e+00   -1.2475e-03    4.4210e-05   -1.2551e-03    5.5319e-04
   4.0000e-01   -1.5000e+00   -2.6000e+00   -1.3620e+00    2.6730e+00   -1.0538e-03   -6.8481e-04   -1.0833e-03   -2.4919e-04
   4.0000e-01   -1.5000e+00   -2.6000e+00   -1.5000e+00    2.5981e+00   -4.3574e-04   -1.1886e-03   -3.8061e-04   -8.2564e-04
   4.0000e-01   -1.5000e+00   -2.6000e+00   -1.6339e+00    2.5160e+00    4.0737e-04   -1.2093e-03    4.4168e-04   -8.5812e-04
   4.0000e-01   -1.5000e+00   -2.6000e+00   -1.7634e+00    2.4271e+00    1.0995e-03   -6.6784e-04    1.1738e-03   -4.1423e-04
   4.0000e-01   -1.5000e+00   -2.6000e+00   -1.8880e+00    2.3314e+00    1.2768e-03    2.3187e-04    1.3412e-03    4.9138e-04
   4.0000e-01   -1.5000e+00   -2.6000e+00   -2.0074e+00    2.2294e+00    7.6883e-04    1.0606e-03    9.0694e-04    1.0844e-03
   4.0000e-01   -1.5000e+00   -2.6000e+00   -2.1213e+00    2.1213e+00   -2.1792e-04    1.3048e-03   -4.4253e-05    1.3025e-03
   4.0000e-01   -1.5000e+00   -2.6000e+00   -2.2294e+00    2.0074e+00   -1.1082e-03    7.4689e-04   -1.0166e-03    7.0221e-04
   4.0000e-01   -1.5000e+00   -2.6000e+00   -2.3314e+00    1.8880e+00   -1.3117e-03   -3.2360e-04   -1.1173e-03   -4.1333e-04
   4.0000e-01   -1.5000e+00   -2.6000e+00   -2.4271e+00    1.7634e+00   -6.0332e-04   -1.2263e-03   -4.4304e-04   -1.4208e-03
   4.0000e-01   -1.5000e+00   -2.6000e+00   -2.5160e+00    1.6339e+00    5.9038e-04   -1.2511e-03    7.7940e-04   -1.4457e-03
   4.0000e-01   -1.5000e+00   -2.6000e+00   -2.5981e+00    1.5000e+00    1.3693e-03   -2.9762e-04    1.4631e-03   -5.1749e-04
   4.0000e-01   -1.5000e+00   -2.6000e+00   -2.6730e+00    1.3620e+00    1.0637e-03    9.4059e-04    1.2054e-03    6.7131e-04
   4.0000e-01   -1.5000e+00   -2.6000e+00   -2.7406e+00    1.2202e+00   -1.8055e-04    1.4292e-03   -3.0085e-05    1.1431e-03
   4.0000e-01   -1.5000e+00   -2.6000e+00   -2.8007e+00    1.0751e+00   -1.3125e-03    6.4443e-04   -1.1799e-03    3.0625e-04
   4.0000e-01   -1.5000e+00   -2.6000e+00   -2.8532e+00    9.2705e-01   -1.2580e-03   -7.8959e-04   -1.2042e-03   -1.1180e-03
   4.0000e-01   -1.5000e+00   -2.6000e+00   -2.8978e+00    7.7646e-01    2.5923e-05   -1.5097e-03    8.4888e-05   -1.8987e-03
   4.0000e-01   -1.5000e+00   -2.6000e+00   -2.9344e+00    6.2374e-01    1.3489e-03   -7.3627e-04    1.4040e-03   -1.1208e-03
   4.0000e-01   -1.5000e+00   -2.6000e+00   -2.9631e+00    4.6930e-01    1.3105e-03    8.5643e-04    1.2684e-03    4.7747e-04
   4.0000e-01   -1.5000e+00   -2.6000e+00   -2.9836e+00    3.1359e-01   -1.7212e-04    1.5873e-03   -2.6958e-04    1.1318e-03
   4.0000e-01   -1.5000e+00   -2.6000e+00   -2.9959e+00    1.5701e-01   -1.5295e-03    5.6347e-04   -1.5439e-03    2.0907e-04
   4.0000e-01   -1.5000e+00   -2.6000e+00   -3.0000e+00    0.0000e+00   -1.1872e-03   -1.1693e-03   -1.3257e-03   -1.5484e-03
   4.0000e-01   -1.5000e+00   -2.6000e+00   -2.9959e+00   -1.5701e-01    5.9040e-04   -1.6001e-03    5.0431e-04   -1.9909e-03
   4.0000e-01   -1.5000e+00   -2.6000e+00   -2.9836e+00   -3.1359e-01    1.7458e-03   -9.4569e-05    1.6921e-03   -4.7095e-04
   4.0000e-01   -1.5000e+00   -2.6000e+00   -2.9631e+00   -4.6930e-01    7.6992e-04    1.6221e-03    7.1064e-04    1.2588e-03
   4.0000e-01   -1.5000e+00   -2.6000e+00   -2.9344e+00   -6.2374e-01   -1.2680e-03    1.3436e-03   -1.3238e-03    1.0784e-03
   4.0000e-01   -1.5000e+00   -2.6000e+00   -2.8978e+00   -7.7646e-01   -1.7603e-03   -7.2619e-04   -1.7889e-03   -1.0431e-03
   4.0000e-01   -1.5000e+00   -2.6000e+00   -2.8532e+00   -9.2705e-01    8.0721e-05   -1.9659e-03    8.0616e-05   -2.2171e-03
   4.0000e-01   -1.5000e+00   -2.6000e+00   -2.8007e+00   -1.0751e+00    1.9540e-03   -5.8306e-04    1.9723e-03   -8.5164e-04
   4.0000e-01   -1.5000e+00   -2.6000e+00   -2.7406e+00   -1.2202e+00    1.2236e-03    1.7301e-03    1.3662e-03    1.5487e-03
   4.0000e-01   -1.5000e+00   -2.6000e+00   -2.6730e+00   -1.3620e+00   -1.3295e-03    1.7655e-03   -1.2274e-03    1.5084e-03
   4.0000e-01   -1.5000e+00   -2.6000e+00   -2.5981e+00   -1.5000e+00   -2.1833e-03   -7.6948e-04   -2.0565e-03   -9.9796e-04
   4.0000e-01   -1.5000e+00   -2.6000e+00    0.0000e+00   -3.0000e+00   -2.1688e-03   -8.1403e-04   -2.1851e-03   -9.8183e-04
   4.0000e-01   -1.5000e+00   -2.6000e+00    1.5701e-01   -2.9959e+00   -1.3564e-03    1.7461e-03   -1.4046e-03    1.5971e-03
   4.0000e-01   -1.5000e+00   -2.6000e+00    3.1359e-01   -2.9836e+00    1.1865e-03    1.7569e-03    1.0980e-03    1.6213e-03
   4.0000e-01   -1.5000e+00   -2.6000e+00    4.6930e-01   -2.9631e+00    1.9630e-03   -5.5393e-04    2.0572e-03   -7.2097e-04
   4.0000e-01   -1.5000e+00   -2.6000e+00    6.2374e-01   -2.9344e+00    1.1054e-04   -1.9652e-03    7.0520e-05   -2.0628e-03
   4.0000e-01   -1.5000e+00   -2.6000e+00    7.7646e-01   -2.8978e+00   -1.7501e-03   -7.5174e-04   -1.6304e-03   -8.4899e-04
   4.0000e-01   -1.5000e+00   -2.6000e+00    9.2705e-01   -2.8532e+00   -1.2896e-03    1.3234e-03   -1.1525e-03    1.3098e-03
   4.0000e-01   -1.5000e+00   -2.6000e+00    1.0751e+00   -2.8007e+00    7.4655e-04    1.6336e-03    9.7134e-04    1.6169e-03
   4.0000e-01   -1.5000e+00   -2.6000e+00    1.2202e+00   -2.7406e+00    1.7479e-03   -6.5610e-05    1.9017e-03   -7.7139e-05
   4.0000e-01   -1.5000e+00   -2.6000e+00    1.3620e+00   -2.6730e+00    6.0446e-04   -1.5949e-03    7.9814e-04   -1.5953e-03
   4.0000e-01   -1.5000e+00   -2.6000e+00    1.5000e+00   -2.5981e+00   -1.1741e-03   -1.1830e-03   -9.2636e-04   -1.1871e-03
   4.0000e-01   -1.5000e+00   -2.6000e+00    1.6339e+00   -2.5160e+00   -1.5366e-03    5.4454e-04   -1.2048e-03    5.6598e-04
   4.0000e-01   -1.5000e+00   -2.6000e+00    1.7634e+00   -2.4271e+00   -1.7921e-04    1.5865e-03    5.7167e-05    1.6370e-03
   4.0000e-01   -1.5000e+00   -2.6000e+00    1.8880e+00   -2.3314e+00    1.3043e-03    8.6592e-04    1.6225e-03    9.0751e-04
   4.0000e-01   -1.5000e+00   -2.6000e+00    2.0074e+00   -2.2294e+00    1.3609e-03   -7.1419e-04    1.6202e-03   -6.8698e-04
   4.0000e-01   -1.5000e+00   -2.6000e+00    2.1213e+00   -2.1213e+00    5.1079e-05   -1.5095e-03    3.0042e-04   -1.4857e-03
   4.0000e-01   -1.5000e+00   -2.6000e+00    2.2294e+00   -2.0074e+00   -1.2538e-03   -7.9658e-04   -1.0353e-03   -7.6855e-04
   4.0000e-01   -1.5000e+00   -2.6000e+00    2.3314e+00   -1.8880e+00   -1.3172e-03    6.3451e-04   -1.1588e-03    6.7173e-04
   4.0000e-01   -1.5000e+00   -2.6000e+00    2.4271e+00   -1.7634e+00   -1.9660e-04    1.4270e-03   -6.3869e-05    1.4813e-03
   4.0000e-01   -1.5000e+00   -2.6000e+00    2.5160e+00   -1.6339e+00    1.0470e-03    9.5984e-04    1.1675e-03    1.0307e-03
   4.0000e-01   -1.5000e+00   -2.6000e+00    2.5981e+00   -1.5000e+00    1.3722e-03   -2.8374e-04    1.3700e-03   -2.2201e-04
   4.0000e-01   -1.5000e+00   -2.6000e+00    2.6730e+00   -1.3620e+00    6.0104e-04   -1.2461e-03    5.7960e-04   -1.2162e-03
   4.0000e-01   -1.5000e+00   -2.6000e+00    2.7406e+00   -1.2202e+00   -5.8815e-04   -1.2341e-03   -6.3965e-04   -1.1928e-03
   4.0000e-01   -1.5000e+00   -2.6000e+00    2.8007e+00   -1.0751e+00   -1.3063e-03   -3.4671e-04   -1.4527e-03   -3.2187e-04
   4.0000e-01   -1.5000e+00   -2.6000e+00    2.8532e+00   -9.2705e-01   -1.1146e-03    7.3777e-04   -1.3288e-03    7.7689e-04
   4.0000e-01   -1.5000e+00   -2.6000e+00    2.8978e+00   -7.7646e-01   -2.2398e-04    1.3038e-03   -5.2270e-04    1.3398e-03
   4.0000e-01   -1.5000e+00   -2.6000e+00    2.9344e+00   -6.2374e-01    7.5414e-04    1.0715e-03    4.9486e-04    1.1737e-03
   4.0000e-01   -1.5000e+00   -2.6000e+00    2.9631e+00   -4.6930e-01    1.2735e-03    2.5155e-04    9.5941e-04    3.4539e-04
   4.0000e-01   -1.5000e+00   -2.6000e+00    2.9836e+00   -3.1359e-01    1.1074e-03   -6.5540e-04    7.4758e-04   -5.6600e-04
   4.0000e-01   -1.5000e+00   -2.6000e+00    2.9959e+00   -1.5701e-01    4.1838e-04   -1.2058e-03    9.7033e-05   -1.1437e-03
   4.0000e-01    0.0000e+00   -3.0000e+00    3.0000e+00    0.0000e+00    1.3746e-03   -2.7437e-04    8.9560e-04   -3.8506e-04
   4.0000e-01    0.0000e+00   -3.0000e+00    2.9959e+00    1.5701e-01    6.1213e-04   -1.2412e-03    2.0007e-04   -1.3633e-03
   4.0000e-01    0.0000e+00   -3.0000e+00    2.9836e+00    3.1359e-01   -5.7218e-04   -1.2418e-03   -1.0276e-03   -1.3438e-03
   4.0000e-01    0.0000e+00   -3.0000e+00    2.9631e+00    4.6930e-01   -1.3042e-03   -3.5471e-04   -1.7518e-03   -4.0160e-04
   4.0000e-01    0.0000e+00   -3.0000e+00    2.9344e+00    6.2374e-01   -1.1193e-03    7.3117e-04   -1.4497e-03    6.7258e-04
   4.0000e-01    0.0000e+00   -3.0000e+00    2.8978e+00    7.7646e-01   -2.3299e-04    1.3025e-03   -6.6191e-04    1.2205e-03
   4.0000e-01    0.0000e+00   -3.0000e+00    2.8532e+00    9.2705e-01    7.4433e-04    1.0785e-03    3.4924e-04    9.8719e-04
   4.0000e-01    0.0000e+00   -3.0000e+00    2.8007e+00    1.0751e+00    1.2718e-03    2.6183e-04    8.9258e-04    1.8577e-04
   4.0000e-01    0.0000e+00   -3.0000e+00    2.7406e+00    1.2202e+00    1.1121e-03   -6.4803e-04    8.0272e-04   -7.7858e-04
   4.0000e-01    0.0000e+00   -3.0000e+00    2.6730e+00    1.3620e+00    4.2008e-04   -1.2051e-03    1.1849e-04   -1.3226e-03
   4.0000e-01    0.0000e+00   -3.0000e+00    2.5981e+00    1.5000e+00   -4.1423e-04   -1.1969e-03   -6.5625e-04   -1.3790e-03
   4.0000e-01    0.0000e+00   -3.0000e+00    2.5160e+00    1.6339e+00   -1.0392e-03   -7.0757e-04   -1.3124e-03   -7.5878e-04
   4.0000e-01    0.0000e+00   -3.0000e+00    2.4271e+00    1.7634e+00   -1.2482e-03    2.4710e-05   -1.5333e-03   -5.4300e-05
   4.0000e-01    0.0000e+00   -3.0000e+00    2.3314e+00    1.8880e+00   -1.0189e-03    7.0739e-04   -1.2670e-03    6.6509e-04
   4.0000e-01    0.0000e+00   -3.0000e+00    2.2294e+00    2.0074e+00   -5.0287e-04    1.1258e-03   -7.5810e-04    1.1464e-03
   4.0000e-01    0.0000e+00   -3.0000e+00    2.1213e+00    2.1213e+00    1.1730e-04    1.2206e-03   -1.0555e-04    1.2892e-03
   4.0000e-01    0.0000e+00   -3.0000e+00    2.0074e+00    2.2294e+00    6.7754e-04    1.0143e-03    4.6223e-04    1.2853e-03
   4.0000e-01    0.0000e+00   -3.0000e+00    1.8880e+00    2.3314e+00    1.0529e-03    6.0373e-04    8.7226e-04    9.6395e-04
   4.0000e-01    0.0000e+00   -3.0000e+00    1.7634e+00    2.4271e+00    1.2019e-03    1.2507e-04    1.0909e-03    6.9431e-04
   4.0000e-01    0.0000e+00   -3.0000e+00    1.6339e+00    2.5160e+00    1.1556e-03   -3.3655e-04    1.0110e-03    3.7033e-04
   4.0000e-01    0.0000e+00   -3.0000e+00    1.5000e+00    2.5981e+00    9.5855e-04   -7.2032e-04    8.0956e-04    7.3351e-05
   4.0000e-01    0.0000e+00   -3.0000e+00    1.3620e+00    2.6730e+00    6.7571e-04   -9.8563e-04    6.4165e-04    1.2131e-05
   4.0000e-01    0.0000e+00   -3.0000e+00    1.2202e+00    2.7406e+00    3.6684e-04   -1.1338e-03    3.4491e-04    5.1605e-05
   4.0000e-01    0.0000e+00   -3.0000e+00    1.0751e+00    2.8007e+00    6.7580e-05   -1.1866e-03    6.3579e-05    1.5556e-04
   4.0000e-01    0.0000e+00   -3.0000e+00    9.2705e-01    2.8532e+00   -1.9547e-04   -1.1695e-03   -1.8280e-04    2.7452e-04
   4.0000e-01    0.0000e+00   -3.0000e+00    7.7646e-01    2.8978e+00   -4.1515e-04   -1.1082e-03   -4.1864e-04    5.1909e-04
   4.0000e-01    0.0000e+00   -3.0000e+00    6.2374e-01    2.9344e+00   -5.7669e-04   -1.0315e-03   -5.2558e-04    7.2681e-04
   4.0000e-01    0.0000e+00   -3.0000e+00    4.6930e-01    2.9631e+00   -6.9606e-04   -9.5308e-04   -5.5800e-04    8.5790e-04
   4.0000e-01    0.0000e+00   -3.0000e+00    3.1359e-01    2.9836e+00   -7.7087e-04   -8.9239e-04   -6.6028e-04    1.0059e-03
   4.0000e-01    0.0000e+00   -3.0000e+00    1.5701e-01    2.9959e+00   -8.1703e-04   -8.4967e-04   -7.0477e-04    1.0328e-03
   4.0000e-01    0.0000e+00   -3.0000e+00    0.0000e+00    3.0000e+00   -8.3757e-04   -8.2903e-04   -6.4847e-04    1.0990e-03
   4.0000e-01    0.0000e+00   -3.0000e+00   -1.5701e-01    2.9959e+00   -8.1703e-04   -8.4967e-04   -6.7836e-04    1.0957e-03
   4.0000e-01    0.0000e+00   -3.0000e+00   -3.1359e-01    2.9836e+00   -7.7087e-04   -8.9239e-04   -6.5301e-04    1.0067e-03
   4.0000e-01    0.0000e+00   -3.0000e+00   -4.6930e-01    2.9631e+00   -6.9606e-04   -9.5308e-04   -5.6151e-04    8.3459e-04
   4.0000e-01    0.0000e+00   -3.0000e+00   -6.2374e-01    2.9344e+00   -5.7669e-04   -1.0315e-03   -4.5871e-04    6.9655e-04
   4.0000e-01    0.0000e+00   -3.0000e+00   -7.7646e-01    2.8978e+00   -4.1515e-04   -1.1082e-03   -3.4982e-04    4.7985e-04
   4.0000e-01    0.0000e+00   -3.0000e+00   -9.2705e-01    2.8532e+00   -1.9547e-04   -1.1695e-03   -1.6685e-04    3.1790e-04
   4.0000e-01    0.0000e+00   -3.0000e+00   -1.0751e+00    2.8007e+00    6.7580e-05   -1.1866e-03    2.8733e-05    6.6292e-05
   4.0000e-01    0.0000e+00   -3.0000e+00   -1.2202e+00    2.7406e+00    3.6684e-04   -1.1338e-03    3.3075e-04    4.5754e-05
   4.0000e-01    0.0000e+00   -3.0000e+00   -1.3620e+00    2.6730e+00    6.7571e-04   -9.8563e-04    6.1164e-04    5.2164e-05
   4.0000e-01    0.0000e+00   -3.0000e+00   -1.5000e+00    2.5981e+00    9.5855e-04   -7.2032e-04    9.1908e-04    1.5418e-04
   4.0000e-01    0.0000e+00   -3.0000e+00   -1.6339e+00    2.5160e+00    1.1556e-03   -3.3655e-04    1.0897e-03    3.3649e-04
   4.0000e-01    0.0000e+00   -3.0000e+00   -1.7634e+00    2.4271e+00    1.2019e-03    1.2507e-04    1.0790e-03    6.1307e-04
   4.0000e-01    0.0000e+00   -3.0000e+00   -1.8880e+00    2.3314e+00    1.0529e-03    6.0373e-04    7.8932e-04    9.9333e-04
   4.0000e-01    0.0000e+00   -3.0000e+00   -2.0074e+00    2.2294e+00    6.7754e-04    1.0143e-03    4.5615e-04    1.2580e-03
   4.0000e-01    0.0000e+00   -3.0000e+00   -2.1213e+00    2.1213e+00    1.1730e-04    1.2206e-03   -1.8853e-04    1.3967e-03
   4.0000e-01    0.0000e+00   -3.0000e+00   -2.2294e+00    2.0074e+00   -5.0287e-04    1.1258e-03   -7.4606e-04    1.1620e-03
   4.0000e-01    0.0000e+00   -3.0000e+00   -2.3314e+00    1.8880e+00   -1.0189e-03    7.0739e-04   -1.3149e-03    6.6895e-04
   4.0000e-01    0.0000e+00   -3.0000e+00   -2.4271e+00    1.7634e+00   -1.2482e-03    2.4710e-05   -1.5505e-03   -7.1268e-05
   4.0000e-01    0.0000e+00   -3.0000e+00   -2.5160e+00    1.6339e+00   -1.0392e-03   -7.0757e-04   -1.3780e-03   -8.1101e-04
   4.0000e-01    0.0000e+00   -3.0000e+00   -2.5981e+00    1.5000e+00   -4.1423e-04   -1.1969e-03   -7.3051e-04   -1.2797e-03
   4.0000e-01    0.0000e+00   -3.0000e+00   -2.6730e+00    1.3620e+00    4.2008e-04   -1.2051e-03    3.7380e-05   -1.3409e-03
   4.0000e-01    0.0000e+00   -3.0000e+00   -2.7406e+00    1.2202e+00    1.1121e-03   -6.4803e-04    7.4542e-04   -7.5479e-04
   4.0000e-01    0.0000e+00   -3.0000e+00   -2.8007e+00    1.0751e+00    1.2718e-03    2.6183e-04    9.2029e-04    1.8095e-04
   4.0000e-01    0.0000e+00   -3.0000e+00   -2.8532e+00    9.2705e-01    7.4433e-04    1.0785e-03    4.4619e-04    9.7717e-04
   4.0000e-01    0.0000e+00   -3.0000e+00   -2.8978e+00    7.7646e-01   -2.3299e-04    1.3025e-03   -5.9272e-04    1.1861e-03
   4.0000e-01    0.0000e+00   -3.0000e+00   -2.9344e+00    6.2374e-01   -1.1193e-03    7.3117e-04   -1.5156e-03    6.4919e-04
   4.0000e-01    0.0000e+00   -3.0000e+00   -2.9631e+00    4.6930e-01   -1.3042e-03   -3.5471e-04   -1.6307e-03   -4.7538e-04
   4.0000e-01    0.0000e+00   -3.0000e+00   -2.9836e+00    3.1359e-01   -5.7218e-04   -1.2418e-03   -9.8931e-04   -1.3254e-03
   4.0000e-01    0.0000e+00   -3.0000e+00   -2.9959e+00    1.5701e-01    6.1213e-04   -1.2412e-03    1.6626e-04   -1.3210e-03
   4.0000e-01    0.0000e+00   -3.0000e+00   -3.0000e+00    0.0000e+00    1.3746e-03   -2.7437e-04    9.5319e-04   -3.7464e-04
   4.0000e-01    0.0000e+00   -3.0000e+00   -2.9959e+00   -1.5701e-01    1.0432e-03    9.6430e-04    5.9814e-04    8.6262e-04
   4.0000e-01    0.0000e+00   -3.0000e+00   -2.9836e+00   -3.1359e-01   -2.0201e-04    1.4265e-03   -6.4705e-04    1.2599e-03
   4.0000e-01    0.0000e+00   -3.0000e+00   -2.9631e+00   -4.6930e-01   -1.3224e-03    6.2450e-04   -1.6915e-03    4.9661e-04
   4.0000e-01    0.0000e+00   -3.0000e+00   -2.9344e+00   -6.2374e-01   -1.2476e-03   -8.0684e-04   -1.6560e-03   -9.8981e-04
   4.0000e-01    0.0000e+00   -3.0000e+00   -2.8978e+00   -7.7646e-01    4.8948e-05   -1.5096e-03   -3.1248e-04   -1.7018e-03
   4.0000e-01    0.0000e+00   -3.0000e+00   -2.8532e+00   -9.2705e-01    1.3601e-03   -7.1613e-04    1.0354e-03   -9.0850e-04
   4.0000e-01    0.0000e+00   -3.0000e+00   -2.8007e+00   -1.0751e+00    1.2982e-03    8.7598e-04    1.0574e-03    5.7077e-04
   4.0000e-01    0.0000e+00   -3.0000e+00   -2.7406e+00   -1.2202e+00   -1.8388e-04    1.5864e-03   -4.5548e-04    1.2782e-03
   4.0000e-01    0.0000e+00   -3.0000e+00   -2.6730e+00   -1.3620e+00   -1.5368e-03    5.4430e-04   -1.7621e-03    1.9387e-04
   4.0000e-01    0.0000e+00   -3.0000e+00   -2.5981e+00   -1.5000e+00   -1.1750e-03   -1.1819e-03   -1.4181e-03   -1.4290e-03
   4.0000e-01    0.0000e+00   -3.0000e+00   -2.5160e+00   -1.6339e+00    6.1360e-04   -1.5920e-03    4.8227e-04   -1.8415e-03
   4.0000e-01    0.0000e+00   -3.0000e+00   -2.4271e+00   -1.7634e+00    1.7477e-03   -6.6354e-05    1.6066e-03   -3.6738e-04
   4.0000e-01    0.0000e+00   -3.0000e+00   -2.3314e+00   -1.8880e+00    7.5192e-04    1.6308e-03    6.6751e-04    1.4341e-03
   4.0000e-01    0.0000e+00   -3.0000e+00   -2.2294e+00   -2.0074e+00   -1.2785e-03    1.3340e-03   -1.3235e-03    1.1119e-03
   4.0000e-01    0.0000e+00   -3.0000e+00   -2.1213e+00   -2.1213e+00   -1.7497e-03   -7.5343e-04   -1.7314e-03   -9.5018e-04
   4.0000e-01    0.0000e+00   -3.0000e+00   -2.0074e+00   -2.2294e+00    1.1527e-04   -1.9650e-03    1.1337e-04   -2.1428e-03
   4.0000e-01    0.0000e+00   -3.0000e+00   -1.8880e+00   -2.3314e+00    1.9588e-03   -5.6680e-04    1.9525e-03   -6.8949e-04
   4.0000e-01    0.0000e+00   -3.0000e+00   -1.7634e+00   -2.4271e+00    1.2053e-03    1.7432e-03    1.2073e-03    1.5478e-03
   4.0000e-01    0.0000e+00   -3.0000e+00   -1.6339e+00   -2.5160e+00   -1.3484e-03    1.7520e-03   -1.3193e-03    1.6213e-03
   4.0000e-01    0.0000e+00   -3.0000e+00   -1.5000e+00   -2.5981e+00   -2.1743e-03   -7.9775e-04   -2.1944e-03   -9.3688e-04
   4.0000e-01    0.0000e+00   -3.0000e+00    1.5000e+00   -2.5981e+00   -2.1743e-03   -7.9775e-04   -2.1387e-03   -1.0834e-03
   4.0000e-01    0.0000e+00   -3.0000e+00    1.6339e+00   -2.5160e+00   -1.3484e-03    1.7520e-03   -1.4058e-03    1.6017e-03
   4.0000e-01    0.0000e+00   -3.0000e+00    1.7634e+00   -2.4271e+00    1.2053e-03    1.7432e-03    1.1776e-03    1.6343e-03
   4.0000e-01    0.0000e+00   -3.0000e+00    1.8880e+00   -2.3314e+00    1.9588e-03   -5.6680e-04    1.9711e-03   -7.4971e-04
   4.0000e-01    0.0000e+00   -3.0000e+00    2.0074e+00   -2.2294e+00    1.1527e-04   -1.9650e-03    1.0905e-04   -2.1719e-03
   4.0000e-01    0.0000e+00   -3.0000e+00    2.1213e+00   -2.1213e+00   -1.7497e-03   -7.5343e-04   -1.7968e-03   -9.5945e-04
   4.0000e-01    0.0000e+00   -3.0000e+00    2.2294e+00   -2.0074e+00   -1.2785e-03    1.3340e-03   -1.2901e-03    1.0497e-03
   4.0000e-01    0.0000e+00   -3.0000e+00    2.3314e+00   -1.8880e+00    7.5192e-04    1.6308e-03    6.8313e-04    1.3682e-03
   4.0000e-01    0.0000e+00   -3.0000e+00    2.4271e+00   -1.7634e+00    1.7477e-03   -6.6354e-05    1.6422e-03   -3.5662e-04
   4.0000e-01    0.0000e+00   -3.0000e+00    2.5160e+00   -1.6339e+00    6.1360e-04   -1.5920e-03    4.7519e-04   -1.9071e-03
   4.0000e-01    0.0000e+00   -3.0000e+00    2.5981e+00   -1.5000e+00   -1.1750e-03   -1.1819e-03   -1.3586e-03   -1.4751e-03
   4.0000e-01    0.0000e+00   -3.0000e+00    2.6730e+00   -1.3620e+00   -1.5368e-03    5.4430e-04   -1.8191e-03    2.7424e-04
   4.0000e-01    0.0000e+00   -3.0000e+00    2.7406e+00   -1.2202e+00   -1.8388e-04    1.5864e-03   -5.4482e-04    1.2917e-03
   4.0000e-01    0.0000e+00   -3.0000e+00    2.8007e+00   -1.0751e+00    1.2982e-03    8.7598e-04    9.4871e-04    6.1500e-04
   4.0000e-01    0.0000e+00   -3.0000e+00    2.8532e+00   -9.2705e-01    1.3601e-03   -7.1613e-04    1.0193e-03   -9.4014e-04
   4.0000e-01    0.0000e+00   -3.0000e+00    2.8978e+00   -7.7646e-01    4.8948e-05   -1.5096e-03   -3.1668e-04   -1.7470e-03
   4.0000e-01    0.0000e+00   -3.0000e+00    2.9344e+00   -6.2374e-01   -1.2476e-03   -8.0684e-04   -1.5887e-03   -1.0289e-03
   4.0000e-01    0.0000e+00   -3.0000e+00    2.9631e+00   -4.6930e-01   -1.3224e-03    6.2450e-04   -1.7231e-03    4.9763e-04
   4.0000e-01    0.0000e+00   -3.0000e+00    2.9836e+00   -3.1359e-01   -2.0201e-04    1.4265e-03   -5.8980e-04    1.3446e-03
   4.0000e-01    0.0000e+00   -3.0000e+00    2.9959e+00   -1.5701e-01    1.0432e-03    9.6430e-04    6.4060e-04    8.1717e-04
   4.0000e-01    1.5000e+00   -2.6000e+00    3.0000e+00    0.0000e+00   -1.1872e-03   -1.1693e-03   -1.2539e-03   -1.5201e-03
   4.0000e-01    1.5000e+00   -2.6000e+00    2.9959e+00    1.5701e-01   -1.5295e-03    5.6347e-04   -1.6276e-03    1.9023e-04
   4.0000e-01    1.5000e+00   -2.6000e+00    2.9836e+00    3.1359e-01   -1.7212e-04    1.5873e-03   -2.4178e-04    1.2089e-03
   4.0000e-01    1.5000e+00   -2.6000e+00    2.9631e+00    4.6930e-01    1.3105e-03    8.5643e-04    1.2694e-03    4.5691e-04
   4.0000e-01    1.5000e+00   -2.6000e+00    2.9344e+00    6.2374e-01    1.3489e-03   -7.3627e-04    1.3969e-03   -1.1085e-03
   4.0000e-01    1.5000e+00   -2.6000e+00    2.8978e+00    7.7646e-01    2.5923e-05   -1.5097e-03    -4.6029e-06   -1.8792e-03
   4.0000e-01    1.5000e+00   -2.6000e+00    2.8532e+00    9.2705e-01   -1.2580e-03   -7.8959e-04   -1.2189e-03   -1.1378e-03
   4.0000e-01    1.5000e+00   -2.6000e+00    2.8007e+00    1.0751e+00   -1.3125e-03    6.4443e-04   -1.2253e-03    3.2139e-04
   4.0000e-01    1.5000e+00   -2.6000e+00    2.7406e+00    1.2202e+00   -1.8055e-04    1.4292e-03   -1.3757e-04    1.0657e-03
   4.0000e-01    1.5000e+00   -2.6000e+00    2.6730e+00    1.3620e+00    1.0637e-03    9.4059e-04    1.2382e-03    6.6729e-04
   4.0000e-01    1.5000e+00   -2.6000e+00    2.5981e+00    1.5000e+00    1.3693e-03   -2.9762e-04    1.5576e-03   -5.1020e-04
   4.0000e-01    1.5000e+00   -2.6000e+00    2.5160e+00    1.6339e+00    5.9038e-04   -1.2511e-03    7.2156e-04   -1.4968e-03
   4.0000e-01    1.5000e+00   -2.6000e+00    2.4271e+00    1.7634e+00   -6.0332e-04   -1.2263e-03   -4.3220e-04   -1.3422e-03
   4.0000e-01    1.5000e+00   -2.6000e+00    2.3314e+00    1.8880e+00   -1.3117e-03   -3.2360e-04   -1.0995e-03   -4.1082e-04
   4.0000e-01    1.5000e+00   -2.6000e+00    2.2294e+00    2.0074e+00   -1.1082e-03    7.4689e-04   -9.6455e-04    6.6230e-04
   4.0000e-01    1.5000e+00   -2.6000e+00    2.1213e+00    2.1213e+00   -2.1792e-04    1.3048e-03   -1.1296e-04    1.3575e-03
   4.0000e-01    1.5000e+00   -2.6000e+00    2.0074e+00    2.2294e+00    7.6883e-04    1.0606e-03    8.6491e-04    1.1382e-03
   4.0000e-01    1.5000e+00   -2.6000e+00    1.8880e+00    2.3314e+00    1.2768e-03    2.3187e-04    1.4161e-03    4.6520e-04
   4.0000e-01    1.5000e+00   -2.6000e+00    1.7634e+00    2.4271e+00    1.0995e-03   -6.6784e-04    1.1245e-03   -4.1931e-04
   4.0000e-01    1.5000e+00   -2.6000e+00    1.6339e+00    2.5160e+00    4.0737e-04   -1.2093e-03    4.2883e-04   -8.4141e-04
   4.0000e-01    1.5000e+00   -2.6000e+00    1.5000e+00    2.5981e+00   -4.3574e-04   -1.1886e-03   -4.1458e-04   -7.8407e-04
   4.0000e-01    1.5000e+00   -2.6000e+00    1.3620e+00    2.6730e+00   -1.0538e-03   -6.8481e-04   -1.0983e-03   -1.8681e-04
   4.0000e-01    1.5000e+00   -2.6000e+00    1.2202e+00    2.7406e+00   -1.2475e-03    4.4210e-05   -1.2940e-03    6.2678e-04
   4.0000e-01    1.5000e+00   -2.6000e+00    1.0751e+00    2.8007e+00   -1.0121e-03    7.1689e-04   -1.0295e-03    1.2706e-03
   4.0000e-01    1.5000e+00   -2.6000e+00    9.2705e-01    2.8532e+00   -4.8304e-04    1.1341e-03   -5.3902e-04    1.7773e-03
   4.0000e-01    1.5000e+00   -2.6000e+00    7.7646e-01    2.8978e+00    1.4582e-04    1.2170e-03    5.2816e-05    1.9302e-03
   4.0000e-01    1.5000e+00   -2.6000e+00    6.2374e-01    2.9344e+00    6.9145e-04    1.0045e-03    5.9473e-04    1.7364e-03
   4.0000e-01    1.5000e+00   -2.6000e+00    4.6930e-01    2.9631e+00    1.0585e-03    5.9339e-04    9.3661e-04    1.3349e-03
   4.0000e-01    1.5000e+00   -2.6000e+00    3.1359e-01    2.9836e+00    1.2032e-03    1.1026e-04    1.1052e-03    9.1337e-04
   4.0000e-01    1.5000e+00   -2.6000e+00    1.5701e-01    2.9959e+00    1.1499e-03   -3.5504e-04    1.0972e-03    4.1251e-04
   4.0000e-01    1.5000e+00   -2.6000e+00    0.0000e+00    3.0000e+00    9.4369e-04   -7.3949e-04    8.7647e-04    1.4395e-04
   4.0000e-01    1.5000e+00   -2.6000e+00   -1.5701e-01    2.9959e+00    6.6621e-04   -9.9212e-04    5.8422e-04   -2.0466e-04
   4.0000e-01    1.5000e+00   -2.6000e+00   -3.1359e-01    2.9836e+00    3.5608e-04   -1.1370e-03    2.8929e-04   -2.9457e-04
   4.0000e-01    1.5000e+00   -2.6000e+00   -4.6930e-01    2.9631e+00    4.9619e-05   -1.1873e-03    5.3750e-06   -3.9348e-04
   4.0000e-01    1.5000e+00   -2.6000e+00   -6.2374e-01    2.9344e+00   -2.1394e-04   -1.1662e-03   -2.0114e-04   -4.2403e-04
   4.0000e-01    1.5000e+00   -2.6000e+00   -7.7646e-01    2.8978e+00   -4.3067e-04   -1.1021e-03   -3.6353e-04   -3.9140e-04
   4.0000e-01    1.5000e+00   -2.6000e+00   -9.2705e-01    2.8532e+00   -5.8897e-04   -1.0243e-03   -4.8578e-04   -3.4683e-04
   4.0000e-01    1.5000e+00   -2.6000e+00   -1.0751e+00    2.8007e+00   -7.0843e-04   -9.4407e-04   -5.3855e-04   -3.3229e-04
   4.0000e-01    1.5000e+00   -2.6000e+00   -1.2202e+00    2.7406e+00   -7.8637e-04   -8.7892e-04   -5.6678e-04   -3.2305e-04
   4.0000e-01    1.5000e+00   -2.6000e+00   -1.3620e+00    2.6730e+00   -8.3304e-04   -8.3365e-04   -6.0480e-04   -3.1735e-04
   4.0000e-01    1.5000e+00   -2.6000e+00   -1.5000e+00    2.5981e+00   -8.4487e-04   -8.2143e-04   -6.2750e-04   -3.9288e-04
   4.0000e-01    1.5000e+00   -2.6000e+00   -1.6339e+00    2.5160e+00   -8.2731e-04   -8.3950e-04   -5.4372e-04   -4.7328e-04
   4.0000e-01    1.5000e+00   -2.6000e+00   -1.7634e+00    2.4271e+00   -7.8645e-04   -8.7864e-04   -4.6291e-04   -5.5689e-04
   4.0000e-01    1.5000e+00   -2.6000e+00   -1.8880e+00    2.3314e+00   -7.1412e-04   -9.3963e-04   -3.9956e-04   -6.0640e-04
   4.0000e-01    1.5000e+00   -2.6000e+00   -2.0074e+00    2.2294e+00   -5.8980e-04   -1.0240e-03   -1.6601e-04   -7.3322e-04
   4.0000e-01    1.5000e+00   -2.6000e+00   -2.1213e+00    2.1213e+00   -4.1965e-04   -1.1066e-03   -6.8406e-05   -8.4771e-04
   4.0000e-01    1.5000e+00   -2.6000e+00   -2.2294e+00    2.0074e+00   -2.0979e-04   -1.1670e-03    1.2435e-04   -9.9150e-04
   4.0000e-01    1.5000e+00   -2.6000e+00   -2.3314e+00    1.8880e+00    4.5286e-05   -1.1875e-03    3.4324e-04   -1.0422e-03
   4.0000e-01    1.5000e+00   -2.6000e+00   -2.4271e+00    1.7634e+00    3.5316e-04   -1.1380e-03    5.2619e-04   -1.0285e-03
   4.0000e-01    1.5000e+00   -2.6000e+00   -2.5160e+00    1.6339e+00    6.7109e-04   -9.8895e-04    8.4255e-04   -8.4477e-04
   4.0000e-01    1.5000e+00   -2.6000e+00   -2.5981e+00    1.5000e+00    9.5167e-04   -7.2950e-04    1.0774e-03   -6.7730e-04
   4.0000e-01    1.5000e+00   -2.6000e+00   -2.6730e+00    1.3620e+00    1.1496e-03   -3.5574e-04    1.2272e-03   -2.3407e-04
   4.0000e-01    1.5000e+00   -2.6000e+00   -2.7406e+00    1.2202e+00    1.2031e-03    1.1482e-04    1.2397e-03    2.3685e-04
   4.0000e-01    1.5000e+00   -2.6000e+00   -2.8007e+00    1.0751e+00    1.0544e-03    6.0144e-04    1.0788e-03    6.7803e-04
   4.0000e-01    1.5000e+00   -2.6000e+00   -2.8532e+00    9.2705e-01    6.8221e-04    1.0111e-03    5.9804e-04    1.1511e-03
   4.0000e-01    1.5000e+00   -2.6000e+00   -2.8978e+00    7.7646e-01    1.3649e-04    1.2184e-03   -8.2872e-05    1.3205e-03
   4.0000e-01    1.5000e+00   -2.6000e+00   -2.9344e+00    6.2374e-01   -4.9114e-04    1.1310e-03   -7.7416e-04    1.2305e-03
   4.0000e-01    1.5000e+00   -2.6000e+00   -2.9631e+00    4.6930e-01   -1.0180e-03    7.0874e-04   -1.3411e-03    7.9278e-04
   4.0000e-01    1.5000e+00   -2.6000e+00   -2.9836e+00    3.1359e-01   -1.2483e-03    2.5146e-05   -1.5964e-03    8.0401e-05
   4.0000e-01    1.5000e+00   -2.6000e+00   -2.9959e+00    1.5701e-01   -1.0448e-03   -6.9934e-04   -1.3800e-03   -5.8269e-04
   4.0000e-01    1.5000e+00   -2.6000e+00   -3.0000e+00    0.0000e+00   -4.2502e-04   -1.1930e-03   -8.3977e-04   -1.0839e-03
   4.0000e-01    1.5000e+00   -2.6000e+00   -2.9959e+00   -1.5701e-01    4.1838e-04   -1.2058e-03    -1.0695e-05   -1.2058e-03
   4.0000e-01    1.5000e+00   -2.6000e+00   -2.9836e+00   -3.1359e-01    1.1074e-03   -6.5540e-04    7.4008e-04   -5.8424e-04
   4.0000e-01    1.5000e+00   -2.6000e+00   -2.9631e+00   -4.6930e-01    1.2735e-03    2.5155e-04    8.9443e-04    3.1177e-04
   4.0000e-01    1.5000e+00   -2.6000e+00   -2.9344e+00   -6.2374e-01    7.5414e-04    1.0715e-03    5.1000e-04    1.2099e-03
   4.0000e-01    1.5000e+00   -2.6000e+00   -2.8978e+00   -7.7646e-01   -2.2398e-04    1.3038e-03   -5.2202e-04    1.3370e-03
   4.0000e-01    1.5000e+00   -2.6000e+00   -2.8532e+00   -9.2705e-01   -1.1146e-03    7.3777e-04   -1.3697e-03    8.5253e-04
   4.0000e-01    1.5000e+00   -2.6000e+00   -2.8007e+00   -1.0751e+00   -1.3063e-03   -3.4671e-04   -1.4706e-03   -3.0729e-04
   4.0000e-01    1.5000e+00   -2.6000e+00   -2.7406e+00   -1.2202e+00   -5.8815e-04   -1.2341e-03   -6.6824e-04   -1.2654e-03
   4.0000e-01    1.5000e+00   -2.6000e+00   -2.6730e+00   -1.3620e+00    6.0104e-04   -1.2461e-03    5.7635e-04   -1.2872e-03
   4.0000e-01    1.5000e+00   -2.6000e+00   -2.5981e+00   -1.5000e+00    1.3722e-03   -2.8374e-04    1.3960e-03   -2.8239e-04
   4.0000e-01    1.5000e+00   -2.6000e+00   -2.5160e+00   -1.6339e+00    1.0470e-03    9.5984e-04    1.1619e-03    8.9487e-04
   4.0000e-01    1.5000e+00   -2.6000e+00   -2.4271e+00   -1.7634e+00   -1.9660e-04    1.4270e-03   -3.8101e-05    1.5416e-03
   4.0000e-01    1.5000e+00   -2.6000e+00   -2.3314e+00   -1.8880e+00   -1.3172e-03    6.3451e-04   -1.1443e-03    6.7458e-04
   4.0000e-01    1.5000e+00   -2.6000e+00   -2.2294e+00   -2.0074e+00   -1.2538e-03   -7.9658e-04   -1.0253e-03   -8.6206e-04
   4.0000e-01    1.5000e+00   -2.6000e+00   -2.1213e+00   -2.1213e+00    5.1079e-05   -1.5095e-03    2.8580e-04   -1.4922e-03
   4.0000e-01    1.5000e+00   -2.6000e+00   -2.0074e+00   -2.2294e+00    1.3609e-03   -7.1419e-04    1.6786e-03   -6.7269e-04
   4.0000e-01    1.5000e+00   -2.6000e+00   -1.8880e+00   -2.3314e+00    1.3043e-03    8.6592e-04    1.5899e-03    9.2987e-04
   4.0000e-01    1.5000e+00   -2.6000e+00   -1.7634e+00   -2.4271e+00   -1.7921e-04    1.5865e-03    1.1505e-04    1.6175e-03
   4.0000e-01    1.5000e+00   -2.6000e+00   -1.6339e+00   -2.5160e+00   -1.5366e-03    5.4454e-04   -1.2358e-03    5.2469e-04
   4.0000e-01    1.5000e+00   -2.6000e+00   -1.5000e+00   -2.5981e+00   -1.1741e-03   -1.1830e-03   -9.2509e-04   -1.1215e-03
   4.0000e-01    1.5000e+00   -2.6000e+00   -1.3620e+00   -2.6730e+00    6.0446e-04   -1.5949e-03    7.5716e-04   -1.6231e-03
   4.0000e-01    1.5000e+00   -2.6000e+00   -1.2202e+00   -2.7406e+00    1.7479e-03   -6.5610e-05    1.9517e-03   -7.4992e-05
   4.0000e-01    1.5000e+00   -2.6000e+00   -1.0751e+00   -2.8007e+00    7.4655e-04    1.6336e-03    8.9851e-04    1.6109e-03
   4.0000e-01    1.5000e+00   -2.6000e+00   -9.2705e-01   -2.8532e+00   -1.2896e-03    1.3234e-03   -1.1926e-03    1.2986e-03
   4.0000e-01    1.5000e+00   -2.6000e+00   -7.7646e-01   -2.8978e+00   -1.7501e-03   -7.5174e-04   -1.6486e-03   -7.6905e-04
   4.0000e-01    1.5000e+00   -2.6000e+00   -6.2374e-01   -2.9344e+00    1.1054e-04   -1.9652e-03    2.0449e-04   -2.0490e-03
   4.0000e-01    1.5000e+00   -2.6000e+00   -4.6930e-01   -2.9631e+00    1.9630e-03   -5.5393e-04    2.0503e-03   -7.0616e-04
   4.0000e-01    1.5000e+00   -2.6000e+00   -3.1359e-01   -2.9836e+00    1.1865e-03    1.7569e-03    1.1919e-03    1.5534e-03
   4.0000e-01    1.5000e+00   -2.6000e+00   -1.5701e-01   -2.9959e+00   -1.3564e-03    1.7461e-03   -1.3236e-03    1.6510e-03
   4.0000e-01    1.5000e+00   -2.6000e+00    0.0000e+00   -3.0000e+00   -2.1761e-03   -7.9174e-04   -2.1997e-03   -1.0005e-03
   4.0000e-01    1.5000e+00   -2.6000e+00    2.5981e+00   -1.5000e+00   -2.1833e-03   -7.6948e-04   -1.9700e-03   -9.8439e-04
   4.0000e-01    1.5000e+00   -2.6000e+00    2.6730e+00   -1.3620e+00   -1.3295e-03    1.7655e-03   -1.2217e-03    1.6111e-03
   4.0000e-01    1.5000e+00   -2.6000e+00    2.7406e+00   -1.2202e+00    1.2236e-03    1.7301e-03    1.2900e-03    1.4918e-03
   4.0000e-01    1.5000e+00   -2.6000e+00    2.8007e+00   -1.0751e+00    1.9540e-03   -5.8306e-04    2.0456e-03   -8.1620e-04
   4.0000e-01    1.5000e+00   -2.6000e+00    2.8532e+00   -9.2705e-01    8.0721e-05   -1.9659e-03    3.4393e-05   -2.1891e-03
   4.0000e-01    1.5000e+00   -2.6000e+00    2.8978e+00   -7.7646e-01   -1.7603e-03   -7.2619e-04   -1.8686e-03   -9.8938e-04
   4.0000e-01    1.5000e+00   -2.6000e+00    2.9344e+00   -6.2374e-01   -1.2680e-03    1.3436e-03   -1.3244e-03    1.0039e-03
   4.0000e-01    1.5000e+00   -2.6000e+00    2.9631e+00   -4.6930e-01    7.6992e-04    1.6221e-03    6.4696e-04    1.2415e-03
   4.0000e-01    1.5000e+00   -2.6000e+00    2.9836e+00   -3.1359e-01    1.7458e-03   -9.4569e-05    1.7028e-03   -4.4870e-04
   4.0000e-01    1.5000e+00   -2.6000e+00    2.9959e+00   -1.5701e-01    5.9040e-04   -1.6001e-03    4.5922e-04   -1.9528e-03
   4.0000e-01    2.6000e+00   -1.5000e+00    3.0000e+00    0.0000e+00   -2.1688e-03   -8.1403e-04   -2.0529e-03   -1.0028e-03
   4.0000e-01    2.6000e+00   -1.5000e+00    2.9959e+00    1.5701e-01   -1.3564e-03    1.7461e-03   -1.2828e-03    1.5864e-03
   4.0000e-01    2.6000e+00   -1.5000e+00    2.9836e+00    3.1359e-01    1.1865e-03    1.7569e-03    1.2215e-03    1.5805e-03
   4.0000e-01    2.6000e+00   -1.5000e+00    2.9631e+00    4.6930e-01    1.9630e-03   -5.5393e-04    1.9844e-03   -7.7130e-04
   4.0000e-01    2.6000e+00   -1.5000e+00    2.9344e+00    6.2374e-01    1.1054e-04   -1.9652e-03    9.3268e-05   -2.1249e-03
   4.0000e-01    2.6000e+00   -1.5000e+00    2.8978e+00    7.7646e-01   -1.7501e-03   -7.5174e-04   -1.7368e-03   -9.2353e-04
   4.0000e-01    2.6000e+00   -1.5000e+00    2.8532e+00    9.2705e-01   -1.2896e-03    1.3234e-03   -1.2409e-03    1.1914e-03
   4.0000e-01    2.6000e+00   -1.5000e+00    2.8007e+00    1.0751e+00    7.4655e-04    1.6336e-03    8.3774e-04    1.4802e-03
   4.0000e-01    2.6000e+00   -1.5000e+00    2.7406e+00    1.2202e+00    1.7479e-03   -6.5610e-05    1.8461e-03   -2.3402e-04
   4.0000e-01    2.6000e+00   -1.5000e+00    2.6730e+00    1.3620e+00    6.0446e-04   -1.5949e-03    7.2959e-04   -1.7505e-03
   4.0000e-01    2.6000e+00   -1.5000e+00    2.5981e+00    1.5000e+00   -1.1741e-03   -1.1830e-03   -1.0690e-03   -1.3503e-03
   4.0000e-01    2.6000e+00   -1.5000e+00    2.5160e+00    1.6339e+00   -1.5366e-03    5.4454e-04   -1.3283e-03    3.8868e-04
   4.0000e-01    2.6000e+00   -1.5000e+00    2.4271e+00    1.7634e+00   -1.7921e-04    1.5865e-03    1.0012e-07    1.3950e-03
   4.0000e-01    2.6000e+00   -1.5000e+00    2.3314e+00    1.8880e+00    1.3043e-03    8.6592e-04    1.5257e-03    6.6183e-04
   4.0000e-01    2.6000e+00   -1.5000e+00    2.2294e+00    2.0074e+00    1.3609e-03   -7.1419e-04    1.5652e-03   -9.4418e-04
   4.0000e-01    2.6000e+00   -1.5000e+00    2.1213e+00    2.1213e+00    5.1079e-05   -1.5095e-03    3.0419e-04   -1.6937e-03
   4.0000e-01    2.6000e+00   -1.5000e+00    2.0074e+00    2.2294e+00   -1.2538e-03   -7.9658e-04   -1.0016e-03   -1.0357e-03
   4.0000e-01    2.6000e+00   -1.5000e+00    1.8880e+00    2.3314e+00   -1.3172e-03    6.3451e-04   -1.0716e-03    4.0998e-04
   4.0000e-01    2.6000e+00   -1.5000e+00    1.7634e+00    2.4271e+00   -1.9660e-04    1.4270e-03    -3.9292e-06    1.1707e-03
   4.0000e-01    2.6000e+00   -1.5000e+00    1.6339e+00    2.5160e+00    1.0470e-03    9.5984e-04    1.2089e-03    7.5787e-04
   4.0000e-01    2.6000e+00   -1.5000e+00    1.5000e+00    2.5981e+00    1.3722e-03   -2.8374e-04    1.5060e-03   -5.1994e-04
   4.0000e-01    2.6000e+00   -1.5000e+00    1.3620e+00    2.6730e+00    6.0104e-04   -1.2461e-03    6.5941e-04   -1.3787e-03
   4.0000e-01    2.6000e+00   -1.5000e+00    1.2202e+00    2.7406e+00   -5.8815e-04   -1.2341e-03   -6.2532e-04   -1.5375e-03
   4.0000e-01    2.6000e+00   -1.5000e+00    1.0751e+00    2.8007e+00   -1.3063e-03   -3.4671e-04   -1.3349e-03   -5.6492e-04
   4.0000e-01    2.6000e+00   -1.5000e+00    9.2705e-01    2.8532e+00   -1.1146e-03    7.3777e-04   -1.1161e-03    5.3919e-04
   4.0000e-01    2.6000e+00   -1.5000e+00    7.7646e-01    2.8978e+00   -2.2398e-04    1.3038e-03   -3.3404e-04    1.1319e-03
   4.0000e-01    2.6000e+00   -1.5000e+00    6.2374e-01    2.9344e+00    7.5414e-04    1.0715e-03    5.8562e-04    8.1029e-04
   4.0000e-01    2.6000e+00   -1.5000e+00    4.6930e-01    2.9631e+00    1.2735e-03    2.5155e-04    1.0641e-03    8.5885e-05
   4.0000e-01    2.6000e+00   -1.5000e+00    3.1359e-01    2.9836e+00    1.1074e-03   -6.5540e-04    9.2841e-04   -8.3632e-04
   4.0000e-01    2.6000e+00   -1.5000e+00    1.5701e-01    2.9959e+00    4.1838e-04   -1.2058e-03    1.7682e-04   -1.3880e-03
   4.0000e-01    2.6000e+00   -1.5000e+00    0.0000e+00    3.0000e+00   -4.3123e-04   -1.1906e-03   -6.8220e-04   -1.2941e-03
   4.0000e-01    2.6000e+00   -1.5000e+00   -1.5701e-01    2.9959e+00   -1.0448e-03   -6.9934e-04   -1.3261e-03   -7.6127e-04
   4.0000e-01    2.6000e+00   -1.5000e+00   -3.1359e-01    2.9836e+00   -1.2483e-03    2.5146e-05   -1.5281e-03   -3.5407e-05
   4.0000e-01    2.6000e+00   -1.5000e+00   -4.6930e-01    2.9631e+00   -1.0180e-03    7.0874e-04   -1.3256e-03    6.6405e-04
   4.0000e-01    2.6000e+00   -1.5000e+00   -6.2374e-01    2.9344e+00   -4.9114e-04    1.1310e-03   -7.6892e-04    1.1113e-03
   4.0000e-01    2.6000e+00   -1.5000e+00   -7.7646e-01    2.8978e+00    1.3649e-04    1.2184e-03   -1.2575e-04    1.2323e-03
   4.0000e-01    2.6000e+00   -1.5000e+00   -9.2705e-01    2.8532e+00    6.8221e-04    1.0111e-03    5.6937e-04    1.0833e-03
   4.0000e-01    2.6000e+00   -1.5000e+00   -1.0751e+00    2.8007e+00    1.0544e-03    6.0144e-04    1.0196e-03    6.5811e-04
   4.0000e-01    2.6000e+00   -1.5000e+00   -1.2202e+00    2.7406e+00    1.2031e-03    1.1482e-04    1.1876e-03    1.7851e-04
   4.0000e-01    2.6000e+00   -1.5000e+00   -1.3620e+00    2.6730e+00    1.1496e-03   -3.5574e-04    1.2304e-03   -2.3543e-04
   4.0000e-01    2.6000e+00   -1.5000e+00   -1.5000e+00    2.5981e+00    9.5167e-04   -7.2950e-04    1.1070e-03   -6.6086e-04
   4.0000e-01    2.6000e+00   -1.5000e+00   -1.6339e+00    2.5160e+00    6.7109e-04   -9.8895e-04    9.3817e-04   -8.3052e-04
   4.0000e-01    2.6000e+00   -1.5000e+00   -1.7634e+00    2.4271e+00    3.5316e-04   -1.1380e-03    6.7690e-04   -9.7090e-04
   4.0000e-01    2.6000e+00   -1.5000e+00   -1.8880e+00    2.3314e+00    4.5286e-05   -1.1875e-03    3.8724e-04   -9.2798e-04
   4.0000e-01    2.6000e+00   -1.5000e+00   -2.0074e+00    2.2294e+00   -2.0979e-04   -1.1670e-03    1.5363e-04   -1.0064e-03
   4.0000e-01    2.6000e+00   -1.5000e+00   -2.1213e+00    2.1213e+00   -4.1965e-04   -1.1066e-03    9.2445e-05   -8.4287e-04
   4.0000e-01    2.6000e+00   -1.5000e+00   -2.2294e+00    2.0074e+00   -5.8980e-04   -1.0240e-03   -1.3783e-04   -7.5799e-04
   4.0000e-01    2.6000e+00   -1.5000e+00   -2.3314e+00    1.8880e+00   -7.1412e-04   -9.3963e-04   -3.0578e-04   -5.5229e-04
   4.0000e-01    2.6000e+00   -1.5000e+00   -2.4271e+00    1.7634e+00   -7.8645e-04   -8.7864e-04   -2.8667e-04   -4.9841e-04
   4.0000e-01    2.6000e+00   -1.5000e+00   -2.5160e+00    1.6339e+00   -8.2731e-04   -8.3950e-04   -3.4392e-04   -4.6793e-04
   4.0000e-01    2.6000e+00   -1.5000e+00   -2.5981e+00    1.5000e+00   -8.4487e-04   -8.2143e-04   -4.0624e-04   -3.3792e-04
   4.0000e-01    2.6000e+00   -1.5000e+00   -2.6730e+00    1.3620e+00   -8.3304e-04   -8.3365e-04   -5.3458e-04   -3.2659e-04
   4.0000e-01    2.6000e+00   -1.5000e+00   -2.7406e+00    1.2202e+00   -7.8637e-04   -8.7892e-04   -4.4016e-04   -3.4621e-04
   4.0000e-01    2.6000e+00   -1.5000e+00   -2.8007e+00    1.0751e+00   -7.0843e-04   -9.4407e-04   -4.8612e-04   -3.8041e-04
   4.0000e-01    2.6000e+00   -1.5000e+00   -2.8532e+00    9.2705e-01   -5.8897e-04   -1.0243e-03   -4.2331e-04   -4.0323e-04
   4.0000e-01    2.6000e+00   -1.5000e+00   -2.8978e+00    7.7646e-01   -4.3067e-04   -1.1021e-03   -3.3860e-04   -4.3272e-04
   4.0000e-01    2.6000e+00   -1.5000e+00   -2.9344e+00    6.2374e-01   -2.1394e-04   -1.1662e-03   -1.9765e-04   -5.1224e-04
   4.0000e-01    2.6000e+00   -1.5000e+00   -2.9631e+00    4.6930e-01    4.9619e-05   -1.1873e-03    5.4132e-05   -4.9514e-04
   4.0000e-01    2.6000e+00   -1.5000e+00   -2.9836e+00    3.1359e-01    3.5608e-04   -1.1370e-03    2.6672e-04   -4.6684e-04
   4.0000e-01    2.6000e+00   -1.5000e+00   -2.9959e+00    1.5701e-01    6.6621e-04   -9.9212e-04    5.5328e-04   -3.1474e-04
   4.0000e-01    2.6000e+00   -1.5000e+00   -3.0000e+00    0.0000e+00    9.4572e-04   -7.3696e-04    7.3519e-04   -8.1335e-06
   4.0000e-01    2.6000e+00   -1.5000e+00   -2.9959e+00   -1.5701e-01    1.1499e-03   -3.5504e-04    8.6149e-04    3.6939e-04
   4.0000e-01    2.6000e+00   -1.5000e+00   -2.9836e+00   -3.1359e-01    1.2032e-03    1.1026e-04    9.5476e-04    8.9858e-04
   4.0000e-01    2.6000e+00   -1.5000e+00   -2.9631e+00   -4.6930e-01    1.0585e-03    5.9339e-04    7.4141e-04    1.2932e-03
   4.0000e-01    2.6000e+00   -1.5000e+00   -2.9344e+00   -6.2374e-01    6.9145e-04    1.0045e-03    3.0749e-04    1.7585e-03
   4.0000e-01    2.6000e+00   -1.5000e+00   -2.8978e+00   -7.7646e-01    1.4582e-04    1.2170e-03   -2.0367e-04    1.8517e-03
   4.0000e-01    2.6000e+00   -1.5000e+00   -2.8532e+00   -9.2705e-01   -4.8304e-04    1.1341e-03   -7.8044e-04    1.7961e-03
   4.0000e-01    2.6000e+00   -1.5000e+00   -2.8007e+00   -1.0751e+00   -1.0121e-03    7.1689e-04   -1.2358e-03    1.3966e-03
   4.0000e-01    2.6000e+00   -1.5000e+00   -2.7406e+00   -1.2202e+00   -1.2475e-03    4.4210e-05   -1.4696e-03    5.9093e-04
   4.0000e-01    2.6000e+00   -1.5000e+00   -2.6730e+00   -1.3620e+00   -1.0538e-03   -6.8481e-04   -1.2902e-03   -1.6705e-04
   4.0000e-01    2.6000e+00   -1.5000e+00   -2.5981e+00   -1.5000e+00   -4.3574e-04   -1.1886e-03   -5.8325e-04   -6.7286e-04
   4.0000e-01    2.6000e+00   -1.5000e+00   -2.5160e+00   -1.6339e+00    4.0737e-04   -1.2093e-03    2.9090e-04   -8.4045e-04
   4.0000e-01    2.6000e+00   -1.5000e+00   -2.4271e+00   -1.7634e+00    1.0995e-03   -6.6784e-04    9.8175e-04   -2.2335e-04
   4.0000e-01    2.6000e+00   -1.5000e+00   -2.3314e+00   -1.8880e+00    1.2768e-03    2.3187e-04    1.1996e-03    5.7523e-04
   4.0000e-01    2.6000e+00   -1.5000e+00   -2.2294e+00   -2.0074e+00    7.6883e-04    1.0606e-03    8.4029e-04    1.3569e-03
   4.0000e-01    2.6000e+00   -1.5000e+00   -2.1213e+00   -2.1213e+00   -2.1792e-04    1.3048e-03   -1.6545e-04    1.6222e-03
   4.0000e-01    2.6000e+00   -1.5000e+00   -2.0074e+00   -2.2294e+00   -1.1082e-03    7.4689e-04   -1.0553e-03    9.3428e-04
   4.0000e-01    2.6000e+00   -1.5000e+00   -1.8880e+00   -2.3314e+00   -1.3117e-03   -3.2360e-04   -1.3507e-03   -2.0006e-04
   4.0000e-01    2.6000e+00   -1.5000e+00   -1.7634e+00   -2.4271e+00   -6.0332e-04   -1.2263e-03   -5.2924e-04   -1.0986e-03
   4.0000e-01    2.6000e+00   -1.5000e+00   -1.6339e+00   -2.5160e+00    5.9038e-04   -1.2511e-03    6.8468e-04   -1.2324e-03
   4.0000e-01    2.6000e+00   -1.5000e+00   -1.5000e+00   -2.5981e+00    1.3693e-03   -2.9762e-04    1.4230e-03   -3.6013e-04
   4.0000e-01    2.6000e+00   -1.5000e+00   -1.3620e+00   -2.6730e+00    1.0637e-03    9.4059e-04    1.0655e-03    9.2523e-04
   4.0000e-01    2.6000e+00   -1.5000e+00   -1.2202e+00   -2.7406e+00   -1.8055e-04    1.4292e-03   -2.4435e-04    1.3806e-03
   4.0000e-01    2.6000e+00   -1.5000e+00   -1.0751e+00   -2.8007e+00   -1.3125e-03    6.4443e-04   -1.2560e-03    4.7395e-04
   4.0000e-01    2.6000e+00   -1.5000e+00   -9.2705e-01   -2.8532e+00   -1.2580e-03   -7.8959e-04   -1.3042e-03   -8.8428e-04
   4.0000e-01    2.6000e+00   -1.5000e+00   -7.7646e-01   -2.8978e+00    2.5923e-05   -1.5097e-03   -2.3679e-05   -1.6849e-03
   4.0000e-01    2.6000e+00   -1.5000e+00   -6.2374e-01   -2.9344e+00    1.3489e-03   -7.3627e-04    1.2554e-03   -1.0040e-03
   4.0000e-01    2.6000e+00   -1.5000e+00   -4.6930e-01   -2.9631e+00    1.3105e-03    8.5643e-04    1.1792e-03    6.6051e-04
   4.0000e-01    2.6000e+00   -1.5000e+00   -3.1359e-01   -2.9836e+00   -1.7212e-04    1.5873e-03   -3.2003e-04    1.3518e-03
   4.0000e-01    2.6000e+00   -1.5000e+00   -1.5701e-01   -2.9959e+00   -1.5295e-03    5.6347e-04   -1.7146e-03    2.5795e-04
   4.0000e-01    2.6000e+00   -1.5000e+00    0.0000e+00   -3.0000e+00   -1.1975e-03   -1.1583e-03   -1.4010e-03   -1.4767e-03
   4.0000e-01    2.6000e+00   -1.5000e+00    1.5701e-01   -2.9959e+00    5.9040e-04   -1.6001e-03    3.4986e-04   -1.8855e-03
   4.0000e-01    2.6000e+00   -1.5000e+00    3.1359e-01   -2.9836e+00    1.7458e-03   -9.4569e-05    1.5502e-03   -4.1153e-04
   4.0000e-01    2.6000e+00   -1.5000e+00    4.6930e-01   -2.9631e+00    7.6992e-04    1.6221e-03    6.2012e-04    1.3122e-03
   4.0000e-01    2.6000e+00   -1.5000e+00    6.2374e-01   -2.9344e+00   -1.2680e-03    1.3436e-03   -1.4032e-03    1.0942e-03
   4.0000e-01    2.6000e+00   -1.5000e+00    7.7646e-01   -2.8978e+00   -1.7603e-03   -7.2619e-04   -1.8172e-03   -9.6909e-04
   4.0000e-01    2.6000e+00   -1.5000e+00    9.2705e-01   -2.8532e+00    8.0721e-05   -1.9659e-03    3.7577e-05   -2.2056e-03
   4.0000e-01    2.6000e+00   -1.5000e+00    1.0751e+00   -2.8007e+00    1.9540e-03   -5.8306e-04    1.8845e-03   -7.8035e-04
   4.0000e-01    2.6000e+00   -1.5000e+00    1.2202e+00   -2.7406e+00    1.2236e-03    1.7301e-03    1.3248e-03    1.5118e-03
   4.0000e-01    2.6000e+00   -1.5000e+00    1.3620e+00   -2.6730e+00   -1.3295e-03    1.7655e-03   -1.1491e-03    1.5981e-03
   4.0000e-01    2.6000e+00   -1.5000e+00    1.5000e+00   -2.5981e+00   -2.1833e-03   -7.6948e-04   -1.9384e-03   -9.6442e-04
   5.0000e-01    3.0000e+00    0.0000e+00    2.5981e+00    1.5000e+00    2.5167e-03    6.1142e-04    2.7285e-03    4.9771e-04
   5.0000e-01    3.0000e+00    0.0000e+00    2.5160e+00    1.6339e+00    5.5481e-04   -2.4090e-03    8.4045e-04   -2.4961e-03
   5.0000e-01    3.0000e+00    0.0000e+00    2.4271e+00    1.7634e+00   -2.3119e-03   -5.2017e-04   -1.9414e-03   -5.9406e-04
   5.0000e-01    3.0000e+00    0.0000e+00    2.3314e+00    1.8880e+00   -5.2629e-04    2.2184e-03   -8.6574e-05    2.1093e-03
   5.0000e-01    3.0000e+00    0.0000e+00    2.2294e+00    2.0074e+00    2.1236e-03    5.7803e-04    2.6072e-03    5.6975e-04
   5.0000e-01    3.0000e+00    0.0000e+00    2.1213e+00    2.1213e+00    6.4626e-04   -2.0296e-03    1.2043e-03   -2.1302e-03
   5.0000e-01    3.0000e+00    0.0000e+00    2.0074e+00    2.2294e+00   -1.9317e-03   -7.3287e-04   -1.4003e-03   -7.9347e-04
   5.0000e-01    3.0000e+00    0.0000e+00    1.8880e+00    2.3314e+00   -8.5223e-04    1.8180e-03   -1.8821e-04    1.7199e-03
   5.0000e-01    3.0000e+00    0.0000e+00    1.7634e+00    2.4271e+00    1.6789e-03    1.0026e-03    2.2987e-03    9.7796e-04
   5.0000e-01    3.0000e+00    0.0000e+00    1.6339e+00    2.5160e+00    1.1592e-03   -1.5151e-03    2.0027e-03   -1.5240e-03
   5.0000e-01    3.0000e+00    0.0000e+00    1.5000e+00    2.5981e+00   -1.3169e-03   -1.3184e-03   -6.1708e-04   -1.3690e-03
   5.0000e-01    3.0000e+00    0.0000e+00    1.3620e+00    2.6730e+00   -1.4785e-03    1.0662e-03   -7.3227e-04    9.6987e-04
   5.0000e-01    3.0000e+00    0.0000e+00    1.2202e+00    2.7406e+00    7.7302e-04    1.6098e-03    1.4738e-03    1.5647e-03
   5.0000e-01    3.0000e+00    0.0000e+00    1.0751e+00    2.8007e+00    1.6999e-03   -4.2065e-04    2.4831e-03   -4.4336e-04
   5.0000e-01    3.0000e+00    0.0000e+00    9.2705e-01    2.8532e+00   -3.3507e-05   -1.7183e-03    6.8104e-04   -1.7202e-03
   5.0000e-01    3.0000e+00    0.0000e+00    7.7646e-01    2.8978e+00   -1.6427e-03   -3.9189e-04   -8.9913e-04   -4.4347e-04
   5.0000e-01    3.0000e+00    0.0000e+00    6.2374e-01    2.9344e+00   -8.2346e-04    1.4429e-03   -1.7232e-04    1.4739e-03
   5.0000e-01    3.0000e+00    0.0000e+00    4.6930e-01    2.9631e+00    1.1151e-03    1.1960e-03    1.8270e-03    1.2369e-03
   5.0000e-01    3.0000e+00    0.0000e+00    3.1359e-01    2.9836e+00    1.4736e-03   -6.5058e-04    2.1497e-03   -5.4302e-04
   5.0000e-01    3.0000e+00    0.0000e+00    1.5701e-01    2.9959e+00   -8.1925e-05   -1.5863e-03    4.4539e-04   -1.4963e-03
   5.0000e-01    3.0000e+00    0.0000e+00    0.0000e+00    3.0000e+00   -1.4821e-03   -5.0938e-04   -8.9184e-04   -3.7595e-04
   5.0000e-01    3.0000e+00    0.0000e+00   -1.5701e-01    2.9959e+00   -1.0734e-03    1.1146e-03   -5.3389e-04    1.2070e-03
   5.0000e-01    3.0000e+00    0.0000e+00   -3.1359e-01    2.9836e+00    5.1821e-04    1.4382e-03    9.6825e-04    1.6035e-03
   5.0000e-01    3.0000e+00    0.0000e+00   -4.6930e-01    2.9631e+00    1.4979e-03    2.0055e-04    1.8330e-03    3.5527e-04
   5.0000e-01    3.0000e+00    0.0000e+00   -6.2374e-01    2.9344e+00    9.0310e-04   -1.1913e-03    1.1389e-03   -1.0677e-03
   5.0000e-01    3.0000e+00    0.0000e+00   -7.7646e-01    2.8978e+00   -5.3535e-04   -1.3791e-03   -3.0887e-04   -1.1787e-03
   5.0000e-01    3.0000e+00    0.0000e+00   -9.2705e-01    2.8532e+00   -1.4285e-03   -3.2559e-04   -1.2942e-03   -1.0818e-04
   5.0000e-01    3.0000e+00    0.0000e+00   -1.0751e+00    2.8007e+00   -1.0814e-03    9.6874e-04   -9.7036e-04    1.0785e-03
   5.0000e-01    3.0000e+00    0.0000e+00   -1.2202e+00    2.7406e+00    1.0504e-04    1.4354e-03    7.1499e-05    1.5496e-03
   5.0000e-01    3.0000e+00    0.0000e+00   -1.3620e+00    2.6730e+00    1.1671e-03    8.2095e-04    1.0883e-03    9.6553e-04
   5.0000e-01    3.0000e+00    0.0000e+00   -1.5000e+00    2.5981e+00    1.3812e-03   -3.1295e-04    1.1607e-03   -1.7983e-04
   5.0000e-01    3.0000e+00    0.0000e+00   -1.6339e+00    2.5160e+00    7.3251e-04   -1.1998e-03    4.1878e-04   -1.0762e-03
   5.0000e-01    3.0000e+00    0.0000e+00   -1.7634e+00    2.4271e+00   -3.0993e-04   -1.3611e-03   -7.2983e-04   -1.3037e-03
   5.0000e-01    3.0000e+00    0.0000e+00   -1.8880e+00    2.3314e+00   -1.1343e-03   -7.9780e-04   -1.5359e-03   -7.1181e-04
   5.0000e-01    3.0000e+00    0.0000e+00   -2.0074e+00    2.2294e+00   -1.3755e-03    9.2131e-05   -1.7735e-03    6.4562e-05
   5.0000e-01    3.0000e+00    0.0000e+00   -2.1213e+00    2.1213e+00   -1.0381e-03    8.9551e-04   -1.5131e-03    9.4178e-04
   5.0000e-01    3.0000e+00    0.0000e+00   -2.2294e+00    2.0074e+00   -3.2758e-04    1.3239e-03   -6.9453e-04    1.4870e-03
   5.0000e-01    3.0000e+00    0.0000e+00   -2.3314e+00    1.8880e+00    4.4494e-04    1.2819e-03    9.2903e-05    1.4821e-03
   5.0000e-01    3.0000e+00    0.0000e+00   -2.4271e+00    1.7634e+00    1.0197e-03    8.8620e-04    6.6924e-04    1.1011e-03
   5.0000e-01    3.0000e+00    0.0000e+00   -2.5160e+00    1.6339e+00    1.3098e-03    3.0879e-04    1.0768e-03    5.3514e-04
   5.0000e-01    3.0000e+00    0.0000e+00   -2.5981e+00    1.5000e+00    1.3083e-03   -2.9235e-04    1.1661e-03    4.6743e-05
   5.0000e-01    3.0000e+00    0.0000e+00   -2.6730e+00    1.3620e+00    1.0822e-03   -7.8348e-04    1.1010e-03   -3.1837e-04
   5.0000e-01    3.0000e+00    0.0000e+00   -2.7406e+00    1.2202e+00    7.3465e-04   -1.1115e-03    8.5686e-04   -5.8654e-04
   5.0000e-01    3.0000e+00    0.0000e+00   -2.8007e+00    1.0751e+00    3.4670e-04   -1.2829e-03    5.6918e-04   -6.1535e-04
   5.0000e-01    3.0000e+00    0.0000e+00   -2.8532e+00    9.2705e-01   -1.8838e-05   -1.3255e-03    4.2923e-04   -5.7771e-04
   5.0000e-01    3.0000e+00    0.0000e+00   -2.8978e+00    7.7646e-01   -3.3409e-04   -1.2802e-03    2.9394e-04   -4.6040e-04
   5.0000e-01    3.0000e+00    0.0000e+00   -2.9344e+00    6.2374e-01   -5.6819e-04   -1.1928e-03    1.3432e-04   -2.9151e-04
   5.0000e-01    3.0000e+00    0.0000e+00   -2.9631e+00    4.6930e-01   -7.4048e-04   -1.0921e-03    1.0239e-04   -8.9512e-05
   5.0000e-01    3.0000e+00    0.0000e+00   -2.9836e+00    3.1359e-01   -8.4724e-04   -1.0101e-03    6.7495e-05    2.4152e-05
   5.0000e-01    3.0000e+00    0.0000e+00   -2.9959e+00    1.5701e-01   -9.1235e-04   -9.5109e-04    3.1284e-05    1.1466e-04
   5.0000e-01    3.0000e+00    0.0000e+00   -3.0000e+00    0.0000e+00   -9.4103e-04   -9.2224e-04    1.4896e-05    1.3485e-04
   5.0000e-01    3.0000e+00    0.0000e+00   -2.9959e+00   -1.5701e-01   -9.1235e-04   -9.5109e-04    1.0439e-04    1.3730e-04
   5.0000e-01    3.0000e+00    0.0000e+00   -2.9836e+00   -3.1359e-01   -8.4724e-04   -1.0101e-03    8.5078e-05    3.2607e-05
   5.0000e-01    3.0000e+00    0.0000e+00   -2.9631e+00   -4.6930e-01   -7.4048e-04   -1.0921e-03    1.5103e-04   -1.4410e-04
   5.0000e-01    3.0000e+00    0.0000e+00   -2.9344e+00   -6.2374e-01   -5.6819e-04   -1.1928e-03    1.8930e-04   -2.9599e-04
   5.0000e-01    3.0000e+00    0.0000e+00   -2.8978e+00   -7.7646e-01   -3.3409e-04   -1.2802e-03    2.8348e-04   -4.4698e-04
   5.0000e-01    3.0000e+00    0.0000e+00   -2.8532e+00   -9.2705e-01   -1.8838e-05   -1.3255e-03    4.1203e-04   -5.6437e-04
   5.0000e-01    3.0000e+00    0.0000e+00   -2.8007e+00   -1.0751e+00    3.4670e-04   -1.2829e-03    6.1823e-04   -6.8254e-04
   5.0000e-01    3.0000e+00    0.0000e+00   -2.7406e+00   -1.2202e+00    7.3465e-04   -1.1115e-03    8.5942e-04   -6.1480e-04
   5.0000e-01    3.0000e+00    0.0000e+00   -2.6730e+00   -1.3620e+00    1.0822e-03   -7.8348e-04    1.0889e-03   -3.6151e-04
   5.0000e-01    3.0000e+00    0.0000e+00   -2.5981e+00   -1.5000e+00    1.3083e-03   -2.9235e-04    1.1304e-03    7.4942e-05
   5.0000e-01    3.0000e+00    0.0000e+00   -2.5160e+00   -1.6339e+00    1.3098e-03    3.0879e-04    1.0875e-03    5.7015e-04
   5.0000e-01    3.0000e+00    0.0000e+00   -2.4271e+00   -1.7634e+00    1.0197e-03    8.8620e-04    6.8726e-04    1.1205e-03
   5.0000e-01    3.0000e+00    0.0000e+00   -2.3314e+00   -1.8880e+00    4.4494e-04    1.2819e-03    5.5630e-05    1.4366e-03
   5.0000e-01    3.0000e+00    0.0000e+00   -2.2294e+00   -2.0074e+00   -3.2758e-04    1.3239e-03   -7.8520e-04    1.4450e-03
   5.0000e-01    3.0000e+00    0.0000e+00   -2.1213e+00   -2.1213e+00   -1.0381e-03    8.9551e-04   -1.4661e-03    9.8501e-04
   5.0000e-01    3.0000e+00    0.0000e+00   -2.0074e+00   -2.2294e+00   -1.3755e-03    9.2131e-05   -1.7941e-03    1.2082e-04
   5.0000e-01    3.0000e+00    0.0000e+00   -1.8880e+00   -2.3314e+00   -1.1343e-03   -7.9780e-04   -1.5552e-03   -7.4631e-04
   5.0000e-01    3.0000e+00    0.0000e+00   -1.7634e+00   -2.4271e+00   -3.0993e-04   -1.3611e-03   -6.5241e-04   -1.3474e-03
   5.0000e-01    3.0000e+00    0.0000e+00   -1.6339e+00   -2.5160e+00    7.3251e-04   -1.1998e-03    5.1934e-04   -1.0822e-03
   5.0000e-01    3.0000e+00    0.0000e+00   -1.5000e+00   -2.5981e+00    1.3812e-03   -3.1295e-04    1.1121e-03   -2.9961e-04
   5.0000e-01    3.0000e+00    0.0000e+00   -1.3620e+00   -2.6730e+00    1.1671e-03    8.2095e-04    9.9668e-04    9.4357e-04
   5.0000e-01    3.0000e+00    0.0000e+00   -1.2202e+00   -2.7406e+00    1.0504e-04    1.4354e-03    1.8025e-04    1.5231e-03
   5.0000e-01    3.0000e+00    0.0000e+00   -1.0751e+00   -2.8007e+00   -1.0814e-03    9.6874e-04   -1.0410e-03    1.1690e-03
   5.0000e-01    3.0000e+00    0.0000e+00   -9.2705e-01   -2.8532e+00   -1.4285e-03   -3.2559e-04   -1.3136e-03   -1.2453e-04
   5.0000e-01    3.0000e+00    0.0000e+00   -7.7646e-01   -2.8978e+00   -5.3535e-04   -1.3791e-03   -2.8515e-04   -1.2209e-03
   5.0000e-01    3.0000e+00    0.0000e+00   -6.2374e-01   -2.9344e+00    9.0310e-04   -1.1913e-03    1.2255e-03   -9.9790e-04
   5.0000e-01    3.0000e+00    0.0000e+00   -4.6930e-01   -2.9631e+00    1.4979e-03    2.0055e-04    1.8015e-03    3.4098e-04
   5.0000e-01    3.0000e+00    0.0000e+00   -3.1359e-01   -2.9836e+00    5.1821e-04    1.4382e-03    9.1699e-04    1.5743e-03
   5.0000e-01    3.0000e+00    0.0000e+00   -1.5701e-01   -2.9959e+00   -1.0734e-03    1.1146e-03   -6.3716e-04    1.1910e-03
   5.0000e-01    3.0000e+00    0.0000e+00    0.0000e+00   -3.0000e+00   -1.4821e-03   -5.0938e-04   -9.4112e-04   -4.2057e-04
   5.0000e-01    3.0000e+00    0.0000e+00    1.5701e-01   -2.9959e+00   -8.1925e-05   -1.5863e-03    5.5934e-04   -1.5068e-03
   5.0000e-01    3.0000e+00    0.0000e+00    3.1359e-01   -2.9836e+00    1.4736e-03   -6.5058e-04    2.1596e-03   -5.4915e-04
   5.0000e-01    3.0000e+00    0.0000e+00    4.6930e-01   -2.9631e+00    1.1151e-03    1.1960e-03    1.8271e-03    1.0828e-03
   5.0000e-01    3.0000e+00    0.0000e+00    6.2374e-01   -2.9344e+00   -8.2346e-04    1.4429e-03   -1.5493e-04    1.4668e-03
   5.0000e-01    3.0000e+00    0.0000e+00    7.7646e-01   -2.8978e+00   -1.6427e-03   -3.9189e-04   -9.7125e-04   -4.2568e-04
   5.0000e-01    3.0000e+00    0.0000e+00    9.2705e-01   -2.8532e+00   -3.3507e-05   -1.7183e-03    7.3390e-04   -1.7382e-03
   5.0000e-01    3.0000e+00    0.0000e+00    1.0751e+00   -2.8007e+00    1.6999e-03   -4.2065e-04    2.4386e-03   -3.8550e-04
   5.0000e-01    3.0000e+00    0.0000e+00    1.2202e+00   -2.7406e+00    7.7302e-04    1.6098e-03    1.5122e-03    1.6138e-03
   5.0000e-01    3.0000e+00    0.0000e+00    1.3620e+00   -2.6730e+00   -1.4785e-03    1.0662e-03   -7.2956e-04    1.0235e-03
   5.0000e-01    3.0000e+00    0.0000e+00    1.5000e+00   -2.5981e+00   -1.3169e-03   -1.3184e-03   -5.9213e-04   -1.3973e-03
   5.0000e-01    3.0000e+00    0.0000e+00    1.6339e+00   -2.5160e+00    1.1592e-03   -1.5151e-03    1.8691e-03   -1.6115e-03
   5.0000e-01    3.0000e+00    0.0000e+00    1.7634e+00   -2.4271e+00    1.6789e-03    1.0026e-03    2.3925e-03    9.6045e-04
   5.0000e-01    3.0000e+00    0.0000e+00    1.8880e+00   -2.3314e+00   -8.5223e-04    1.8180e-03   -2.1632e-04    1.7972e-03
   5.0000e-01    3.0000e+00    0.0000e+00    2.0074e+00   -2.2294e+00   -1.9317e-03   -7.3287e-04   -1.3622e-03   -8.5780e-04
   5.0000e-01    3.0000e+00    0.0000e+00    2.1213e+00   -2.1213e+00    6.4626e-04   -2.0296e-03    1.2233e-03   -2.1317e-03
   5.0000e-01    3.0000e+00    0.0000e+00    2.2294e+00   -2.0074e+00    2.1236e-03    5.7803e-04    2.5733e-03    5.2649e-04
   5.0000e-01    3.0000e+00    0.0000e+00    2.3314e+00   -1.8880e+00   -5.2629e-04    2.2184e-03   -4.5266e-05    2.1170e-03
   5.0000e-01    3.0000e+00    0.0000e+00    2.4271e+00   -1.7634e+00   -2.3119e-03   -5.2017e-04   -1.9669e-03   -5.4159e-04
   5.0000e-01    3.0000e+00    0.0000e+00    2.5160e+00   -1.6339e+00    5.5481e-04   -2.4090e-03    8.1362e-04   -2.4707e-03
   5.0000e-01    3.0000e+00    0.0000e+00    2.5981e+00   -1.5000e+00    2.5167e-03    6.1142e-04    2.7799e-03    4.6714e-04
   5.0000e-01    2.6000e+00    1.5000e+00    3.0000e+00    0.0000e+00    2.5182e-03    6.0279e-04    2.7562e-03    4.4747e-04
   5.0000e-01    2.6000e+00    1.5000e+00    1.5000e+00    2.5981e+00    2.5249e-03    5.7145e-04    2.3561e-03    5.3830e-04
   5.0000e-01    2.6000e+00    1.5000e+00    1.3620e+00    2.6730e+00    5.2353e-04   -2.4153e-03    4.1840e-04   -2.5044e-03
   5.0000e-01    2.6000e+00    1.5000e+00    1.2202e+00    2.7406e+00   -2.3185e-03   -4.8996e-04   -2.2956e-03   -5.2499e-04
   5.0000e-01    2.6000e+00    1.5000e+00    1.0751e+00    2.8007e+00   -5.0382e-04    2.2239e-03   -4.0249e-04    2.2306e-03
   5.0000e-01    2.6000e+00    1.5000e+00    9.2705e-01    2.8532e+00    2.1349e-03    5.3161e-04    2.3898e-03    5.9954e-04
   5.0000e-01    2.6000e+00    1.5000e+00    7.7646e-01    2.8978e+00    6.0739e-04   -2.0407e-03    7.6992e-04   -2.0097e-03
   5.0000e-01    2.6000e+00    1.5000e+00    6.2374e-01    2.9344e+00   -1.9382e-03   -7.1461e-04   -1.6966e-03   -6.0166e-04
   5.0000e-01    2.6000e+00    1.5000e+00    4.6930e-01    2.9631e+00   -8.2701e-04    1.8294e-03   -5.6404e-04    1.9611e-03
   5.0000e-01    2.6000e+00    1.5000e+00    3.1359e-01    2.9836e+00    1.6981e-03    9.6838e-04    2.0621e-03    1.1298e-03
   5.0000e-01    2.6000e+00    1.5000e+00    1.5701e-01    2.9959e+00    1.1314e-03   -1.5352e-03    1.5126e-03   -1.2641e-03
   5.0000e-01    2.6000e+00    1.5000e+00    0.0000e+00    3.0000e+00   -1.3483e-03   -1.2855e-03   -9.9488e-04   -9.7047e-04
   5.0000e-01    2.6000e+00    1.5000e+00   -1.5701e-01    2.9959e+00   -1.4612e-03    1.0892e-03   -1.0788e-03    1.4499e-03
   5.0000e-01    2.6000e+00    1.5000e+00   -3.1359e-01    2.9836e+00    7.8773e-04    1.6019e-03    1.1662e-03    1.9224e-03
   5.0000e-01    2.6000e+00    1.5000e+00   -4.6930e-01    2.9631e+00    1.6911e-03   -4.5204e-04    2.0001e-03   -1.1159e-04
   5.0000e-01    2.6000e+00    1.5000e+00   -6.2374e-01    2.9344e+00   -6.6153e-05   -1.7170e-03    2.1425e-04   -1.4815e-03
   5.0000e-01    2.6000e+00    1.5000e+00   -7.7646e-01    2.8978e+00   -1.6494e-03   -3.5984e-04   -1.4037e-03   -1.1900e-04
   5.0000e-01    2.6000e+00    1.5000e+00   -9.2705e-01    2.8532e+00   -7.9794e-04    1.4563e-03   -6.0734e-04    1.6718e-03
   5.0000e-01    2.6000e+00    1.5000e+00   -1.0751e+00    2.8007e+00    1.1381e-03    1.1738e-03    1.1947e-03    1.3090e-03
   5.0000e-01    2.6000e+00    1.5000e+00   -1.2202e+00    2.7406e+00    1.4607e-03   -6.7889e-04    1.5347e-03   -6.6155e-04
   5.0000e-01    2.6000e+00    1.5000e+00   -1.3620e+00    2.6730e+00   -1.2656e-04   -1.5824e-03   -2.3918e-04   -1.6482e-03
   5.0000e-01    2.6000e+00    1.5000e+00   -1.5000e+00    2.5981e+00   -1.4881e-03   -4.9040e-04   -1.5452e-03   -5.9699e-04
   5.0000e-01    2.6000e+00    1.5000e+00   -1.6339e+00    2.5160e+00   -1.0478e-03    1.1377e-03   -1.1708e-03    7.6490e-04
   5.0000e-01    2.6000e+00    1.5000e+00   -1.7634e+00    2.4271e+00    5.6453e-04    1.4198e-03    3.3388e-04    9.8841e-04
   5.0000e-01    2.6000e+00    1.5000e+00   -1.8880e+00    2.3314e+00    1.5025e-03    1.5483e-04    1.2152e-03   -4.2043e-04
   5.0000e-01    2.6000e+00    1.5000e+00   -2.0074e+00    2.2294e+00    8.8005e-04   -1.2074e-03    5.3922e-04   -1.9042e-03
   5.0000e-01    2.6000e+00    1.5000e+00   -2.1213e+00    2.1213e+00   -5.5625e-04   -1.3704e-03   -8.4526e-04   -2.1255e-03
   5.0000e-01    2.6000e+00    1.5000e+00   -2.2294e+00    2.0074e+00   -1.4371e-03   -2.8278e-04   -1.8960e-03   -1.1745e-03
   5.0000e-01    2.6000e+00    1.5000e+00   -2.3314e+00    1.8880e+00   -1.0509e-03    1.0002e-03   -1.5133e-03    1.1687e-04
   5.0000e-01    2.6000e+00    1.5000e+00   -2.4271e+00    1.7634e+00    1.3889e-04    1.4315e-03   -3.6032e-04    4.9201e-04
   5.0000e-01    2.6000e+00    1.5000e+00   -2.5160e+00    1.6339e+00    1.1783e-03    8.0437e-04    5.7267e-04   -1.9623e-04
   5.0000e-01    2.6000e+00    1.5000e+00   -2.5981e+00    1.5000e+00    1.3726e-03   -3.4526e-04    7.1034e-04   -1.3169e-03
   5.0000e-01    2.6000e+00    1.5000e+00   -2.6730e+00    1.3620e+00    6.9868e-04   -1.2190e-03    6.0393e-05   -2.1513e-03
   5.0000e-01    2.6000e+00    1.5000e+00   -2.7406e+00    1.2202e+00   -3.3739e-04   -1.3542e-03   -1.0039e-03   -2.1663e-03
   5.0000e-01    2.6000e+00    1.5000e+00   -2.8007e+00    1.0751e+00   -1.1440e-03   -7.8363e-04   -1.8384e-03   -1.4879e-03
   5.0000e-01    2.6000e+00    1.5000e+00   -2.8532e+00    9.2705e-01   -1.3726e-03    1.2285e-04   -2.0114e-03   -4.8146e-04
   5.0000e-01    2.6000e+00    1.5000e+00   -2.8978e+00    7.7646e-01   -1.0105e-03    9.2567e-04   -1.6283e-03    4.6002e-04
   5.0000e-01    2.6000e+00    1.5000e+00   -2.9344e+00    6.2374e-01   -3.0380e-04    1.3292e-03   -8.8964e-04    9.7981e-04
   5.0000e-01    2.6000e+00    1.5000e+00   -2.9631e+00    4.6930e-01    4.6082e-04    1.2760e-03    2.6344e-06    1.1630e-03
   5.0000e-01    2.6000e+00    1.5000e+00   -2.9836e+00    3.1359e-01    1.0333e-03    8.7002e-04    6.5868e-04    9.1168e-04
   5.0000e-01    2.6000e+00    1.5000e+00   -2.9959e+00    1.5701e-01    1.3156e-03    2.8222e-04    1.0572e-03    4.4412e-04
   5.0000e-01    2.6000e+00    1.5000e+00   -3.0000e+00    0.0000e+00    1.3004e-03   -3.2533e-04    1.1815e-03    4.6449e-05
   5.0000e-01    2.6000e+00    1.5000e+00   -2.9959e+00   -1.5701e-01    1.0729e-03   -7.9643e-04    1.0531e-03   -3.1398e-04
   5.0000e-01    2.6000e+00    1.5000e+00   -2.9836e+00   -3.1359e-01    7.2163e-04   -1.1196e-03    8.3645e-04   -4.7175e-04
   5.0000e-01    2.6000e+00    1.5000e+00   -2.9631e+00   -4.6930e-01    3.2275e-04   -1.2887e-03    5.2489e-04   -5.2143e-04
   5.0000e-01    2.6000e+00    1.5000e+00   -2.9344e+00   -6.2374e-01   -4.4490e-05   -1.3249e-03    3.3435e-04   -4.6346e-04
   5.0000e-01    2.6000e+00    1.5000e+00   -2.8978e+00   -7.7646e-01   -3.5589e-04   -1.2742e-03    8.4596e-05   -3.3595e-04
   5.0000e-01    2.6000e+00    1.5000e+00   -2.8532e+00   -9.2705e-01   -5.8517e-04   -1.1844e-03   -1.0226e-04   -2.2804e-04
   5.0000e-01    2.6000e+00    1.5000e+00   -2.8007e+00   -1.0751e+00   -7.5739e-04   -1.0808e-03   -1.5273e-04   -1.0959e-04
   5.0000e-01    2.6000e+00    1.5000e+00   -2.7406e+00   -1.2202e+00   -8.6842e-04   -9.9226e-04   -2.9896e-04    2.8759e-05
   5.0000e-01    2.6000e+00    1.5000e+00   -2.6730e+00   -1.3620e+00   -9.3393e-04   -9.2945e-04   -3.1321e-04    6.1346e-05
   5.0000e-01    2.6000e+00    1.5000e+00   -2.5981e+00   -1.5000e+00   -9.5032e-04   -9.1263e-04   -4.0809e-04    8.8507e-05
   5.0000e-01    2.6000e+00    1.5000e+00   -2.5160e+00   -1.6339e+00   -9.2580e-04   -9.3803e-04   -3.4842e-04    8.2305e-05
   5.0000e-01    2.6000e+00    1.5000e+00   -2.4271e+00   -1.7634e+00   -8.6831e-04   -9.9206e-04   -4.3622e-04    1.8004e-05
   5.0000e-01    2.6000e+00    1.5000e+00   -2.3314e+00   -1.8880e+00   -7.6520e-04   -1.0749e-03   -3.5078e-04   -1.8193e-04
   5.0000e-01    2.6000e+00    1.5000e+00   -2.2294e+00   -2.0074e+00   -5.8581e-04   -1.1844e-03   -3.4495e-04   -2.3199e-04
   5.0000e-01    2.6000e+00    1.5000e+00   -2.1213e+00   -2.1213e+00   -3.3918e-04   -1.2793e-03   -1.8186e-04   -4.2869e-04
   5.0000e-01    2.6000e+00    1.5000e+00   -2.0074e+00   -2.2294e+00   -3.7765e-05   -1.3252e-03    2.4154e-05   -4.5593e-04
   5.0000e-01    2.6000e+00    1.5000e+00   -1.8880e+00   -2.3314e+00    3.1783e-04   -1.2901e-03    3.3099e-04   -3.9757e-04
   5.0000e-01    2.6000e+00    1.5000e+00   -1.7634e+00   -2.4271e+00    7.1905e-04   -1.1216e-03    5.5733e-04   -4.1606e-04
   5.0000e-01    2.6000e+00    1.5000e+00   -1.6339e+00   -2.5160e+00    1.0785e-03   -7.8904e-04    8.4556e-04   -4.6888e-05
   5.0000e-01    2.6000e+00    1.5000e+00   -1.5000e+00   -2.5981e+00    1.3052e-03   -3.0681e-04    1.0137e-03    2.7371e-04
   5.0000e-01    2.6000e+00    1.5000e+00   -1.3620e+00   -2.6730e+00    1.3155e-03    2.8246e-04    1.0311e-03    8.2285e-04
   5.0000e-01    2.6000e+00    1.5000e+00   -1.2202e+00   -2.7406e+00    1.0287e-03    8.7632e-04    7.0591e-04    1.3743e-03
   5.0000e-01    2.6000e+00    1.5000e+00   -1.0751e+00   -2.8007e+00    4.4779e-04    1.2814e-03    2.3621e-05    1.7220e-03
   5.0000e-01    2.6000e+00    1.5000e+00   -9.2705e-01   -2.8532e+00   -3.2064e-04    1.3256e-03   -7.0239e-04    1.7006e-03
   5.0000e-01    2.6000e+00    1.5000e+00   -7.7646e-01   -2.8978e+00   -1.0206e-03    9.1513e-04   -1.4466e-03    1.1311e-03
   5.0000e-01    2.6000e+00    1.5000e+00   -6.2374e-01   -2.9344e+00   -1.3743e-03    1.0938e-04   -1.7081e-03    2.8962e-04
   5.0000e-01    2.6000e+00    1.5000e+00   -4.6930e-01   -2.9631e+00   -1.1355e-03   -7.9642e-04   -1.4806e-03   -7.8085e-04
   5.0000e-01    2.6000e+00    1.5000e+00   -3.1359e-01   -2.9836e+00   -3.1029e-04   -1.3610e-03   -6.5519e-04   -1.4522e-03
   5.0000e-01    2.6000e+00    1.5000e+00   -1.5701e-01   -2.9959e+00    7.2073e-04   -1.2068e-03    4.4219e-04   -1.3228e-03
   5.0000e-01    2.6000e+00    1.5000e+00    0.0000e+00   -3.0000e+00    1.3751e-03   -3.3753e-04    1.1616e-03   -4.7788e-04
   5.0000e-01    2.6000e+00    1.5000e+00    1.5701e-01   -2.9959e+00    1.1688e-03    8.1876e-04    9.8477e-04    5.6745e-04
   5.0000e-01    2.6000e+00    1.5000e+00    3.1359e-01   -2.9836e+00    1.1750e-04    1.4338e-03    9.3542e-05    1.2022e-03
   5.0000e-01    2.6000e+00    1.5000e+00    4.6930e-01   -2.9631e+00   -1.0709e-03    9.7946e-04   -9.6411e-04    6.5453e-04
   5.0000e-01    2.6000e+00    1.5000e+00    6.2374e-01   -2.9344e+00   -1.4321e-03   -3.0858e-04   -1.2558e-03   -6.3337e-04
   5.0000e-01    2.6000e+00    1.5000e+00    7.7646e-01   -2.8978e+00   -5.4772e-04   -1.3739e-03   -2.9745e-04   -1.7007e-03
   5.0000e-01    2.6000e+00    1.5000e+00    9.2705e-01   -2.8532e+00    8.9316e-04   -1.1982e-03    1.1999e-03   -1.4019e-03
   5.0000e-01    2.6000e+00    1.5000e+00    1.0751e+00   -2.8007e+00    1.4993e-03    1.8826e-04    1.9283e-03   -6.2469e-06
   5.0000e-01    2.6000e+00    1.5000e+00    1.2202e+00   -2.7406e+00    5.4229e-04    1.4291e-03    8.8286e-04    1.2009e-03
   5.0000e-01    2.6000e+00    1.5000e+00    1.3620e+00   -2.6730e+00   -1.0600e-03    1.1265e-03   -7.0094e-04    9.2388e-04
   5.0000e-01    2.6000e+00    1.5000e+00    1.5000e+00   -2.5981e+00   -1.4816e-03   -5.0914e-04   -1.1545e-03   -6.8274e-04
   5.0000e-01    2.6000e+00    1.5000e+00    1.6339e+00   -2.5160e+00   -9.1230e-05   -1.5855e-03    3.3283e-04   -1.6215e-03
   5.0000e-01    2.6000e+00    1.5000e+00    1.7634e+00   -2.4271e+00    1.4697e-03   -6.5840e-04    1.8377e-03   -7.5973e-04
   5.0000e-01    2.6000e+00    1.5000e+00    1.8880e+00   -2.3314e+00    1.1270e-03    1.1839e-03    1.4647e-03    1.0170e-03
   5.0000e-01    2.6000e+00    1.5000e+00    2.0074e+00   -2.2294e+00   -8.0761e-04    1.4513e-03   -5.7374e-04    1.3763e-03
   5.0000e-01    2.6000e+00    1.5000e+00    2.1213e+00   -2.1213e+00   -1.6422e-03   -3.9365e-04   -1.4322e-03   -5.2799e-04
   5.0000e-01    2.6000e+00    1.5000e+00    2.2294e+00   -2.0074e+00   -3.1695e-05   -1.7180e-03    1.7187e-04   -1.9386e-03
   5.0000e-01    2.6000e+00    1.5000e+00    2.3314e+00   -1.8880e+00    1.6948e-03   -4.3737e-04    1.8649e-03   -6.4900e-04
   5.0000e-01    2.6000e+00    1.5000e+00    2.4271e+00   -1.7634e+00    7.7948e-04    1.6058e-03    8.9025e-04    1.3883e-03
   5.0000e-01    2.6000e+00    1.5000e+00    2.5160e+00   -1.6339e+00   -1.4775e-03    1.0672e-03   -1.3870e-03    8.4731e-04
   5.0000e-01    2.6000e+00    1.5000e+00    2.5981e+00   -1.5000e+00   -1.3162e-03   -1.3193e-03   -1.3125e-03   -1.5864e-03
   5.0000e-01    2.6000e+00    1.5000e+00    2.6730e+00   -1.3620e+00    1.1473e-03   -1.5231e-03    1.2032e-03   -1.8038e-03
   5.0000e-01    2.6000e+00    1.5000e+00    2.7406e+00   -1.2202e+00    1.6790e-03    1.0031e-03    1.7008e-03    6.8400e-04
   5.0000e-01    2.6000e+00    1.5000e+00    2.8007e+00   -1.0751e+00   -8.5948e-04    1.8151e-03   -7.7335e-04    1.4140e-03
   5.0000e-01    2.6000e+00    1.5000e+00    2.8532e+00   -9.2705e-01   -1.9241e-03   -7.5239e-04   -1.8035e-03   -1.1559e-03
   5.0000e-01    2.6000e+00    1.5000e+00    2.8978e+00   -7.7646e-01    6.4339e-04   -2.0301e-03    7.8713e-04   -2.4139e-03
   5.0000e-01    2.6000e+00    1.5000e+00    2.9344e+00   -6.2374e-01    2.1253e-03    5.7127e-04    2.2709e-03    2.1925e-04
   5.0000e-01    2.6000e+00    1.5000e+00    2.9631e+00   -4.6930e-01   -5.4452e-04    2.2146e-03   -3.3114e-04    1.8969e-03
   5.0000e-01    2.6000e+00    1.5000e+00    2.9836e+00   -3.1359e-01   -2.3052e-03   -5.5173e-04   -2.0776e-03   -7.8709e-04
   5.0000e-01    2.6000e+00    1.5000e+00    2.9959e+00   -1.5701e-01    5.6829e-04   -2.4061e-03    7.6292e-04   -2.5635e-03
   5.0000e-01    1.5000e+00    2.6000e+00    3.0000e+00    0.0000e+00   -1.3483e-03   -1.2855e-03   -5.5299e-04   -1.3277e-03
   5.0000e-01    1.5000e+00    2.6000e+00    2.9959e+00    1.5701e-01    1.1314e-03   -1.5352e-03    1.8244e-03   -1.6208e-03
   5.0000e-01    1.5000e+00    2.6000e+00    2.9836e+00    3.1359e-01    1.6981e-03    9.6838e-04    2.3488e-03    8.6091e-04
   5.0000e-01    1.5000e+00    2.6000e+00    2.9631e+00    4.6930e-01   -8.2701e-04    1.8294e-03   -3.1121e-04    1.8434e-03
   5.0000e-01    1.5000e+00    2.6000e+00    2.9344e+00    6.2374e-01   -1.9382e-03   -7.1461e-04   -1.5537e-03   -7.3562e-04
   5.0000e-01    1.5000e+00    2.6000e+00    2.8978e+00    7.7646e-01    6.0739e-04   -2.0407e-03    8.8704e-04   -2.0540e-03
   5.0000e-01    1.5000e+00    2.6000e+00    2.8532e+00    9.2705e-01    2.1349e-03    5.3161e-04    2.2841e-03    4.8191e-04
   5.0000e-01    1.5000e+00    2.6000e+00    2.8007e+00    1.0751e+00   -5.0382e-04    2.2239e-03   -4.2528e-04    2.1971e-03
   5.0000e-01    1.5000e+00    2.6000e+00    2.7406e+00    1.2202e+00   -2.3185e-03   -4.8996e-04   -2.3750e-03   -4.5975e-04
   5.0000e-01    1.5000e+00    2.6000e+00    2.6730e+00    1.3620e+00    5.2353e-04   -2.4153e-03    4.6233e-04   -2.4616e-03
   5.0000e-01    1.5000e+00    2.6000e+00    2.5981e+00    1.5000e+00    2.5249e-03    5.7145e-04    2.4404e-03    5.4334e-04
   5.0000e-01    1.5000e+00    2.6000e+00    0.0000e+00    3.0000e+00    2.5182e-03    6.0279e-04    2.5656e-03    6.7283e-04
   5.0000e-01    1.5000e+00    2.6000e+00   -1.5701e-01    2.9959e+00    5.6829e-04   -2.4061e-03    5.7170e-04   -2.3110e-03
   5.0000e-01    1.5000e+00    2.6000e+00   -3.1359e-01    2.9836e+00   -2.3052e-03   -5.5173e-04   -2.5139e-03   -4.2914e-04
   5.0000e-01    1.5000e+00    2.6000e+00   -4.6930e-01    2.9631e+00   -5.4452e-04    2.2146e-03   -8.0937e-04    2.3641e-03
   5.0000e-01    1.5000e+00    2.6000e+00   -6.2374e-01    2.9344e+00    2.1253e-03    5.7127e-04    1.7022e-03    7.1830e-04
   5.0000e-01    1.5000e+00    2.6000e+00   -7.7646e-01    2.8978e+00    6.4339e-04   -2.0301e-03    6.9342e-05   -1.8069e-03
   5.0000e-01    1.5000e+00    2.6000e+00   -9.2705e-01    2.8532e+00   -1.9241e-03   -7.5239e-04   -2.5658e-03   -5.5810e-04
   5.0000e-01    1.5000e+00    2.6000e+00   -1.0751e+00    2.8007e+00   -8.5948e-04    1.8151e-03   -1.5334e-03    2.0889e-03
   5.0000e-01    1.5000e+00    2.6000e+00   -1.2202e+00    2.7406e+00    1.6790e-03    1.0031e-03    8.8055e-04    1.2244e-03
   5.0000e-01    1.5000e+00    2.6000e+00   -1.3620e+00    2.6730e+00    1.1473e-03   -1.5231e-03    3.3431e-04   -1.2706e-03
   5.0000e-01    1.5000e+00    2.6000e+00   -1.5000e+00    2.5981e+00   -1.3162e-03   -1.3193e-03   -2.1708e-03   -1.1353e-03
   5.0000e-01    1.5000e+00    2.6000e+00   -1.6339e+00    2.5160e+00   -1.4775e-03    1.0672e-03   -2.2662e-03    1.2315e-03
   5.0000e-01    1.5000e+00    2.6000e+00   -1.7634e+00    2.4271e+00    7.7948e-04    1.6058e-03    -3.0647e-05    1.7657e-03
   5.0000e-01    1.5000e+00    2.6000e+00   -1.8880e+00    2.3314e+00    1.6948e-03   -4.3737e-04    9.4565e-04   -3.2093e-04
   5.0000e-01    1.5000e+00    2.6000e+00   -2.0074e+00    2.2294e+00   -3.1695e-05   -1.7180e-03   -6.2275e-04   -1.6475e-03
   5.0000e-01    1.5000e+00    2.6000e+00   -2.1213e+00    2.1213e+00   -1.6422e-03   -3.9365e-04   -2.2024e-03   -3.8487e-04
   5.0000e-01    1.5000e+00    2.6000e+00   -2.2294e+00    2.0074e+00   -8.0761e-04    1.4513e-03   -1.3271e-03    1.4412e-03
   5.0000e-01    1.5000e+00    2.6000e+00   -2.3314e+00    1.8880e+00    1.1270e-03    1.1839e-03    8.0317e-04    1.1734e-03
   5.0000e-01    1.5000e+00    2.6000e+00   -2.4271e+00    1.7634e+00    1.4697e-03   -6.5840e-04    1.3123e-03   -7.7464e-04
   5.0000e-01    1.5000e+00    2.6000e+00   -2.5160e+00    1.6339e+00   -9.1230e-05   -1.5855e-03   -2.6465e-04   -1.7700e-03
   5.0000e-01    1.5000e+00    2.6000e+00   -2.5981e+00    1.5000e+00   -1.4816e-03   -5.0914e-04   -1.5156e-03   -6.3835e-04
   5.0000e-01    1.5000e+00    2.6000e+00   -2.6730e+00    1.3620e+00   -1.0600e-03    1.1265e-03   -1.0684e-03    9.6467e-04
   5.0000e-01    1.5000e+00    2.6000e+00   -2.7406e+00    1.2202e+00    5.4229e-04    1.4291e-03    5.3669e-04    1.1380e-03
   5.0000e-01    1.5000e+00    2.6000e+00   -2.8007e+00    1.0751e+00    1.4993e-03    1.8826e-04    1.5749e-03    2.7562e-05
   5.0000e-01    1.5000e+00    2.6000e+00   -2.8532e+00    9.2705e-01    8.9316e-04   -1.1982e-03    9.3955e-04   -1.4007e-03
   5.0000e-01    1.5000e+00    2.6000e+00   -2.8978e+00    7.7646e-01   -5.4772e-04   -1.3739e-03   -4.8592e-04   -1.5056e-03
   5.0000e-01    1.5000e+00    2.6000e+00   -2.9344e+00    6.2374e-01   -1.4321e-03   -3.0858e-04   -1.4187e-03   -4.5878e-04
   5.0000e-01    1.5000e+00    2.6000e+00   -2.9631e+00    4.6930e-01   -1.0709e-03    9.7946e-04   -1.1452e-03    9.1360e-04
   5.0000e-01    1.5000e+00    2.6000e+00   -2.9836e+00    3.1359e-01    1.1750e-04    1.4338e-03    3.6615e-05    1.3810e-03
   5.0000e-01    1.5000e+00    2.6000e+00   -2.9959e+00    1.5701e-01    1.1688e-03    8.1876e-04    1.1063e-03    8.4406e-04
   5.0000e-01    1.5000e+00    2.6000e+00   -3.0000e+00    0.0000e+00    1.3751e-03   -3.3753e-04    1.1855e-03   -2.2593e-04
   5.0000e-01    1.5000e+00    2.6000e+00   -2.9959e+00   -1.5701e-01    7.2073e-04   -1.2068e-03    5.3279e-04   -1.0797e-03
   5.0000e-01    1.5000e+00    2.6000e+00   -2.9836e+00   -3.1359e-01   -3.1029e-04   -1.3610e-03   -6.1782e-04   -1.1963e-03
   5.0000e-01    1.5000e+00    2.6000e+00   -2.9631e+00   -4.6930e-01   -1.1355e-03   -7.9642e-04   -1.4409e-03   -5.0639e-04
   5.0000e-01    1.5000e+00    2.6000e+00   -2.9344e+00   -6.2374e-01   -1.3743e-03    1.0938e-04   -1.7517e-03    4.4967e-04
   5.0000e-01    1.5000e+00    2.6000e+00   -2.8978e+00   -7.7646e-01   -1.0206e-03    9.1513e-04   -1.3552e-03    1.2954e-03
   5.0000e-01    1.5000e+00    2.6000e+00   -2.8532e+00   -9.2705e-01   -3.2064e-04    1.3256e-03   -7.5905e-04    1.7378e-03
   5.0000e-01    1.5000e+00    2.6000e+00   -2.8007e+00   -1.0751e+00    4.4779e-04    1.2814e-03    8.3544e-05    1.7920e-03
   5.0000e-01    1.5000e+00    2.6000e+00   -2.7406e+00   -1.2202e+00    1.0287e-03    8.7632e-04    6.7282e-04    1.3897e-03
   5.0000e-01    1.5000e+00    2.6000e+00   -2.6730e+00   -1.3620e+00    1.3155e-03    2.8246e-04    1.0144e-03    8.9677e-04
   5.0000e-01    1.5000e+00    2.6000e+00   -2.5981e+00   -1.5000e+00    1.3052e-03   -3.0681e-04    1.0528e-03    3.2786e-04
   5.0000e-01    1.5000e+00    2.6000e+00   -2.5160e+00   -1.6339e+00    1.0785e-03   -7.8904e-04    9.2263e-04   -8.4987e-05
   5.0000e-01    1.5000e+00    2.6000e+00   -2.4271e+00   -1.7634e+00    7.1905e-04   -1.1216e-03    6.2942e-04   -3.9656e-04
   5.0000e-01    1.5000e+00    2.6000e+00   -2.3314e+00   -1.8880e+00    3.1783e-04   -1.2901e-03    2.9632e-04   -4.8418e-04
   5.0000e-01    1.5000e+00    2.6000e+00   -2.2294e+00   -2.0074e+00   -3.7765e-05   -1.3252e-03    1.1325e-04   -4.3933e-04
   5.0000e-01    1.5000e+00    2.6000e+00   -2.1213e+00   -2.1213e+00   -3.3918e-04   -1.2793e-03   -1.4098e-04   -4.0832e-04
   5.0000e-01    1.5000e+00    2.6000e+00   -2.0074e+00   -2.2294e+00   -5.8581e-04   -1.1844e-03   -1.7569e-04   -3.1882e-04
   5.0000e-01    1.5000e+00    2.6000e+00   -1.8880e+00   -2.3314e+00   -7.6520e-04   -1.0749e-03   -2.4811e-04   -1.5383e-04
   5.0000e-01    1.5000e+00    2.6000e+00   -1.7634e+00   -2.4271e+00   -8.6831e-04   -9.9206e-04   -2.6752e-04   -7.6382e-05
   5.0000e-01    1.5000e+00    2.6000e+00   -1.6339e+00   -2.5160e+00   -9.2580e-04   -9.3803e-04   -4.0487e-04   -7.8248e-06
   5.0000e-01    1.5000e+00    2.6000e+00   -1.5000e+00   -2.5981e+00   -9.5032e-04   -9.1263e-04   -2.5024e-04   -3.2312e-05
   5.0000e-01    1.5000e+00    2.6000e+00   -1.3620e+00   -2.6730e+00   -9.3393e-04   -9.2945e-04   -2.6493e-04   -3.1795e-05
   5.0000e-01    1.5000e+00    2.6000e+00   -1.2202e+00   -2.7406e+00   -8.6842e-04   -9.9226e-04   -1.3983e-04   -9.4674e-05
   5.0000e-01    1.5000e+00    2.6000e+00   -1.0751e+00   -2.8007e+00   -7.5739e-04   -1.0808e-03   -1.0560e-04   -2.5807e-04
   5.0000e-01    1.5000e+00    2.6000e+00   -9.2705e-01   -2.8532e+00   -5.8517e-04   -1.1844e-03    4.4609e-05   -5.0154e-04
   5.0000e-01    1.5000e+00    2.6000e+00   -7.7646e-01   -2.8978e+00   -3.5589e-04   -1.2742e-03    2.2359e-04   -6.2895e-04
   5.0000e-01    1.5000e+00    2.6000e+00   -6.2374e-01   -2.9344e+00   -4.4490e-05   -1.3249e-03    4.0378e-04   -7.4994e-04
   5.0000e-01    1.5000e+00    2.6000e+00   -4.6930e-01   -2.9631e+00    3.2275e-04   -1.2887e-03    6.9156e-04   -9.3320e-04
   5.0000e-01    1.5000e+00    2.6000e+00   -3.1359e-01   -2.9836e+00    7.2163e-04   -1.1196e-03    9.3686e-04   -7.8888e-04
   5.0000e-01    1.5000e+00    2.6000e+00   -1.5701e-01   -2.9959e+00    1.0729e-03   -7.9643e-04    1.2053e-03   -6.2451e-04
   5.0000e-01    1.5000e+00    2.6000e+00    0.0000e+00   -3.0000e+00    1.3004e-03   -3.2533e-04    1.3569e-03   -2.8159e-04
   5.0000e-01    1.5000e+00    2.6000e+00    1.5701e-01   -2.9959e+00    1.3156e-03    2.8222e-04    1.3113e-03    1.9447e-04
   5.0000e-01    1.5000e+00    2.6000e+00    3.1359e-01   -2.9836e+00    1.0333e-03    8.7002e-04    8.6548e-04    6.0045e-04
   5.0000e-01    1.5000e+00    2.6000e+00    4.6930e-01   -2.9631e+00    4.6082e-04    1.2760e-03    2.6204e-04    9.8594e-04
   5.0000e-01    1.5000e+00    2.6000e+00    6.2374e-01   -2.9344e+00   -3.0380e-04    1.3292e-03   -5.0267e-04    9.3340e-04
   5.0000e-01    1.5000e+00    2.6000e+00    7.7646e-01   -2.8978e+00   -1.0105e-03    9.2567e-04   -1.2563e-03    4.7403e-04
   5.0000e-01    1.5000e+00    2.6000e+00    9.2705e-01   -2.8532e+00   -1.3726e-03    1.2285e-04   -1.6100e-03   -4.1420e-04
   5.0000e-01    1.5000e+00    2.6000e+00    1.0751e+00   -2.8007e+00   -1.1440e-03   -7.8363e-04   -1.4723e-03   -1.2957e-03
   5.0000e-01    1.5000e+00    2.6000e+00    1.2202e+00   -2.7406e+00   -3.3739e-04   -1.3542e-03   -5.9783e-04   -1.8821e-03
   5.0000e-01    1.5000e+00    2.6000e+00    1.3620e+00   -2.6730e+00    6.9868e-04   -1.2190e-03    3.5470e-04   -1.7416e-03
   5.0000e-01    1.5000e+00    2.6000e+00    1.5000e+00   -2.5981e+00    1.3726e-03   -3.4526e-04    1.1096e-03   -9.6569e-04
   5.0000e-01    1.5000e+00    2.6000e+00    1.6339e+00   -2.5160e+00    1.1783e-03    8.0437e-04    9.3286e-04    2.5565e-04
   5.0000e-01    1.5000e+00    2.6000e+00    1.7634e+00   -2.4271e+00    1.3889e-04    1.4315e-03   -7.4355e-05    9.8257e-04
   5.0000e-01    1.5000e+00    2.6000e+00    1.8880e+00   -2.3314e+00   -1.0509e-03    1.0002e-03   -1.1640e-03    5.8764e-04
   5.0000e-01    1.5000e+00    2.6000e+00    2.0074e+00   -2.2294e+00   -1.4371e-03   -2.8278e-04   -1.5434e-03   -7.5913e-04
   5.0000e-01    1.5000e+00    2.6000e+00    2.1213e+00   -2.1213e+00   -5.5625e-04   -1.3704e-03   -5.4330e-04   -1.7302e-03
   5.0000e-01    1.5000e+00    2.6000e+00    2.2294e+00   -2.0074e+00    8.8005e-04   -1.2074e-03    9.7810e-04   -1.4926e-03
   5.0000e-01    1.5000e+00    2.6000e+00    2.3314e+00   -1.8880e+00    1.5025e-03    1.5483e-04    1.6473e-03   -7.8410e-05
   5.0000e-01    1.5000e+00    2.6000e+00    2.4271e+00   -1.7634e+00    5.6453e-04    1.4198e-03    7.9006e-04    1.2079e-03
   5.0000e-01    1.5000e+00    2.6000e+00    2.5160e+00   -1.6339e+00   -1.0478e-03    1.1377e-03   -6.6139e-04    1.0081e-03
   5.0000e-01    1.5000e+00    2.6000e+00    2.5981e+00   -1.5000e+00   -1.4881e-03   -4.9040e-04   -1.1342e-03   -7.0149e-04
   5.0000e-01    1.5000e+00    2.6000e+00    2.6730e+00   -1.3620e+00   -1.2656e-04   -1.5824e-03    4.0680e-04   -1.7242e-03
   5.0000e-01    1.5000e+00    2.6000e+00    2.7406e+00   -1.2202e+00    1.4607e-03   -6.7889e-04    2.0191e-03   -8.0033e-04
   5.0000e-01    1.5000e+00    2.6000e+00    2.8007e+00   -1.0751e+00    1.1381e-03    1.1738e-03    1.7895e-03    1.0703e-03
   5.0000e-01    1.5000e+00    2.6000e+00    2.8532e+00   -9.2705e-01   -7.9794e-04    1.4563e-03   -1.4064e-04    1.3106e-03
   5.0000e-01    1.5000e+00    2.6000e+00    2.8978e+00   -7.7646e-01   -1.6494e-03   -3.5984e-04   -9.8835e-04   -4.7470e-04
   5.0000e-01    1.5000e+00    2.6000e+00    2.9344e+00   -6.2374e-01   -6.6153e-05   -1.7170e-03    7.7197e-04   -1.8204e-03
   5.0000e-01    1.5000e+00    2.6000e+00    2.9631e+00   -4.6930e-01    1.6911e-03   -4.5204e-04    2.4972e-03   -4.7240e-04
   5.0000e-01    1.5000e+00    2.6000e+00    2.9836e+00   -3.1359e-01    7.8773e-04    1.6019e-03    1.6435e-03    1.5224e-03
   5.0000e-01    1.5000e+00    2.6000e+00    2.9959e+00   -1.5701e-01   -1.4612e-03    1.0892e-03   -6.5225e-04    1.0169e-03
   5.0000e-01    0.0000e+00    3.0000e+00    3.0000e+00    0.0000e+00   -1.4821e-03   -5.0938e-04   -1.0190e-03   -3.8311e-04
   5.0000e-01    0.0000e+00    3.0000e+00    2.9959e+00    1.5701e-01   -8.1925e-05   -1.5863e-03    4.8870e-04   -1.4790e-03
   5.0000e-01    0.0000e+00    3.0000e+00    2.9836e+00    3.1359e-01    1.4736e-03   -6.5058e-04    2.0611e-03   -4.4855e-04
   5.0000e-01    0.0000e+00    3.0000e+00    2.9631e+00    4.6930e-01    1.1151e-03    1.1960e-03    1.7021e-03    1.3863e-03
   5.0000e-01    0.0000e+00    3.0000e+00    2.9344e+00    6.2374e-01   -8.2346e-04    1.4429e-03   -2.6151e-04    1.7200e-03
   5.0000e-01    0.0000e+00    3.0000e+00    2.8978e+00    7.7646e-01   -1.6427e-03   -3.9189e-04   -1.0646e-03   -1.0814e-04
   5.0000e-01    0.0000e+00    3.0000e+00    2.8532e+00    9.2705e-01   -3.3507e-05   -1.7183e-03    4.4302e-04   -1.3860e-03
   5.0000e-01    0.0000e+00    3.0000e+00    2.8007e+00    1.0751e+00    1.6999e-03   -4.2065e-04    2.2353e-03   -1.1825e-04
   5.0000e-01    0.0000e+00    3.0000e+00    2.7406e+00    1.2202e+00    7.7302e-04    1.6098e-03    1.2457e-03    1.9770e-03
   5.0000e-01    0.0000e+00    3.0000e+00    2.6730e+00    1.3620e+00   -1.4785e-03    1.0662e-03   -1.0173e-03    1.4344e-03
   5.0000e-01    0.0000e+00    3.0000e+00    2.5981e+00    1.5000e+00   -1.3169e-03   -1.3184e-03   -9.1963e-04   -9.6355e-04
   5.0000e-01    0.0000e+00    3.0000e+00    2.5160e+00    1.6339e+00    1.1592e-03   -1.5151e-03    1.5661e-03   -1.2701e-03
   5.0000e-01    0.0000e+00    3.0000e+00    2.4271e+00    1.7634e+00    1.6789e-03    1.0026e-03    2.0176e-03    1.2581e-03
   5.0000e-01    0.0000e+00    3.0000e+00    2.3314e+00    1.8880e+00   -8.5223e-04    1.8180e-03   -5.7824e-04    2.0168e-03
   5.0000e-01    0.0000e+00    3.0000e+00    2.2294e+00    2.0074e+00   -1.9317e-03   -7.3287e-04   -1.7384e-03   -5.2400e-04
   5.0000e-01    0.0000e+00    3.0000e+00    2.1213e+00    2.1213e+00    6.4626e-04   -2.0296e-03    9.2188e-04   -1.8341e-03
   5.0000e-01    0.0000e+00    3.0000e+00    2.0074e+00    2.2294e+00    2.1236e-03    5.7803e-04    2.3883e-03    6.7433e-04
   5.0000e-01    0.0000e+00    3.0000e+00    1.8880e+00    2.3314e+00   -5.2629e-04    2.2184e-03   -3.5517e-04    2.3730e-03
   5.0000e-01    0.0000e+00    3.0000e+00    1.7634e+00    2.4271e+00   -2.3119e-03   -5.2017e-04   -2.1337e-03   -4.7199e-04
   5.0000e-01    0.0000e+00    3.0000e+00    1.6339e+00    2.5160e+00    5.5481e-04   -2.4090e-03    5.5140e-04   -2.3525e-03
   5.0000e-01    0.0000e+00    3.0000e+00    1.5000e+00    2.5981e+00    2.5167e-03    6.1142e-04    2.5116e-03    6.7334e-04
   5.0000e-01    0.0000e+00    3.0000e+00   -1.5000e+00    2.5981e+00    2.5167e-03    6.1142e-04    2.5914e-03    6.1430e-04
   5.0000e-01    0.0000e+00    3.0000e+00   -1.6339e+00    2.5160e+00    5.5481e-04   -2.4090e-03    6.5445e-04   -2.3911e-03
   5.0000e-01    0.0000e+00    3.0000e+00   -1.7634e+00    2.4271e+00   -2.3119e-03   -5.2017e-04   -2.0788e-03   -4.4113e-04
   5.0000e-01    0.0000e+00    3.0000e+00   -1.8880e+00    2.3314e+00   -5.2629e-04    2.2184e-03   -3.3033e-04    2.2718e-03
   5.0000e-01    0.0000e+00    3.0000e+00   -2.0074e+00    2.2294e+00    2.1236e-03    5.7803e-04    2.2522e-03    6.6049e-04
   5.0000e-01    0.0000e+00    3.0000e+00   -2.1213e+00    2.1213e+00    6.4626e-04   -2.0296e-03    8.5127e-04   -1.8332e-03
   5.0000e-01    0.0000e+00    3.0000e+00   -2.2294e+00    2.0074e+00   -1.9317e-03   -7.3287e-04   -1.7048e-03   -5.1944e-04
   5.0000e-01    0.0000e+00    3.0000e+00   -2.3314e+00    1.8880e+00   -8.5223e-04    1.8180e-03   -5.3499e-04    2.0253e-03
   5.0000e-01    0.0000e+00    3.0000e+00   -2.4271e+00    1.7634e+00    1.6789e-03    1.0026e-03    1.9083e-03    1.2274e-03
   5.0000e-01    0.0000e+00    3.0000e+00   -2.5160e+00    1.6339e+00    1.1592e-03   -1.5151e-03    1.5512e-03   -1.2167e-03
   5.0000e-01    0.0000e+00    3.0000e+00   -2.5981e+00    1.5000e+00   -1.3169e-03   -1.3184e-03   -9.2486e-04   -1.0748e-03
   5.0000e-01    0.0000e+00    3.0000e+00   -2.6730e+00    1.3620e+00   -1.4785e-03    1.0662e-03   -1.0538e-03    1.3917e-03
   5.0000e-01    0.0000e+00    3.0000e+00   -2.7406e+00    1.2202e+00    7.7302e-04    1.6098e-03    1.2069e-03    1.9529e-03
   5.0000e-01    0.0000e+00    3.0000e+00   -2.8007e+00    1.0751e+00    1.6999e-03   -4.2065e-04    2.1591e-03   -1.7347e-04
   5.0000e-01    0.0000e+00    3.0000e+00   -2.8532e+00    9.2705e-01   -3.3507e-05   -1.7183e-03    4.6023e-04   -1.4296e-03
   5.0000e-01    0.0000e+00    3.0000e+00   -2.8978e+00    7.7646e-01   -1.6427e-03   -3.9189e-04   -1.0464e-03   -7.1560e-05
   5.0000e-01    0.0000e+00    3.0000e+00   -2.9344e+00    6.2374e-01   -8.2346e-04    1.4429e-03   -2.5666e-04    1.6867e-03
   5.0000e-01    0.0000e+00    3.0000e+00   -2.9631e+00    4.6930e-01    1.1151e-03    1.1960e-03    1.7174e-03    1.4826e-03
   5.0000e-01    0.0000e+00    3.0000e+00   -2.9836e+00    3.1359e-01    1.4736e-03   -6.5058e-04    2.0152e-03   -4.8659e-04
   5.0000e-01    0.0000e+00    3.0000e+00   -2.9959e+00    1.5701e-01   -8.1925e-05   -1.5863e-03    5.2939e-04   -1.4259e-03
   5.0000e-01    0.0000e+00    3.0000e+00   -3.0000e+00    0.0000e+00   -1.4821e-03   -5.0938e-04   -9.6039e-04   -3.7537e-04
   5.0000e-01    0.0000e+00    3.0000e+00   -2.9959e+00   -1.5701e-01   -1.0734e-03    1.1146e-03   -5.5640e-04    1.1247e-03
   5.0000e-01    0.0000e+00    3.0000e+00   -2.9836e+00   -3.1359e-01    5.1821e-04    1.4382e-03    9.6780e-04    1.4414e-03
   5.0000e-01    0.0000e+00    3.0000e+00   -2.9631e+00   -4.6930e-01    1.4979e-03    2.0055e-04    1.9324e-03    1.8481e-04
   5.0000e-01    0.0000e+00    3.0000e+00   -2.9344e+00   -6.2374e-01    9.0310e-04   -1.1913e-03    1.2137e-03   -1.2610e-03
   5.0000e-01    0.0000e+00    3.0000e+00   -2.8978e+00   -7.7646e-01   -5.3535e-04   -1.3791e-03   -3.0746e-04   -1.5387e-03
   5.0000e-01    0.0000e+00    3.0000e+00   -2.8532e+00   -9.2705e-01   -1.4285e-03   -3.2559e-04   -1.3628e-03   -4.3848e-04
   5.0000e-01    0.0000e+00    3.0000e+00   -2.8007e+00   -1.0751e+00   -1.0814e-03    9.6874e-04   -1.0275e-03    8.0622e-04
   5.0000e-01    0.0000e+00    3.0000e+00   -2.7406e+00   -1.2202e+00    1.0504e-04    1.4354e-03    -1.2542e-05    1.2331e-03
   5.0000e-01    0.0000e+00    3.0000e+00   -2.6730e+00   -1.3620e+00    1.1671e-03    8.2095e-04    1.0796e-03    6.5811e-04
   5.0000e-01    0.0000e+00    3.0000e+00   -2.5981e+00   -1.5000e+00    1.3812e-03   -3.1295e-04    1.1929e-03   -5.2168e-04
   5.0000e-01    0.0000e+00    3.0000e+00   -2.5160e+00   -1.6339e+00    7.3251e-04   -1.1998e-03    5.4001e-04   -1.3796e-03
   5.0000e-01    0.0000e+00    3.0000e+00   -2.4271e+00   -1.7634e+00   -3.0993e-04   -1.3611e-03   -5.4427e-04   -1.5504e-03
   5.0000e-01    0.0000e+00    3.0000e+00   -2.3314e+00   -1.8880e+00   -1.1343e-03   -7.9780e-04   -1.3654e-03   -9.4747e-04
   5.0000e-01    0.0000e+00    3.0000e+00   -2.2294e+00   -2.0074e+00   -1.3755e-03    9.2131e-05   -1.6273e-03    5.7993e-06
   5.0000e-01    0.0000e+00    3.0000e+00   -2.1213e+00   -2.1213e+00   -1.0381e-03    8.9551e-04   -1.2645e-03    7.6599e-04
   5.0000e-01    0.0000e+00    3.0000e+00   -2.0074e+00   -2.2294e+00   -3.2758e-04    1.3239e-03   -5.5649e-04    1.1726e-03
   5.0000e-01    0.0000e+00    3.0000e+00   -1.8880e+00   -2.3314e+00    4.4494e-04    1.2819e-03    3.5810e-04    1.2283e-03
   5.0000e-01    0.0000e+00    3.0000e+00   -1.7634e+00   -2.4271e+00    1.0197e-03    8.8620e-04    9.5955e-04    8.1333e-04
   5.0000e-01    0.0000e+00    3.0000e+00   -1.6339e+00   -2.5160e+00    1.3098e-03    3.0879e-04    1.3137e-03    2.6733e-04
   5.0000e-01    0.0000e+00    3.0000e+00   -1.5000e+00   -2.5981e+00    1.3083e-03   -2.9235e-04    1.4006e-03   -3.4664e-04
   5.0000e-01    0.0000e+00    3.0000e+00   -1.3620e+00   -2.6730e+00    1.0822e-03   -7.8348e-04    1.1778e-03   -7.0929e-04
   5.0000e-01    0.0000e+00    3.0000e+00   -1.2202e+00   -2.7406e+00    7.3465e-04   -1.1115e-03    9.5319e-04   -9.5089e-04
   5.0000e-01    0.0000e+00    3.0000e+00   -1.0751e+00   -2.8007e+00    3.4670e-04   -1.2829e-03    6.1592e-04   -9.9297e-04
   5.0000e-01    0.0000e+00    3.0000e+00   -9.2705e-01   -2.8532e+00   -1.8838e-05   -1.3255e-03    2.6694e-04   -1.0906e-03
   5.0000e-01    0.0000e+00    3.0000e+00   -7.7646e-01   -2.8978e+00   -3.3409e-04   -1.2802e-03   -5.2754e-05   -9.4055e-04
   5.0000e-01    0.0000e+00    3.0000e+00   -6.2374e-01   -2.9344e+00   -5.6819e-04   -1.1928e-03   -2.0915e-04   -7.6152e-04
   5.0000e-01    0.0000e+00    3.0000e+00   -4.6930e-01   -2.9631e+00   -7.4048e-04   -1.0921e-03   -4.2244e-04   -5.9757e-04
   5.0000e-01    0.0000e+00    3.0000e+00   -3.1359e-01   -2.9836e+00   -8.4724e-04   -1.0101e-03   -5.0071e-04   -5.2190e-04
   5.0000e-01    0.0000e+00    3.0000e+00   -1.5701e-01   -2.9959e+00   -9.1235e-04   -9.5109e-04   -5.0357e-04   -4.3260e-04
   5.0000e-01    0.0000e+00    3.0000e+00    0.0000e+00   -3.0000e+00   -9.4103e-04   -9.2224e-04   -4.7234e-04   -3.5038e-04
   5.0000e-01    0.0000e+00    3.0000e+00    1.5701e-01   -2.9959e+00   -9.1235e-04   -9.5109e-04   -5.6522e-04   -4.7154e-04
   5.0000e-01    0.0000e+00    3.0000e+00    3.1359e-01   -2.9836e+00   -8.4724e-04   -1.0101e-03   -4.1607e-04   -5.0363e-04
   5.0000e-01    0.0000e+00    3.0000e+00    4.6930e-01   -2.9631e+00   -7.4048e-04   -1.0921e-03   -3.4588e-04   -6.2727e-04
   5.0000e-01    0.0000e+00    3.0000e+00    6.2374e-01   -2.9344e+00   -5.6819e-04   -1.1928e-03   -1.7669e-04   -7.4620e-04
   5.0000e-01    0.0000e+00    3.0000e+00    7.7646e-01   -2.8978e+00   -3.3409e-04   -1.2802e-03    7.4791e-06   -9.4749e-04
   5.0000e-01    0.0000e+00    3.0000e+00    9.2705e-01   -2.8532e+00   -1.8838e-05   -1.3255e-03    2.7291e-04   -1.0895e-03
   5.0000e-01    0.0000e+00    3.0000e+00    1.0751e+00   -2.8007e+00    3.4670e-04   -1.2829e-03    5.5812e-04   -1.0743e-03
   5.0000e-01    0.0000e+00    3.0000e+00    1.2202e+00   -2.7406e+00    7.3465e-04   -1.1115e-03    8.7218e-04   -9.7978e-04
   5.0000e-01    0.0000e+00    3.0000e+00    1.3620e+00   -2.6730e+00    1.0822e-03   -7.8348e-04    1.1144e-03   -6.2968e-04
   5.0000e-01    0.0000e+00    3.0000e+00    1.5000e+00   -2.5981e+00    1.3083e-03   -2.9235e-04    1.3505e-03   -2.5077e-04
   5.0000e-01    0.0000e+00    3.0000e+00    1.6339e+00   -2.5160e+00    1.3098e-03    3.0879e-04    1.3195e-03    3.4781e-04
   5.0000e-01    0.0000e+00    3.0000e+00    1.7634e+00   -2.4271e+00    1.0197e-03    8.8620e-04    1.0034e-03    8.2275e-04
   5.0000e-01    0.0000e+00    3.0000e+00    1.8880e+00   -2.3314e+00    4.4494e-04    1.2819e-03    3.2946e-04    1.1645e-03
   5.0000e-01    0.0000e+00    3.0000e+00    2.0074e+00   -2.2294e+00   -3.2758e-04    1.3239e-03   -4.6716e-04    1.2125e-03
   5.0000e-01    0.0000e+00    3.0000e+00    2.1213e+00   -2.1213e+00   -1.0381e-03    8.9551e-04   -1.2060e-03    7.9184e-04
   5.0000e-01    0.0000e+00    3.0000e+00    2.2294e+00   -2.0074e+00   -1.3755e-03    9.2131e-05   -1.5722e-03   -3.8253e-05
   5.0000e-01    0.0000e+00    3.0000e+00    2.3314e+00   -1.8880e+00   -1.1343e-03   -7.9780e-04   -1.3679e-03   -1.0071e-03
   5.0000e-01    0.0000e+00    3.0000e+00    2.4271e+00   -1.7634e+00   -3.0993e-04   -1.3611e-03   -5.2517e-04   -1.4649e-03
   5.0000e-01    0.0000e+00    3.0000e+00    2.5160e+00   -1.6339e+00    7.3251e-04   -1.1998e-03    5.1262e-04   -1.4002e-03
   5.0000e-01    0.0000e+00    3.0000e+00    2.5981e+00   -1.5000e+00    1.3812e-03   -3.1295e-04    1.2422e-03   -4.1988e-04
   5.0000e-01    0.0000e+00    3.0000e+00    2.6730e+00   -1.3620e+00    1.1671e-03    8.2095e-04    1.0179e-03    5.5868e-04
   5.0000e-01    0.0000e+00    3.0000e+00    2.7406e+00   -1.2202e+00    1.0504e-04    1.4354e-03    4.1550e-05    1.2795e-03
   5.0000e-01    0.0000e+00    3.0000e+00    2.8007e+00   -1.0751e+00   -1.0814e-03    9.6874e-04   -1.0487e-03    8.1182e-04
   5.0000e-01    0.0000e+00    3.0000e+00    2.8532e+00   -9.2705e-01   -1.4285e-03   -3.2559e-04   -1.3256e-03   -4.7901e-04
   5.0000e-01    0.0000e+00    3.0000e+00    2.8978e+00   -7.7646e-01   -5.3535e-04   -1.3791e-03   -3.6018e-04   -1.4703e-03
   5.0000e-01    0.0000e+00    3.0000e+00    2.9344e+00   -6.2374e-01    9.0310e-04   -1.1913e-03    1.2172e-03   -1.3282e-03
   5.0000e-01    0.0000e+00    3.0000e+00    2.9631e+00   -4.6930e-01    1.4979e-03    2.0055e-04    1.9297e-03    1.7832e-04
   5.0000e-01    0.0000e+00    3.0000e+00    2.9836e+00   -3.1359e-01    5.1821e-04    1.4382e-03    9.7872e-04    1.4306e-03
   5.0000e-01    0.0000e+00    3.0000e+00    2.9959e+00   -1.5701e-01   -1.0734e-03    1.1146e-03   -5.6801e-04    1.1177e-03
   5.0000e-01   -1.5000e+00    2.6000e+00    3.0000e+00    0.0000e+00    1.3751e-03   -3.3753e-04    1.2500e-03   -1.8077e-04
   5.0000e-01   -1.5000e+00    2.6000e+00    2.9959e+00    1.5701e-01    1.1688e-03    8.1876e-04    1.0291e-03    8.0964e-04
   5.0000e-01   -1.5000e+00    2.6000e+00    2.9836e+00    3.1359e-01    1.1750e-04    1.4338e-03    2.8805e-05    1.4448e-03
   5.0000e-01   -1.5000e+00    2.6000e+00    2.9631e+00    4.6930e-01   -1.0709e-03    9.7946e-04   -1.1167e-03    8.8599e-04
   5.0000e-01   -1.5000e+00    2.6000e+00    2.9344e+00    6.2374e-01   -1.4321e-03   -3.0858e-04   -1.4202e-03   -4.4966e-04
   5.0000e-01   -1.5000e+00    2.6000e+00    2.8978e+00    7.7646e-01   -5.4772e-04   -1.3739e-03   -4.6763e-04   -1.4803e-03
   5.0000e-01   -1.5000e+00    2.6000e+00    2.8532e+00    9.2705e-01    8.9316e-04   -1.1982e-03    9.5543e-04   -1.3961e-03
   5.0000e-01   -1.5000e+00    2.6000e+00    2.8007e+00    1.0751e+00    1.4993e-03    1.8826e-04    1.5341e-03    4.4832e-05
   5.0000e-01   -1.5000e+00    2.6000e+00    2.7406e+00    1.2202e+00    5.4229e-04    1.4291e-03    4.6003e-04    1.2452e-03
   5.0000e-01   -1.5000e+00    2.6000e+00    2.6730e+00    1.3620e+00   -1.0600e-03    1.1265e-03   -1.0510e-03    1.0122e-03
   5.0000e-01   -1.5000e+00    2.6000e+00    2.5981e+00    1.5000e+00   -1.4816e-03   -5.0914e-04   -1.6252e-03   -6.6632e-04
   5.0000e-01   -1.5000e+00    2.6000e+00    2.5160e+00    1.6339e+00   -9.1230e-05   -1.5855e-03   -2.3170e-04   -1.6798e-03
   5.0000e-01   -1.5000e+00    2.6000e+00    2.4271e+00    1.7634e+00    1.4697e-03   -6.5840e-04    1.1288e-03   -8.4167e-04
   5.0000e-01   -1.5000e+00    2.6000e+00    2.3314e+00    1.8880e+00    1.1270e-03    1.1839e-03    7.6943e-04    1.1435e-03
   5.0000e-01   -1.5000e+00    2.6000e+00    2.2294e+00    2.0074e+00   -8.0761e-04    1.4513e-03   -1.2725e-03    1.4215e-03
   5.0000e-01   -1.5000e+00    2.6000e+00    2.1213e+00    2.1213e+00   -1.6422e-03   -3.9365e-04   -2.1470e-03   -3.0869e-04
   5.0000e-01   -1.5000e+00    2.6000e+00    2.0074e+00    2.2294e+00   -3.1695e-05   -1.7180e-03   -6.9611e-04   -1.6344e-03
   5.0000e-01   -1.5000e+00    2.6000e+00    1.8880e+00    2.3314e+00    1.6948e-03   -4.3737e-04    9.3624e-04   -2.4236e-04
   5.0000e-01   -1.5000e+00    2.6000e+00    1.7634e+00    2.4271e+00    7.7948e-04    1.6058e-03    -4.5337e-05    1.7243e-03
   5.0000e-01   -1.5000e+00    2.6000e+00    1.6339e+00    2.5160e+00   -1.4775e-03    1.0672e-03   -2.3174e-03    1.2141e-03
   5.0000e-01   -1.5000e+00    2.6000e+00    1.5000e+00    2.5981e+00   -1.3162e-03   -1.3193e-03   -2.0801e-03   -1.0131e-03
   5.0000e-01   -1.5000e+00    2.6000e+00    1.3620e+00    2.6730e+00    1.1473e-03   -1.5231e-03    3.5990e-04   -1.3035e-03
   5.0000e-01   -1.5000e+00    2.6000e+00    1.2202e+00    2.7406e+00    1.6790e-03    1.0031e-03    9.4927e-04    1.2026e-03
   5.0000e-01   -1.5000e+00    2.6000e+00    1.0751e+00    2.8007e+00   -8.5948e-04    1.8151e-03   -1.5010e-03    2.0453e-03
   5.0000e-01   -1.5000e+00    2.6000e+00    9.2705e-01    2.8532e+00   -1.9241e-03   -7.5239e-04   -2.5168e-03   -5.6000e-04
   5.0000e-01   -1.5000e+00    2.6000e+00    7.7646e-01    2.8978e+00    6.4339e-04   -2.0301e-03    1.2771e-04   -1.8890e-03
   5.0000e-01   -1.5000e+00    2.6000e+00    6.2374e-01    2.9344e+00    2.1253e-03    5.7127e-04    1.7283e-03    7.8471e-04
   5.0000e-01   -1.5000e+00    2.6000e+00    4.6930e-01    2.9631e+00   -5.4452e-04    2.2146e-03   -8.9819e-04    2.3256e-03
   5.0000e-01   -1.5000e+00    2.6000e+00    3.1359e-01    2.9836e+00   -2.3052e-03   -5.5173e-04   -2.4907e-03   -4.4475e-04
   5.0000e-01   -1.5000e+00    2.6000e+00    1.5701e-01    2.9959e+00    5.6829e-04   -2.4061e-03    5.0596e-04   -2.3190e-03
   5.0000e-01   -1.5000e+00    2.6000e+00    0.0000e+00    3.0000e+00    2.5114e-03    6.3483e-04    2.5606e-03    6.9198e-04
   5.0000e-01   -1.5000e+00    2.6000e+00   -2.5981e+00    1.5000e+00    2.5249e-03    5.7145e-04    2.3164e-03    5.5654e-04
   5.0000e-01   -1.5000e+00    2.6000e+00   -2.6730e+00    1.3620e+00    5.2353e-04   -2.4153e-03    4.9727e-04   -2.4324e-03
   5.0000e-01   -1.5000e+00    2.6000e+00   -2.7406e+00    1.2202e+00   -2.3185e-03   -4.8996e-04   -2.3779e-03   -5.0962e-04
   5.0000e-01   -1.5000e+00    2.6000e+00   -2.8007e+00    1.0751e+00   -5.0382e-04    2.2239e-03   -3.8175e-04    2.1544e-03
   5.0000e-01   -1.5000e+00    2.6000e+00   -2.8532e+00    9.2705e-01    2.1349e-03    5.3161e-04    2.3424e-03    5.4794e-04
   5.0000e-01   -1.5000e+00    2.6000e+00   -2.8978e+00    7.7646e-01    6.0739e-04   -2.0407e-03    9.7869e-04   -2.0748e-03
   5.0000e-01   -1.5000e+00    2.6000e+00   -2.9344e+00    6.2374e-01   -1.9382e-03   -7.1461e-04   -1.5070e-03   -7.6318e-04
   5.0000e-01   -1.5000e+00    2.6000e+00   -2.9631e+00    4.6930e-01   -8.2701e-04    1.8294e-03   -3.3288e-04    1.8370e-03
   5.0000e-01   -1.5000e+00    2.6000e+00   -2.9836e+00    3.1359e-01    1.6981e-03    9.6838e-04    2.3360e-03    9.4502e-04
   5.0000e-01   -1.5000e+00    2.6000e+00   -2.9959e+00    1.5701e-01    1.1314e-03   -1.5352e-03    1.7879e-03   -1.5301e-03
   5.0000e-01   -1.5000e+00    2.6000e+00   -3.0000e+00    0.0000e+00   -1.3483e-03   -1.2855e-03   -5.6990e-04   -1.3982e-03
   5.0000e-01   -1.5000e+00    2.6000e+00   -2.9959e+00   -1.5701e-01   -1.4612e-03    1.0892e-03   -6.3750e-04    1.0382e-03
   5.0000e-01   -1.5000e+00    2.6000e+00   -2.9836e+00   -3.1359e-01    7.8773e-04    1.6019e-03    1.6030e-03    1.4653e-03
   5.0000e-01   -1.5000e+00    2.6000e+00   -2.9631e+00   -4.6930e-01    1.6911e-03   -4.5204e-04    2.4409e-03   -4.7757e-04
   5.0000e-01   -1.5000e+00    2.6000e+00   -2.9344e+00   -6.2374e-01   -6.6153e-05   -1.7170e-03    6.9409e-04   -1.7519e-03
   5.0000e-01   -1.5000e+00    2.6000e+00   -2.8978e+00   -7.7646e-01   -1.6494e-03   -3.5984e-04   -9.4672e-04   -4.9117e-04
   5.0000e-01   -1.5000e+00    2.6000e+00   -2.8532e+00   -9.2705e-01   -7.9794e-04    1.4563e-03   -1.9369e-05    1.4160e-03
   5.0000e-01   -1.5000e+00    2.6000e+00   -2.8007e+00   -1.0751e+00    1.1381e-03    1.1738e-03    1.7717e-03    1.0952e-03
   5.0000e-01   -1.5000e+00    2.6000e+00   -2.7406e+00   -1.2202e+00    1.4607e-03   -6.7889e-04    1.9965e-03   -7.6732e-04
   5.0000e-01   -1.5000e+00    2.6000e+00   -2.6730e+00   -1.3620e+00   -1.2656e-04   -1.5824e-03    3.9984e-04   -1.7233e-03
   5.0000e-01   -1.5000e+00    2.6000e+00   -2.5981e+00   -1.5000e+00   -1.4881e-03   -4.9040e-04   -1.0741e-03   -7.0580e-04
   5.0000e-01   -1.5000e+00    2.6000e+00   -2.5160e+00   -1.6339e+00   -1.0478e-03    1.1377e-03   -6.6831e-04    9.9697e-04
   5.0000e-01   -1.5000e+00    2.6000e+00   -2.4271e+00   -1.7634e+00    5.6453e-04    1.4198e-03    7.8589e-04    1.1868e-03
   5.0000e-01   -1.5000e+00    2.6000e+00   -2.3314e+00   -1.8880e+00    1.5025e-03    1.5483e-04    1.6964e-03   -1.2948e-04
   5.0000e-01   -1.5000e+00    2.6000e+00   -2.2294e+00   -2.0074e+00    8.8005e-04   -1.2074e-03    9.5880e-04   -1.5307e-03
   5.0000e-01   -1.5000e+00    2.6000e+00   -2.1213e+00   -2.1213e+00   -5.5625e-04   -1.3704e-03   -5.9706e-04   -1.6909e-03
   5.0000e-01   -1.5000e+00    2.6000e+00   -2.0074e+00   -2.2294e+00   -1.4371e-03   -2.8278e-04   -1.5251e-03   -6.7567e-04
   5.0000e-01   -1.5000e+00    2.6000e+00   -1.8880e+00   -2.3314e+00   -1.0509e-03    1.0002e-03   -1.1986e-03    5.3783e-04
   5.0000e-01   -1.5000e+00    2.6000e+00   -1.7634e+00   -2.4271e+00    1.3889e-04    1.4315e-03   -4.9791e-05    9.0589e-04
   5.0000e-01   -1.5000e+00    2.6000e+00   -1.6339e+00   -2.5160e+00    1.1783e-03    8.0437e-04    9.8339e-04    2.6588e-04
   5.0000e-01   -1.5000e+00    2.6000e+00   -1.5000e+00   -2.5981e+00    1.3726e-03   -3.4526e-04    1.1437e-03   -8.7282e-04
   5.0000e-01   -1.5000e+00    2.6000e+00   -1.3620e+00   -2.6730e+00    6.9868e-04   -1.2190e-03    4.5471e-04   -1.8034e-03
   5.0000e-01   -1.5000e+00    2.6000e+00   -1.2202e+00   -2.7406e+00   -3.3739e-04   -1.3542e-03   -6.1835e-04   -1.9219e-03
   5.0000e-01   -1.5000e+00    2.6000e+00   -1.0751e+00   -2.8007e+00   -1.1440e-03   -7.8363e-04   -1.4575e-03   -1.3501e-03
   5.0000e-01   -1.5000e+00    2.6000e+00   -9.2705e-01   -2.8532e+00   -1.3726e-03    1.2285e-04   -1.6959e-03   -3.5148e-04
   5.0000e-01   -1.5000e+00    2.6000e+00   -7.7646e-01   -2.8978e+00   -1.0105e-03    9.2567e-04   -1.3097e-03    4.5680e-04
   5.0000e-01   -1.5000e+00    2.6000e+00   -6.2374e-01   -2.9344e+00   -3.0380e-04    1.3292e-03   -5.1792e-04    9.7488e-04
   5.0000e-01   -1.5000e+00    2.6000e+00   -4.6930e-01   -2.9631e+00    4.6082e-04    1.2760e-03    2.1902e-04    1.0004e-03
   5.0000e-01   -1.5000e+00    2.6000e+00   -3.1359e-01   -2.9836e+00    1.0333e-03    8.7002e-04    9.5299e-04    7.3332e-04
   5.0000e-01   -1.5000e+00    2.6000e+00   -1.5701e-01   -2.9959e+00    1.3156e-03    2.8222e-04    1.2520e-03    1.6988e-04
   5.0000e-01   -1.5000e+00    2.6000e+00    0.0000e+00   -3.0000e+00    1.3015e-03   -3.2094e-04    1.3388e-03   -2.2118e-04
   5.0000e-01   -1.5000e+00    2.6000e+00    1.5701e-01   -2.9959e+00    1.0729e-03   -7.9643e-04    1.2560e-03   -7.1768e-04
   5.0000e-01   -1.5000e+00    2.6000e+00    3.1359e-01   -2.9836e+00    7.2163e-04   -1.1196e-03    1.0150e-03   -9.1753e-04
   5.0000e-01   -1.5000e+00    2.6000e+00    4.6930e-01   -2.9631e+00    3.2275e-04   -1.2887e-03    7.6639e-04   -8.5192e-04
   5.0000e-01   -1.5000e+00    2.6000e+00    6.2374e-01   -2.9344e+00   -4.4490e-05   -1.3249e-03    4.0889e-04   -8.0717e-04
   5.0000e-01   -1.5000e+00    2.6000e+00    7.7646e-01   -2.8978e+00   -3.5589e-04   -1.2742e-03    2.2992e-04   -6.8252e-04
   5.0000e-01   -1.5000e+00    2.6000e+00    9.2705e-01   -2.8532e+00   -5.8517e-04   -1.1844e-03    6.2066e-05   -4.8720e-04
   5.0000e-01   -1.5000e+00    2.6000e+00    1.0751e+00   -2.8007e+00   -7.5739e-04   -1.0808e-03   -8.3870e-05   -2.4480e-04
   5.0000e-01   -1.5000e+00    2.6000e+00    1.2202e+00   -2.7406e+00   -8.6842e-04   -9.9226e-04   -2.3505e-04   -1.5459e-04
   5.0000e-01   -1.5000e+00    2.6000e+00    1.3620e+00   -2.6730e+00   -9.3393e-04   -9.2945e-04   -2.6759e-04   -5.9365e-05
   5.0000e-01   -1.5000e+00    2.6000e+00    1.5000e+00   -2.5981e+00   -9.5032e-04   -9.1263e-04   -2.8161e-04    9.5851e-05
   5.0000e-01   -1.5000e+00    2.6000e+00    1.6339e+00   -2.5160e+00   -9.2580e-04   -9.3803e-04   -3.0075e-04   -1.6345e-05
   5.0000e-01   -1.5000e+00    2.6000e+00    1.7634e+00   -2.4271e+00   -8.6831e-04   -9.9206e-04   -3.1241e-04   -3.2479e-05
   5.0000e-01   -1.5000e+00    2.6000e+00    1.8880e+00   -2.3314e+00   -7.6520e-04   -1.0749e-03   -2.8695e-04   -1.9051e-04
   5.0000e-01   -1.5000e+00    2.6000e+00    2.0074e+00   -2.2294e+00   -5.8581e-04   -1.1844e-03   -1.2574e-04   -2.6096e-04
   5.0000e-01   -1.5000e+00    2.6000e+00    2.1213e+00   -2.1213e+00   -3.3918e-04   -1.2793e-03   -6.0686e-05   -3.2062e-04
   5.0000e-01   -1.5000e+00    2.6000e+00    2.2294e+00   -2.0074e+00   -3.7765e-05   -1.3252e-03    9.2787e-05   -5.3170e-04
   5.0000e-01   -1.5000e+00    2.6000e+00    2.3314e+00   -1.8880e+00    3.1783e-04   -1.2901e-03    3.3236e-04   -4.6049e-04
   5.0000e-01   -1.5000e+00    2.6000e+00    2.4271e+00   -1.7634e+00    7.1905e-04   -1.1216e-03    6.2399e-04   -3.3782e-04
   5.0000e-01   -1.5000e+00    2.6000e+00    2.5160e+00   -1.6339e+00    1.0785e-03   -7.8904e-04    8.7950e-04   -1.7157e-04
   5.0000e-01   -1.5000e+00    2.6000e+00    2.5981e+00   -1.5000e+00    1.3052e-03   -3.0681e-04    1.0174e-03    3.4424e-04
   5.0000e-01   -1.5000e+00    2.6000e+00    2.6730e+00   -1.3620e+00    1.3155e-03    2.8246e-04    1.0396e-03    9.2416e-04
   5.0000e-01   -1.5000e+00    2.6000e+00    2.7406e+00   -1.2202e+00    1.0287e-03    8.7632e-04    6.6837e-04    1.4419e-03
   5.0000e-01   -1.5000e+00    2.6000e+00    2.8007e+00   -1.0751e+00    4.4779e-04    1.2814e-03    -6.0180e-05    1.7793e-03
   5.0000e-01   -1.5000e+00    2.6000e+00    2.8532e+00   -9.2705e-01   -3.2064e-04    1.3256e-03   -7.3471e-04    1.7483e-03
   5.0000e-01   -1.5000e+00    2.6000e+00    2.8978e+00   -7.7646e-01   -1.0206e-03    9.1513e-04   -1.4522e-03    1.3341e-03
   5.0000e-01   -1.5000e+00    2.6000e+00    2.9344e+00   -6.2374e-01   -1.3743e-03    1.0938e-04   -1.7134e-03    5.1537e-04
   5.0000e-01   -1.5000e+00    2.6000e+00    2.9631e+00   -4.6930e-01   -1.1355e-03   -7.9642e-04   -1.4895e-03   -5.5418e-04
   5.0000e-01   -1.5000e+00    2.6000e+00    2.9836e+00   -3.1359e-01   -3.1029e-04   -1.3610e-03   -5.3684e-04   -1.1590e-03
   5.0000e-01   -1.5000e+00    2.6000e+00    2.9959e+00   -1.5701e-01    7.2073e-04   -1.2068e-03    4.5486e-04   -1.1036e-03
   5.0000e-01   -2.6000e+00    1.5000e+00    3.0000e+00    0.0000e+00    1.3004e-03   -3.2533e-04    1.1974e-03    5.5108e-05
   5.0000e-01   -2.6000e+00    1.5000e+00    2.9959e+00    1.5701e-01    1.3156e-03    2.8222e-04    1.0992e-03    4.8345e-04
   5.0000e-01   -2.6000e+00    1.5000e+00    2.9836e+00    3.1359e-01    1.0333e-03    8.7002e-04    6.8897e-04    9.1372e-04
   5.0000e-01   -2.6000e+00    1.5000e+00    2.9631e+00    4.6930e-01    4.6082e-04    1.2760e-03    1.2963e-05    1.1741e-03
   5.0000e-01   -2.6000e+00    1.5000e+00    2.9344e+00    6.2374e-01   -3.0380e-04    1.3292e-03   -8.2265e-04    1.0200e-03
   5.0000e-01   -2.6000e+00    1.5000e+00    2.8978e+00    7.7646e-01   -1.0105e-03    9.2567e-04   -1.6483e-03    4.8464e-04
   5.0000e-01   -2.6000e+00    1.5000e+00    2.8532e+00    9.2705e-01   -1.3726e-03    1.2285e-04   -2.0504e-03   -5.0221e-04
   5.0000e-01   -2.6000e+00    1.5000e+00    2.8007e+00    1.0751e+00   -1.1440e-03   -7.8363e-04   -1.8486e-03   -1.4428e-03
   5.0000e-01   -2.6000e+00    1.5000e+00    2.7406e+00    1.2202e+00   -3.3739e-04   -1.3542e-03   -1.0530e-03   -2.1697e-03
   5.0000e-01   -2.6000e+00    1.5000e+00    2.6730e+00    1.3620e+00    6.9868e-04   -1.2190e-03    6.0041e-05   -2.0954e-03
   5.0000e-01   -2.6000e+00    1.5000e+00    2.5981e+00    1.5000e+00    1.3726e-03   -3.4526e-04    7.3868e-04   -1.2978e-03
   5.0000e-01   -2.6000e+00    1.5000e+00    2.5160e+00    1.6339e+00    1.1783e-03    8.0437e-04    5.8329e-04   -2.7406e-04
   5.0000e-01   -2.6000e+00    1.5000e+00    2.4271e+00    1.7634e+00    1.3889e-04    1.4315e-03   -4.3564e-04    5.3180e-04
   5.0000e-01   -2.6000e+00    1.5000e+00    2.3314e+00    1.8880e+00   -1.0509e-03    1.0002e-03   -1.5827e-03    9.9332e-05
   5.0000e-01   -2.6000e+00    1.5000e+00    2.2294e+00    2.0074e+00   -1.4371e-03   -2.8278e-04   -1.7727e-03   -1.1639e-03
   5.0000e-01   -2.6000e+00    1.5000e+00    2.1213e+00    2.1213e+00   -5.5625e-04   -1.3704e-03   -9.5572e-04   -2.1377e-03
   5.0000e-01   -2.6000e+00    1.5000e+00    2.0074e+00    2.2294e+00    8.8005e-04   -1.2074e-03    4.7182e-04   -1.8919e-03
   5.0000e-01   -2.6000e+00    1.5000e+00    1.8880e+00    2.3314e+00    1.5025e-03    1.5483e-04    1.1662e-03   -3.5634e-04
   5.0000e-01   -2.6000e+00    1.5000e+00    1.7634e+00    2.4271e+00    5.6453e-04    1.4198e-03    3.3349e-04    9.2371e-04
   5.0000e-01   -2.6000e+00    1.5000e+00    1.6339e+00    2.5160e+00   -1.0478e-03    1.1377e-03   -1.1795e-03    8.8582e-04
   5.0000e-01   -2.6000e+00    1.5000e+00    1.5000e+00    2.5981e+00   -1.4881e-03   -4.9040e-04   -1.6085e-03   -6.2207e-04
   5.0000e-01   -2.6000e+00    1.5000e+00    1.3620e+00    2.6730e+00   -1.2656e-04   -1.5824e-03   -1.4936e-04   -1.6740e-03
   5.0000e-01   -2.6000e+00    1.5000e+00    1.2202e+00    2.7406e+00    1.4607e-03   -6.7889e-04    1.4894e-03   -6.2502e-04
   5.0000e-01   -2.6000e+00    1.5000e+00    1.0751e+00    2.8007e+00    1.1381e-03    1.1738e-03    1.1874e-03    1.2689e-03
   5.0000e-01   -2.6000e+00    1.5000e+00    9.2705e-01    2.8532e+00   -7.9794e-04    1.4563e-03   -6.3574e-04    1.7550e-03
   5.0000e-01   -2.6000e+00    1.5000e+00    7.7646e-01    2.8978e+00   -1.6494e-03   -3.5984e-04   -1.4414e-03   -8.8844e-05
   5.0000e-01   -2.6000e+00    1.5000e+00    6.2374e-01    2.9344e+00   -6.6153e-05   -1.7170e-03    1.5825e-04   -1.4254e-03
   5.0000e-01   -2.6000e+00    1.5000e+00    4.6930e-01    2.9631e+00    1.6911e-03   -4.5204e-04    1.9984e-03   -1.4438e-04
   5.0000e-01   -2.6000e+00    1.5000e+00    3.1359e-01    2.9836e+00    7.8773e-04    1.6019e-03    1.1146e-03    1.9288e-03
   5.0000e-01   -2.6000e+00    1.5000e+00    1.5701e-01    2.9959e+00   -1.4612e-03    1.0892e-03   -1.1041e-03    1.4556e-03
   5.0000e-01   -2.6000e+00    1.5000e+00    0.0000e+00    3.0000e+00   -1.3339e-03   -1.3009e-03   -8.6099e-04   -1.0395e-03
   5.0000e-01   -2.6000e+00    1.5000e+00   -1.5701e-01    2.9959e+00    1.1314e-03   -1.5352e-03    1.5023e-03   -1.2562e-03
   5.0000e-01   -2.6000e+00    1.5000e+00   -3.1359e-01    2.9836e+00    1.6981e-03    9.6838e-04    2.0843e-03    1.1610e-03
   5.0000e-01   -2.6000e+00    1.5000e+00   -4.6930e-01    2.9631e+00   -8.2701e-04    1.8294e-03   -5.2174e-04    2.0280e-03
   5.0000e-01   -2.6000e+00    1.5000e+00   -6.2374e-01    2.9344e+00   -1.9382e-03   -7.1461e-04   -1.7256e-03   -4.9828e-04
   5.0000e-01   -2.6000e+00    1.5000e+00   -7.7646e-01    2.8978e+00    6.0739e-04   -2.0407e-03    8.3436e-04   -1.9679e-03
   5.0000e-01   -2.6000e+00    1.5000e+00   -9.2705e-01    2.8532e+00    2.1349e-03    5.3161e-04    2.2739e-03    5.3575e-04
   5.0000e-01   -2.6000e+00    1.5000e+00   -1.0751e+00    2.8007e+00   -5.0382e-04    2.2239e-03   -3.6315e-04    2.2333e-03
   5.0000e-01   -2.6000e+00    1.5000e+00   -1.2202e+00    2.7406e+00   -2.3185e-03   -4.8996e-04   -2.3405e-03   -4.3265e-04
   5.0000e-01   -2.6000e+00    1.5000e+00   -1.3620e+00    2.6730e+00    5.2353e-04   -2.4153e-03    4.8639e-04   -2.4476e-03
   5.0000e-01   -2.6000e+00    1.5000e+00   -1.5000e+00    2.5981e+00    2.5249e-03    5.7145e-04    2.3992e-03    5.3128e-04
   5.0000e-01   -2.6000e+00    1.5000e+00   -3.0000e+00    0.0000e+00    2.5182e-03    6.0279e-04    2.7473e-03    4.7246e-04
   5.0000e-01   -2.6000e+00    1.5000e+00   -2.9959e+00   -1.5701e-01    5.6829e-04   -2.4061e-03    8.0815e-04   -2.5568e-03
   5.0000e-01   -2.6000e+00    1.5000e+00   -2.9836e+00   -3.1359e-01   -2.3052e-03   -5.5173e-04   -2.0230e-03   -8.9550e-04
   5.0000e-01   -2.6000e+00    1.5000e+00   -2.9631e+00   -4.6930e-01   -5.4452e-04    2.2146e-03   -2.7998e-04    1.9404e-03
   5.0000e-01   -2.6000e+00    1.5000e+00   -2.9344e+00   -6.2374e-01    2.1253e-03    5.7127e-04    2.2673e-03    1.9977e-04
   5.0000e-01   -2.6000e+00    1.5000e+00   -2.8978e+00   -7.7646e-01    6.4339e-04   -2.0301e-03    6.7837e-04   -2.3633e-03
   5.0000e-01   -2.6000e+00    1.5000e+00   -2.8532e+00   -9.2705e-01   -1.9241e-03   -7.5239e-04   -1.8854e-03   -1.1158e-03
   5.0000e-01   -2.6000e+00    1.5000e+00   -2.8007e+00   -1.0751e+00   -8.5948e-04    1.8151e-03   -8.1806e-04    1.3677e-03
   5.0000e-01   -2.6000e+00    1.5000e+00   -2.7406e+00   -1.2202e+00    1.6790e-03    1.0031e-03    1.7379e-03    6.5658e-04
   5.0000e-01   -2.6000e+00    1.5000e+00   -2.6730e+00   -1.3620e+00    1.1473e-03   -1.5231e-03    1.1468e-03   -1.8259e-03
   5.0000e-01   -2.6000e+00    1.5000e+00   -2.5981e+00   -1.5000e+00   -1.3162e-03   -1.3193e-03   -1.2023e-03   -1.5999e-03
   5.0000e-01   -2.6000e+00    1.5000e+00   -2.5160e+00   -1.6339e+00   -1.4775e-03    1.0672e-03   -1.3986e-03    7.7982e-04
   5.0000e-01   -2.6000e+00    1.5000e+00   -2.4271e+00   -1.7634e+00    7.7948e-04    1.6058e-03    8.2758e-04    1.3724e-03
   5.0000e-01   -2.6000e+00    1.5000e+00   -2.3314e+00   -1.8880e+00    1.6948e-03   -4.3737e-04    1.8220e-03   -6.1678e-04
   5.0000e-01   -2.6000e+00    1.5000e+00   -2.2294e+00   -2.0074e+00   -3.1695e-05   -1.7180e-03    1.3069e-04   -1.7666e-03
   5.0000e-01   -2.6000e+00    1.5000e+00   -2.1213e+00   -2.1213e+00   -1.6422e-03   -3.9365e-04   -1.4008e-03   -5.5178e-04
   5.0000e-01   -2.6000e+00    1.5000e+00   -2.0074e+00   -2.2294e+00   -8.0761e-04    1.4513e-03   -5.8762e-04    1.2768e-03
   5.0000e-01   -2.6000e+00    1.5000e+00   -1.8880e+00   -2.3314e+00    1.1270e-03    1.1839e-03    1.3989e-03    1.1014e-03
   5.0000e-01   -2.6000e+00    1.5000e+00   -1.7634e+00   -2.4271e+00    1.4697e-03   -6.5840e-04    1.8095e-03   -7.9477e-04
   5.0000e-01   -2.6000e+00    1.5000e+00   -1.6339e+00   -2.5160e+00   -9.1230e-05   -1.5855e-03    3.1218e-04   -1.6874e-03
   5.0000e-01   -2.6000e+00    1.5000e+00   -1.5000e+00   -2.5981e+00   -1.4816e-03   -5.0914e-04   -1.0717e-03   -6.5861e-04
   5.0000e-01   -2.6000e+00    1.5000e+00   -1.3620e+00   -2.6730e+00   -1.0600e-03    1.1265e-03   -6.6589e-04    8.9618e-04
   5.0000e-01   -2.6000e+00    1.5000e+00   -1.2202e+00   -2.7406e+00    5.4229e-04    1.4291e-03    8.5104e-04    1.1897e-03
   5.0000e-01   -2.6000e+00    1.5000e+00   -1.0751e+00   -2.8007e+00    1.4993e-03    1.8826e-04    1.8177e-03   -8.0766e-05
   5.0000e-01   -2.6000e+00    1.5000e+00   -9.2705e-01   -2.8532e+00    8.9316e-04   -1.1982e-03    1.1881e-03   -1.4778e-03
   5.0000e-01   -2.6000e+00    1.5000e+00   -7.7646e-01   -2.8978e+00   -5.4772e-04   -1.3739e-03   -3.5987e-04   -1.6570e-03
   5.0000e-01   -2.6000e+00    1.5000e+00   -6.2374e-01   -2.9344e+00   -1.4321e-03   -3.0858e-04   -1.2516e-03   -6.1179e-04
   5.0000e-01   -2.6000e+00    1.5000e+00   -4.6930e-01   -2.9631e+00   -1.0709e-03    9.7946e-04   -9.5252e-04    7.1500e-04
   5.0000e-01   -2.6000e+00    1.5000e+00   -3.1359e-01   -2.9836e+00    1.1750e-04    1.4338e-03    1.3537e-04    1.1638e-03
   5.0000e-01   -2.6000e+00    1.5000e+00   -1.5701e-01   -2.9959e+00    1.1688e-03    8.1876e-04    1.1018e-03    6.2547e-04
   5.0000e-01   -2.6000e+00    1.5000e+00    0.0000e+00   -3.0000e+00    1.3774e-03   -3.2854e-04    1.1357e-03   -4.5576e-04
   5.0000e-01   -2.6000e+00    1.5000e+00    1.5701e-01   -2.9959e+00    7.2073e-04   -1.2068e-03    4.6094e-04   -1.2893e-03
   5.0000e-01   -2.6000e+00    1.5000e+00    3.1359e-01   -2.9836e+00   -3.1029e-04   -1.3610e-03   -7.0443e-04   -1.4132e-03
   5.0000e-01   -2.6000e+00    1.5000e+00    4.6930e-01   -2.9631e+00   -1.1355e-03   -7.9642e-04   -1.5571e-03   -7.5341e-04
   5.0000e-01   -2.6000e+00    1.5000e+00    6.2374e-01   -2.9344e+00   -1.3743e-03    1.0938e-04   -1.7586e-03    2.6206e-04
   5.0000e-01   -2.6000e+00    1.5000e+00    7.7646e-01   -2.8978e+00   -1.0206e-03    9.1513e-04   -1.4296e-03    1.0946e-03
   5.0000e-01   -2.6000e+00    1.5000e+00    9.2705e-01   -2.8532e+00   -3.2064e-04    1.3256e-03   -6.8335e-04    1.5893e-03
   5.0000e-01   -2.6000e+00    1.5000e+00    1.0751e+00   -2.8007e+00    4.4779e-04    1.2814e-03    3.6351e-05    1.6566e-03
   5.0000e-01   -2.6000e+00    1.5000e+00    1.2202e+00   -2.7406e+00    1.0287e-03    8.7632e-04    6.3874e-04    1.3110e-03
   5.0000e-01   -2.6000e+00    1.5000e+00    1.3620e+00   -2.6730e+00    1.3155e-03    2.8246e-04    1.0418e-03    8.8097e-04
   5.0000e-01   -2.6000e+00    1.5000e+00    1.5000e+00   -2.5981e+00    1.3052e-03   -3.0681e-04    1.0515e-03    3.2746e-04
   5.0000e-01   -2.6000e+00    1.5000e+00    1.6339e+00   -2.5160e+00    1.0785e-03   -7.8904e-04    8.5525e-04   -8.9238e-05
   5.0000e-01   -2.6000e+00    1.5000e+00    1.7634e+00   -2.4271e+00    7.1905e-04   -1.1216e-03    5.8592e-04   -3.5476e-04
   5.0000e-01   -2.6000e+00    1.5000e+00    1.8880e+00   -2.3314e+00    3.1783e-04   -1.2901e-03    3.3365e-04   -4.8388e-04
   5.0000e-01   -2.6000e+00    1.5000e+00    2.0074e+00   -2.2294e+00   -3.7765e-05   -1.3252e-03    6.7480e-05   -4.3923e-04
   5.0000e-01   -2.6000e+00    1.5000e+00    2.1213e+00   -2.1213e+00   -3.3918e-04   -1.2793e-03   -1.2576e-04   -2.9507e-04
   5.0000e-01   -2.6000e+00    1.5000e+00    2.2294e+00   -2.0074e+00   -5.8581e-04   -1.1844e-03   -3.5851e-04   -2.8878e-04
   5.0000e-01   -2.6000e+00    1.5000e+00    2.3314e+00   -1.8880e+00   -7.6520e-04   -1.0749e-03   -4.3214e-04   -1.0860e-04
   5.0000e-01   -2.6000e+00    1.5000e+00    2.4271e+00   -1.7634e+00   -8.6831e-04   -9.9206e-04   -4.7826e-04    -7.1851e-06
   5.0000e-01   -2.6000e+00    1.5000e+00    2.5160e+00   -1.6339e+00   -9.2580e-04   -9.3803e-04   -3.8041e-04    1.2163e-04
   5.0000e-01   -2.6000e+00    1.5000e+00    2.5981e+00   -1.5000e+00   -9.5032e-04   -9.1263e-04   -3.2095e-04    1.6433e-04
   5.0000e-01   -2.6000e+00    1.5000e+00    2.6730e+00   -1.3620e+00   -9.3393e-04   -9.2945e-04   -2.9900e-04    9.6975e-05
   5.0000e-01   -2.6000e+00    1.5000e+00    2.7406e+00   -1.2202e+00   -8.6842e-04   -9.9226e-04   -2.8776e-04    8.5720e-05
   5.0000e-01   -2.6000e+00    1.5000e+00    2.8007e+00   -1.0751e+00   -7.5739e-04   -1.0808e-03   -1.5041e-04   -1.3257e-04
   5.0000e-01   -2.6000e+00    1.5000e+00    2.8532e+00   -9.2705e-01   -5.8517e-04   -1.1844e-03   -1.1341e-04   -2.3651e-04
   5.0000e-01   -2.6000e+00    1.5000e+00    2.8978e+00   -7.7646e-01   -3.5589e-04   -1.2742e-03    7.2951e-05   -2.9538e-04
   5.0000e-01   -2.6000e+00    1.5000e+00    2.9344e+00   -6.2374e-01   -4.4490e-05   -1.3249e-03    3.9474e-04   -4.5859e-04
   5.0000e-01   -2.6000e+00    1.5000e+00    2.9631e+00   -4.6930e-01    3.2275e-04   -1.2887e-03    5.9589e-04   -4.5622e-04
   5.0000e-01   -2.6000e+00    1.5000e+00    2.9836e+00   -3.1359e-01    7.2163e-04   -1.1196e-03    8.7336e-04   -4.5705e-04
   5.0000e-01   -2.6000e+00    1.5000e+00    2.9959e+00   -1.5701e-01    1.0729e-03   -7.9643e-04    1.0946e-03   -2.7611e-04
   5.0000e-01   -3.0000e+00    0.0000e+00    3.0000e+00    0.0000e+00   -9.4103e-04   -9.2224e-04    1.3597e-04    1.8909e-04
   5.0000e-01   -3.0000e+00    0.0000e+00    2.9959e+00    1.5701e-01   -9.1235e-04   -9.5109e-04    8.6615e-05    1.1523e-04
   5.0000e-01   -3.0000e+00    0.0000e+00    2.9836e+00    3.1359e-01   -8.4724e-04   -1.0101e-03    1.0136e-04    -2.3630e-05
   5.0000e-01   -3.0000e+00    0.0000e+00    2.9631e+00    4.6930e-01   -7.4048e-04   -1.0921e-03    1.3385e-04   -9.3092e-05
   5.0000e-01   -3.0000e+00    0.0000e+00    2.9344e+00    6.2374e-01   -5.6819e-04   -1.1928e-03    1.8455e-04   -3.1320e-04
   5.0000e-01   -3.0000e+00    0.0000e+00    2.8978e+00    7.7646e-01   -3.3409e-04   -1.2802e-03    2.9093e-04   -4.3387e-04
   5.0000e-01   -3.0000e+00    0.0000e+00    2.8532e+00    9.2705e-01   -1.8838e-05   -1.3255e-03    4.3300e-04   -5.6210e-04
   5.0000e-01   -3.0000e+00    0.0000e+00    2.8007e+00    1.0751e+00    3.4670e-04   -1.2829e-03    6.1106e-04   -6.9206e-04
   5.0000e-01   -3.0000e+00    0.0000e+00    2.7406e+00    1.2202e+00    7.3465e-04   -1.1115e-03    8.9607e-04   -6.5184e-04
   5.0000e-01   -3.0000e+00    0.0000e+00    2.6730e+00    1.3620e+00    1.0822e-03   -7.8348e-04    1.1065e-03   -2.5689e-04
   5.0000e-01   -3.0000e+00    0.0000e+00    2.5981e+00    1.5000e+00    1.3083e-03   -2.9235e-04    1.1943e-03    9.4080e-05
   5.0000e-01   -3.0000e+00    0.0000e+00    2.5160e+00    1.6339e+00    1.3098e-03    3.0879e-04    1.1355e-03    6.1820e-04
   5.0000e-01   -3.0000e+00    0.0000e+00    2.4271e+00    1.7634e+00    1.0197e-03    8.8620e-04    7.8773e-04    1.0507e-03
   5.0000e-01   -3.0000e+00    0.0000e+00    2.3314e+00    1.8880e+00    4.4494e-04    1.2819e-03    5.2891e-05    1.4454e-03
   5.0000e-01   -3.0000e+00    0.0000e+00    2.2294e+00    2.0074e+00   -3.2758e-04    1.3239e-03   -8.0397e-04    1.4229e-03
   5.0000e-01   -3.0000e+00    0.0000e+00    2.1213e+00    2.1213e+00   -1.0381e-03    8.9551e-04   -1.4579e-03    1.0155e-03
   5.0000e-01   -3.0000e+00    0.0000e+00    2.0074e+00    2.2294e+00   -1.3755e-03    9.2131e-05   -1.7417e-03    1.8022e-04
   5.0000e-01   -3.0000e+00    0.0000e+00    1.8880e+00    2.3314e+00   -1.1343e-03   -7.9780e-04   -1.4810e-03   -7.3584e-04
   5.0000e-01   -3.0000e+00    0.0000e+00    1.7634e+00    2.4271e+00   -3.0993e-04   -1.3611e-03   -6.2302e-04   -1.2670e-03
   5.0000e-01   -3.0000e+00    0.0000e+00    1.6339e+00    2.5160e+00    7.3251e-04   -1.1998e-03    5.0998e-04   -1.1504e-03
   5.0000e-01   -3.0000e+00    0.0000e+00    1.5000e+00    2.5981e+00    1.3812e-03   -3.1295e-04    1.2093e-03   -2.1892e-04
   5.0000e-01   -3.0000e+00    0.0000e+00    1.3620e+00    2.6730e+00    1.1671e-03    8.2095e-04    1.0665e-03    9.8259e-04
   5.0000e-01   -3.0000e+00    0.0000e+00    1.2202e+00    2.7406e+00    1.0504e-04    1.4354e-03    6.5662e-05    1.5332e-03
   5.0000e-01   -3.0000e+00    0.0000e+00    1.0751e+00    2.8007e+00   -1.0814e-03    9.6874e-04   -1.0642e-03    1.0945e-03
   5.0000e-01   -3.0000e+00    0.0000e+00    9.2705e-01    2.8532e+00   -1.4285e-03   -3.2559e-04   -1.2704e-03   -1.7465e-04
   5.0000e-01   -3.0000e+00    0.0000e+00    7.7646e-01    2.8978e+00   -5.3535e-04   -1.3791e-03   -3.4507e-04   -1.1896e-03
   5.0000e-01   -3.0000e+00    0.0000e+00    6.2374e-01    2.9344e+00    9.0310e-04   -1.1913e-03    1.1973e-03   -1.0071e-03
   5.0000e-01   -3.0000e+00    0.0000e+00    4.6930e-01    2.9631e+00    1.4979e-03    2.0055e-04    1.9422e-03    4.2138e-04
   5.0000e-01   -3.0000e+00    0.0000e+00    3.1359e-01    2.9836e+00    5.1821e-04    1.4382e-03    9.5508e-04    1.5864e-03
   5.0000e-01   -3.0000e+00    0.0000e+00    1.5701e-01    2.9959e+00   -1.0734e-03    1.1146e-03   -5.4615e-04    1.2800e-03
   5.0000e-01   -3.0000e+00    0.0000e+00    0.0000e+00    3.0000e+00   -1.4775e-03   -5.2313e-04   -9.5228e-04   -4.8211e-04
   5.0000e-01   -3.0000e+00    0.0000e+00   -1.5701e-01    2.9959e+00   -8.1925e-05   -1.5863e-03    5.3890e-04   -1.5062e-03
   5.0000e-01   -3.0000e+00    0.0000e+00   -3.1359e-01    2.9836e+00    1.4736e-03   -6.5058e-04    2.1275e-03   -5.7916e-04
   5.0000e-01   -3.0000e+00    0.0000e+00   -4.6930e-01    2.9631e+00    1.1151e-03    1.1960e-03    1.7553e-03    1.2011e-03
   5.0000e-01   -3.0000e+00    0.0000e+00   -6.2374e-01    2.9344e+00   -8.2346e-04    1.4429e-03   -8.2807e-05    1.4424e-03
   5.0000e-01   -3.0000e+00    0.0000e+00   -7.7646e-01    2.8978e+00   -1.6427e-03   -3.9189e-04   -9.5007e-04   -4.1581e-04
   5.0000e-01   -3.0000e+00    0.0000e+00   -9.2705e-01    2.8532e+00   -3.3507e-05   -1.7183e-03    7.2331e-04   -1.7601e-03
   5.0000e-01   -3.0000e+00    0.0000e+00   -1.0751e+00    2.8007e+00    1.6999e-03   -4.2065e-04    2.5201e-03   -4.2148e-04
   5.0000e-01   -3.0000e+00    0.0000e+00   -1.2202e+00    2.7406e+00    7.7302e-04    1.6098e-03    1.4704e-03    1.5793e-03
   5.0000e-01   -3.0000e+00    0.0000e+00   -1.3620e+00    2.6730e+00   -1.4785e-03    1.0662e-03   -6.6627e-04    1.1485e-03
   5.0000e-01   -3.0000e+00    0.0000e+00   -1.5000e+00    2.5981e+00   -1.3169e-03   -1.3184e-03   -5.9652e-04   -1.3634e-03
   5.0000e-01   -3.0000e+00    0.0000e+00   -1.6339e+00    2.5160e+00    1.1592e-03   -1.5151e-03    1.8248e-03   -1.5363e-03
   5.0000e-01   -3.0000e+00    0.0000e+00   -1.7634e+00    2.4271e+00    1.6789e-03    1.0026e-03    2.3873e-03    9.6710e-04
   5.0000e-01   -3.0000e+00    0.0000e+00   -1.8880e+00    2.3314e+00   -8.5223e-04    1.8180e-03   -2.4151e-04    1.7967e-03
   5.0000e-01   -3.0000e+00    0.0000e+00   -2.0074e+00    2.2294e+00   -1.9317e-03   -7.3287e-04   -1.2499e-03   -7.2773e-04
   5.0000e-01   -3.0000e+00    0.0000e+00   -2.1213e+00    2.1213e+00    6.4626e-04   -2.0296e-03    1.2210e-03   -2.0798e-03
   5.0000e-01   -3.0000e+00    0.0000e+00   -2.2294e+00    2.0074e+00    2.1236e-03    5.7803e-04    2.6630e-03    5.1460e-04
   5.0000e-01   -3.0000e+00    0.0000e+00   -2.3314e+00    1.8880e+00   -5.2629e-04    2.2184e-03   -1.8195e-04    2.0802e-03
   5.0000e-01   -3.0000e+00    0.0000e+00   -2.4271e+00    1.7634e+00   -2.3119e-03   -5.2017e-04   -1.8785e-03   -5.4847e-04
   5.0000e-01   -3.0000e+00    0.0000e+00   -2.5160e+00    1.6339e+00    5.5481e-04   -2.4090e-03    8.6395e-04   -2.5351e-03
   5.0000e-01   -3.0000e+00    0.0000e+00   -2.5981e+00    1.5000e+00    2.5167e-03    6.1142e-04    2.7514e-03    4.4523e-04
   5.0000e-01   -3.0000e+00    0.0000e+00   -2.5981e+00   -1.5000e+00    2.5167e-03    6.1142e-04    2.7532e-03    5.6384e-04
   5.0000e-01   -3.0000e+00    0.0000e+00   -2.5160e+00   -1.6339e+00    5.5481e-04   -2.4090e-03    8.4439e-04   -2.5350e-03
   5.0000e-01   -3.0000e+00    0.0000e+00   -2.4271e+00   -1.7634e+00   -2.3119e-03   -5.2017e-04   -1.9846e-03   -5.9245e-04
   5.0000e-01   -3.0000e+00    0.0000e+00   -2.3314e+00   -1.8880e+00   -5.2629e-04    2.2184e-03   -1.2020e-04    2.1728e-03
   5.0000e-01   -3.0000e+00    0.0000e+00   -2.2294e+00   -2.0074e+00    2.1236e-03    5.7803e-04    2.6158e-03    5.8587e-04
   5.0000e-01   -3.0000e+00    0.0000e+00   -2.1213e+00   -2.1213e+00    6.4626e-04   -2.0296e-03    1.2299e-03   -2.0591e-03
   5.0000e-01   -3.0000e+00    0.0000e+00   -2.0074e+00   -2.2294e+00   -1.9317e-03   -7.3287e-04   -1.3764e-03   -7.7992e-04
   5.0000e-01   -3.0000e+00    0.0000e+00   -1.8880e+00   -2.3314e+00   -8.5223e-04    1.8180e-03   -1.8723e-04    1.7795e-03
   5.0000e-01   -3.0000e+00    0.0000e+00   -1.7634e+00   -2.4271e+00    1.6789e-03    1.0026e-03    2.3825e-03    9.6082e-04
   5.0000e-01   -3.0000e+00    0.0000e+00   -1.6339e+00   -2.5160e+00    1.1592e-03   -1.5151e-03    1.8321e-03   -1.6522e-03
   5.0000e-01   -3.0000e+00    0.0000e+00   -1.5000e+00   -2.5981e+00   -1.3169e-03   -1.3184e-03   -6.2176e-04   -1.3248e-03
   5.0000e-01   -3.0000e+00    0.0000e+00   -1.3620e+00   -2.6730e+00   -1.4785e-03    1.0662e-03   -6.9632e-04    1.0643e-03
   5.0000e-01   -3.0000e+00    0.0000e+00   -1.2202e+00   -2.7406e+00    7.7302e-04    1.6098e-03    1.5415e-03    1.5792e-03
   5.0000e-01   -3.0000e+00    0.0000e+00   -1.0751e+00   -2.8007e+00    1.6999e-03   -4.2065e-04    2.4529e-03   -5.2005e-04
   5.0000e-01   -3.0000e+00    0.0000e+00   -9.2705e-01   -2.8532e+00   -3.3507e-05   -1.7183e-03    7.1473e-04   -1.7654e-03
   5.0000e-01   -3.0000e+00    0.0000e+00   -7.7646e-01   -2.8978e+00   -1.6427e-03   -3.9189e-04   -9.4333e-04   -4.4369e-04
   5.0000e-01   -3.0000e+00    0.0000e+00   -6.2374e-01   -2.9344e+00   -8.2346e-04    1.4429e-03   -1.2733e-04    1.4845e-03
   5.0000e-01   -3.0000e+00    0.0000e+00   -4.6930e-01   -2.9631e+00    1.1151e-03    1.1960e-03    1.8139e-03    1.1830e-03
   5.0000e-01   -3.0000e+00    0.0000e+00   -3.1359e-01   -2.9836e+00    1.4736e-03   -6.5058e-04    2.1131e-03   -6.0330e-04
   5.0000e-01   -3.0000e+00    0.0000e+00   -1.5701e-01   -2.9959e+00   -8.1925e-05   -1.5863e-03    4.2651e-04   -1.4782e-03
   5.0000e-01   -3.0000e+00    0.0000e+00    0.0000e+00   -3.0000e+00   -1.4775e-03   -5.2313e-04   -9.6357e-04   -4.1152e-04
   5.0000e-01   -3.0000e+00    0.0000e+00    1.5701e-01   -2.9959e+00   -1.0734e-03    1.1146e-03   -6.2064e-04    1.2604e-03
   5.0000e-01   -3.0000e+00    0.0000e+00    3.1359e-01   -2.9836e+00    5.1821e-04    1.4382e-03    9.9041e-04    1.5833e-03
   5.0000e-01   -3.0000e+00    0.0000e+00    4.6930e-01   -2.9631e+00    1.4979e-03    2.0055e-04    1.8776e-03    3.2225e-04
   5.0000e-01   -3.0000e+00    0.0000e+00    6.2374e-01   -2.9344e+00    9.0310e-04   -1.1913e-03    1.1786e-03   -1.0783e-03
   5.0000e-01   -3.0000e+00    0.0000e+00    7.7646e-01   -2.8978e+00   -5.3535e-04   -1.3791e-03   -2.8051e-04   -1.1734e-03
   5.0000e-01   -3.0000e+00    0.0000e+00    9.2705e-01   -2.8532e+00   -1.4285e-03   -3.2559e-04   -1.3130e-03   -1.6669e-04
   5.0000e-01   -3.0000e+00    0.0000e+00    1.0751e+00   -2.8007e+00   -1.0814e-03    9.6874e-04   -1.0547e-03    1.0657e-03
   5.0000e-01   -3.0000e+00    0.0000e+00    1.2202e+00   -2.7406e+00    1.0504e-04    1.4354e-03    5.5335e-05    1.5225e-03
   5.0000e-01   -3.0000e+00    0.0000e+00    1.3620e+00   -2.6730e+00    1.1671e-03    8.2095e-04    9.8022e-04    9.4902e-04
   5.0000e-01   -3.0000e+00    0.0000e+00    1.5000e+00   -2.5981e+00    1.3812e-03   -3.1295e-04    1.1528e-03   -2.1761e-04
   5.0000e-01   -3.0000e+00    0.0000e+00    1.6339e+00   -2.5160e+00    7.3251e-04   -1.1998e-03    3.6649e-04   -1.1188e-03
   5.0000e-01   -3.0000e+00    0.0000e+00    1.7634e+00   -2.4271e+00   -3.0993e-04   -1.3611e-03   -6.6152e-04   -1.3212e-03
   5.0000e-01   -3.0000e+00    0.0000e+00    1.8880e+00   -2.3314e+00   -1.1343e-03   -7.9780e-04   -1.4742e-03   -7.4302e-04
   5.0000e-01   -3.0000e+00    0.0000e+00    2.0074e+00   -2.2294e+00   -1.3755e-03    9.2131e-05   -1.7717e-03    1.5235e-04
   5.0000e-01   -3.0000e+00    0.0000e+00    2.1213e+00   -2.1213e+00   -1.0381e-03    8.9551e-04   -1.4417e-03    9.3379e-04
   5.0000e-01   -3.0000e+00    0.0000e+00    2.2294e+00   -2.0074e+00   -3.2758e-04    1.3239e-03   -7.4128e-04    1.4141e-03
   5.0000e-01   -3.0000e+00    0.0000e+00    2.3314e+00   -1.8880e+00    4.4494e-04    1.2819e-03    9.3955e-05    1.4040e-03
   5.0000e-01   -3.0000e+00    0.0000e+00    2.4271e+00   -1.7634e+00    1.0197e-03    8.8620e-04    7.2815e-04    1.1055e-03
   5.0000e-01   -3.0000e+00    0.0000e+00    2.5160e+00   -1.6339e+00    1.3098e-03    3.0879e-04    1.0491e-03    6.0578e-04
   5.0000e-01   -3.0000e+00    0.0000e+00    2.5981e+00   -1.5000e+00    1.3083e-03   -2.9235e-04    1.1642e-03    3.5669e-05
   5.0000e-01   -3.0000e+00    0.0000e+00    2.6730e+00   -1.3620e+00    1.0822e-03   -7.8348e-04    1.0519e-03   -3.7976e-04
   5.0000e-01   -3.0000e+00    0.0000e+00    2.7406e+00   -1.2202e+00    7.3465e-04   -1.1115e-03    8.9048e-04   -5.7342e-04
   5.0000e-01   -3.0000e+00    0.0000e+00    2.8007e+00   -1.0751e+00    3.4670e-04   -1.2829e-03    6.3150e-04   -6.0171e-04
   5.0000e-01   -3.0000e+00    0.0000e+00    2.8532e+00   -9.2705e-01   -1.8838e-05   -1.3255e-03    4.6775e-04   -5.7229e-04
   5.0000e-01   -3.0000e+00    0.0000e+00    2.8978e+00   -7.7646e-01   -3.3409e-04   -1.2802e-03    1.9692e-04   -4.2206e-04
   5.0000e-01   -3.0000e+00    0.0000e+00    2.9344e+00   -6.2374e-01   -5.6819e-04   -1.1928e-03    9.5413e-05   -3.0287e-04
   5.0000e-01   -3.0000e+00    0.0000e+00    2.9631e+00   -4.6930e-01   -7.4048e-04   -1.0921e-03    1.0954e-04   -3.8009e-05
   5.0000e-01   -3.0000e+00    0.0000e+00    2.9836e+00   -3.1359e-01   -8.4724e-04   -1.0101e-03    -5.8613e-06    -1.8494e-05
   5.0000e-01   -3.0000e+00    0.0000e+00    2.9959e+00   -1.5701e-01   -9.1235e-04   -9.5109e-04    5.5301e-05    1.5763e-04
   5.0000e-01   -2.6000e+00   -1.5000e+00    3.0000e+00    0.0000e+00    1.3015e-03   -3.2094e-04    1.1172e-03    3.2881e-06
   5.0000e-01   -2.6000e+00   -1.5000e+00    2.9959e+00    1.5701e-01    1.0729e-03   -7.9643e-04    1.1274e-03   -2.5627e-04
   5.0000e-01   -2.6000e+00   -1.5000e+00    2.9836e+00    3.1359e-01    7.2163e-04   -1.1196e-03    8.3204e-04   -4.3927e-04
   5.0000e-01   -2.6000e+00   -1.5000e+00    2.9631e+00    4.6930e-01    3.2275e-04   -1.2887e-03    5.8590e-04   -5.6762e-04
   5.0000e-01   -2.6000e+00   -1.5000e+00    2.9344e+00    6.2374e-01   -4.4490e-05   -1.3249e-03    2.9622e-04   -4.9603e-04
   5.0000e-01   -2.6000e+00   -1.5000e+00    2.8978e+00    7.7646e-01   -3.5589e-04   -1.2742e-03    6.4398e-05   -3.2896e-04
   5.0000e-01   -2.6000e+00   -1.5000e+00    2.8532e+00    9.2705e-01   -5.8517e-04   -1.1844e-03   -1.9621e-05   -2.5459e-04
   5.0000e-01   -2.6000e+00   -1.5000e+00    2.8007e+00    1.0751e+00   -7.5739e-04   -1.0808e-03   -1.5792e-04   -9.8476e-05
   5.0000e-01   -2.6000e+00   -1.5000e+00    2.7406e+00    1.2202e+00   -8.6842e-04   -9.9226e-04   -2.7660e-04    6.3221e-05
   5.0000e-01   -2.6000e+00   -1.5000e+00    2.6730e+00    1.3620e+00   -9.3393e-04   -9.2945e-04   -2.9896e-04    1.1672e-04
   5.0000e-01   -2.6000e+00   -1.5000e+00    2.5981e+00    1.5000e+00   -9.5032e-04   -9.1263e-04   -3.7533e-04    1.9466e-04
   5.0000e-01   -2.6000e+00   -1.5000e+00    2.5160e+00    1.6339e+00   -9.2580e-04   -9.3803e-04   -3.5002e-04    1.3430e-04
   5.0000e-01   -2.6000e+00   -1.5000e+00    2.4271e+00    1.7634e+00   -8.6831e-04   -9.9206e-04   -3.8656e-04    3.3429e-05
   5.0000e-01   -2.6000e+00   -1.5000e+00    2.3314e+00    1.8880e+00   -7.6520e-04   -1.0749e-03   -3.2047e-04   -7.2038e-05
   5.0000e-01   -2.6000e+00   -1.5000e+00    2.2294e+00    2.0074e+00   -5.8581e-04   -1.1844e-03   -3.2919e-04   -2.3638e-04
   5.0000e-01   -2.6000e+00   -1.5000e+00    2.1213e+00    2.1213e+00   -3.3918e-04   -1.2793e-03   -1.4117e-04   -4.2675e-04
   5.0000e-01   -2.6000e+00   -1.5000e+00    2.0074e+00    2.2294e+00   -3.7765e-05   -1.3252e-03    2.9279e-05   -3.9515e-04
   5.0000e-01   -2.6000e+00   -1.5000e+00    1.8880e+00    2.3314e+00    3.1783e-04   -1.2901e-03    2.7379e-04   -4.5428e-04
   5.0000e-01   -2.6000e+00   -1.5000e+00    1.7634e+00    2.4271e+00    7.1905e-04   -1.1216e-03    6.3367e-04   -3.2040e-04
   5.0000e-01   -2.6000e+00   -1.5000e+00    1.6339e+00    2.5160e+00    1.0785e-03   -7.8904e-04    8.6240e-04   -1.1531e-04
   5.0000e-01   -2.6000e+00   -1.5000e+00    1.5000e+00    2.5981e+00    1.3052e-03   -3.0681e-04    1.0508e-03    3.0851e-04
   5.0000e-01   -2.6000e+00   -1.5000e+00    1.3620e+00    2.6730e+00    1.3155e-03    2.8246e-04    1.0599e-03    8.5890e-04
   5.0000e-01   -2.6000e+00   -1.5000e+00    1.2202e+00    2.7406e+00    1.0287e-03    8.7632e-04    6.9566e-04    1.3269e-03
   5.0000e-01   -2.6000e+00   -1.5000e+00    1.0751e+00    2.8007e+00    4.4779e-04    1.2814e-03    7.2582e-05    1.7844e-03
   5.0000e-01   -2.6000e+00   -1.5000e+00    9.2705e-01    2.8532e+00   -3.2064e-04    1.3256e-03   -7.3644e-04    1.5981e-03
   5.0000e-01   -2.6000e+00   -1.5000e+00    7.7646e-01    2.8978e+00   -1.0206e-03    9.1513e-04   -1.3859e-03    1.1250e-03
   5.0000e-01   -2.6000e+00   -1.5000e+00    6.2374e-01    2.9344e+00   -1.3743e-03    1.0938e-04   -1.8161e-03    2.0205e-04
   5.0000e-01   -2.6000e+00   -1.5000e+00    4.6930e-01    2.9631e+00   -1.1355e-03   -7.9642e-04   -1.5369e-03   -7.2717e-04
   5.0000e-01   -2.6000e+00   -1.5000e+00    3.1359e-01    2.9836e+00   -3.1029e-04   -1.3610e-03   -6.4748e-04   -1.4302e-03
   5.0000e-01   -2.6000e+00   -1.5000e+00    1.5701e-01    2.9959e+00    7.2073e-04   -1.2068e-03    4.6638e-04   -1.2980e-03
   5.0000e-01   -2.6000e+00   -1.5000e+00    0.0000e+00    3.0000e+00    1.3774e-03   -3.2854e-04    1.2459e-03   -4.4932e-04
   5.0000e-01   -2.6000e+00   -1.5000e+00   -1.5701e-01    2.9959e+00    1.1688e-03    8.1876e-04    1.0726e-03    6.3852e-04
   5.0000e-01   -2.6000e+00   -1.5000e+00   -3.1359e-01    2.9836e+00    1.1750e-04    1.4338e-03    8.9350e-05    1.2453e-03
   5.0000e-01   -2.6000e+00   -1.5000e+00   -4.6930e-01    2.9631e+00   -1.0709e-03    9.7946e-04   -9.6030e-04    7.1305e-04
   5.0000e-01   -2.6000e+00   -1.5000e+00   -6.2374e-01    2.9344e+00   -1.4321e-03   -3.0858e-04   -1.3268e-03   -5.5444e-04
   5.0000e-01   -2.6000e+00   -1.5000e+00   -7.7646e-01    2.8978e+00   -5.4772e-04   -1.3739e-03   -3.2714e-04   -1.6769e-03
   5.0000e-01   -2.6000e+00   -1.5000e+00   -9.2705e-01    2.8532e+00    8.9316e-04   -1.1982e-03    1.1628e-03   -1.4830e-03
   5.0000e-01   -2.6000e+00   -1.5000e+00   -1.0751e+00    2.8007e+00    1.4993e-03    1.8826e-04    1.8678e-03   -3.2034e-05
   5.0000e-01   -2.6000e+00   -1.5000e+00   -1.2202e+00    2.7406e+00    5.4229e-04    1.4291e-03    9.2523e-04    1.2945e-03
   5.0000e-01   -2.6000e+00   -1.5000e+00   -1.3620e+00    2.6730e+00   -1.0600e-03    1.1265e-03   -7.1328e-04    9.5893e-04
   5.0000e-01   -2.6000e+00   -1.5000e+00   -1.5000e+00    2.5981e+00   -1.4816e-03   -5.0914e-04   -1.1381e-03   -6.3605e-04
   5.0000e-01   -2.6000e+00   -1.5000e+00   -1.6339e+00    2.5160e+00   -9.1230e-05   -1.5855e-03    3.1154e-04   -1.7036e-03
   5.0000e-01   -2.6000e+00   -1.5000e+00   -1.7634e+00    2.4271e+00    1.4697e-03   -6.5840e-04    1.8405e-03   -7.4482e-04
   5.0000e-01   -2.6000e+00   -1.5000e+00   -1.8880e+00    2.3314e+00    1.1270e-03    1.1839e-03    1.4573e-03    1.0247e-03
   5.0000e-01   -2.6000e+00   -1.5000e+00   -2.0074e+00    2.2294e+00   -8.0761e-04    1.4513e-03   -5.0636e-04    1.4132e-03
   5.0000e-01   -2.6000e+00   -1.5000e+00   -2.1213e+00    2.1213e+00   -1.6422e-03   -3.9365e-04   -1.3792e-03   -5.2377e-04
   5.0000e-01   -2.6000e+00   -1.5000e+00   -2.2294e+00    2.0074e+00   -3.1695e-05   -1.7180e-03    2.1535e-04   -1.8543e-03
   5.0000e-01   -2.6000e+00   -1.5000e+00   -2.3314e+00    1.8880e+00    1.6948e-03   -4.3737e-04    1.8651e-03   -5.9054e-04
   5.0000e-01   -2.6000e+00   -1.5000e+00   -2.4271e+00    1.7634e+00    7.7948e-04    1.6058e-03    9.2464e-04    1.3260e-03
   5.0000e-01   -2.6000e+00   -1.5000e+00   -2.5160e+00    1.6339e+00   -1.4775e-03    1.0672e-03   -1.4465e-03    8.2901e-04
   5.0000e-01   -2.6000e+00   -1.5000e+00   -2.5981e+00    1.5000e+00   -1.3162e-03   -1.3193e-03   -1.2822e-03   -1.6333e-03
   5.0000e-01   -2.6000e+00   -1.5000e+00   -2.6730e+00    1.3620e+00    1.1473e-03   -1.5231e-03    1.2422e-03   -1.8814e-03
   5.0000e-01   -2.6000e+00   -1.5000e+00   -2.7406e+00    1.2202e+00    1.6790e-03    1.0031e-03    1.7336e-03    6.5228e-04
   5.0000e-01   -2.6000e+00   -1.5000e+00   -2.8007e+00    1.0751e+00   -8.5948e-04    1.8151e-03   -8.1069e-04    1.3408e-03
   5.0000e-01   -2.6000e+00   -1.5000e+00   -2.8532e+00    9.2705e-01   -1.9241e-03   -7.5239e-04   -1.9154e-03   -1.1514e-03
   5.0000e-01   -2.6000e+00   -1.5000e+00   -2.8978e+00    7.7646e-01    6.4339e-04   -2.0301e-03    8.3749e-04   -2.4382e-03
   5.0000e-01   -2.6000e+00   -1.5000e+00   -2.9344e+00    6.2374e-01    2.1253e-03    5.7127e-04    2.2658e-03    2.9784e-04
   5.0000e-01   -2.6000e+00   -1.5000e+00   -2.9631e+00    4.6930e-01   -5.4452e-04    2.2146e-03   -3.6930e-04    1.9202e-03
   5.0000e-01   -2.6000e+00   -1.5000e+00   -2.9836e+00    3.1359e-01   -2.3052e-03   -5.5173e-04   -2.0881e-03   -8.4330e-04
   5.0000e-01   -2.6000e+00   -1.5000e+00   -2.9959e+00    1.5701e-01    5.6829e-04   -2.4061e-03    7.6297e-04   -2.6192e-03
   5.0000e-01   -2.6000e+00   -1.5000e+00   -3.0000e+00    0.0000e+00    2.5114e-03    6.3483e-04    2.7544e-03    4.8507e-04
   5.0000e-01   -2.6000e+00   -1.5000e+00   -1.5000e+00   -2.5981e+00    2.5249e-03    5.7145e-04    2.3628e-03    5.5444e-04
   5.0000e-01   -2.6000e+00   -1.5000e+00   -1.3620e+00   -2.6730e+00    5.2353e-04   -2.4153e-03    4.9295e-04   -2.3477e-03
   5.0000e-01   -2.6000e+00   -1.5000e+00   -1.2202e+00   -2.7406e+00   -2.3185e-03   -4.8996e-04   -2.3513e-03   -4.9024e-04
   5.0000e-01   -2.6000e+00   -1.5000e+00   -1.0751e+00   -2.8007e+00   -5.0382e-04    2.2239e-03   -4.7205e-04    2.2124e-03
   5.0000e-01   -2.6000e+00   -1.5000e+00   -9.2705e-01   -2.8532e+00    2.1349e-03    5.3161e-04    2.2125e-03    6.4524e-04
   5.0000e-01   -2.6000e+00   -1.5000e+00   -7.7646e-01   -2.8978e+00    6.0739e-04   -2.0407e-03    8.0591e-04   -1.9185e-03
   5.0000e-01   -2.6000e+00   -1.5000e+00   -6.2374e-01   -2.9344e+00   -1.9382e-03   -7.1461e-04   -1.7027e-03   -6.7660e-04
   5.0000e-01   -2.6000e+00   -1.5000e+00   -4.6930e-01   -2.9631e+00   -8.2701e-04    1.8294e-03   -4.3262e-04    1.9419e-03
   5.0000e-01   -2.6000e+00   -1.5000e+00   -3.1359e-01   -2.9836e+00    1.6981e-03    9.6838e-04    2.0211e-03    1.2379e-03
   5.0000e-01   -2.6000e+00   -1.5000e+00   -1.5701e-01   -2.9959e+00    1.1314e-03   -1.5352e-03    1.5200e-03   -1.2805e-03
   5.0000e-01   -2.6000e+00   -1.5000e+00    0.0000e+00   -3.0000e+00   -1.3339e-03   -1.3009e-03   -8.8895e-04   -1.0207e-03
   5.0000e-01   -2.6000e+00   -1.5000e+00    1.5701e-01   -2.9959e+00   -1.4612e-03    1.0892e-03   -1.0508e-03    1.3587e-03
   5.0000e-01   -2.6000e+00   -1.5000e+00    3.1359e-01   -2.9836e+00    7.8773e-04    1.6019e-03    1.1960e-03    1.9089e-03
   5.0000e-01   -2.6000e+00   -1.5000e+00    4.6930e-01   -2.9631e+00    1.6911e-03   -4.5204e-04    2.0133e-03   -1.5774e-04
   5.0000e-01   -2.6000e+00   -1.5000e+00    6.2374e-01   -2.9344e+00   -6.6153e-05   -1.7170e-03    1.6767e-04   -1.4262e-03
   5.0000e-01   -2.6000e+00   -1.5000e+00    7.7646e-01   -2.8978e+00   -1.6494e-03   -3.5984e-04   -1.4040e-03   -1.0664e-04
   5.0000e-01   -2.6000e+00   -1.5000e+00    9.2705e-01   -2.8532e+00   -7.9794e-04    1.4563e-03   -6.4408e-04    1.6464e-03
   5.0000e-01   -2.6000e+00   -1.5000e+00    1.0751e+00   -2.8007e+00    1.1381e-03    1.1738e-03    1.2719e-03    1.2517e-03
   5.0000e-01   -2.6000e+00   -1.5000e+00    1.2202e+00   -2.7406e+00    1.4607e-03   -6.7889e-04    1.4128e-03   -5.7693e-04
   5.0000e-01   -2.6000e+00   -1.5000e+00    1.3620e+00   -2.6730e+00   -1.2656e-04   -1.5824e-03   -2.5685e-04   -1.5709e-03
   5.0000e-01   -2.6000e+00   -1.5000e+00    1.5000e+00   -2.5981e+00   -1.4881e-03   -4.9040e-04   -1.5950e-03   -6.4209e-04
   5.0000e-01   -2.6000e+00   -1.5000e+00    1.6339e+00   -2.5160e+00   -1.0478e-03    1.1377e-03   -1.1986e-03    8.2209e-04
   5.0000e-01   -2.6000e+00   -1.5000e+00    1.7634e+00   -2.4271e+00    5.6453e-04    1.4198e-03    3.6340e-04    1.0868e-03
   5.0000e-01   -2.6000e+00   -1.5000e+00    1.8880e+00   -2.3314e+00    1.5025e-03    1.5483e-04    1.2698e-03   -4.0547e-04
   5.0000e-01   -2.6000e+00   -1.5000e+00    2.0074e+00   -2.2294e+00    8.8005e-04   -1.2074e-03    5.9845e-04   -1.9037e-03
   5.0000e-01   -2.6000e+00   -1.5000e+00    2.1213e+00   -2.1213e+00   -5.5625e-04   -1.3704e-03   -9.4453e-04   -2.1221e-03
   5.0000e-01   -2.6000e+00   -1.5000e+00    2.2294e+00   -2.0074e+00   -1.4371e-03   -2.8278e-04   -1.8272e-03   -1.1802e-03
   5.0000e-01   -2.6000e+00   -1.5000e+00    2.3314e+00   -1.8880e+00   -1.0509e-03    1.0002e-03   -1.5097e-03    7.7932e-05
   5.0000e-01   -2.6000e+00   -1.5000e+00    2.4271e+00   -1.7634e+00    1.3889e-04    1.4315e-03   -4.6983e-04    5.1747e-04
   5.0000e-01   -2.6000e+00   -1.5000e+00    2.5160e+00   -1.6339e+00    1.1783e-03    8.0437e-04    5.7471e-04   -2.4611e-04
   5.0000e-01   -2.6000e+00   -1.5000e+00    2.5981e+00   -1.5000e+00    1.3726e-03   -3.4526e-04    7.7139e-04   -1.3670e-03
   5.0000e-01   -2.6000e+00   -1.5000e+00    2.6730e+00   -1.3620e+00    6.9868e-04   -1.2190e-03    1.8816e-05   -2.1738e-03
   5.0000e-01   -2.6000e+00   -1.5000e+00    2.7406e+00   -1.2202e+00   -3.3739e-04   -1.3542e-03   -1.0467e-03   -2.1531e-03
   5.0000e-01   -2.6000e+00   -1.5000e+00    2.8007e+00   -1.0751e+00   -1.1440e-03   -7.8363e-04   -1.7958e-03   -1.5852e-03
   5.0000e-01   -2.6000e+00   -1.5000e+00    2.8532e+00   -9.2705e-01   -1.3726e-03    1.2285e-04   -2.0366e-03   -4.9377e-04
   5.0000e-01   -2.6000e+00   -1.5000e+00    2.8978e+00   -7.7646e-01   -1.0105e-03    9.2567e-04   -1.5743e-03    4.7125e-04
   5.0000e-01   -2.6000e+00   -1.5000e+00    2.9344e+00   -6.2374e-01   -3.0380e-04    1.3292e-03   -9.0331e-04    9.6211e-04
   5.0000e-01   -2.6000e+00   -1.5000e+00    2.9631e+00   -4.6930e-01    4.6082e-04    1.2760e-03    1.8811e-05    1.1579e-03
   5.0000e-01   -2.6000e+00   -1.5000e+00    2.9836e+00   -3.1359e-01    1.0333e-03    8.7002e-04    6.4420e-04    8.6755e-04
   5.0000e-01   -2.6000e+00   -1.5000e+00    2.9959e+00   -1.5701e-01    1.3156e-03    2.8222e-04    1.0861e-03    4.8605e-04
   5.0000e-01   -1.5000e+00   -2.6000e+00    3.0000e+00    0.0000e+00    1.3774e-03   -3.2854e-04    1.0880e-03   -2.3819e-04
   5.0000e-01   -1.5000e+00   -2.6000e+00    2.9959e+00    1.5701e-01    7.2073e-04   -1.2068e-03    5.0742e-04   -1.1074e-03
   5.0000e-01   -1.5000e+00   -2.6000e+00    2.9836e+00    3.1359e-01   -3.1029e-04   -1.3610e-03   -5.7651e-04   -1.1953e-03
   5.0000e-01   -1.5000e+00   -2.6000e+00    2.9631e+00    4.6930e-01   -1.1355e-03   -7.9642e-04   -1.4728e-03   -5.5613e-04
   5.0000e-01   -1.5000e+00   -2.6000e+00    2.9344e+00    6.2374e-01   -1.3743e-03    1.0938e-04   -1.8211e-03    4.4719e-04
   5.0000e-01   -1.5000e+00   -2.6000e+00    2.8978e+00    7.7646e-01   -1.0206e-03    9.1513e-04   -1.4302e-03    1.3592e-03
   5.0000e-01   -1.5000e+00   -2.6000e+00    2.8532e+00    9.2705e-01   -3.2064e-04    1.3256e-03   -7.0370e-04    1.6983e-03
   5.0000e-01   -1.5000e+00   -2.6000e+00    2.8007e+00    1.0751e+00    4.4779e-04    1.2814e-03    5.6055e-05    1.8074e-03
   5.0000e-01   -1.5000e+00   -2.6000e+00    2.7406e+00    1.2202e+00    1.0287e-03    8.7632e-04    6.8722e-04    1.4878e-03
   5.0000e-01   -1.5000e+00   -2.6000e+00    2.6730e+00    1.3620e+00    1.3155e-03    2.8246e-04    1.0694e-03    8.4564e-04
   5.0000e-01   -1.5000e+00   -2.6000e+00    2.5981e+00    1.5000e+00    1.3052e-03   -3.0681e-04    1.0639e-03    4.2691e-04
   5.0000e-01   -1.5000e+00   -2.6000e+00    2.5160e+00    1.6339e+00    1.0785e-03   -7.8904e-04    9.5409e-04   -1.2683e-04
   5.0000e-01   -1.5000e+00   -2.6000e+00    2.4271e+00    1.7634e+00    7.1905e-04   -1.1216e-03    5.8856e-04   -4.4522e-04
   5.0000e-01   -1.5000e+00   -2.6000e+00    2.3314e+00    1.8880e+00    3.1783e-04   -1.2901e-03    3.8904e-04   -5.1175e-04
   5.0000e-01   -1.5000e+00   -2.6000e+00    2.2294e+00    2.0074e+00   -3.7765e-05   -1.3252e-03    1.1037e-04   -5.2259e-04
   5.0000e-01   -1.5000e+00   -2.6000e+00    2.1213e+00    2.1213e+00   -3.3918e-04   -1.2793e-03   -1.0485e-04   -3.9084e-04
   5.0000e-01   -1.5000e+00   -2.6000e+00    2.0074e+00    2.2294e+00   -5.8581e-04   -1.1844e-03   -1.9996e-04   -2.7464e-04
   5.0000e-01   -1.5000e+00   -2.6000e+00    1.8880e+00    2.3314e+00   -7.6520e-04   -1.0749e-03   -3.3102e-04   -9.4910e-05
   5.0000e-01   -1.5000e+00   -2.6000e+00    1.7634e+00    2.4271e+00   -8.6831e-04   -9.9206e-04   -2.4213e-04   -2.5392e-05
   5.0000e-01   -1.5000e+00   -2.6000e+00    1.6339e+00    2.5160e+00   -9.2580e-04   -9.3803e-04   -3.6133e-04    2.3835e-05
   5.0000e-01   -1.5000e+00   -2.6000e+00    1.5000e+00    2.5981e+00   -9.5032e-04   -9.1263e-04   -3.0998e-04    1.3062e-05
   5.0000e-01   -1.5000e+00   -2.6000e+00    1.3620e+00    2.6730e+00   -9.3393e-04   -9.2945e-04   -1.6764e-04   -1.0338e-05
   5.0000e-01   -1.5000e+00   -2.6000e+00    1.2202e+00    2.7406e+00   -8.6842e-04   -9.9226e-04   -1.2693e-04   -8.3980e-05
   5.0000e-01   -1.5000e+00   -2.6000e+00    1.0751e+00    2.8007e+00   -7.5739e-04   -1.0808e-03   -6.7601e-05   -3.3600e-04
   5.0000e-01   -1.5000e+00   -2.6000e+00    9.2705e-01    2.8532e+00   -5.8517e-04   -1.1844e-03    2.3299e-05   -4.8137e-04
   5.0000e-01   -1.5000e+00   -2.6000e+00    7.7646e-01    2.8978e+00   -3.5589e-04   -1.2742e-03    2.3687e-04   -7.0479e-04
   5.0000e-01   -1.5000e+00   -2.6000e+00    6.2374e-01    2.9344e+00   -4.4490e-05   -1.3249e-03    4.5620e-04   -8.1231e-04
   5.0000e-01   -1.5000e+00   -2.6000e+00    4.6930e-01    2.9631e+00    3.2275e-04   -1.2887e-03    6.7284e-04   -9.2150e-04
   5.0000e-01   -1.5000e+00   -2.6000e+00    3.1359e-01    2.9836e+00    7.2163e-04   -1.1196e-03    9.6295e-04   -8.1886e-04
   5.0000e-01   -1.5000e+00   -2.6000e+00    1.5701e-01    2.9959e+00    1.0729e-03   -7.9643e-04    1.2193e-03   -5.9849e-04
   5.0000e-01   -1.5000e+00   -2.6000e+00    0.0000e+00    3.0000e+00    1.3015e-03   -3.2094e-04    1.2901e-03   -3.3121e-04
   5.0000e-01   -1.5000e+00   -2.6000e+00   -1.5701e-01    2.9959e+00    1.3156e-03    2.8222e-04    1.2325e-03    2.5669e-04
   5.0000e-01   -1.5000e+00   -2.6000e+00   -3.1359e-01    2.9836e+00    1.0333e-03    8.7002e-04    9.0343e-04    6.9191e-04
   5.0000e-01   -1.5000e+00   -2.6000e+00   -4.6930e-01    2.9631e+00    4.6082e-04    1.2760e-03    2.8981e-04    1.0219e-03
   5.0000e-01   -1.5000e+00   -2.6000e+00   -6.2374e-01    2.9344e+00   -3.0380e-04    1.3292e-03   -5.7197e-04    9.0512e-04
   5.0000e-01   -1.5000e+00   -2.6000e+00   -7.7646e-01    2.8978e+00   -1.0105e-03    9.2567e-04   -1.3103e-03    4.2556e-04
   5.0000e-01   -1.5000e+00   -2.6000e+00   -9.2705e-01    2.8532e+00   -1.3726e-03    1.2285e-04   -1.6799e-03   -4.0609e-04
   5.0000e-01   -1.5000e+00   -2.6000e+00   -1.0751e+00    2.8007e+00   -1.1440e-03   -7.8363e-04   -1.4454e-03   -1.3145e-03
   5.0000e-01   -1.5000e+00   -2.6000e+00   -1.2202e+00    2.7406e+00   -3.3739e-04   -1.3542e-03   -6.5853e-04   -1.8903e-03
   5.0000e-01   -1.5000e+00   -2.6000e+00   -1.3620e+00    2.6730e+00    6.9868e-04   -1.2190e-03    5.1784e-04   -1.8563e-03
   5.0000e-01   -1.5000e+00   -2.6000e+00   -1.5000e+00    2.5981e+00    1.3726e-03   -3.4526e-04    1.2049e-03   -9.4006e-04
   5.0000e-01   -1.5000e+00   -2.6000e+00   -1.6339e+00    2.5160e+00    1.1783e-03    8.0437e-04    9.0174e-04    2.3168e-04
   5.0000e-01   -1.5000e+00   -2.6000e+00   -1.7634e+00    2.4271e+00    1.3889e-04    1.4315e-03   -1.4404e-05    9.3994e-04
   5.0000e-01   -1.5000e+00   -2.6000e+00   -1.8880e+00    2.3314e+00   -1.0509e-03    1.0002e-03   -1.2092e-03    5.2042e-04
   5.0000e-01   -1.5000e+00   -2.6000e+00   -2.0074e+00    2.2294e+00   -1.4371e-03   -2.8278e-04   -1.5387e-03   -6.7069e-04
   5.0000e-01   -1.5000e+00   -2.6000e+00   -2.1213e+00    2.1213e+00   -5.5625e-04   -1.3704e-03   -5.1191e-04   -1.7415e-03
   5.0000e-01   -1.5000e+00   -2.6000e+00   -2.2294e+00    2.0074e+00    8.8005e-04   -1.2074e-03    9.1778e-04   -1.5331e-03
   5.0000e-01   -1.5000e+00   -2.6000e+00   -2.3314e+00    1.8880e+00    1.5025e-03    1.5483e-04    1.5510e-03   -1.1186e-04
   5.0000e-01   -1.5000e+00   -2.6000e+00   -2.4271e+00    1.7634e+00    5.6453e-04    1.4198e-03    8.0203e-04    1.1855e-03
   5.0000e-01   -1.5000e+00   -2.6000e+00   -2.5160e+00    1.6339e+00   -1.0478e-03    1.1377e-03   -7.5850e-04    1.0015e-03
   5.0000e-01   -1.5000e+00   -2.6000e+00   -2.5981e+00    1.5000e+00   -1.4881e-03   -4.9040e-04   -1.0808e-03   -6.2447e-04
   5.0000e-01   -1.5000e+00   -2.6000e+00   -2.6730e+00    1.3620e+00   -1.2656e-04   -1.5824e-03    3.7339e-04   -1.7015e-03
   5.0000e-01   -1.5000e+00   -2.6000e+00   -2.7406e+00    1.2202e+00    1.4607e-03   -6.7889e-04    2.0756e-03   -8.3480e-04
   5.0000e-01   -1.5000e+00   -2.6000e+00   -2.8007e+00    1.0751e+00    1.1381e-03    1.1738e-03    1.7755e-03    9.9722e-04
   5.0000e-01   -1.5000e+00   -2.6000e+00   -2.8532e+00    9.2705e-01   -7.9794e-04    1.4563e-03   -1.1053e-04    1.4587e-03
   5.0000e-01   -1.5000e+00   -2.6000e+00   -2.8978e+00    7.7646e-01   -1.6494e-03   -3.5984e-04   -9.4505e-04   -4.7662e-04
   5.0000e-01   -1.5000e+00   -2.6000e+00   -2.9344e+00    6.2374e-01   -6.6153e-05   -1.7170e-03    7.2115e-04   -1.7499e-03
   5.0000e-01   -1.5000e+00   -2.6000e+00   -2.9631e+00    4.6930e-01    1.6911e-03   -4.5204e-04    2.5247e-03   -5.3752e-04
   5.0000e-01   -1.5000e+00   -2.6000e+00   -2.9836e+00    3.1359e-01    7.8773e-04    1.6019e-03    1.6585e-03    1.5419e-03
   5.0000e-01   -1.5000e+00   -2.6000e+00   -2.9959e+00    1.5701e-01   -1.4612e-03    1.0892e-03   -6.3555e-04    1.0939e-03
   5.0000e-01   -1.5000e+00   -2.6000e+00   -3.0000e+00    0.0000e+00   -1.3339e-03   -1.3009e-03   -6.3504e-04   -1.4216e-03
   5.0000e-01   -1.5000e+00   -2.6000e+00   -2.9959e+00   -1.5701e-01    1.1314e-03   -1.5352e-03    1.8295e-03   -1.5802e-03
   5.0000e-01   -1.5000e+00   -2.6000e+00   -2.9836e+00   -3.1359e-01    1.6981e-03    9.6838e-04    2.2997e-03    9.3137e-04
   5.0000e-01   -1.5000e+00   -2.6000e+00   -2.9631e+00   -4.6930e-01   -8.2701e-04    1.8294e-03   -3.2078e-04    1.8439e-03
   5.0000e-01   -1.5000e+00   -2.6000e+00   -2.9344e+00   -6.2374e-01   -1.9382e-03   -7.1461e-04   -1.6445e-03   -7.0702e-04
   5.0000e-01   -1.5000e+00   -2.6000e+00   -2.8978e+00   -7.7646e-01    6.0739e-04   -2.0407e-03    9.2557e-04   -2.0847e-03
   5.0000e-01   -1.5000e+00   -2.6000e+00   -2.8532e+00   -9.2705e-01    2.1349e-03    5.3161e-04    2.3013e-03    5.4622e-04
   5.0000e-01   -1.5000e+00   -2.6000e+00   -2.8007e+00   -1.0751e+00   -5.0382e-04    2.2239e-03   -4.4572e-04    2.1973e-03
   5.0000e-01   -1.5000e+00   -2.6000e+00   -2.7406e+00   -1.2202e+00   -2.3185e-03   -4.8996e-04   -2.2640e-03   -5.8342e-04
   5.0000e-01   -1.5000e+00   -2.6000e+00   -2.6730e+00   -1.3620e+00    5.2353e-04   -2.4153e-03    4.6257e-04   -2.4303e-03
   5.0000e-01   -1.5000e+00   -2.6000e+00   -2.5981e+00   -1.5000e+00    2.5249e-03    5.7145e-04    2.3989e-03    5.2608e-04
   5.0000e-01   -1.5000e+00   -2.6000e+00    0.0000e+00   -3.0000e+00    2.5114e-03    6.3483e-04    2.5724e-03    7.3398e-04
   5.0000e-01   -1.5000e+00   -2.6000e+00    1.5701e-01   -2.9959e+00    5.6829e-04   -2.4061e-03    4.9774e-04   -2.2357e-03
   5.0000e-01   -1.5000e+00   -2.6000e+00    3.1359e-01   -2.9836e+00   -2.3052e-03   -5.5173e-04   -2.5165e-03   -4.5918e-04
   5.0000e-01   -1.5000e+00   -2.6000e+00    4.6930e-01   -2.9631e+00   -5.4452e-04    2.2146e-03   -7.7876e-04    2.3566e-03
   5.0000e-01   -1.5000e+00   -2.6000e+00    6.2374e-01   -2.9344e+00    2.1253e-03    5.7127e-04    1.6910e-03    7.3244e-04
   5.0000e-01   -1.5000e+00   -2.6000e+00    7.7646e-01   -2.8978e+00    6.4339e-04   -2.0301e-03    1.9493e-04   -1.7947e-03
   5.0000e-01   -1.5000e+00   -2.6000e+00    9.2705e-01   -2.8532e+00   -1.9241e-03   -7.5239e-04   -2.5694e-03   -6.0622e-04
   5.0000e-01   -1.5000e+00   -2.6000e+00    1.0751e+00   -2.8007e+00   -8.5948e-04    1.8151e-03   -1.4949e-03    2.0563e-03
   5.0000e-01   -1.5000e+00   -2.6000e+00    1.2202e+00   -2.7406e+00    1.6790e-03    1.0031e-03    9.0452e-04    1.2026e-03
   5.0000e-01   -1.5000e+00   -2.6000e+00    1.3620e+00   -2.6730e+00    1.1473e-03   -1.5231e-03    2.6867e-04   -1.3421e-03
   5.0000e-01   -1.5000e+00   -2.6000e+00    1.5000e+00   -2.5981e+00   -1.3162e-03   -1.3193e-03   -2.1184e-03   -1.1232e-03
   5.0000e-01   -1.5000e+00   -2.6000e+00    1.6339e+00   -2.5160e+00   -1.4775e-03    1.0672e-03   -2.2183e-03    1.2910e-03
   5.0000e-01   -1.5000e+00   -2.6000e+00    1.7634e+00   -2.4271e+00    7.7948e-04    1.6058e-03    -1.3583e-05    1.7298e-03
   5.0000e-01   -1.5000e+00   -2.6000e+00    1.8880e+00   -2.3314e+00    1.6948e-03   -4.3737e-04    1.0319e-03   -3.2482e-04
   5.0000e-01   -1.5000e+00   -2.6000e+00    2.0074e+00   -2.2294e+00   -3.1695e-05   -1.7180e-03   -5.6957e-04   -1.6368e-03
   5.0000e-01   -1.5000e+00   -2.6000e+00    2.1213e+00   -2.1213e+00   -1.6422e-03   -3.9365e-04   -2.2504e-03   -4.4627e-04
   5.0000e-01   -1.5000e+00   -2.6000e+00    2.2294e+00   -2.0074e+00   -8.0761e-04    1.4513e-03   -1.2964e-03    1.4908e-03
   5.0000e-01   -1.5000e+00   -2.6000e+00    2.3314e+00   -1.8880e+00    1.1270e-03    1.1839e-03    7.5374e-04    1.0262e-03
   5.0000e-01   -1.5000e+00   -2.6000e+00    2.4271e+00   -1.7634e+00    1.4697e-03   -6.5840e-04    1.1763e-03   -7.7443e-04
   5.0000e-01   -1.5000e+00   -2.6000e+00    2.5160e+00   -1.6339e+00   -9.1230e-05   -1.5855e-03   -2.1897e-04   -1.7101e-03
   5.0000e-01   -1.5000e+00   -2.6000e+00    2.5981e+00   -1.5000e+00   -1.4816e-03   -5.0914e-04   -1.5939e-03   -6.6527e-04
   5.0000e-01   -1.5000e+00   -2.6000e+00    2.6730e+00   -1.3620e+00   -1.0600e-03    1.1265e-03   -1.0190e-03    9.8275e-04
   5.0000e-01   -1.5000e+00   -2.6000e+00    2.7406e+00   -1.2202e+00    5.4229e-04    1.4291e-03    5.1289e-04    1.2640e-03
   5.0000e-01   -1.5000e+00   -2.6000e+00    2.8007e+00   -1.0751e+00    1.4993e-03    1.8826e-04    1.5703e-03    9.2542e-05
   5.0000e-01   -1.5000e+00   -2.6000e+00    2.8532e+00   -9.2705e-01    8.9316e-04   -1.1982e-03    9.4069e-04   -1.3810e-03
   5.0000e-01   -1.5000e+00   -2.6000e+00    2.8978e+00   -7.7646e-01   -5.4772e-04   -1.3739e-03   -5.0585e-04   -1.5360e-03
   5.0000e-01   -1.5000e+00   -2.6000e+00    2.9344e+00   -6.2374e-01   -1.4321e-03   -3.0858e-04   -1.4206e-03   -4.4697e-04
   5.0000e-01   -1.5000e+00   -2.6000e+00    2.9631e+00   -4.6930e-01   -1.0709e-03    9.7946e-04   -1.1004e-03    8.6013e-04
   5.0000e-01   -1.5000e+00   -2.6000e+00    2.9836e+00   -3.1359e-01    1.1750e-04    1.4338e-03    7.3768e-05    1.4529e-03
   5.0000e-01   -1.5000e+00   -2.6000e+00    2.9959e+00   -1.5701e-01    1.1688e-03    8.1876e-04    9.7395e-04    8.9043e-04
   5.0000e-01    0.0000e+00   -3.0000e+00    3.0000e+00    0.0000e+00   -1.4775e-03   -5.2313e-04   -9.6024e-04   -3.7867e-04
   5.0000e-01    0.0000e+00   -3.0000e+00    2.9959e+00    1.5701e-01   -1.0734e-03    1.1146e-03   -5.3869e-04    1.2041e-03
   5.0000e-01    0.0000e+00   -3.0000e+00    2.9836e+00    3.1359e-01    5.1821e-04    1.4382e-03    9.8018e-04    1.4009e-03
   5.0000e-01    0.0000e+00   -3.0000e+00    2.9631e+00    4.6930e-01    1.4979e-03    2.0055e-04    1.7866e-03    1.6636e-04
   5.0000e-01    0.0000e+00   -3.0000e+00    2.9344e+00    6.2374e-01    9.0310e-04   -1.1913e-03    1.1450e-03   -1.2588e-03
   5.0000e-01    0.0000e+00   -3.0000e+00    2.8978e+00    7.7646e-01   -5.3535e-04   -1.3791e-03   -3.8603e-04   -1.4539e-03
   5.0000e-01    0.0000e+00   -3.0000e+00    2.8532e+00    9.2705e-01   -1.4285e-03   -3.2559e-04   -1.2857e-03   -5.0374e-04
   5.0000e-01    0.0000e+00   -3.0000e+00    2.8007e+00    1.0751e+00   -1.0814e-03    9.6874e-04   -1.0808e-03    8.3858e-04
   5.0000e-01    0.0000e+00   -3.0000e+00    2.7406e+00    1.2202e+00    1.0504e-04    1.4354e-03    1.0021e-04    1.2846e-03
   5.0000e-01    0.0000e+00   -3.0000e+00    2.6730e+00    1.3620e+00    1.1671e-03    8.2095e-04    1.0315e-03    6.5948e-04
   5.0000e-01    0.0000e+00   -3.0000e+00    2.5981e+00    1.5000e+00    1.3812e-03   -3.1295e-04    1.2091e-03   -5.0625e-04
   5.0000e-01    0.0000e+00   -3.0000e+00    2.5160e+00    1.6339e+00    7.3251e-04   -1.1998e-03    4.7450e-04   -1.3721e-03
   5.0000e-01    0.0000e+00   -3.0000e+00    2.4271e+00    1.7634e+00   -3.0993e-04   -1.3611e-03   -5.7006e-04   -1.5357e-03
   5.0000e-01    0.0000e+00   -3.0000e+00    2.3314e+00    1.8880e+00   -1.1343e-03   -7.9780e-04   -1.4500e-03   -9.2582e-04
   5.0000e-01    0.0000e+00   -3.0000e+00    2.2294e+00    2.0074e+00   -1.3755e-03    9.2131e-05   -1.6248e-03   -5.6109e-05
   5.0000e-01    0.0000e+00   -3.0000e+00    2.1213e+00    2.1213e+00   -1.0381e-03    8.9551e-04   -1.1828e-03    8.2024e-04
   5.0000e-01    0.0000e+00   -3.0000e+00    2.0074e+00    2.2294e+00   -3.2758e-04    1.3239e-03   -4.6993e-04    1.1718e-03
   5.0000e-01    0.0000e+00   -3.0000e+00    1.8880e+00    2.3314e+00    4.4494e-04    1.2819e-03    3.1866e-04    1.2116e-03
   5.0000e-01    0.0000e+00   -3.0000e+00    1.7634e+00    2.4271e+00    1.0197e-03    8.8620e-04    9.6169e-04    8.4512e-04
   5.0000e-01    0.0000e+00   -3.0000e+00    1.6339e+00    2.5160e+00    1.3098e-03    3.0879e-04    1.3320e-03    3.3191e-04
   5.0000e-01    0.0000e+00   -3.0000e+00    1.5000e+00    2.5981e+00    1.3083e-03   -2.9235e-04    1.4065e-03   -2.1167e-04
   5.0000e-01    0.0000e+00   -3.0000e+00    1.3620e+00    2.6730e+00    1.0822e-03   -7.8348e-04    1.1657e-03   -6.9058e-04
   5.0000e-01    0.0000e+00   -3.0000e+00    1.2202e+00    2.7406e+00    7.3465e-04   -1.1115e-03    9.0206e-04   -9.2701e-04
   5.0000e-01    0.0000e+00   -3.0000e+00    1.0751e+00    2.8007e+00    3.4670e-04   -1.2829e-03    5.4830e-04   -1.0499e-03
   5.0000e-01    0.0000e+00   -3.0000e+00    9.2705e-01    2.8532e+00   -1.8838e-05   -1.3255e-03    2.3618e-04   -1.0474e-03
   5.0000e-01    0.0000e+00   -3.0000e+00    7.7646e-01    2.8978e+00   -3.3409e-04   -1.2802e-03   -7.1313e-06   -8.8545e-04
   5.0000e-01    0.0000e+00   -3.0000e+00    6.2374e-01    2.9344e+00   -5.6819e-04   -1.1928e-03   -1.5550e-04   -7.3638e-04
   5.0000e-01    0.0000e+00   -3.0000e+00    4.6930e-01    2.9631e+00   -7.4048e-04   -1.0921e-03   -3.8579e-04   -5.7854e-04
   5.0000e-01    0.0000e+00   -3.0000e+00    3.1359e-01    2.9836e+00   -8.4724e-04   -1.0101e-03   -5.1697e-04   -4.9181e-04
   5.0000e-01    0.0000e+00   -3.0000e+00    1.5701e-01    2.9959e+00   -9.1235e-04   -9.5109e-04   -5.3550e-04   -4.4906e-04
   5.0000e-01    0.0000e+00   -3.0000e+00    0.0000e+00    3.0000e+00   -9.4103e-04   -9.2224e-04   -4.5622e-04   -4.1137e-04
   5.0000e-01    0.0000e+00   -3.0000e+00   -1.5701e-01    2.9959e+00   -9.1235e-04   -9.5109e-04   -5.0402e-04   -4.0442e-04
   5.0000e-01    0.0000e+00   -3.0000e+00   -3.1359e-01    2.9836e+00   -8.4724e-04   -1.0101e-03   -4.6202e-04   -5.6128e-04
   5.0000e-01    0.0000e+00   -3.0000e+00   -4.6930e-01    2.9631e+00   -7.4048e-04   -1.0921e-03   -3.5762e-04   -6.4164e-04
   5.0000e-01    0.0000e+00   -3.0000e+00   -6.2374e-01    2.9344e+00   -5.6819e-04   -1.1928e-03   -2.2895e-04   -7.7728e-04
   5.0000e-01    0.0000e+00   -3.0000e+00   -7.7646e-01    2.8978e+00   -3.3409e-04   -1.2802e-03   -5.4368e-06   -9.0497e-04
   5.0000e-01    0.0000e+00   -3.0000e+00   -9.2705e-01    2.8532e+00   -1.8838e-05   -1.3255e-03    1.8978e-04   -1.0179e-03
   5.0000e-01    0.0000e+00   -3.0000e+00   -1.0751e+00    2.8007e+00    3.4670e-04   -1.2829e-03    6.3651e-04   -1.1241e-03
   5.0000e-01    0.0000e+00   -3.0000e+00   -1.2202e+00    2.7406e+00    7.3465e-04   -1.1115e-03    8.6633e-04   -9.7013e-04
   5.0000e-01    0.0000e+00   -3.0000e+00   -1.3620e+00    2.6730e+00    1.0822e-03   -7.8348e-04    1.1152e-03   -7.4967e-04
   5.0000e-01    0.0000e+00   -3.0000e+00   -1.5000e+00    2.5981e+00    1.3083e-03   -2.9235e-04    1.3213e-03   -1.9891e-04
   5.0000e-01    0.0000e+00   -3.0000e+00   -1.6339e+00    2.5160e+00    1.3098e-03    3.0879e-04    1.2855e-03    2.6968e-04
   5.0000e-01    0.0000e+00   -3.0000e+00   -1.7634e+00    2.4271e+00    1.0197e-03    8.8620e-04    9.4459e-04    8.5875e-04
   5.0000e-01    0.0000e+00   -3.0000e+00   -1.8880e+00    2.3314e+00    4.4494e-04    1.2819e-03    3.4109e-04    1.2016e-03
   5.0000e-01    0.0000e+00   -3.0000e+00   -2.0074e+00    2.2294e+00   -3.2758e-04    1.3239e-03   -3.9252e-04    1.2220e-03
   5.0000e-01    0.0000e+00   -3.0000e+00   -2.1213e+00    2.1213e+00   -1.0381e-03    8.9551e-04   -1.2245e-03    7.3874e-04
   5.0000e-01    0.0000e+00   -3.0000e+00   -2.2294e+00    2.0074e+00   -1.3755e-03    9.2131e-05   -1.6365e-03   -1.0475e-04
   5.0000e-01    0.0000e+00   -3.0000e+00   -2.3314e+00    1.8880e+00   -1.1343e-03   -7.9780e-04   -1.4217e-03   -9.3699e-04
   5.0000e-01    0.0000e+00   -3.0000e+00   -2.4271e+00    1.7634e+00   -3.0993e-04   -1.3611e-03   -5.3171e-04   -1.5554e-03
   5.0000e-01    0.0000e+00   -3.0000e+00   -2.5160e+00    1.6339e+00    7.3251e-04   -1.1998e-03    5.1587e-04   -1.3323e-03
   5.0000e-01    0.0000e+00   -3.0000e+00   -2.5981e+00    1.5000e+00    1.3812e-03   -3.1295e-04    1.2099e-03   -4.8401e-04
   5.0000e-01    0.0000e+00   -3.0000e+00   -2.6730e+00    1.3620e+00    1.1671e-03    8.2095e-04    1.0699e-03    6.7259e-04
   5.0000e-01    0.0000e+00   -3.0000e+00   -2.7406e+00    1.2202e+00    1.0504e-04    1.4354e-03    3.6020e-05    1.1793e-03
   5.0000e-01    0.0000e+00   -3.0000e+00   -2.8007e+00    1.0751e+00   -1.0814e-03    9.6874e-04   -1.1194e-03    8.3581e-04
   5.0000e-01    0.0000e+00   -3.0000e+00   -2.8532e+00    9.2705e-01   -1.4285e-03   -3.2559e-04   -1.3285e-03   -4.6709e-04
   5.0000e-01    0.0000e+00   -3.0000e+00   -2.8978e+00    7.7646e-01   -5.3535e-04   -1.3791e-03   -3.9498e-04   -1.5157e-03
   5.0000e-01    0.0000e+00   -3.0000e+00   -2.9344e+00    6.2374e-01    9.0310e-04   -1.1913e-03    1.1995e-03   -1.2647e-03
   5.0000e-01    0.0000e+00   -3.0000e+00   -2.9631e+00    4.6930e-01    1.4979e-03    2.0055e-04    1.8256e-03    1.1590e-04
   5.0000e-01    0.0000e+00   -3.0000e+00   -2.9836e+00    3.1359e-01    5.1821e-04    1.4382e-03    1.0324e-03    1.4319e-03
   5.0000e-01    0.0000e+00   -3.0000e+00   -2.9959e+00    1.5701e-01   -1.0734e-03    1.1146e-03   -5.8224e-04    1.1091e-03
   5.0000e-01    0.0000e+00   -3.0000e+00   -3.0000e+00    0.0000e+00   -1.4775e-03   -5.2313e-04   -9.6888e-04   -4.4477e-04
   5.0000e-01    0.0000e+00   -3.0000e+00   -2.9959e+00   -1.5701e-01   -8.1925e-05   -1.5863e-03    4.3941e-04   -1.4412e-03
   5.0000e-01    0.0000e+00   -3.0000e+00   -2.9836e+00   -3.1359e-01    1.4736e-03   -6.5058e-04    2.0078e-03   -4.9071e-04
   5.0000e-01    0.0000e+00   -3.0000e+00   -2.9631e+00   -4.6930e-01    1.1151e-03    1.1960e-03    1.6644e-03    1.3593e-03
   5.0000e-01    0.0000e+00   -3.0000e+00   -2.9344e+00   -6.2374e-01   -8.2346e-04    1.4429e-03   -3.1640e-04    1.7128e-03
   5.0000e-01    0.0000e+00   -3.0000e+00   -2.8978e+00   -7.7646e-01   -1.6427e-03   -3.9189e-04   -1.1344e-03   -1.0694e-04
   5.0000e-01    0.0000e+00   -3.0000e+00   -2.8532e+00   -9.2705e-01   -3.3507e-05   -1.7183e-03    4.7968e-04   -1.3896e-03
   5.0000e-01    0.0000e+00   -3.0000e+00   -2.8007e+00   -1.0751e+00    1.6999e-03   -4.2065e-04    2.2187e-03   -1.2029e-04
   5.0000e-01    0.0000e+00   -3.0000e+00   -2.7406e+00   -1.2202e+00    7.7302e-04    1.6098e-03    1.1808e-03    1.9436e-03
   5.0000e-01    0.0000e+00   -3.0000e+00   -2.6730e+00   -1.3620e+00   -1.4785e-03    1.0662e-03   -1.0252e-03    1.3683e-03
   5.0000e-01    0.0000e+00   -3.0000e+00   -2.5981e+00   -1.5000e+00   -1.3169e-03   -1.3184e-03   -9.3331e-04   -1.0262e-03
   5.0000e-01    0.0000e+00   -3.0000e+00   -2.5160e+00   -1.6339e+00    1.1592e-03   -1.5151e-03    1.5072e-03   -1.2129e-03
   5.0000e-01    0.0000e+00   -3.0000e+00   -2.4271e+00   -1.7634e+00    1.6789e-03    1.0026e-03    1.9897e-03    1.2725e-03
   5.0000e-01    0.0000e+00   -3.0000e+00   -2.3314e+00   -1.8880e+00   -8.5223e-04    1.8180e-03   -5.3527e-04    2.1138e-03
   5.0000e-01    0.0000e+00   -3.0000e+00   -2.2294e+00   -2.0074e+00   -1.9317e-03   -7.3287e-04   -1.6881e-03   -5.0681e-04
   5.0000e-01    0.0000e+00   -3.0000e+00   -2.1213e+00   -2.1213e+00    6.4626e-04   -2.0296e-03    9.2008e-04   -1.9269e-03
   5.0000e-01    0.0000e+00   -3.0000e+00   -2.0074e+00   -2.2294e+00    2.1236e-03    5.7803e-04    2.3577e-03    7.2191e-04
   5.0000e-01    0.0000e+00   -3.0000e+00   -1.8880e+00   -2.3314e+00   -5.2629e-04    2.2184e-03   -3.7273e-04    2.2164e-03
   5.0000e-01    0.0000e+00   -3.0000e+00   -1.7634e+00   -2.4271e+00   -2.3119e-03   -5.2017e-04   -2.1467e-03   -4.9384e-04
   5.0000e-01    0.0000e+00   -3.0000e+00   -1.6339e+00   -2.5160e+00    5.5481e-04   -2.4090e-03    6.3696e-04   -2.4130e-03
   5.0000e-01    0.0000e+00   -3.0000e+00   -1.5000e+00   -2.5981e+00    2.5167e-03    6.1142e-04    2.5766e-03    5.9910e-04
   5.0000e-01    0.0000e+00   -3.0000e+00    1.5000e+00   -2.5981e+00    2.5167e-03    6.1142e-04    2.5304e-03    6.4881e-04
   5.0000e-01    0.0000e+00   -3.0000e+00    1.6339e+00   -2.5160e+00    5.5481e-04   -2.4090e-03    6.4343e-04   -2.4016e-03
   5.0000e-01    0.0000e+00   -3.0000e+00    1.7634e+00   -2.4271e+00   -2.3119e-03   -5.2017e-04   -2.1579e-03   -4.2424e-04
   5.0000e-01    0.0000e+00   -3.0000e+00    1.8880e+00   -2.3314e+00   -5.2629e-04    2.2184e-03   -3.6311e-04    2.3015e-03
   5.0000e-01    0.0000e+00   -3.0000e+00    2.0074e+00   -2.2294e+00    2.1236e-03    5.7803e-04    2.2279e-03    7.6076e-04
   5.0000e-01    0.0000e+00   -3.0000e+00    2.1213e+00   -2.1213e+00    6.4626e-04   -2.0296e-03    8.7981e-04   -1.8538e-03
   5.0000e-01    0.0000e+00   -3.0000e+00    2.2294e+00   -2.0074e+00   -1.9317e-03   -7.3287e-04   -1.6527e-03   -5.4960e-04
   5.0000e-01    0.0000e+00   -3.0000e+00    2.3314e+00   -1.8880e+00   -8.5223e-04    1.8180e-03   -5.2454e-04    2.0047e-03
   5.0000e-01    0.0000e+00   -3.0000e+00    2.4271e+00   -1.7634e+00    1.6789e-03    1.0026e-03    2.0454e-03    1.3105e-03
   5.0000e-01    0.0000e+00   -3.0000e+00    2.5160e+00   -1.6339e+00    1.1592e-03   -1.5151e-03    1.5211e-03   -1.2438e-03
   5.0000e-01    0.0000e+00   -3.0000e+00    2.5981e+00   -1.5000e+00   -1.3169e-03   -1.3184e-03   -8.9248e-04   -1.0024e-03
   5.0000e-01    0.0000e+00   -3.0000e+00    2.6730e+00   -1.3620e+00   -1.4785e-03    1.0662e-03   -1.0734e-03    1.3684e-03
   5.0000e-01    0.0000e+00   -3.0000e+00    2.7406e+00   -1.2202e+00    7.7302e-04    1.6098e-03    1.2308e-03    1.9658e-03
   5.0000e-01    0.0000e+00   -3.0000e+00    2.8007e+00   -1.0751e+00    1.6999e-03   -4.2065e-04    2.1672e-03   -6.4067e-05
   5.0000e-01    0.0000e+00   -3.0000e+00    2.8532e+00   -9.2705e-01   -3.3507e-05   -1.7183e-03    5.6212e-04   -1.3794e-03
   5.0000e-01    0.0000e+00   -3.0000e+00    2.8978e+00   -7.7646e-01   -1.6427e-03   -3.9189e-04   -1.0966e-03   -7.7441e-05
   5.0000e-01    0.0000e+00   -3.0000e+00    2.9344e+00   -6.2374e-01   -8.2346e-04    1.4429e-03   -2.7197e-04    1.6643e-03
   5.0000e-01    0.0000e+00   -3.0000e+00    2.9631e+00   -4.6930e-01    1.1151e-03    1.1960e-03    1.6659e-03    1.3706e-03
   5.0000e-01    0.0000e+00   -3.0000e+00    2.9836e+00   -3.1359e-01    1.4736e-03   -6.5058e-04    2.0906e-03   -4.8027e-04
   5.0000e-01    0.0000e+00   -3.0000e+00    2.9959e+00   -1.5701e-01   -8.1925e-05   -1.5863e-03    4.1203e-04   -1.4247e-03
   5.0000e-01    1.5000e+00   -2.6000e+00    3.0000e+00    0.0000e+00   -1.3339e-03   -1.3009e-03   -5.8241e-04   -1.3512e-03
   5.0000e-01    1.5000e+00   -2.6000e+00    2.9959e+00    1.5701e-01   -1.4612e-03    1.0892e-03   -7.3252e-04    9.8789e-04
   5.0000e-01    1.5000e+00   -2.6000e+00    2.9836e+00    3.1359e-01    7.8773e-04    1.6019e-03    1.6610e-03    1.5206e-03
   5.0000e-01    1.5000e+00   -2.6000e+00    2.9631e+00    4.6930e-01    1.6911e-03   -4.5204e-04    2.5159e-03   -5.1145e-04
   5.0000e-01    1.5000e+00   -2.6000e+00    2.9344e+00    6.2374e-01   -6.6153e-05   -1.7170e-03    6.6989e-04   -1.8414e-03
   5.0000e-01    1.5000e+00   -2.6000e+00    2.8978e+00    7.7646e-01   -1.6494e-03   -3.5984e-04   -8.7545e-04   -4.4561e-04
   5.0000e-01    1.5000e+00   -2.6000e+00    2.8532e+00    9.2705e-01   -7.9794e-04    1.4563e-03   -1.0513e-04    1.4211e-03
   5.0000e-01    1.5000e+00   -2.6000e+00    2.8007e+00    1.0751e+00    1.1381e-03    1.1738e-03    1.7132e-03    1.0841e-03
   5.0000e-01    1.5000e+00   -2.6000e+00    2.7406e+00    1.2202e+00    1.4607e-03   -6.7889e-04    2.0700e-03   -7.4827e-04
   5.0000e-01    1.5000e+00   -2.6000e+00    2.6730e+00    1.3620e+00   -1.2656e-04   -1.5824e-03    3.4293e-04   -1.6887e-03
   5.0000e-01    1.5000e+00   -2.6000e+00    2.5981e+00    1.5000e+00   -1.4881e-03   -4.9040e-04   -1.0687e-03   -6.7387e-04
   5.0000e-01    1.5000e+00   -2.6000e+00    2.5160e+00    1.6339e+00   -1.0478e-03    1.1377e-03   -7.9654e-04    9.9150e-04
   5.0000e-01    1.5000e+00   -2.6000e+00    2.4271e+00    1.7634e+00    5.6453e-04    1.4198e-03    7.8915e-04    1.2710e-03
   5.0000e-01    1.5000e+00   -2.6000e+00    2.3314e+00    1.8880e+00    1.5025e-03    1.5483e-04    1.6160e-03   -7.0791e-05
   5.0000e-01    1.5000e+00   -2.6000e+00    2.2294e+00    2.0074e+00    8.8005e-04   -1.2074e-03    9.7680e-04   -1.4991e-03
   5.0000e-01    1.5000e+00   -2.6000e+00    2.1213e+00    2.1213e+00   -5.5625e-04   -1.3704e-03   -5.5985e-04   -1.7685e-03
   5.0000e-01    1.5000e+00   -2.6000e+00    2.0074e+00    2.2294e+00   -1.4371e-03   -2.8278e-04   -1.5204e-03   -7.1312e-04
   5.0000e-01    1.5000e+00   -2.6000e+00    1.8880e+00    2.3314e+00   -1.0509e-03    1.0002e-03   -1.1841e-03    5.0217e-04
   5.0000e-01    1.5000e+00   -2.6000e+00    1.7634e+00    2.4271e+00    1.3889e-04    1.4315e-03   -3.3488e-05    1.0012e-03
   5.0000e-01    1.5000e+00   -2.6000e+00    1.6339e+00    2.5160e+00    1.1783e-03    8.0437e-04    9.2038e-04    2.9004e-04
   5.0000e-01    1.5000e+00   -2.6000e+00    1.5000e+00    2.5981e+00    1.3726e-03   -3.4526e-04    1.0361e-03   -8.8242e-04
   5.0000e-01    1.5000e+00   -2.6000e+00    1.3620e+00    2.6730e+00    6.9868e-04   -1.2190e-03    4.1716e-04   -1.8198e-03
   5.0000e-01    1.5000e+00   -2.6000e+00    1.2202e+00    2.7406e+00   -3.3739e-04   -1.3542e-03   -6.2275e-04   -1.9110e-03
   5.0000e-01    1.5000e+00   -2.6000e+00    1.0751e+00    2.8007e+00   -1.1440e-03   -7.8363e-04   -1.3859e-03   -1.3178e-03
   5.0000e-01    1.5000e+00   -2.6000e+00    9.2705e-01    2.8532e+00   -1.3726e-03    1.2285e-04   -1.6619e-03   -3.8183e-04
   5.0000e-01    1.5000e+00   -2.6000e+00    7.7646e-01    2.8978e+00   -1.0105e-03    9.2567e-04   -1.3402e-03    5.8707e-04
   5.0000e-01    1.5000e+00   -2.6000e+00    6.2374e-01    2.9344e+00   -3.0380e-04    1.3292e-03   -5.4395e-04    9.7289e-04
   5.0000e-01    1.5000e+00   -2.6000e+00    4.6930e-01    2.9631e+00    4.6082e-04    1.2760e-03    2.6999e-04    9.3891e-04
   5.0000e-01    1.5000e+00   -2.6000e+00    3.1359e-01    2.9836e+00    1.0333e-03    8.7002e-04    8.5569e-04    6.2494e-04
   5.0000e-01    1.5000e+00   -2.6000e+00    1.5701e-01    2.9959e+00    1.3156e-03    2.8222e-04    1.3247e-03    2.3294e-04
   5.0000e-01    1.5000e+00   -2.6000e+00    0.0000e+00    3.0000e+00    1.3004e-03   -3.2533e-04    1.3397e-03   -3.3314e-04
   5.0000e-01    1.5000e+00   -2.6000e+00   -1.5701e-01    2.9959e+00    1.0729e-03   -7.9643e-04    1.1944e-03   -6.3205e-04
   5.0000e-01    1.5000e+00   -2.6000e+00   -3.1359e-01    2.9836e+00    7.2163e-04   -1.1196e-03    9.3314e-04   -7.9667e-04
   5.0000e-01    1.5000e+00   -2.6000e+00   -4.6930e-01    2.9631e+00    3.2275e-04   -1.2887e-03    6.5938e-04   -8.9599e-04
   5.0000e-01    1.5000e+00   -2.6000e+00   -6.2374e-01    2.9344e+00   -4.4490e-05   -1.3249e-03    4.2039e-04   -8.9692e-04
   5.0000e-01    1.5000e+00   -2.6000e+00   -7.7646e-01    2.8978e+00   -3.5589e-04   -1.2742e-03    2.3571e-04   -6.6166e-04
   5.0000e-01    1.5000e+00   -2.6000e+00   -9.2705e-01    2.8532e+00   -5.8517e-04   -1.1844e-03    -4.2709e-05   -4.9742e-04
   5.0000e-01    1.5000e+00   -2.6000e+00   -1.0751e+00    2.8007e+00   -7.5739e-04   -1.0808e-03   -8.7124e-05   -3.4489e-04
   5.0000e-01    1.5000e+00   -2.6000e+00   -1.2202e+00    2.7406e+00   -8.6842e-04   -9.9226e-04   -1.4169e-04   -1.0933e-04
   5.0000e-01    1.5000e+00   -2.6000e+00   -1.3620e+00    2.6730e+00   -9.3393e-04   -9.2945e-04   -1.9955e-04   -1.0742e-04
   5.0000e-01    1.5000e+00   -2.6000e+00   -1.5000e+00    2.5981e+00   -9.5032e-04   -9.1263e-04   -2.8042e-04   -8.1077e-05
   5.0000e-01    1.5000e+00   -2.6000e+00   -1.6339e+00    2.5160e+00   -9.2580e-04   -9.3803e-04   -2.7280e-04   -5.0024e-05
   5.0000e-01    1.5000e+00   -2.6000e+00   -1.7634e+00    2.4271e+00   -8.6831e-04   -9.9206e-04   -2.7746e-04   -3.5929e-05
   5.0000e-01    1.5000e+00   -2.6000e+00   -1.8880e+00    2.3314e+00   -7.6520e-04   -1.0749e-03   -2.3266e-04   -1.5678e-04
   5.0000e-01    1.5000e+00   -2.6000e+00   -2.0074e+00    2.2294e+00   -5.8581e-04   -1.1844e-03   -2.0888e-04   -3.5491e-04
   5.0000e-01    1.5000e+00   -2.6000e+00   -2.1213e+00    2.1213e+00   -3.3918e-04   -1.2793e-03    1.4093e-05   -3.2857e-04
   5.0000e-01    1.5000e+00   -2.6000e+00   -2.2294e+00    2.0074e+00   -3.7765e-05   -1.3252e-03    1.1389e-04   -4.8305e-04
   5.0000e-01    1.5000e+00   -2.6000e+00   -2.3314e+00    1.8880e+00    3.1783e-04   -1.2901e-03    3.1841e-04   -5.2271e-04
   5.0000e-01    1.5000e+00   -2.6000e+00   -2.4271e+00    1.7634e+00    7.1905e-04   -1.1216e-03    6.4921e-04   -4.0743e-04
   5.0000e-01    1.5000e+00   -2.6000e+00   -2.5160e+00    1.6339e+00    1.0785e-03   -7.8904e-04    9.7283e-04   -8.8442e-05
   5.0000e-01    1.5000e+00   -2.6000e+00   -2.5981e+00    1.5000e+00    1.3052e-03   -3.0681e-04    1.0244e-03    3.1705e-04
   5.0000e-01    1.5000e+00   -2.6000e+00   -2.6730e+00    1.3620e+00    1.3155e-03    2.8246e-04    1.0025e-03    8.1103e-04
   5.0000e-01    1.5000e+00   -2.6000e+00   -2.7406e+00    1.2202e+00    1.0287e-03    8.7632e-04    6.7290e-04    1.4136e-03
   5.0000e-01    1.5000e+00   -2.6000e+00   -2.8007e+00    1.0751e+00    4.4779e-04    1.2814e-03    7.8363e-05    1.7829e-03
   5.0000e-01    1.5000e+00   -2.6000e+00   -2.8532e+00    9.2705e-01   -3.2064e-04    1.3256e-03   -7.6177e-04    1.7342e-03
   5.0000e-01    1.5000e+00   -2.6000e+00   -2.8978e+00    7.7646e-01   -1.0206e-03    9.1513e-04   -1.3720e-03    1.3165e-03
   5.0000e-01    1.5000e+00   -2.6000e+00   -2.9344e+00    6.2374e-01   -1.3743e-03    1.0938e-04   -1.7346e-03    4.6177e-04
   5.0000e-01    1.5000e+00   -2.6000e+00   -2.9631e+00    4.6930e-01   -1.1355e-03   -7.9642e-04   -1.4854e-03   -5.6587e-04
   5.0000e-01    1.5000e+00   -2.6000e+00   -2.9836e+00    3.1359e-01   -3.1029e-04   -1.3610e-03   -5.4021e-04   -1.1541e-03
   5.0000e-01    1.5000e+00   -2.6000e+00   -2.9959e+00    1.5701e-01    7.2073e-04   -1.2068e-03    5.2560e-04   -1.0529e-03
   5.0000e-01    1.5000e+00   -2.6000e+00   -3.0000e+00    0.0000e+00    1.3774e-03   -3.2854e-04    1.2341e-03   -2.6145e-04
   5.0000e-01    1.5000e+00   -2.6000e+00   -2.9959e+00   -1.5701e-01    1.1688e-03    8.1876e-04    9.8703e-04    8.5028e-04
   5.0000e-01    1.5000e+00   -2.6000e+00   -2.9836e+00   -3.1359e-01    1.1750e-04    1.4338e-03    2.1901e-05    1.4475e-03
   5.0000e-01    1.5000e+00   -2.6000e+00   -2.9631e+00   -4.6930e-01   -1.0709e-03    9.7946e-04   -1.0879e-03    8.5663e-04
   5.0000e-01    1.5000e+00   -2.6000e+00   -2.9344e+00   -6.2374e-01   -1.4321e-03   -3.0858e-04   -1.4555e-03   -4.7019e-04
   5.0000e-01    1.5000e+00   -2.6000e+00   -2.8978e+00   -7.7646e-01   -5.4772e-04   -1.3739e-03   -5.4911e-04   -1.5209e-03
   5.0000e-01    1.5000e+00   -2.6000e+00   -2.8532e+00   -9.2705e-01    8.9316e-04   -1.1982e-03    9.0519e-04   -1.3228e-03
   5.0000e-01    1.5000e+00   -2.6000e+00   -2.8007e+00   -1.0751e+00    1.4993e-03    1.8826e-04    1.5424e-03    -3.1765e-05
   5.0000e-01    1.5000e+00   -2.6000e+00   -2.7406e+00   -1.2202e+00    5.4229e-04    1.4291e-03    5.9223e-04    1.2728e-03
   5.0000e-01    1.5000e+00   -2.6000e+00   -2.6730e+00   -1.3620e+00   -1.0600e-03    1.1265e-03   -1.0983e-03    9.2709e-04
   5.0000e-01    1.5000e+00   -2.6000e+00   -2.5981e+00   -1.5000e+00   -1.4816e-03   -5.0914e-04   -1.5123e-03   -6.4592e-04
   5.0000e-01    1.5000e+00   -2.6000e+00   -2.5160e+00   -1.6339e+00   -9.1230e-05   -1.5855e-03   -3.1458e-04   -1.7207e-03
   5.0000e-01    1.5000e+00   -2.6000e+00   -2.4271e+00   -1.7634e+00    1.4697e-03   -6.5840e-04    1.1681e-03   -7.2810e-04
   5.0000e-01    1.5000e+00   -2.6000e+00   -2.3314e+00   -1.8880e+00    1.1270e-03    1.1839e-03    7.2318e-04    1.0991e-03
   5.0000e-01    1.5000e+00   -2.6000e+00   -2.2294e+00   -2.0074e+00   -8.0761e-04    1.4513e-03   -1.2918e-03    1.4531e-03
   5.0000e-01    1.5000e+00   -2.6000e+00   -2.1213e+00   -2.1213e+00   -1.6422e-03   -3.9365e-04   -2.2380e-03   -3.6617e-04
   5.0000e-01    1.5000e+00   -2.6000e+00   -2.0074e+00   -2.2294e+00   -3.1695e-05   -1.7180e-03   -7.5705e-04   -1.6074e-03
   5.0000e-01    1.5000e+00   -2.6000e+00   -1.8880e+00   -2.3314e+00    1.6948e-03   -4.3737e-04    8.7646e-04   -3.0332e-04
   5.0000e-01    1.5000e+00   -2.6000e+00   -1.7634e+00   -2.4271e+00    7.7948e-04    1.6058e-03    1.9342e-05    1.7466e-03
   5.0000e-01    1.5000e+00   -2.6000e+00   -1.6339e+00   -2.5160e+00   -1.4775e-03    1.0672e-03   -2.2396e-03    1.2993e-03
   5.0000e-01    1.5000e+00   -2.6000e+00   -1.5000e+00   -2.5981e+00   -1.3162e-03   -1.3193e-03   -2.0881e-03   -1.0595e-03
   5.0000e-01    1.5000e+00   -2.6000e+00   -1.3620e+00   -2.6730e+00    1.1473e-03   -1.5231e-03    3.6251e-04   -1.3052e-03
   5.0000e-01    1.5000e+00   -2.6000e+00   -1.2202e+00   -2.7406e+00    1.6790e-03    1.0031e-03    9.3135e-04    1.2812e-03
   5.0000e-01    1.5000e+00   -2.6000e+00   -1.0751e+00   -2.8007e+00   -8.5948e-04    1.8151e-03   -1.5554e-03    1.9528e-03
   5.0000e-01    1.5000e+00   -2.6000e+00   -9.2705e-01   -2.8532e+00   -1.9241e-03   -7.5239e-04   -2.5988e-03   -4.6249e-04
   5.0000e-01    1.5000e+00   -2.6000e+00   -7.7646e-01   -2.8978e+00    6.4339e-04   -2.0301e-03    1.0351e-04   -1.8496e-03
   5.0000e-01    1.5000e+00   -2.6000e+00   -6.2374e-01   -2.9344e+00    2.1253e-03    5.7127e-04    1.7645e-03    7.8496e-04
   5.0000e-01    1.5000e+00   -2.6000e+00   -4.6930e-01   -2.9631e+00   -5.4452e-04    2.2146e-03   -8.0395e-04    2.3707e-03
   5.0000e-01    1.5000e+00   -2.6000e+00   -3.1359e-01   -2.9836e+00   -2.3052e-03   -5.5173e-04   -2.5551e-03   -3.4589e-04
   5.0000e-01    1.5000e+00   -2.6000e+00   -1.5701e-01   -2.9959e+00    5.6829e-04   -2.4061e-03    4.9467e-04   -2.2746e-03
   5.0000e-01    1.5000e+00   -2.6000e+00    0.0000e+00   -3.0000e+00    2.5182e-03    6.0279e-04    2.5611e-03    6.4063e-04
   5.0000e-01    1.5000e+00   -2.6000e+00    2.5981e+00   -1.5000e+00    2.5249e-03    5.7145e-04    2.3718e-03    5.3768e-04
   5.0000e-01    1.5000e+00   -2.6000e+00    2.6730e+00   -1.3620e+00    5.2353e-04   -2.4153e-03    5.1477e-04   -2.4931e-03
   5.0000e-01    1.5000e+00   -2.6000e+00    2.7406e+00   -1.2202e+00   -2.3185e-03   -4.8996e-04   -2.2930e-03   -4.4807e-04
   5.0000e-01    1.5000e+00   -2.6000e+00    2.8007e+00   -1.0751e+00   -5.0382e-04    2.2239e-03   -4.2027e-04    2.1945e-03
   5.0000e-01    1.5000e+00   -2.6000e+00    2.8532e+00   -9.2705e-01    2.1349e-03    5.3161e-04    2.2935e-03    5.6238e-04
   5.0000e-01    1.5000e+00   -2.6000e+00    2.8978e+00   -7.7646e-01    6.0739e-04   -2.0407e-03    8.7111e-04   -2.0544e-03
   5.0000e-01    1.5000e+00   -2.6000e+00    2.9344e+00   -6.2374e-01   -1.9382e-03   -7.1461e-04   -1.6037e-03   -7.9044e-04
   5.0000e-01    1.5000e+00   -2.6000e+00    2.9631e+00   -4.6930e-01   -8.2701e-04    1.8294e-03   -3.0816e-04    1.7393e-03
   5.0000e-01    1.5000e+00   -2.6000e+00    2.9836e+00   -3.1359e-01    1.6981e-03    9.6838e-04    2.2884e-03    8.6848e-04
   5.0000e-01    1.5000e+00   -2.6000e+00    2.9959e+00   -1.5701e-01    1.1314e-03   -1.5352e-03    1.8120e-03   -1.6337e-03
   5.0000e-01    2.6000e+00   -1.5000e+00    3.0000e+00    0.0000e+00    2.5114e-03    6.3483e-04    2.7132e-03    5.2415e-04
   5.0000e-01    2.6000e+00   -1.5000e+00    2.9959e+00    1.5701e-01    5.6829e-04   -2.4061e-03    7.2205e-04   -2.5749e-03
   5.0000e-01    2.6000e+00   -1.5000e+00    2.9836e+00    3.1359e-01   -2.3052e-03   -5.5173e-04   -2.1322e-03   -7.4809e-04
   5.0000e-01    2.6000e+00   -1.5000e+00    2.9631e+00    4.6930e-01   -5.4452e-04    2.2146e-03   -3.9133e-04    1.8658e-03
   5.0000e-01    2.6000e+00   -1.5000e+00    2.9344e+00    6.2374e-01    2.1253e-03    5.7127e-04    2.2709e-03    2.5559e-04
   5.0000e-01    2.6000e+00   -1.5000e+00    2.8978e+00    7.7646e-01    6.4339e-04   -2.0301e-03    6.5618e-04   -2.4351e-03
   5.0000e-01    2.6000e+00   -1.5000e+00    2.8532e+00    9.2705e-01   -1.9241e-03   -7.5239e-04   -1.7934e-03   -1.1820e-03
   5.0000e-01    2.6000e+00   -1.5000e+00    2.8007e+00    1.0751e+00   -8.5948e-04    1.8151e-03   -8.4953e-04    1.3691e-03
   5.0000e-01    2.6000e+00   -1.5000e+00    2.7406e+00    1.2202e+00    1.6790e-03    1.0031e-03    1.7080e-03    5.8845e-04
   5.0000e-01    2.6000e+00   -1.5000e+00    2.6730e+00    1.3620e+00    1.1473e-03   -1.5231e-03    1.2009e-03   -1.9182e-03
   5.0000e-01    2.6000e+00   -1.5000e+00    2.5981e+00    1.5000e+00   -1.3162e-03   -1.3193e-03   -1.2915e-03   -1.6266e-03
   5.0000e-01    2.6000e+00   -1.5000e+00    2.5160e+00    1.6339e+00   -1.4775e-03    1.0672e-03   -1.4393e-03    7.9920e-04
   5.0000e-01    2.6000e+00   -1.5000e+00    2.4271e+00    1.7634e+00    7.7948e-04    1.6058e-03    8.3055e-04    1.3535e-03
   5.0000e-01    2.6000e+00   -1.5000e+00    2.3314e+00    1.8880e+00    1.6948e-03   -4.3737e-04    1.8673e-03   -6.0066e-04
   5.0000e-01    2.6000e+00   -1.5000e+00    2.2294e+00    2.0074e+00   -3.1695e-05   -1.7180e-03    1.5499e-04   -1.8227e-03
   5.0000e-01    2.6000e+00   -1.5000e+00    2.1213e+00    2.1213e+00   -1.6422e-03   -3.9365e-04   -1.4073e-03   -5.2555e-04
   5.0000e-01    2.6000e+00   -1.5000e+00    2.0074e+00    2.2294e+00   -8.0761e-04    1.4513e-03   -5.1801e-04    1.3352e-03
   5.0000e-01    2.6000e+00   -1.5000e+00    1.8880e+00    2.3314e+00    1.1270e-03    1.1839e-03    1.5067e-03    1.0870e-03
   5.0000e-01    2.6000e+00   -1.5000e+00    1.7634e+00    2.4271e+00    1.4697e-03   -6.5840e-04    1.8225e-03   -7.0655e-04
   5.0000e-01    2.6000e+00   -1.5000e+00    1.6339e+00    2.5160e+00   -9.1230e-05   -1.5855e-03    3.2138e-04   -1.7364e-03
   5.0000e-01    2.6000e+00   -1.5000e+00    1.5000e+00    2.5981e+00   -1.4816e-03   -5.0914e-04   -1.0675e-03   -7.0814e-04
   5.0000e-01    2.6000e+00   -1.5000e+00    1.3620e+00    2.6730e+00   -1.0600e-03    1.1265e-03   -6.7413e-04    9.5460e-04
   5.0000e-01    2.6000e+00   -1.5000e+00    1.2202e+00    2.7406e+00    5.4229e-04    1.4291e-03    9.2869e-04    1.2147e-03
   5.0000e-01    2.6000e+00   -1.5000e+00    1.0751e+00    2.8007e+00    1.4993e-03    1.8826e-04    1.8111e-03   -3.3134e-05
   5.0000e-01    2.6000e+00   -1.5000e+00    9.2705e-01    2.8532e+00    8.9316e-04   -1.1982e-03    1.2166e-03   -1.4857e-03
   5.0000e-01    2.6000e+00   -1.5000e+00    7.7646e-01    2.8978e+00   -5.4772e-04   -1.3739e-03   -3.0972e-04   -1.6337e-03
   5.0000e-01    2.6000e+00   -1.5000e+00    6.2374e-01    2.9344e+00   -1.4321e-03   -3.0858e-04   -1.2454e-03   -5.7866e-04
   5.0000e-01    2.6000e+00   -1.5000e+00    4.6930e-01    2.9631e+00   -1.0709e-03    9.7946e-04   -9.6599e-04    7.2629e-04
   5.0000e-01    2.6000e+00   -1.5000e+00    3.1359e-01    2.9836e+00    1.1750e-04    1.4338e-03    1.4845e-04    1.1963e-03
   5.0000e-01    2.6000e+00   -1.5000e+00    1.5701e-01    2.9959e+00    1.1688e-03    8.1876e-04    1.0657e-03    6.1188e-04
   5.0000e-01    2.6000e+00   -1.5000e+00    0.0000e+00    3.0000e+00    1.3751e-03   -3.3753e-04    1.1821e-03   -5.2891e-04
   5.0000e-01    2.6000e+00   -1.5000e+00   -1.5701e-01    2.9959e+00    7.2073e-04   -1.2068e-03    4.9431e-04   -1.3124e-03
   5.0000e-01    2.6000e+00   -1.5000e+00   -3.1359e-01    2.9836e+00   -3.1029e-04   -1.3610e-03   -6.4070e-04   -1.3743e-03
   5.0000e-01    2.6000e+00   -1.5000e+00   -4.6930e-01    2.9631e+00   -1.1355e-03   -7.9642e-04   -1.5203e-03   -7.2958e-04
   5.0000e-01    2.6000e+00   -1.5000e+00   -6.2374e-01    2.9344e+00   -1.3743e-03    1.0938e-04   -1.8177e-03    2.9784e-04
   5.0000e-01    2.6000e+00   -1.5000e+00   -7.7646e-01    2.8978e+00   -1.0206e-03    9.1513e-04   -1.4113e-03    1.1617e-03
   5.0000e-01    2.6000e+00   -1.5000e+00   -9.2705e-01    2.8532e+00   -3.2064e-04    1.3256e-03   -7.3359e-04    1.5900e-03
   5.0000e-01    2.6000e+00   -1.5000e+00   -1.0751e+00    2.8007e+00    4.4779e-04    1.2814e-03    -1.5773e-05    1.6899e-03
   5.0000e-01    2.6000e+00   -1.5000e+00   -1.2202e+00    2.7406e+00    1.0287e-03    8.7632e-04    6.4779e-04    1.3787e-03
   5.0000e-01    2.6000e+00   -1.5000e+00   -1.3620e+00    2.6730e+00    1.3155e-03    2.8246e-04    1.0399e-03    8.6805e-04
   5.0000e-01    2.6000e+00   -1.5000e+00   -1.5000e+00    2.5981e+00    1.3052e-03   -3.0681e-04    1.0112e-03    3.5790e-04
   5.0000e-01    2.6000e+00   -1.5000e+00   -1.6339e+00    2.5160e+00    1.0785e-03   -7.8904e-04    8.6894e-04   -6.9266e-05
   5.0000e-01    2.6000e+00   -1.5000e+00   -1.7634e+00    2.4271e+00    7.1905e-04   -1.1216e-03    6.4481e-04   -3.7845e-04
   5.0000e-01    2.6000e+00   -1.5000e+00   -1.8880e+00    2.3314e+00    3.1783e-04   -1.2901e-03    3.7535e-04   -4.8756e-04
   5.0000e-01    2.6000e+00   -1.5000e+00   -2.0074e+00    2.2294e+00   -3.7765e-05   -1.3252e-03    5.3028e-05   -4.1232e-04
   5.0000e-01    2.6000e+00   -1.5000e+00   -2.1213e+00    2.1213e+00   -3.3918e-04   -1.2793e-03   -1.4992e-04   -4.0481e-04
   5.0000e-01    2.6000e+00   -1.5000e+00   -2.2294e+00    2.0074e+00   -5.8581e-04   -1.1844e-03   -3.1632e-04   -2.3148e-04
   5.0000e-01    2.6000e+00   -1.5000e+00   -2.3314e+00    1.8880e+00   -7.6520e-04   -1.0749e-03   -4.0191e-04   -1.2074e-04
   5.0000e-01    2.6000e+00   -1.5000e+00   -2.4271e+00    1.7634e+00   -8.6831e-04   -9.9206e-04   -3.7887e-04    5.9866e-06
   5.0000e-01    2.6000e+00   -1.5000e+00   -2.5160e+00    1.6339e+00   -9.2580e-04   -9.3803e-04   -3.4521e-04    8.6821e-05
   5.0000e-01    2.6000e+00   -1.5000e+00   -2.5981e+00    1.5000e+00   -9.5032e-04   -9.1263e-04   -4.2498e-04    1.2136e-04
   5.0000e-01    2.6000e+00   -1.5000e+00   -2.6730e+00    1.3620e+00   -9.3393e-04   -9.2945e-04   -3.0220e-04    9.5028e-05
   5.0000e-01    2.6000e+00   -1.5000e+00   -2.7406e+00    1.2202e+00   -8.6842e-04   -9.9226e-04   -2.3005e-04    5.1627e-05
   5.0000e-01    2.6000e+00   -1.5000e+00   -2.8007e+00    1.0751e+00   -7.5739e-04   -1.0808e-03   -1.6852e-04   -8.6010e-05
   5.0000e-01    2.6000e+00   -1.5000e+00   -2.8532e+00    9.2705e-01   -5.8517e-04   -1.1844e-03   -5.7846e-05   -1.9849e-04
   5.0000e-01    2.6000e+00   -1.5000e+00   -2.8978e+00    7.7646e-01   -3.5589e-04   -1.2742e-03    1.4759e-04   -3.6510e-04
   5.0000e-01    2.6000e+00   -1.5000e+00   -2.9344e+00    6.2374e-01   -4.4490e-05   -1.3249e-03    2.6302e-04   -5.1464e-04
   5.0000e-01    2.6000e+00   -1.5000e+00   -2.9631e+00    4.6930e-01    3.2275e-04   -1.2887e-03    5.5602e-04   -5.0728e-04
   5.0000e-01    2.6000e+00   -1.5000e+00   -2.9836e+00    3.1359e-01    7.2163e-04   -1.1196e-03    8.2083e-04   -5.1721e-04
   5.0000e-01    2.6000e+00   -1.5000e+00   -2.9959e+00    1.5701e-01    1.0729e-03   -7.9643e-04    1.0681e-03   -2.9152e-04
   5.0000e-01    2.6000e+00   -1.5000e+00   -3.0000e+00    0.0000e+00    1.3015e-03   -3.2094e-04    1.1776e-03    -1.5632e-05
   5.0000e-01    2.6000e+00   -1.5000e+00   -2.9959e+00   -1.5701e-01    1.3156e-03    2.8222e-04    1.0539e-03    5.1198e-04
   5.0000e-01    2.6000e+00   -1.5000e+00   -2.9836e+00   -3.1359e-01    1.0333e-03    8.7002e-04    6.8305e-04    9.0701e-04
   5.0000e-01    2.6000e+00   -1.5000e+00   -2.9631e+00   -4.6930e-01    4.6082e-04    1.2760e-03   -3.6839e-05    1.1170e-03
   5.0000e-01    2.6000e+00   -1.5000e+00   -2.9344e+00   -6.2374e-01   -3.0380e-04    1.3292e-03   -9.0485e-04    1.0349e-03
   5.0000e-01    2.6000e+00   -1.5000e+00   -2.8978e+00   -7.7646e-01   -1.0105e-03    9.2567e-04   -1.5943e-03    4.4419e-04
   5.0000e-01    2.6000e+00   -1.5000e+00   -2.8532e+00   -9.2705e-01   -1.3726e-03    1.2285e-04   -2.0426e-03   -5.2905e-04
   5.0000e-01    2.6000e+00   -1.5000e+00   -2.8007e+00   -1.0751e+00   -1.1440e-03   -7.8363e-04   -1.8253e-03   -1.4610e-03
   5.0000e-01    2.6000e+00   -1.5000e+00   -2.7406e+00   -1.2202e+00   -3.3739e-04   -1.3542e-03   -1.0431e-03   -2.1871e-03
   5.0000e-01    2.6000e+00   -1.5000e+00   -2.6730e+00   -1.3620e+00    6.9868e-04   -1.2190e-03    6.9146e-05   -2.1335e-03
   5.0000e-01    2.6000e+00   -1.5000e+00   -2.5981e+00   -1.5000e+00    1.3726e-03   -3.4526e-04    6.8901e-04   -1.2879e-03
   5.0000e-01    2.6000e+00   -1.5000e+00   -2.5160e+00   -1.6339e+00    1.1783e-03    8.0437e-04    6.5069e-04   -1.6180e-04
   5.0000e-01    2.6000e+00   -1.5000e+00   -2.4271e+00   -1.7634e+00    1.3889e-04    1.4315e-03   -4.0728e-04    4.7647e-04
   5.0000e-01    2.6000e+00   -1.5000e+00   -2.3314e+00   -1.8880e+00   -1.0509e-03    1.0002e-03   -1.6341e-03    1.0642e-04
   5.0000e-01    2.6000e+00   -1.5000e+00   -2.2294e+00   -2.0074e+00   -1.4371e-03   -2.8278e-04   -1.8946e-03   -1.1617e-03
   5.0000e-01    2.6000e+00   -1.5000e+00   -2.1213e+00   -2.1213e+00   -5.5625e-04   -1.3704e-03   -8.8776e-04   -2.1651e-03
   5.0000e-01    2.6000e+00   -1.5000e+00   -2.0074e+00   -2.2294e+00    8.8005e-04   -1.2074e-03    5.5377e-04   -1.9064e-03
   5.0000e-01    2.6000e+00   -1.5000e+00   -1.8880e+00   -2.3314e+00    1.5025e-03    1.5483e-04    1.2352e-03   -4.3266e-04
   5.0000e-01    2.6000e+00   -1.5000e+00   -1.7634e+00   -2.4271e+00    5.6453e-04    1.4198e-03    3.5181e-04    1.0117e-03
   5.0000e-01    2.6000e+00   -1.5000e+00   -1.6339e+00   -2.5160e+00   -1.0478e-03    1.1377e-03   -1.1824e-03    7.9704e-04
   5.0000e-01    2.6000e+00   -1.5000e+00   -1.5000e+00   -2.5981e+00   -1.4881e-03   -4.9040e-04   -1.6115e-03   -6.9131e-04
   5.0000e-01    2.6000e+00   -1.5000e+00   -1.3620e+00   -2.6730e+00   -1.2656e-04   -1.5824e-03   -1.4416e-04   -1.7059e-03
   5.0000e-01    2.6000e+00   -1.5000e+00   -1.2202e+00   -2.7406e+00    1.4607e-03   -6.7889e-04    1.4631e-03   -6.1322e-04
   5.0000e-01    2.6000e+00   -1.5000e+00   -1.0751e+00   -2.8007e+00    1.1381e-03    1.1738e-03    1.2269e-03    1.2490e-03
   5.0000e-01    2.6000e+00   -1.5000e+00   -9.2705e-01   -2.8532e+00   -7.9794e-04    1.4563e-03   -6.0816e-04    1.6671e-03
   5.0000e-01    2.6000e+00   -1.5000e+00   -7.7646e-01   -2.8978e+00   -1.6494e-03   -3.5984e-04   -1.4008e-03   -1.1360e-04
   5.0000e-01    2.6000e+00   -1.5000e+00   -6.2374e-01   -2.9344e+00   -6.6153e-05   -1.7170e-03    2.0087e-04   -1.4076e-03
   5.0000e-01    2.6000e+00   -1.5000e+00   -4.6930e-01   -2.9631e+00    1.6911e-03   -4.5204e-04    1.9892e-03   -4.3137e-05
   5.0000e-01    2.6000e+00   -1.5000e+00   -3.1359e-01   -2.9836e+00    7.8773e-04    1.6019e-03    1.1296e-03    1.9439e-03
   5.0000e-01    2.6000e+00   -1.5000e+00   -1.5701e-01   -2.9959e+00   -1.4612e-03    1.0892e-03   -1.1072e-03    1.3854e-03
   5.0000e-01    2.6000e+00   -1.5000e+00    0.0000e+00   -3.0000e+00   -1.3483e-03   -1.2855e-03   -9.6132e-04   -1.0221e-03
   5.0000e-01    2.6000e+00   -1.5000e+00    1.5701e-01   -2.9959e+00    1.1314e-03   -1.5352e-03    1.4794e-03   -1.2718e-03
   5.0000e-01    2.6000e+00   -1.5000e+00    3.1359e-01   -2.9836e+00    1.6981e-03    9.6838e-04    2.0452e-03    1.2741e-03
   5.0000e-01    2.6000e+00   -1.5000e+00    4.6930e-01   -2.9631e+00   -8.2701e-04    1.8294e-03   -5.0657e-04    1.9793e-03
   5.0000e-01    2.6000e+00   -1.5000e+00    6.2374e-01   -2.9344e+00   -1.9382e-03   -7.1461e-04   -1.6374e-03   -5.1647e-04
   5.0000e-01    2.6000e+00   -1.5000e+00    7.7646e-01   -2.8978e+00    6.0739e-04   -2.0407e-03    7.5984e-04   -1.9080e-03
   5.0000e-01    2.6000e+00   -1.5000e+00    9.2705e-01   -2.8532e+00    2.1349e-03    5.3161e-04    2.2384e-03    5.5852e-04
   5.0000e-01    2.6000e+00   -1.5000e+00    1.0751e+00   -2.8007e+00   -5.0382e-04    2.2239e-03   -4.8805e-04    2.2182e-03
   5.0000e-01    2.6000e+00   -1.5000e+00    1.2202e+00   -2.7406e+00   -2.3185e-03   -4.8996e-04   -2.3777e-03   -5.2512e-04
   5.0000e-01    2.6000e+00   -1.5000e+00    1.3620e+00   -2.6730e+00    5.2353e-04   -2.4153e-03    4.3285e-04   -2.4457e-03
   5.0000e-01    2.6000e+00   -1.5000e+00    1.5000e+00   -2.5981e+00    2.5249e-03    5.7145e-04    2.3920e-03    5.5462e-04
